codigo_mec_documento;codigo_inep;nome_escola_original;nome_escola_cadastro;municipio_documento;municipio_cadastro;uf;status_matching;nivel_confianca;justificativa;fonte_cadastro;documento_origem;pagina_origem;observacao
41000021;41000021;AGOSTINHO STEFANELLO, E E-EF;AGOSTINHO STEFANELLO E E CMEF;Alto Paraná;Alto Paraná;PR;CONFIRMADO;Nível 3 (Código Exato + Nome Compatível + Município Concordante);"Código MEC coincide perfeitamente com ID_ESCOLA INEP; município 'Alto Paraná' idêntico e termos significativos concordantes (AGOSTINHO, STEFANELLO).";INEP/MEC - Base Consolidada Paraná (divulgacao_pr_consolidado.xlsx / escolas_tidy.parquet);edital1102023_gsseed.pdf;1;Rede Estadual.
41000978;41000978;MACHADO DE ASSIS, E E E-F;MACHADO DE ASSIS E EEF;Itaúna do Sul;Itaúna do Sul;PR;CONFIRMADO;Nível 3 (Código Exato + Nome Compatível + Município Concordante);"Código MEC coincide perfeitamente com ID_ESCOLA INEP; município 'Itaúna do Sul' idêntico e termos significativos concordantes (ASSIS, MACHADO).";INEP/MEC - Base Consolidada Paraná (divulgacao_pr_consolidado.xlsx / escolas_tidy.parquet);edital1252025_gsseed_prot249175889_ccm_consulta_publica.pdf;2;Rede Estadual.
41001222;41001222;LOANDA LAMARTINE R SOARES, C E DR - EF M;LAMARTINE R SOARES C E DREF M;Loanda;Loanda;PR;CONFIRMADO;Nível 3 (Código Exato + Nome Compatível + Município Concordante);"Código MEC coincide perfeitamente com ID_ESCOLA INEP; município 'Loanda' idêntico e termos significativos concordantes (LAMARTINE, R, SOARES).";INEP/MEC - Base Consolidada Paraná (divulgacao_pr_consolidado.xlsx / escolas_tidy.parquet);edital1252025_gsseed_prot249175889_ccm_consulta_publica.pdf;2;Rede Estadual.
41003292;41003292;S C M CASTELO SANTOS DUMONT, C E-EF M;SANTOS DUMONT C E CMEF M;Loanda;Santa Cruz de Monte Castelo;PR;CONFIRMADO;Nível 3 (Código Exato + Nome Conclusivo + NRE/Município Validado);"Revalidado na Auditoria Final: Código MEC 41003292 exato; Estabelecimento Santos Dumont no Edital 114/2023 (p. 2) sob NRE Loanda em Santa Cruz de Monte Castelo (S C M Castelo). Identidade canônica confirmada sem ambiguidade.";INEP/MEC - Base Consolidada Paraná (divulgacao_pr_consolidado.xlsx / escolas_tidy.parquet);edital1012023_gsseed_protocolo213100866_ccm_consulta_publica.pdf;3;Revisar relação NRE vs Município.
41004051;41004051;CE SANTO INÁCIO DE LOYOLA;SANTO INACIO DE LOYOLA C E CMEF M;Terra Rica;Terra Rica;PR;CONFIRMADO;Nível 3 (Código Exato + Nome Compatível + Município Concordante);"Código MEC coincide perfeitamente com ID_ESCOLA INEP; município 'Terra Rica' idêntico e termos significativos concordantes (INACIO, LOYOLA, SANTO).";INEP/MEC - Base Consolidada Paraná (divulgacao_pr_consolidado.xlsx / escolas_tidy.parquet);edital1092023_gsseed_protocolo213100866_ccm_consulta_publica_novas_instituicoes.pdf;1;Rede Estadual.
41004957;41004957;CRUZEIRO OESTE ANCHIETA, C E-E F M N;ANCHIETA C E CMEF M N;Umuarama;Cruzeiro do Oeste;PR;CONFIRMADO;Nível 3 (Código Exato + Nome Conclusivo + NRE/Município Validado);"Revalidado na Auditoria Final: Código MEC 41004957 exato; Estabelecimento Anchieta no Edital 114/2023 (p. 3) sob NRE Umuarama em Cruzeiro do Oeste. Identidade canônica confirmada sem ambiguidade.";INEP/MEC - Base Consolidada Paraná (divulgacao_pr_consolidado.xlsx / escolas_tidy.parquet);edital1012023_gsseed_protocolo213100866_ccm_consulta_publica.pdf;5;Revisar relação NRE vs Município.
41007131;41007131;PEROLA NESTOR VICTOR, C E-EF M N PROFIS;NESTOR VICTOR C EEF M N PROFIS;Umuarama;Pérola;PR;CONFIRMADO;Nível 3 (Código Exato + Nome Compatível + Município Validado no Texto);"Código MEC coincide com ID_ESCOLA; município 'Pérola' identificado no cabeçalho/texto e termos nominais concordantes (NESTOR, VICTOR).";INEP/MEC - Base Consolidada Paraná (divulgacao_pr_consolidado.xlsx / escolas_tidy.parquet);edital1252025_gsseed_prot249175889_ccm_consulta_publica.pdf;3;Rede Estadual. Variação gráfica ou abreviação de município tratada.
41007280;41007280;TAPIRA CASTELO BRANCO, C E PRES-EF M;CASTELO BRANCO E E CM PRESEF;Umuarama;Tapira;PR;CONFIRMADO;Nível 3 (Código Exato + Nome Compatível + Município Validado no Texto);"Código MEC coincide com ID_ESCOLA; município 'Tapira' identificado no cabeçalho/texto e termos nominais concordantes (BRANCO, CASTELO).";INEP/MEC - Base Consolidada Paraná (divulgacao_pr_consolidado.xlsx / escolas_tidy.parquet);edital1012023_gsseed_protocolo213100866_ccm_consulta_publica.pdf;5;Rede Estadual. Variação gráfica ou abreviação de município tratada.
41008111;41008111;UMUARAMA NEIVA PAVAN M GARCIA, C E-EF M PROFA;NEIVA PAVAN M GARCIA C E PROFA EF M;Umuarama;Umuarama;PR;CONFIRMADO;Nível 3 (Código Exato + Nome Compatível + Município Concordante);"Código MEC coincide perfeitamente com ID_ESCOLA INEP; município 'Umuarama' idêntico e termos significativos concordantes (GARCIA, NEIVA, PAVAN).";INEP/MEC - Base Consolidada Paraná (divulgacao_pr_consolidado.xlsx / escolas_tidy.parquet);edital1252025_gsseed_prot249175889_ccm_consulta_publica.pdf;3;Rede Estadual.
41010132;41010132;JAPURÁ RUI BARBOSA, C E-EF EM PROFIS;RUI BARBOSA C EEF EM PROFIS;Cianorte;Japurá;PR;CONFIRMADO;Nível 3 (Código Exato + Nome Compatível + Município Validado no Texto);"Código MEC coincide com ID_ESCOLA; município 'Japurá' identificado no cabeçalho/texto e termos nominais concordantes (BARBOSA, RUI).";INEP/MEC - Base Consolidada Paraná (divulgacao_pr_consolidado.xlsx / escolas_tidy.parquet);edital1252025_gsseed_prot249175889_ccm_consulta_publica.pdf;2;Rede Estadual. Variação gráfica ou abreviação de município tratada.
41010345;41010345;RONDON CASTRO ALVES, C E - EM PROFIS;CASTRO ALVES C E CMEM PROFIS;Cianorte;Rondon;PR;CONFIRMADO;Nível 3 (Código Exato + Nome Compatível + Município Validado no Texto);"Código MEC coincide com ID_ESCOLA; município 'Rondon' identificado no cabeçalho/texto e termos nominais concordantes (ALVES, CASTRO).";INEP/MEC - Base Consolidada Paraná (divulgacao_pr_consolidado.xlsx / escolas_tidy.parquet);edital1102023_gsseed.pdf;1;Rede Estadual. Variação gráfica ou abreviação de município tratada.
41010540;41010540;SANTOS DUMONT, C E-EM N;SANTOS DUMONT C EEF M N;São Tomé;São Tomé;PR;CONFIRMADO;Nível 3 (Código Exato + Nome Compatível + Município Concordante);"Código MEC coincide perfeitamente com ID_ESCOLA INEP; município 'São Tomé' idêntico e termos significativos concordantes (DUMONT, SANTOS).";INEP/MEC - Base Consolidada Paraná (divulgacao_pr_consolidado.xlsx / escolas_tidy.parquet);edital1252025_gsseed_prot249175889_ccm_consulta_publica.pdf;2;Rede Estadual.
41012631;41012631;GOIOERE RIBEIRO DE CAMPOS, E E-EF;RIBEIRO DE CAMPOS E E CMEF;Goioerê;Goioerê;PR;CONFIRMADO;Nível 3 (Código Exato + Nome Compatível + Município Concordante);"Código MEC coincide perfeitamente com ID_ESCOLA INEP; município 'Goioerê' idêntico e termos significativos concordantes (CAMPOS, RIBEIRO).";INEP/MEC - Base Consolidada Paraná (divulgacao_pr_consolidado.xlsx / escolas_tidy.parquet);edital1012023_gsseed_protocolo213100866_ccm_consulta_publica.pdf;3;Rede Estadual.
41016254;41016254;ENGENHEIRO BELTRÃO;ANTONIO VIEIRA C E PEEF M PROF NORMAL;Campo Mourão;Engenheiro Beltrão;PR;CONFIRMADO;Nível 3 (Código Exato + Nome Conclusivo + NRE/Município Validado);"Revalidado na Auditoria Final: Código MEC 41016254 exato; Estabelecimento Antonio Vieira em Engenheiro Beltrão homologado no Edital 136/2025 (p. 2). Retificação oficial de erro material do Edital 125/2025 consolidada.";INEP/MEC - Base Consolidada Paraná (divulgacao_pr_consolidado.xlsx / escolas_tidy.parquet);edital1362025_gsseed_prot249175889_ccm_consulta_publica_resultado.pdf;2;Quebra de linha no documento original documentada.
41018800;41018800;LEO KOHLER, E E PROF-EF;LEO KOHLER E E CM PROFEF;Terra Boa;Terra Boa;PR;CONFIRMADO;Nível 3 (Código Exato + Nome Compatível + Município Concordante);"Código MEC coincide perfeitamente com ID_ESCOLA INEP; município 'Terra Boa' idêntico e termos significativos concordantes (KOHLER, LEO).";INEP/MEC - Base Consolidada Paraná (divulgacao_pr_consolidado.xlsx / escolas_tidy.parquet);edital1122023_gsseed_expansao.pdf;1;Rede Estadual.
41020189;41020189;LOBATO OSVALDO ARANHA, E E - EF;OSVALDO ARANHA E EEF;Maringá;Lobato;PR;CONFIRMADO;Nível 3 (Código Exato + Nome Compatível + Município Validado no Texto);"Código MEC coincide com ID_ESCOLA; município 'Lobato' identificado no cabeçalho/texto e termos nominais concordantes (ARANHA, OSVALDO).";INEP/MEC - Base Consolidada Paraná (divulgacao_pr_consolidado.xlsx / escolas_tidy.parquet);edital1252025_gsseed_prot249175889_ccm_consulta_publica.pdf;2;Rede Estadual. Variação gráfica ou abreviação de município tratada.
41020286;41020286;MANDAGUACU FRANCISCO J PERIOTO, E E PROF-EF;FRANCISCO J PERIOTO E E CM PROFEF;Maringá;Mandaguaçu;PR;CONFIRMADO;Nível 3 (Código Exato + Nome Compatível + Município Validado no Texto);"Código MEC coincide com ID_ESCOLA; município 'Mandaguaçu' identificado no cabeçalho/texto e termos nominais concordantes (FRANCISCO, J, PERIOTO).";INEP/MEC - Base Consolidada Paraná (divulgacao_pr_consolidado.xlsx / escolas_tidy.parquet);edital1012023_gsseed_protocolo213100866_ccm_consulta_publica.pdf;4;Rede Estadual. Variação gráfica ou abreviação de município tratada.
41020685;41020685;FRANCISCO P X LOPES, E E CON- EF;FRANCISCO P X LOPES E E CONEF;Nova Esperança;Nova Esperança;PR;CONFIRMADO;Nível 3 (Código Exato + Nome Compatível + Município Concordante);"Código MEC coincide perfeitamente com ID_ESCOLA INEP; município 'Nova Esperança' idêntico e termos significativos concordantes (FRANCISCO, LOPES, X).";INEP/MEC - Base Consolidada Paraná (divulgacao_pr_consolidado.xlsx / escolas_tidy.parquet);edital1252025_gsseed_prot249175889_ccm_consulta_publica.pdf;3;Rede Estadual.
41020910;41020910;CECILIA MEIRELES, E E-EF;CECILIA MEIRELES E E CMEF;Santa Fé;Santa Fé;PR;CONFIRMADO;Nível 3 (Código Exato + Nome Compatível + Município Concordante);"Código MEC coincide perfeitamente com ID_ESCOLA INEP; município 'Santa Fé' idêntico e termos significativos concordantes (CECILIA, MEIRELES).";INEP/MEC - Base Consolidada Paraná (divulgacao_pr_consolidado.xlsx / escolas_tidy.parquet);edital1102023_gsseed.pdf;1;Rede Estadual.
41021010;41021010;MANOEL F ALMEIDA, E E DR-EF;MANOEL F ALMEIDA E E CM DREF;Santo Inácio;Santo Inácio;PR;CONFIRMADO;Nível 3 (Código Exato + Nome Compatível + Município Concordante);"Código MEC coincide perfeitamente com ID_ESCOLA INEP; município 'Santo Inácio' idêntico e termos significativos concordantes (ALMEIDA, F, MANOEL).";INEP/MEC - Base Consolidada Paraná (divulgacao_pr_consolidado.xlsx / escolas_tidy.parquet);edital1012023_gsseed_protocolo213100866_ccm_consulta_publica.pdf;4;Rede Estadual.
41021100;41021100;ANASTACIO CEREZINE, E E-EF 6;ANASTACIO CEREZINE E E CMEF;Alvorada do Sul;Alvorada do Sul;PR;CONFIRMADO;Nível 3 (Código Exato + Nome Compatível + Município Concordante);"Código MEC coincide perfeitamente com ID_ESCOLA INEP; município 'Alvorada do Sul' idêntico e termos significativos concordantes (ANASTACIO, CEREZINE).";INEP/MEC - Base Consolidada Paraná (divulgacao_pr_consolidado.xlsx / escolas_tidy.parquet);edital1012023_gsseed_protocolo213100866_ccm_consulta_publica.pdf;3;Rede Estadual.
41022750;41022750;FLORESTA ARTHUR C E SILVA, E E PRES-EF;ARTHUR C E SILVA E E CM PRESEF;Maringá;Floresta;PR;CONFIRMADO;Nível 3 (Código Exato + Nome Compatível + Município Validado no Texto);"Código MEC coincide com ID_ESCOLA; município 'Floresta' identificado no cabeçalho/texto e termos nominais concordantes (ARTHUR, SILVA).";INEP/MEC - Base Consolidada Paraná (divulgacao_pr_consolidado.xlsx / escolas_tidy.parquet);edital1012023_gsseed_protocolo213100866_ccm_consulta_publica.pdf;4;Rede Estadual. Variação gráfica ou abreviação de município tratada.
41024281;41024281;MARINGÁ MARCO A PIMENTA, C E-EF M;MARCO A PIMENTA C EEF M;Maringá;Maringá;PR;CONFIRMADO;Nível 3 (Código Exato + Nome Compatível + Município Concordante);"Código MEC coincide perfeitamente com ID_ESCOLA INEP; município 'Maringá' idêntico e termos significativos concordantes (A, MARCO, PIMENTA).";INEP/MEC - Base Consolidada Paraná (divulgacao_pr_consolidado.xlsx / escolas_tidy.parquet);edital1252025_gsseed_prot249175889_ccm_consulta_publica.pdf;2;Rede Estadual.
41024923;41024923;PAIÇANDU IZABEL, C E PRINC-EF-M;IZABEL C E PRINCEF M;Maringá;Paiçandu;PR;CONFIRMADO;Nível 3 (Código Exato + Nome Compatível + Município Validado no Texto);"Código MEC coincide com ID_ESCOLA; município 'Paiçandu' identificado no cabeçalho/texto e termos nominais concordantes (IZABEL).";INEP/MEC - Base Consolidada Paraná (divulgacao_pr_consolidado.xlsx / escolas_tidy.parquet);edital1252025_gsseed_prot249175889_ccm_consulta_publica.pdf;2;Rede Estadual. Variação gráfica ou abreviação de município tratada.
41024931;41024931;PAICANDU NEIDE BERTASSO BERALDO, C E-EF M PROFIS;NEIDE BERTASSO BERALDO C EEF M PROFIS;Maringá;Paiçandu;PR;CONFIRMADO;Nível 3 (Código Exato + Nome Compatível + Município Validado no Texto);"Código MEC coincide com ID_ESCOLA; município 'Paiçandu' identificado no cabeçalho/texto e termos nominais concordantes (BERALDO, BERTASSO, NEIDE).";INEP/MEC - Base Consolidada Paraná (divulgacao_pr_consolidado.xlsx / escolas_tidy.parquet);edital1012023_gsseed_protocolo213100866_ccm_consulta_publica.pdf;4;Rede Estadual. Variação gráfica ou abreviação de município tratada.
41025318;41025318;APUCARANA ALBERTO SANTOS DUMONT, C E-EF M PROFIS;ALBERTO SANTOS DUMONT C E CMEF M P;Apucarana;Apucarana;PR;CONFIRMADO;Nível 3 (Código Exato + Nome Compatível + Município Concordante);"Código MEC coincide perfeitamente com ID_ESCOLA INEP; município 'Apucarana' idêntico e termos significativos concordantes (ALBERTO, DUMONT, SANTOS).";INEP/MEC - Base Consolidada Paraná (divulgacao_pr_consolidado.xlsx / escolas_tidy.parquet);edital1012023_gsseed_protocolo213100866_ccm_consulta_publica.pdf;1;Rede Estadual.
41025636;41025636;APUCARANA FRANCISCO A SOUSA, E E PROF-EF;FRANCISCO A SOUSA E E PROFEF;Apucarana;Apucarana;PR;CONFIRMADO;Nível 3 (Código Exato + Nome Compatível + Município Concordante);"Código MEC coincide perfeitamente com ID_ESCOLA INEP; município 'Apucarana' idêntico e termos significativos concordantes (A, FRANCISCO, SOUSA).";INEP/MEC - Base Consolidada Paraná (divulgacao_pr_consolidado.xlsx / escolas_tidy.parquet);edital1252025_gsseed_prot249175889_ccm_consulta_publica.pdf;2;Rede Estadual.
41025806;41025806;APUCARANA JOSE DE ANCHIETA, C E PE-EF M PROFIS;JOSE DE ANCHIETA C E CM PEEF M PROFIS;Apucarana;Apucarana;PR;CONFIRMADO;Nível 3 (Código Exato + Nome Compatível + Município Concordante);"Código MEC coincide perfeitamente com ID_ESCOLA INEP; município 'Apucarana' idêntico e termos significativos concordantes (ANCHIETA, JOSE).";INEP/MEC - Base Consolidada Paraná (divulgacao_pr_consolidado.xlsx / escolas_tidy.parquet);edital1012023_gsseed_protocolo213100866_ccm_consulta_publica.pdf;1;Rede Estadual.
41026055;41026055;APUCARANA OSMAR GUARACY FREIRE, C E-EF M P;OSMAR GUARACY FREIRE C E CMEF M P;Apucarana;Apucarana;PR;CONFIRMADO;Nível 3 (Código Exato + Nome Compatível + Município Concordante);"Código MEC coincide perfeitamente com ID_ESCOLA INEP; município 'Apucarana' idêntico e termos significativos concordantes (FREIRE, GUARACY, OSMAR).";INEP/MEC - Base Consolidada Paraná (divulgacao_pr_consolidado.xlsx / escolas_tidy.parquet);edital1012023_gsseed_protocolo213100866_ccm_consulta_publica.pdf;1;Rede Estadual.
41026152;41026152;APUCARANA POLIVALENTE C DOMINGOS SILVA,C E- EFMP;POLIVALENTE C D SILVA C E CMEF M P;Apucarana;Apucarana;PR;CONFIRMADO;Nível 3 (Código Exato + Nome Compatível + Município Concordante);"Código MEC coincide perfeitamente com ID_ESCOLA INEP; município 'Apucarana' idêntico e termos significativos concordantes (POLIVALENTE, SILVA).";INEP/MEC - Base Consolidada Paraná (divulgacao_pr_consolidado.xlsx / escolas_tidy.parquet);edital1012023_gsseed_protocolo213100866_ccm_consulta_publica.pdf;1;Rede Estadual.
41026411;41026411;ARAPONGAS ANTONIO RACANELLO SAMPAIO, C E- EF M;ANTONIO RACANELLO SAMPAIO C EEF M;Apucarana;Arapongas;PR;CONFIRMADO;Nível 3 (Código Exato + Nome Compatível + Município Validado no Texto);"Código MEC coincide com ID_ESCOLA; município 'Arapongas' identificado no cabeçalho/texto e termos nominais concordantes (ANTONIO, RACANELLO, SAMPAIO).";INEP/MEC - Base Consolidada Paraná (divulgacao_pr_consolidado.xlsx / escolas_tidy.parquet);edital1012023_gsseed_protocolo213100866_ccm_consulta_publica.pdf;1;Rede Estadual. Variação gráfica ou abreviação de município tratada.
41026705;41026705;ARAPONGAS IVANILDE DE NORONHA, C E-EF M PROFID;IVANILDE DE NORONHA C EEF M;Apucarana;Arapongas;PR;CONFIRMADO;Nível 3 (Código Exato + Nome Compatível + Município Validado no Texto);"Código MEC coincide com ID_ESCOLA; município 'Arapongas' identificado no cabeçalho/texto e termos nominais concordantes (IVANILDE, NORONHA).";INEP/MEC - Base Consolidada Paraná (divulgacao_pr_consolidado.xlsx / escolas_tidy.parquet);edital1252025_gsseed_prot249175889_ccm_consulta_publica.pdf;2;Rede Estadual. Variação gráfica ou abreviação de município tratada.
41026764;41026764;ARAPONGAS JULIA WANDERLEY, E E PROFA-EF;JULIA WANDERLEY E E PROFAEF;Apucarana;Arapongas;PR;CONFIRMADO;Nível 3 (Código Exato + Nome Compatível + Município Validado no Texto);"Código MEC coincide com ID_ESCOLA; município 'Arapongas' identificado no cabeçalho/texto e termos nominais concordantes (JULIA, WANDERLEY).";INEP/MEC - Base Consolidada Paraná (divulgacao_pr_consolidado.xlsx / escolas_tidy.parquet);edital1102023_gsseed.pdf;1;Rede Estadual. Variação gráfica ou abreviação de município tratada.
41027370;41027370;CAMBIRA ROSA D CALSAVARA, C E-EF M PROFIS;ROSA D CALSAVARA C E CMEF M PROFIS;Apucarana;Cambira;PR;CONFIRMADO;Nível 3 (Código Exato + Nome Compatível + Município Validado no Texto);"Código MEC coincide com ID_ESCOLA; município 'Cambira' identificado no cabeçalho/texto e termos nominais concordantes (CALSAVARA, D, ROSA).";INEP/MEC - Base Consolidada Paraná (divulgacao_pr_consolidado.xlsx / escolas_tidy.parquet);edital1012023_gsseed_protocolo213100866_ccm_consulta_publica.pdf;1;Rede Estadual. Variação gráfica ou abreviação de município tratada.
41028279;41028279;SABÁUDIA HERMINIA R. LUPION, CE-EF M PROFIS;HERMINIA R LUPION C EEF M PROFIS;Apucarana;Sabáudia;PR;CONFIRMADO;Nível 3 (Código Exato + Nome Compatível + Município Validado no Texto);"Código MEC coincide com ID_ESCOLA; município 'Sabáudia' identificado no cabeçalho/texto e termos nominais concordantes (HERMINIA, LUPION, R).";INEP/MEC - Base Consolidada Paraná (divulgacao_pr_consolidado.xlsx / escolas_tidy.parquet);edital1252025_gsseed_prot249175889_ccm_consulta_publica.pdf;2;Rede Estadual. Variação gráfica ou abreviação de município tratada.
41028406;41028406;CAMBE ANDREA NUZZI, C E MAESTRO-EF M PROFIS;ANDREA NUZZI C E CM MAESTROEF M P;Londrina;Cambé;PR;CONFIRMADO;Nível 3 (Código Exato + Nome Compatível + Município Validado no Texto);"Código MEC coincide com ID_ESCOLA; município 'Cambé' identificado no cabeçalho/texto e termos nominais concordantes (ANDREA, NUZZI).";INEP/MEC - Base Consolidada Paraná (divulgacao_pr_consolidado.xlsx / escolas_tidy.parquet);edital1012023_gsseed_protocolo213100866_ccm_consulta_publica.pdf;4;Rede Estadual. Variação gráfica ou abreviação de município tratada.
41028457;41028457;CAMBE ATTILIO CODATO, C E-EF M PROFIS;ATTILIO CODATO C E CMEF M;Londrina;Cambé;PR;CONFIRMADO;Nível 3 (Código Exato + Nome Compatível + Município Validado no Texto);"Código MEC coincide com ID_ESCOLA; município 'Cambé' identificado no cabeçalho/texto e termos nominais concordantes (ATTILIO, CODATO).";INEP/MEC - Base Consolidada Paraná (divulgacao_pr_consolidado.xlsx / escolas_tidy.parquet);edital1012023_gsseed_protocolo213100866_ccm_consulta_publica.pdf;4;Rede Estadual. Variação gráfica ou abreviação de município tratada.
41028732;41028732;CAMBE HELENA KOLODY, C E PROF-EF M;HELENA KOLODY C E CM PROFEF M;Londrina;Cambé;PR;CONFIRMADO;Nível 3 (Código Exato + Nome Compatível + Município Validado no Texto);"Código MEC coincide com ID_ESCOLA; município 'Cambé' identificado no cabeçalho/texto e termos nominais concordantes (HELENA, KOLODY).";INEP/MEC - Base Consolidada Paraná (divulgacao_pr_consolidado.xlsx / escolas_tidy.parquet);edital1012023_gsseed_protocolo213100866_ccm_consulta_publica.pdf;4;Rede Estadual. Variação gráfica ou abreviação de município tratada.
41028902;41028902;CAMBE MANUEL BANDEIRA, C E-EF EM PROFIS;MANUEL BANDEIRA C E CMEF M PROFIS;Londrina;Cambé;PR;CONFIRMADO;Nível 3 (Código Exato + Nome Compatível + Município Validado no Texto);"Código MEC coincide com ID_ESCOLA; município 'Cambé' identificado no cabeçalho/texto e termos nominais concordantes (BANDEIRA, MANUEL).";INEP/MEC - Base Consolidada Paraná (divulgacao_pr_consolidado.xlsx / escolas_tidy.parquet);edital1012023_gsseed_protocolo213100866_ccm_consulta_publica.pdf;4;Rede Estadual. Variação gráfica ou abreviação de município tratada.
41030125;41030125;LONDRINA CARLOS DE ALMEIDA, C E-EF M PROFIS;CARLOS DE ALMEIDA C E CMEF M PROFIS;Londrina;Londrina;PR;CONFIRMADO;Nível 3 (Código Exato + Nome Compatível + Município Concordante);"Código MEC coincide perfeitamente com ID_ESCOLA INEP; município 'Londrina' idêntico e termos significativos concordantes (ALMEIDA, CARLOS).";INEP/MEC - Base Consolidada Paraná (divulgacao_pr_consolidado.xlsx / escolas_tidy.parquet);edital1012023_gsseed_protocolo213100866_ccm_consulta_publica.pdf;4;Rede Estadual.
41030265;41030265;LONDRINA CELIA MORAES DE OLIVEIRA,C E PROF- EF M P;CELIA M DE OLIVEIRA C E CM PROFEF M P;Londrina;Londrina;PR;CONFIRMADO;Nível 3 (Código Exato + Nome Compatível + Município Concordante);"Código MEC coincide perfeitamente com ID_ESCOLA INEP; município 'Londrina' idêntico e termos significativos concordantes (CELIA, OLIVEIRA).";INEP/MEC - Base Consolidada Paraná (divulgacao_pr_consolidado.xlsx / escolas_tidy.parquet);edital1012023_gsseed_protocolo213100866_ccm_consulta_publica.pdf;4;Rede Estadual.
41030486;41030486;LONDRINA WISTREMUNDO R P GARCIA, C E PE-EF M P;WISTREMUNDO R P GARCIA C E CM PEEFM P;Londrina;Londrina;PR;CONFIRMADO;Nível 3 (Código Exato + Nome Compatível + Município Concordante);"Código MEC coincide perfeitamente com ID_ESCOLA INEP; município 'Londrina' idêntico e termos significativos concordantes (GARCIA, R, WISTREMUNDO).";INEP/MEC - Base Consolidada Paraná (divulgacao_pr_consolidado.xlsx / escolas_tidy.parquet);edital1012023_gsseed_protocolo213100866_ccm_consulta_publica.pdf;4;Rede Estadual.
41030800;41030800;LONDRINA HEBER S VARGAS, C E PROF DR-EF M PROFIS;HEBER S VARGAS C E CM PROF DREF M P;Londrina;Londrina;PR;CONFIRMADO;Nível 3 (Código Exato + Nome Compatível + Município Concordante);"Código MEC coincide perfeitamente com ID_ESCOLA INEP; município 'Londrina' idêntico e termos significativos concordantes (HEBER, S, VARGAS).";INEP/MEC - Base Consolidada Paraná (divulgacao_pr_consolidado.xlsx / escolas_tidy.parquet);edital1012023_gsseed_protocolo213100866_ccm_consulta_publica.pdf;4;Rede Estadual.
41031237;41031237;LONDRINA HUGO SIMAS, C E-EF M PROFIS;HUGO SIMAS C E CMEF M PROFIS;Londrina;Londrina;PR;CONFIRMADO;Nível 3 (Código Exato + Nome Compatível + Município Concordante);"Código MEC coincide perfeitamente com ID_ESCOLA INEP; município 'Londrina' idêntico e termos significativos concordantes (HUGO, SIMAS).";INEP/MEC - Base Consolidada Paraná (divulgacao_pr_consolidado.xlsx / escolas_tidy.parquet);edital1012023_gsseed_protocolo213100866_ccm_consulta_publica.pdf;4;Rede Estadual.
41031253;41031253;LONDRINA HUMBERTO P COUTINHO, C E-EF M PROFIS;HUMBERTO P COUTINHO C E CMEF M PROFIS;Londrina;Londrina;PR;CONFIRMADO;Nível 3 (Código Exato + Nome Compatível + Município Concordante);"Código MEC coincide perfeitamente com ID_ESCOLA INEP; município 'Londrina' idêntico e termos significativos concordantes (COUTINHO, HUMBERTO).";INEP/MEC - Base Consolidada Paraná (divulgacao_pr_consolidado.xlsx / escolas_tidy.parquet);edital1012023_gsseed_protocolo213100866_ccm_consulta_publica.pdf;4;Rede Estadual.
41031709;41031709;LONDRINA LAURO G DA V PESSOA, E E PROF-EF;LAURO G DA V PESSOA E E CM PROFEF;Londrina;Londrina;PR;CONFIRMADO;Nível 3 (Código Exato + Nome Compatível + Município Concordante);"Código MEC coincide perfeitamente com ID_ESCOLA INEP; município 'Londrina' idêntico e termos significativos concordantes (G, LAURO, PESSOA, V).";INEP/MEC - Base Consolidada Paraná (divulgacao_pr_consolidado.xlsx / escolas_tidy.parquet);edital1102023_gsseed.pdf;1;Rede Estadual.
41031750;41031750;LONDRINA LUCIA B LISBOA, C E PROFA-EF M;LUCIA B LISBOA C E PROFAEF M;Londrina;Londrina;PR;CONFIRMADO;Nível 3 (Código Exato + Nome Compatível + Município Concordante);"Código MEC coincide perfeitamente com ID_ESCOLA INEP; município 'Londrina' idêntico e termos significativos concordantes (B, LISBOA, LUCIA).";INEP/MEC - Base Consolidada Paraná (divulgacao_pr_consolidado.xlsx / escolas_tidy.parquet);edital1012023_gsseed_protocolo213100866_ccm_consulta_publica.pdf;4;Rede Estadual.
41031873;41031873;LONDRINA MARGARIDA B LISBOA, C E PROFA-EF M;MARGARIDA B LISBOA C E CM PROFAEF M;Londrina;Londrina;PR;CONFIRMADO;Nível 3 (Código Exato + Nome Compatível + Município Concordante);"Código MEC coincide perfeitamente com ID_ESCOLA INEP; município 'Londrina' idêntico e termos significativos concordantes (B, LISBOA, MARGARIDA).";INEP/MEC - Base Consolidada Paraná (divulgacao_pr_consolidado.xlsx / escolas_tidy.parquet);edital1012023_gsseed_protocolo213100866_ccm_consulta_publica.pdf;4;Rede Estadual.
41032225;41032225;LONDRINA NEWTON GUIMARAES, C E PROF-EF M;NEWTON GUIMARAES C E CM PROFEF M;Londrina;Londrina;PR;CONFIRMADO;Nível 3 (Código Exato + Nome Compatível + Município Concordante);"Código MEC coincide perfeitamente com ID_ESCOLA INEP; município 'Londrina' idêntico e termos significativos concordantes (GUIMARAES, NEWTON).";INEP/MEC - Base Consolidada Paraná (divulgacao_pr_consolidado.xlsx / escolas_tidy.parquet);edital1102023_gsseed.pdf;1;Rede Estadual.
41032241;41032241;LONDRINA NILO PECANHA, C E-EF M PROFIS;NILO PECANHA C E CMEF M PROFIS;Londrina;Londrina;PR;CONFIRMADO;Nível 3 (Código Exato + Nome Compatível + Município Concordante);"Código MEC coincide perfeitamente com ID_ESCOLA INEP; município 'Londrina' idêntico e termos significativos concordantes (NILO, PECANHA).";INEP/MEC - Base Consolidada Paraná (divulgacao_pr_consolidado.xlsx / escolas_tidy.parquet);edital1012023_gsseed_protocolo213100866_ccm_consulta_publica.pdf;4;Rede Estadual.
41032446;41032446;LONDRINA OLYMPIA M TORMENTA, C E PROF-EF M PROFIS;OLYMPIA M TORMENTA C E CM PROFEF M P;Londrina;Londrina;PR;CONFIRMADO;Nível 3 (Código Exato + Nome Compatível + Município Concordante);"Código MEC coincide perfeitamente com ID_ESCOLA INEP; município 'Londrina' idêntico e termos significativos concordantes (OLYMPIA, TORMENTA).";INEP/MEC - Base Consolidada Paraná (divulgacao_pr_consolidado.xlsx / escolas_tidy.parquet);edital1012023_gsseed_protocolo213100866_ccm_consulta_publica.pdf;4;Rede Estadual.
41032853;41032853;LONDRINA RIO BRANCO, C E BAR DO-EF M;RIO BRANCO C E CM BAR DOEF M;Londrina;Londrina;PR;CONFIRMADO;Nível 3 (Código Exato + Nome Compatível + Município Concordante);"Código MEC coincide perfeitamente com ID_ESCOLA INEP; município 'Londrina' idêntico e termos significativos concordantes (BAR, BRANCO, RIO).";INEP/MEC - Base Consolidada Paraná (divulgacao_pr_consolidado.xlsx / escolas_tidy.parquet);edital1102023_gsseed.pdf;1;Rede Estadual.
41033620;41033620;ROLANDIA LAURO P TAVARES, C E DR-EF M;LAURO P TAVARES C E CM DREF M;Londrina;Rolândia;PR;CONFIRMADO;Nível 3 (Código Exato + Nome Compatível + Município Validado no Texto);"Código MEC coincide com ID_ESCOLA; município 'Rolândia' identificado no cabeçalho/texto e termos nominais concordantes (LAURO, TAVARES).";INEP/MEC - Base Consolidada Paraná (divulgacao_pr_consolidado.xlsx / escolas_tidy.parquet);edital1012023_gsseed_protocolo213100866_ccm_consulta_publica.pdf;4;Rede Estadual. Variação gráfica ou abreviação de município tratada.
41037324;41037324;IVAIPORA ANTONIO DINIZ PEREIRA, C E-EF M PROFIS;ANTONIO DINIZ PEREIRA C E CMEF M;Ivaiporã;Ivaiporã;PR;CONFIRMADO;Nível 3 (Código Exato + Nome Compatível + Município Concordante);"Código MEC coincide perfeitamente com ID_ESCOLA INEP; município 'Ivaiporã' idêntico e termos significativos concordantes (ANTONIO, DINIZ, PEREIRA).";INEP/MEC - Base Consolidada Paraná (divulgacao_pr_consolidado.xlsx / escolas_tidy.parquet);edital1012023_gsseed_protocolo213100866_ccm_consulta_publica.pdf;3;Rede Estadual.
41037413;41037413;IVAIPORÃ BENTO MUSSURUNGA, C E - EF M;BENTO MOSSURUNGA C EEF M;Ivaiporã;Ivaiporã;PR;CONFIRMADO;Nível 3 (Código Exato + Nome Compatível + Município Concordante);"Código MEC coincide perfeitamente com ID_ESCOLA INEP; município 'Ivaiporã' idêntico e termos significativos concordantes (BENTO).";INEP/MEC - Base Consolidada Paraná (divulgacao_pr_consolidado.xlsx / escolas_tidy.parquet);edital1252025_gsseed_prot249175889_ccm_consulta_publica.pdf;2;Rede Estadual.
41039068;41039068;NEREU RAMOS, E E-EF;NEREU RAMOS E E CMEF;Manoel Ribas;Manoel Ribas;PR;CONFIRMADO;Nível 3 (Código Exato + Nome Compatível + Município Concordante);"Código MEC coincide perfeitamente com ID_ESCOLA INEP; município 'Manoel Ribas' idêntico e termos significativos concordantes (NEREU, RAMOS).";INEP/MEC - Base Consolidada Paraná (divulgacao_pr_consolidado.xlsx / escolas_tidy.parquet);edital1102023_gsseed.pdf;1;Rede Estadual.
41040317;41040317;IVAI JOSE DE MATTOS LEAO, C E-EF M;JOSE DE MATTOS LEAO C E CMEF M;São João;São João do Ivaí;PR;CONFIRMADO;Nível 3 (Código Exato + Nome Compatível + Município Validado no Texto);"Código MEC coincide com ID_ESCOLA; município 'São João do Ivaí' identificado no cabeçalho/texto e termos nominais concordantes (JOSE, LEAO, MATTOS).";INEP/MEC - Base Consolidada Paraná (divulgacao_pr_consolidado.xlsx / escolas_tidy.parquet);edital1012023_gsseed_protocolo213100866_ccm_consulta_publica.pdf;3;Rede Estadual. Variação gráfica ou abreviação de município tratada.
41040694;41040694;S PEDRO DO IVAI VICENTE MACHADO, C E C-EF M;VICENTE MACHADO C E CMEF M;Ivaiporã;São Pedro do Ivaí;PR;CONFIRMADO;Nível 3 (Código Exato + Nome Conclusivo + NRE/Município Validado);"Revalidado na Auditoria Final: Código MEC 41040694 exato; Estabelecimento Vicente Machado homologado no Edital 122/2023 (p. 1) sob NRE Ivaiporã em São Pedro do Ivaí. Identidade canônica confirmada sem ambiguidade.";INEP/MEC - Base Consolidada Paraná (divulgacao_pr_consolidado.xlsx / escolas_tidy.parquet);edital1102023_gsseed.pdf;1;Revisar relação NRE vs Município.
41040759;41040759;ASSAÍ CARRAO, C E CONS-EF M;CARRAO C E CONSEF M;Cornélio Procópio;Assaí;PR;CONFIRMADO;Nível 3 (Código Exato + Nome Compatível + Município Validado no Texto);"Código MEC coincide com ID_ESCOLA; município 'Assaí' identificado no cabeçalho/texto e termos nominais concordantes (CARRAO).";INEP/MEC - Base Consolidada Paraná (divulgacao_pr_consolidado.xlsx / escolas_tidy.parquet);edital1252025_gsseed_prot249175889_ccm_consulta_publica.pdf;2;Rede Estadual. Variação gráfica ou abreviação de município tratada.
41042670;41042670;ABATIA RUI BARBOSA, C E - E F M PROF;RUI BARBOSA C E EF M N PROFIS;Jacarezinho;Abatiá;PR;CONFIRMADO;Nível 3 (Código Exato + Nome Compatível + Município Validado no Texto);"Código MEC coincide com ID_ESCOLA; município 'Abatiá' identificado no cabeçalho/texto e termos nominais concordantes (BARBOSA, RUI).";INEP/MEC - Base Consolidada Paraná (divulgacao_pr_consolidado.xlsx / escolas_tidy.parquet);edital1252025_gsseed_prot249175889_ccm_consulta_publica.pdf;2;Rede Estadual. Variação gráfica ou abreviação de município tratada.
41042778;41042778;ANDIRA STELLA MARIS, C E-EF M;STELLA MARIS C E CMEF M;Jacarezinho;Andirá;PR;CONFIRMADO;Nível 3 (Código Exato + Nome Compatível + Município Validado no Texto);"Código MEC coincide com ID_ESCOLA; município 'Andirá' identificado no cabeçalho/texto e termos nominais concordantes (MARIS, STELLA).";INEP/MEC - Base Consolidada Paraná (divulgacao_pr_consolidado.xlsx / escolas_tidy.parquet);edital1012023_gsseed_protocolo213100866_ccm_consulta_publica.pdf;3;Rede Estadual. Variação gráfica ou abreviação de município tratada.
41043375;41043375;BANDEIRANTES NOBREGA DA CUNHA, C E-EF M;NOBREGA DA CUNHA C E CMEF M;Cornélio Procópio;Bandeirantes;PR;CONFIRMADO;Nível 3 (Código Exato + Nome Compatível + Município Validado no Texto);"Código MEC coincide com ID_ESCOLA; município 'Bandeirantes' identificado no cabeçalho/texto e termos nominais concordantes (CUNHA, NOBREGA).";INEP/MEC - Base Consolidada Paraná (divulgacao_pr_consolidado.xlsx / escolas_tidy.parquet);edital1012023_gsseed_protocolo213100866_ccm_consulta_publica.pdf;2;Rede Estadual. Variação gráfica ou abreviação de município tratada.
41046218;41046218;SERTANEJA ANTONIO BITONTI, E E PROF-EF;ANTONIO BITONTI E E CM PROFEF;Cornélio Procópio;Sertaneja;PR;CONFIRMADO;Nível 3 (Código Exato + Nome Compatível + Município Validado no Texto);"Código MEC coincide com ID_ESCOLA; município 'Sertaneja' identificado no cabeçalho/texto e termos nominais concordantes (ANTONIO, BITONTI).";INEP/MEC - Base Consolidada Paraná (divulgacao_pr_consolidado.xlsx / escolas_tidy.parquet);edital1012023_gsseed_protocolo213100866_ccm_consulta_publica.pdf;2;Rede Estadual. Variação gráfica ou abreviação de município tratada.
41046552;41046552;CAMBARA CAROLINA LUPION, C E DONA-EF M;CAROLINA LUPION C E CM DONAEF M;Jacarezinho;Cambará;PR;CONFIRMADO;Nível 3 (Código Exato + Nome Compatível + Município Validado no Texto);"Código MEC coincide com ID_ESCOLA; município 'Cambará' identificado no cabeçalho/texto e termos nominais concordantes (CAROLINA, LUPION).";INEP/MEC - Base Consolidada Paraná (divulgacao_pr_consolidado.xlsx / escolas_tidy.parquet);edital1012023_gsseed_protocolo213100866_ccm_consulta_publica.pdf;3;Rede Estadual. Variação gráfica ou abreviação de município tratada.
41046960;41046960;JACAREZINHO ANESIO DE A LEITE, C E-EF M PROFIS;ANESIO DE A LEITE C E CMEF M PROFIS;Jacarezinho;Jacarezinho;PR;CONFIRMADO;Nível 3 (Código Exato + Nome Compatível + Município Concordante);"Código MEC coincide perfeitamente com ID_ESCOLA INEP; município 'Jacarezinho' idêntico e termos significativos concordantes (A, ANESIO, LEITE).";INEP/MEC - Base Consolidada Paraná (divulgacao_pr_consolidado.xlsx / escolas_tidy.parquet);edital1012023_gsseed_protocolo213100866_ccm_consulta_publica.pdf;3;Rede Estadual.
41051351;41051351;MIGUEL DIAS, C E-EF M PROFIS;MIGUEL DIAS C EEF M PROFIS;Joaquim Távora;Joaquim Távora;PR;CONFIRMADO;Nível 3 (Código Exato + Nome Compatível + Município Concordante);"Código MEC coincide perfeitamente com ID_ESCOLA INEP; município 'Joaquim Távora' idêntico e termos significativos concordantes (DIAS, MIGUEL).";INEP/MEC - Base Consolidada Paraná (divulgacao_pr_consolidado.xlsx / escolas_tidy.parquet);edital1252025_gsseed_prot249175889_ccm_consulta_publica.pdf;2;Rede Estadual.
41052250;41052250;S JOSE B VISTA NEWTON SAMPAIO, E E-EF;NEWTON SAMPAIO C E CMEF M;Wenceslau Braz;São José da Boa Vista;PR;CONFIRMADO;Nível 3 (Código Exato + Nome Conclusivo + NRE/Município Validado);"Revalidado na Auditoria Final: Código MEC 41052250 exato; Estabelecimento Newton Sampaio no Edital 114/2023 (p. 3) sob NRE Wenceslau Braz em São José da Boa Vista. Identidade canônica confirmada sem ambiguidade.";INEP/MEC - Base Consolidada Paraná (divulgacao_pr_consolidado.xlsx / escolas_tidy.parquet);edital1012023_gsseed_protocolo213100866_ccm_consulta_publica.pdf;5;Revisar relação NRE vs Município.
41053494;41053494;WENCESLAU BRAZ MIGUEL NASSIF MALUF, C E-EF M;MIGUEL NASSIF MALUF C E CMEF M;Wenceslau Braz;Wenceslau Braz;PR;CONFIRMADO;Nível 3 (Código Exato + Nome Compatível + Município Concordante);"Código MEC coincide perfeitamente com ID_ESCOLA INEP; município 'Wenceslau Braz' idêntico e termos significativos concordantes (MALUF, MIGUEL, NASSIF).";INEP/MEC - Base Consolidada Paraná (divulgacao_pr_consolidado.xlsx / escolas_tidy.parquet);edital1012023_gsseed_protocolo213100866_ccm_consulta_publica.pdf;5;Rede Estadual.
41056264;41056264;TELEMACO BORBA JARDIM ALEGRE, C E-EF M PROFIS;JARDIM ALEGRE C E CMEF M PROFIS;Telêmaco Borba;Telêmaco Borba;PR;CONFIRMADO;Nível 3 (Código Exato + Nome Compatível + Município Concordante);"Código MEC coincide perfeitamente com ID_ESCOLA INEP; município 'Telêmaco Borba' idêntico e termos significativos concordantes (ALEGRE, JARDIM).";INEP/MEC - Base Consolidada Paraná (divulgacao_pr_consolidado.xlsx / escolas_tidy.parquet);edital1102023_gsseed.pdf;1;Rede Estadual.
41056574;41056574;IMBAU TANCREDO NEVES, C E PRES-EF M PROFIS;TANCREDO NEVES C E PRESEF M PROFIS;Telêmaco Borba;Imbaú;PR;CONFIRMADO;Nível 3 (Código Exato + Nome Compatível + Município Validado no Texto);"Código MEC coincide com ID_ESCOLA; município 'Imbaú' identificado no cabeçalho/texto e termos nominais concordantes (NEVES, TANCREDO).";INEP/MEC - Base Consolidada Paraná (divulgacao_pr_consolidado.xlsx / escolas_tidy.parquet);edital1102023_gsseed.pdf;1;Rede Estadual. Variação gráfica ou abreviação de município tratada.
41060296;41060296;CARAMBEI JULIA WANDERLEY, C E-EF M PROFIS;JULIA WANDERLEY C EEF M PROFIS;Ponta Grossa;Carambeí;PR;CONFIRMADO;Nível 3 (Código Exato + Nome Compatível + Município Validado no Texto);"Código MEC coincide com ID_ESCOLA; município 'Carambeí' identificado no cabeçalho/texto e termos nominais concordantes (JULIA, WANDERLEY).";INEP/MEC - Base Consolidada Paraná (divulgacao_pr_consolidado.xlsx / escolas_tidy.parquet);edital1012023_gsseed_protocolo213100866_ccm_consulta_publica.pdf;4;Rede Estadual. Variação gráfica ou abreviação de município tratada.
41060466;41060466;CASTRO NICOLAU BALTASAR, C E PE-EF M;NICOLAU BALTASAR C E PEEF M;Ponta Grossa;Castro;PR;CONFIRMADO;Nível 3 (Código Exato + Nome Compatível + Município Validado no Texto);"Código MEC coincide com ID_ESCOLA; município 'Castro' identificado no cabeçalho/texto e termos nominais concordantes (BALTASAR, NICOLAU).";INEP/MEC - Base Consolidada Paraná (divulgacao_pr_consolidado.xlsx / escolas_tidy.parquet);edital1012023_gsseed_protocolo213100866_ccm_consulta_publica.pdf;4;Rede Estadual. Variação gráfica ou abreviação de município tratada.
41062108;41062108;PONTA GROSSA BECKER E SILVA, C E PROF-EF M PROFIS;BECKER E SILVA C E CM PROFEF M PROFIS;Ponta Grossa;Ponta Grossa;PR;CONFIRMADO;Nível 3 (Código Exato + Nome Compatível + Município Concordante);"Código MEC coincide perfeitamente com ID_ESCOLA INEP; município 'Ponta Grossa' idêntico e termos significativos concordantes (BECKER, SILVA).";INEP/MEC - Base Consolidada Paraná (divulgacao_pr_consolidado.xlsx / escolas_tidy.parquet);edital1012023_gsseed_protocolo213100866_ccm_consulta_publica.pdf;4;Rede Estadual.
41062191;41062191;PONTA GROSSA CARLOS ZELESNY, C E PE-EF M;CARLOS ZELESNY C E CM PEEF M;Ponta Grossa;Ponta Grossa;PR;CONFIRMADO;Nível 3 (Código Exato + Nome Compatível + Município Concordante);"Código MEC coincide perfeitamente com ID_ESCOLA INEP; município 'Ponta Grossa' idêntico e termos significativos concordantes (CARLOS, ZELESNY).";INEP/MEC - Base Consolidada Paraná (divulgacao_pr_consolidado.xlsx / escolas_tidy.parquet);edital1012023_gsseed_protocolo213100866_ccm_consulta_publica.pdf;4;Rede Estadual.
41062272;41062272;PONTA GROSSA INSTITUTO ED. E. PROF. CESAR P MARTINEZ EF M;INST ED E PROF CESAR P MARTINEZF M N P;Ponta Grossa;Ponta Grossa;PR;CONFIRMADO;Nível 3 (Código Exato + Nome Compatível + Município Concordante);"Código MEC coincide perfeitamente com ID_ESCOLA INEP; município 'Ponta Grossa' idêntico e termos significativos concordantes (CESAR, ED).";INEP/MEC - Base Consolidada Paraná (divulgacao_pr_consolidado.xlsx / escolas_tidy.parquet);edital1252025_gsseed_prot249175889_ccm_consulta_publica.pdf;3;Rede Estadual.
41062469;41062469;PONTA GROSSA EPAMINONDAS N RIBAS, C E DR-EF M PROFIS;EPAMINONDAS N RIBAS C E CM DREF M P;Ponta Grossa;Ponta Grossa;PR;CONFIRMADO;Nível 3 (Código Exato + Nome Compatível + Município Concordante);"Código MEC coincide perfeitamente com ID_ESCOLA INEP; município 'Ponta Grossa' idêntico e termos significativos concordantes (EPAMINONDAS, RIBAS).";INEP/MEC - Base Consolidada Paraná (divulgacao_pr_consolidado.xlsx / escolas_tidy.parquet);edital1012023_gsseed_protocolo213100866_ccm_consulta_publica.pdf;4;Rede Estadual.
41062914;41062914;PONTA GROSSA KENNEDY, C E PRES-EF M PROFIS 7;KENNEDY C E PRESEFMPN;Ponta Grossa;Ponta Grossa;PR;CONFIRMADO;Nível 3 (Código Exato + Nome Compatível + Município Concordante);"Código MEC coincide perfeitamente com ID_ESCOLA INEP; município 'Ponta Grossa' idêntico e termos significativos concordantes (KENNEDY).";INEP/MEC - Base Consolidada Paraná (divulgacao_pr_consolidado.xlsx / escolas_tidy.parquet);edital1012023_gsseed_protocolo213100866_ccm_consulta_publica.pdf;4;Rede Estadual.
41062949;41062949;PONTA GROSSA LINDA S BACILA, C E PROFA-EF M PROFIS;LINDA S BACILA C E PROFAEF M PROFIS;Ponta Grossa;Ponta Grossa;PR;CONFIRMADO;Nível 3 (Código Exato + Nome Compatível + Município Concordante);"Código MEC coincide perfeitamente com ID_ESCOLA INEP; município 'Ponta Grossa' idêntico e termos significativos concordantes (BACILA, LINDA, S).";INEP/MEC - Base Consolidada Paraná (divulgacao_pr_consolidado.xlsx / escolas_tidy.parquet);edital1012023_gsseed_protocolo213100866_ccm_consulta_publica.pdf;5;Rede Estadual.
41063031;41063031;PONTA GROSSA MENELEU DE ALMEIDA TORRES, C C E PROF EF M PROFI;MENELEU A TORRES C E PROFEF M PROFIS;Ponta Grossa;Ponta Grossa;PR;CONFIRMADO;Nível 3 (Código Exato + Nome Compatível + Município Concordante);"Código MEC coincide perfeitamente com ID_ESCOLA INEP; município 'Ponta Grossa' idêntico e termos significativos concordantes (MENELEU, TORRES).";INEP/MEC - Base Consolidada Paraná (divulgacao_pr_consolidado.xlsx / escolas_tidy.parquet);edital1252025_gsseed_prot249175889_ccm_consulta_publica.pdf;3;Rede Estadual.
41063058;41063058;PONTA GROSSA MONTEIRO LOBATO, E E-EF;MONTEIRO LOBATO E EEF;Ponta Grossa;Ponta Grossa;PR;CONFIRMADO;Nível 3 (Código Exato + Nome Compatível + Município Concordante);"Código MEC coincide perfeitamente com ID_ESCOLA INEP; município 'Ponta Grossa' idêntico e termos significativos concordantes (LOBATO, MONTEIRO).";INEP/MEC - Base Consolidada Paraná (divulgacao_pr_consolidado.xlsx / escolas_tidy.parquet);edital1252025_gsseed_prot249175889_ccm_consulta_publica.pdf;3;Rede Estadual.
41063139;41063139;PONTA GROSSA NOSSA SRA DA GLORIA, C E-EF M;NOSSA SRA DA GLORIA C E CMEF M;Ponta Grossa;Ponta Grossa;PR;CONFIRMADO;Nível 3 (Código Exato + Nome Compatível + Município Concordante);"Código MEC coincide perfeitamente com ID_ESCOLA INEP; município 'Ponta Grossa' idêntico e termos significativos concordantes (GLORIA, NOSSA, SRA).";INEP/MEC - Base Consolidada Paraná (divulgacao_pr_consolidado.xlsx / escolas_tidy.parquet);edital1012023_gsseed_protocolo213100866_ccm_consulta_publica.pdf;5;Rede Estadual.
41063155;41063155;PONTA GROSSA OSORIO, C E GAL-EF M;OSORIO C E CM GALEF M PROFIS;Ponta Grossa;Ponta Grossa;PR;CONFIRMADO;Nível 3 (Código Exato + Nome Compatível + Município Concordante);"Código MEC coincide perfeitamente com ID_ESCOLA INEP; município 'Ponta Grossa' idêntico e termos significativos concordantes (OSORIO).";INEP/MEC - Base Consolidada Paraná (divulgacao_pr_consolidado.xlsx / escolas_tidy.parquet);edital1102023_gsseed.pdf;1;Rede Estadual.
41063384;41063384;PONTA GROSSA SANTA MARIA, C E-EF M;SANTA MARIA C EEF M;Ponta Grossa;Ponta Grossa;PR;CONFIRMADO;Nível 3 (Código Exato + Nome Compatível + Município Concordante);"Código MEC coincide perfeitamente com ID_ESCOLA INEP; município 'Ponta Grossa' idêntico e termos significativos concordantes (MARIA, SANTA).";INEP/MEC - Base Consolidada Paraná (divulgacao_pr_consolidado.xlsx / escolas_tidy.parquet);edital1012023_gsseed_protocolo213100866_ccm_consulta_publica.pdf;5;Rede Estadual.
41067029;41067029;GRACILIANO RAMOS, E E-EF;GRACILIANO RAMOS E E CMEF;Santa Helena;Santa Helena;PR;CONFIRMADO;Nível 3 (Código Exato + Nome Compatível + Município Concordante);"Código MEC coincide perfeitamente com ID_ESCOLA INEP; município 'Santa Helena' idêntico e termos significativos concordantes (GRACILIANO, RAMOS).";INEP/MEC - Base Consolidada Paraná (divulgacao_pr_consolidado.xlsx / escolas_tidy.parquet);edital1102023_gsseed.pdf;1;Rede Estadual.
41068688;41068688;TOLEDO JOAO ARNALDO RITT, C E-EF M;JOAO ARNALDO RITT C E CMEF M;Toledo;Toledo;PR;CONFIRMADO;Nível 3 (Código Exato + Nome Compatível + Município Concordante);"Código MEC coincide perfeitamente com ID_ESCOLA INEP; município 'Toledo' idêntico e termos significativos concordantes (ARNALDO, JOAO, RITT).";INEP/MEC - Base Consolidada Paraná (divulgacao_pr_consolidado.xlsx / escolas_tidy.parquet);edital1102023_gsseed.pdf;1;Rede Estadual.
41068807;41068807;TOLEDO LUIZ AUGUSTO M REGO, C E-EF M PROFIS;LUIZ AUGUSTO M REGO C E CMEF M PROFIS;Toledo;Toledo;PR;CONFIRMADO;Nível 3 (Código Exato + Nome Compatível + Município Concordante);"Código MEC coincide perfeitamente com ID_ESCOLA INEP; município 'Toledo' idêntico e termos significativos concordantes (AUGUSTO, LUIZ, REGO).";INEP/MEC - Base Consolidada Paraná (divulgacao_pr_consolidado.xlsx / escolas_tidy.parquet);edital1012023_gsseed_protocolo213100866_ccm_consulta_publica.pdf;5;Rede Estadual.
41068998;41068998;TOLEDO NOVO SARANDI, C E EF M;NOVO SARANDI C E CEF M;Toledo;Toledo;PR;CONFIRMADO;Nível 3 (Código Exato + Nome Compatível + Município Concordante);"Código MEC coincide perfeitamente com ID_ESCOLA INEP; município 'Toledo' idêntico e termos significativos concordantes (NOVO, SARANDI).";INEP/MEC - Base Consolidada Paraná (divulgacao_pr_consolidado.xlsx / escolas_tidy.parquet);edital1252025_gsseed_prot249175889_ccm_consulta_publica.pdf;3;Rede Estadual.
41070224;41070224;CAFELÂNDIA ALBERTO S DUMONT, C E-EF M N PROFIS;ALBERTO S DUMONT C EEF M N PROFIS;Cascavel;Cafelândia;PR;CONFIRMADO;Nível 3 (Código Exato + Nome Compatível + Município Validado no Texto);"Código MEC coincide com ID_ESCOLA; município 'Cafelândia' identificado no cabeçalho/texto e termos nominais concordantes (ALBERTO, DUMONT, S).";INEP/MEC - Base Consolidada Paraná (divulgacao_pr_consolidado.xlsx / escolas_tidy.parquet);edital1252025_gsseed_prot249175889_ccm_consulta_publica.pdf;2;Rede Estadual. Variação gráfica ou abreviação de município tratada.
41070585;41070585;CAP L MARQUES CARLOS A CAMARGO, C E-EF M PROFIS;CARLOS A CAMARGO C E CMEF M PROFIS;Cascavel;Capitão Leônidas Marques;PR;CONFIRMADO;Nível 3 (Código Exato + Nome Conclusivo + NRE/Município Validado);"Revalidado na Auditoria Final: Código MEC 41070585 exato; Estabelecimento Carlos A Camargo no Edital 114/2023 (p. 2) sob NRE Cascavel em Capitão Leônidas Marques. Identidade canônica confirmada sem ambiguidade.";INEP/MEC - Base Consolidada Paraná (divulgacao_pr_consolidado.xlsx / escolas_tidy.parquet);edital1012023_gsseed_protocolo213100866_ccm_consulta_publica.pdf;2;Revisar relação NRE vs Município.
41071018;41071018;CASCAVEL XIV DE NOVEMBRO, C E -EF M;XIV DE NOVEMBRO C E CMEF M;Cascavel;Cascavel;PR;CONFIRMADO;Nível 3 (Código Exato + Nome Compatível + Município Concordante);"Código MEC coincide perfeitamente com ID_ESCOLA INEP; município 'Cascavel' idêntico e termos significativos concordantes (NOVEMBRO, XIV).";INEP/MEC - Base Consolidada Paraná (divulgacao_pr_consolidado.xlsx / escolas_tidy.parquet);edital1012023_gsseed_protocolo213100866_ccm_consulta_publica.pdf;2;Rede Estadual.
41071409;41071409;CASCAVEL HUMBERTO A C BRANCO, C E MAL-EF M PROF;HUMBERTO A C BRANCO C E CM MALEF M P;Cascavel;Cascavel;PR;CONFIRMADO;Nível 3 (Código Exato + Nome Compatível + Município Concordante);"Código MEC coincide perfeitamente com ID_ESCOLA INEP; município 'Cascavel' idêntico e termos significativos concordantes (A, BRANCO, HUMBERTO).";INEP/MEC - Base Consolidada Paraná (divulgacao_pr_consolidado.xlsx / escolas_tidy.parquet);edital1012023_gsseed_protocolo213100866_ccm_consulta_publica.pdf;2;Rede Estadual.
41071590;41071590;CASCAVEL JOSE A B ORSO, C E-EF M;JOSE A B ORSO C E CMEF M PROF;Cascavel;Cascavel;PR;CONFIRMADO;Nível 3 (Código Exato + Nome Compatível + Município Concordante);"Código MEC coincide perfeitamente com ID_ESCOLA INEP; município 'Cascavel' idêntico e termos significativos concordantes (A, B, JOSE, ORSO).";INEP/MEC - Base Consolidada Paraná (divulgacao_pr_consolidado.xlsx / escolas_tidy.parquet);edital1012023_gsseed_protocolo213100866_ccm_consulta_publica.pdf;2;Rede Estadual.
41071832;41071832;CASCAVEL MARILIS F PIROTELLI, C E-EF M;MARILIS F PIROTELLI C EEF M;Cascavel;Cascavel;PR;CONFIRMADO;Nível 3 (Código Exato + Nome Compatível + Município Concordante);"Código MEC coincide perfeitamente com ID_ESCOLA INEP; município 'Cascavel' idêntico e termos significativos concordantes (F, MARILIS, PIROTELLI).";INEP/MEC - Base Consolidada Paraná (divulgacao_pr_consolidado.xlsx / escolas_tidy.parquet);edital1012023_gsseed_protocolo213100866_ccm_consulta_publica.pdf;2;Rede Estadual.
41072626;41072626;CORBELIA AMANCIO MORO, C E-EF M N PROFIS;AMANCIO MORO C E CM EF M N PROFIS;Cascavel;Corbélia;PR;CONFIRMADO;Nível 3 (Código Exato + Nome Compatível + Município Validado no Texto);"Código MEC coincide com ID_ESCOLA; município 'Corbélia' identificado no cabeçalho/texto e termos nominais concordantes (AMANCIO, MORO).";INEP/MEC - Base Consolidada Paraná (divulgacao_pr_consolidado.xlsx / escolas_tidy.parquet);edital1012023_gsseed_protocolo213100866_ccm_consulta_publica.pdf;2;Rede Estadual. Variação gráfica ou abreviação de município tratada.
41073037;41073037;DIAMANTE DO SUL OSORIO DUQUE ESTRADA, C E-EF M;OSORIO DUQUE ESTRADA C E CMEF M;Laranjeiras do Sul;Diamante do Sul;PR;CONFIRMADO;Nível 3 (Código Exato + Nome Compatível + Município Validado no Texto);"Código MEC coincide com ID_ESCOLA; município 'Diamante do Sul' identificado no cabeçalho/texto e termos nominais concordantes (DUQUE, ESTRADA, OSORIO).";INEP/MEC - Base Consolidada Paraná (divulgacao_pr_consolidado.xlsx / escolas_tidy.parquet);edital1102023_gsseed.pdf;1;Rede Estadual. Variação gráfica ou abreviação de município tratada.
41075919;41075919;FOZ DO IGUACU ALMIRO SARTORI, C E-EF M PROFIS;ALMIRO SARTORI C EEF M PROFIS;Foz do Iguaçu;Foz do Iguaçu;PR;CONFIRMADO;Nível 3 (Código Exato + Nome Compatível + Município Concordante);"Código MEC coincide perfeitamente com ID_ESCOLA INEP; município 'Foz do Iguaçu' idêntico e termos significativos concordantes (ALMIRO, SARTORI).";INEP/MEC - Base Consolidada Paraná (divulgacao_pr_consolidado.xlsx / escolas_tidy.parquet);edital1012023_gsseed_protocolo213100866_ccm_consulta_publica.pdf;3;Rede Estadual.
41076036;41076036;FOZ DO IGUACU AYRTON SENNA DA SILVA, C E-EF M N PROFIS;AYRTON SENNA DA SILVA C EEF M N PROFIS;Foz do Iguaçu;Foz do Iguaçu;PR;CONFIRMADO;Nível 3 (Código Exato + Nome Compatível + Município Concordante);"Código MEC coincide perfeitamente com ID_ESCOLA INEP; município 'Foz do Iguaçu' idêntico e termos significativos concordantes (AYRTON, SENNA, SILVA).";INEP/MEC - Base Consolidada Paraná (divulgacao_pr_consolidado.xlsx / escolas_tidy.parquet);edital1012023_gsseed_protocolo213100866_ccm_consulta_publica.pdf;3;Rede Estadual.
41076354;41076354;FOZ DO IGUACU CARLOS DRUMMOND DE;CARLOS DRUM DE ANDRADE C E CMEF M P;Foz do Iguaçu;Foz do Iguaçu;PR;CONFIRMADO;Nível 3 (Código Exato + Nome Compatível + Município Concordante);"Código MEC coincide perfeitamente com ID_ESCOLA INEP; município 'Foz do Iguaçu' idêntico e termos significativos concordantes (CARLOS).";INEP/MEC - Base Consolidada Paraná (divulgacao_pr_consolidado.xlsx / escolas_tidy.parquet);edital1122023_gsseed_expansao.pdf;1;Rede Estadual.
41076605;41076605;FOZ DO IGUACU JUSCELINO K DE OLIVEIRA, C E-EF M PROFIS;JUSCELINO K DE OLIVEIRA C EEF M PROFIS;Foz do Iguaçu;Foz do Iguaçu;PR;CONFIRMADO;Nível 3 (Código Exato + Nome Compatível + Município Concordante);"Código MEC coincide perfeitamente com ID_ESCOLA INEP; município 'Foz do Iguaçu' idêntico e termos significativos concordantes (JUSCELINO, K, OLIVEIRA).";INEP/MEC - Base Consolidada Paraná (divulgacao_pr_consolidado.xlsx / escolas_tidy.parquet);edital1012023_gsseed_protocolo213100866_ccm_consulta_publica.pdf;3;Rede Estadual.
41077512;41077512;MEDIANEIRA ARTHUR DA C SILVA, C E MAL-EF M PROFIS;ARTHUR DA C SILVA C E CM MALEF M P;Foz do Iguaçu;Medianeira;PR;CONFIRMADO;Nível 3 (Código Exato + Nome Compatível + Município Validado no Texto);"Código MEC coincide com ID_ESCOLA; município 'Medianeira' identificado no cabeçalho/texto e termos nominais concordantes (ARTHUR, SILVA).";INEP/MEC - Base Consolidada Paraná (divulgacao_pr_consolidado.xlsx / escolas_tidy.parquet);edital1012023_gsseed_protocolo213100866_ccm_consulta_publica.pdf;3;Rede Estadual. Variação gráfica ou abreviação de município tratada.
41077776;41077776;CE PRESIDENTE KENEDY;KENNEDY C E C CM PRESEF M;Serranópolis do Iguaçu;Serranópolis do Iguaçu;PR;CONFIRMADO;Nível 3 (Código Exato + Nome Conclusivo + NRE/Município Validado);"Revalidado na Auditoria Final: Código MEC 41077776 exato; Estabelecimento Pres. Kennedy homologado no Edital 121/2023 (p. 1) em Serranópolis do Iguaçu (DIOE 11566). Identidade canônica confirmada sem ambiguidade.";INEP/MEC - Base Consolidada Paraná (divulgacao_pr_consolidado.xlsx / escolas_tidy.parquet);edital1092023_gsseed_protocolo213100866_ccm_consulta_publica_novas_instituicoes.pdf;1;Variação de grafia documentada.
41078586;41078586;41078586 FOZ DO IGUAÇU SANTA TEREZINHA DE ITAIPU;ARCANGELO NANDI C EE F M;Santa Terezinha de Itaipu;Santa Terezinha de Itaipu;PR;CONFIRMADO;Nível 3 (Código Exato + Nome Conclusivo + NRE/Município Validado);"Revalidado na Auditoria Final: Código MEC 41078586 exato; Estabelecimento Arcangelo Nandi homologado no Edital 136/2025 (p. 2) em Santa Terezinha de Itaipu. Identidade canônica confirmada sem ambiguidade.";INEP/MEC - Base Consolidada Paraná (divulgacao_pr_consolidado.xlsx / escolas_tidy.parquet);edital1252025_gsseed_prot249175889_ccm_consulta_publica.pdf;2;Variação de grafia documentada.
41079469;41079469;PARANAGUÁ, C E MQ DE - EF M PROFIS;PARANAGUA C E MQ DEEF M PROFIS;Vera Cruz do Oeste;Vera Cruz do Oeste;PR;CONFIRMADO;Nível 3 (Código Exato + Nome Compatível + Município Concordante);"Código MEC coincide perfeitamente com ID_ESCOLA INEP; município 'Vera Cruz do Oeste' idêntico e termos significativos concordantes (MQ, PARANAGUA).";INEP/MEC - Base Consolidada Paraná (divulgacao_pr_consolidado.xlsx / escolas_tidy.parquet);edital1252025_gsseed_prot249175889_ccm_consulta_publica.pdf;2;Rede Estadual.
41081340;41081340;PLANALTO JOAO ZACCO PARANA, C E-EF M PROFIS;JOAO ZACCO PARANA C E CMEF M;Francisco Beltrão;Planalto;PR;CONFIRMADO;Nível 3 (Código Exato + Nome Compatível + Município Validado no Texto);"Código MEC coincide com ID_ESCOLA; município 'Planalto' identificado no cabeçalho/texto e termos nominais concordantes (JOAO, PARANA, ZACCO).";INEP/MEC - Base Consolidada Paraná (divulgacao_pr_consolidado.xlsx / escolas_tidy.parquet);edital1012023_gsseed_protocolo213100866_ccm_consulta_publica.pdf;3;Rede Estadual. Variação gráfica ou abreviação de município tratada.
41084721;41084721;DOIS VIZINHOS JOSÉ DE ANCHIETA, C E - EF M;JOSE DE ANCHIETA C EEF M;Dois Vizinhos;Dois Vizinhos;PR;CONFIRMADO;Nível 3 (Código Exato + Nome Compatível + Município Concordante);"Código MEC coincide perfeitamente com ID_ESCOLA INEP; município 'Dois Vizinhos' idêntico e termos significativos concordantes (ANCHIETA, JOSE).";INEP/MEC - Base Consolidada Paraná (divulgacao_pr_consolidado.xlsx / escolas_tidy.parquet);edital1252025_gsseed_prot249175889_ccm_consulta_publica.pdf;2;Rede Estadual.
41084772;41084772;DOIS VIZINHOS LEONARDO DA VINCI, C E-EF M N PROFIS;LEONARDO DA VINCI C E CMEF M N PROFIS;Dois Vizinhos;Dois Vizinhos;PR;CONFIRMADO;Nível 3 (Código Exato + Nome Compatível + Município Concordante);"Código MEC coincide perfeitamente com ID_ESCOLA INEP; município 'Dois Vizinhos' idêntico e termos significativos concordantes (LEONARDO, VINCI).";INEP/MEC - Base Consolidada Paraná (divulgacao_pr_consolidado.xlsx / escolas_tidy.parquet);edital1012023_gsseed_protocolo213100866_ccm_consulta_publica.pdf;3;Rede Estadual.
41085906;41085906;FRANC BELTRAO EDUARDO VIRMOND SUPLICY, C E DR- EF M P;EDUARDO VIRMOND SUPLICY C E DREF M P;Francisco Beltrão;Francisco Beltrão;PR;CONFIRMADO;Nível 3 (Código Exato + Nome Compatível + Município Concordante);"Código MEC coincide perfeitamente com ID_ESCOLA INEP; município 'Francisco Beltrão' idêntico e termos significativos concordantes (EDUARDO, SUPLICY, VIRMOND).";INEP/MEC - Base Consolidada Paraná (divulgacao_pr_consolidado.xlsx / escolas_tidy.parquet);edital1012023_gsseed_protocolo213100866_ccm_consulta_publica.pdf;3;Rede Estadual.
41086945;41086945;MARMELEIRO MARMELEIRO, C E DE-EF M PROFIS;MARMELEIRO C E DEEF M;Francisco Beltrão;Marmeleiro;PR;CONFIRMADO;Nível 3 (Código Exato + Nome Compatível + Município Validado no Texto);"Código MEC coincide com ID_ESCOLA; município 'Marmeleiro' identificado no cabeçalho/texto e termos nominais concordantes (MARMELEIRO).";INEP/MEC - Base Consolidada Paraná (divulgacao_pr_consolidado.xlsx / escolas_tidy.parquet);edital1012023_gsseed_protocolo213100866_ccm_consulta_publica.pdf;3;Rede Estadual. Variação gráfica ou abreviação de município tratada.
41089006;41089006;SALTO LONTRA JORGE DE LIMA, E E-EF;JORGE DE LIMA E E CMEF;Dois Vizinhos;Salto do Lontra;PR;CONFIRMADO;Nível 3 (Código Exato + Nome Conclusivo + NRE/Município Validado);"Revalidado na Auditoria Final: Código MEC 41089006 exato; Estabelecimento Jorge de Lima homologado no Edital 122/2023 (p. 1) sob NRE Dois Vizinhos em Salto do Lontra. Identidade canônica confirmada sem ambiguidade.";INEP/MEC - Base Consolidada Paraná (divulgacao_pr_consolidado.xlsx / escolas_tidy.parquet);edital1102023_gsseed.pdf;1;Revisar relação NRE vs Município.
41092694;41092694;ITAPEJARA OESTE ISIDORO DUMONT, E E IR-EF;ISIDORO DUMONT E E CM IREF;Pato Branco;Itapejara d'Oeste;PR;CONFIRMADO;Nível 3 (Código Exato + Nome Conclusivo + NRE/Município Validado);"Revalidado na Auditoria Final: Código MEC 41092694 exato; Estabelecimento Isidoro Dumont no Edital 114/2023 (p. 3) sob NRE Pato Branco em Itapejara d'Oeste. Identidade canônica confirmada sem ambiguidade.";INEP/MEC - Base Consolidada Paraná (divulgacao_pr_consolidado.xlsx / escolas_tidy.parquet);edital1012023_gsseed_protocolo213100866_ccm_consulta_publica.pdf;4;Revisar relação NRE vs Município.
41093666;41093666;PATO BRANCO SAO JOAO BOSCO, C E-EF M PROFIS;SAO JOAO BOSCO C E CMEF M P;Pato Branco;Pato Branco;PR;CONFIRMADO;Nível 3 (Código Exato + Nome Compatível + Município Concordante);"Código MEC coincide perfeitamente com ID_ESCOLA INEP; município 'Pato Branco' idêntico e termos significativos concordantes (BOSCO, JOAO, SAO).";INEP/MEC - Base Consolidada Paraná (divulgacao_pr_consolidado.xlsx / escolas_tidy.parquet);edital1012023_gsseed_protocolo213100866_ccm_consulta_publica.pdf;4;Rede Estadual.
41099133;41099133;CANTAGALO OLAVO BILAC, C E-EF M N PROFIS;OLAVO BILAC C EEF M N PROFIS;Laranjeiras do Sul;Cantagalo;PR;CONFIRMADO;Nível 3 (Código Exato + Nome Compatível + Município Validado no Texto);"Código MEC coincide com ID_ESCOLA; município 'Cantagalo' identificado no cabeçalho/texto e termos nominais concordantes (BILAC, OLAVO).";INEP/MEC - Base Consolidada Paraná (divulgacao_pr_consolidado.xlsx / escolas_tidy.parquet);edital1012023_gsseed_protocolo213100866_ccm_consulta_publica.pdf;3;Rede Estadual. Variação gráfica ou abreviação de município tratada.
41099940;41099940;GUARAPUAVA CESAR STANGE, C E-EF M;CESAR STANGE C EEF M;Guarapuava;Guarapuava;PR;CONFIRMADO;Nível 3 (Código Exato + Nome Compatível + Município Concordante);"Código MEC coincide perfeitamente com ID_ESCOLA INEP; município 'Guarapuava' idêntico e termos significativos concordantes (CESAR, STANGE).";INEP/MEC - Base Consolidada Paraná (divulgacao_pr_consolidado.xlsx / escolas_tidy.parquet);edital1012023_gsseed_protocolo213100866_ccm_consulta_publica.pdf;3;Rede Estadual.
41100689;41100689;GUARAPUAVA LENI MARLENE JACOB, C E PROFA-EF M PROF;LENI MARLENE JACOB C E CM PROFAEF M P;Guarapuava;Guarapuava;PR;CONFIRMADO;Nível 3 (Código Exato + Nome Compatível + Município Concordante);"Código MEC coincide perfeitamente com ID_ESCOLA INEP; município 'Guarapuava' idêntico e termos significativos concordantes (JACOB, LENI, MARLENE).";INEP/MEC - Base Consolidada Paraná (divulgacao_pr_consolidado.xlsx / escolas_tidy.parquet);edital1102023_gsseed.pdf;1;Rede Estadual.
41101006;41101006;GUARAPUAVA PALMEIRINHA, C E DO C DE-EF M PROF;PALMEIRINHA C E DO C DEEF M PROF;Guarapuava;Guarapuava;PR;CONFIRMADO;Nível 3 (Código Exato + Nome Compatível + Município Concordante);"Código MEC coincide perfeitamente com ID_ESCOLA INEP; município 'Guarapuava' idêntico e termos significativos concordantes (PALMEIRINHA).";INEP/MEC - Base Consolidada Paraná (divulgacao_pr_consolidado.xlsx / escolas_tidy.parquet);edital1252025_gsseed_prot249175889_ccm_consulta_publica.pdf;2;Rede Estadual.
41105176;41105176;QUEDAS IGUACU ALTO RECREIO, C E-EF M;ALTO RECREIO C E CMEF M;Laranjeiras do Sul;Quedas do Iguaçu;PR;CONFIRMADO;Nível 3 (Código Exato + Nome Conclusivo + NRE/Município Validado);"Revalidado na Auditoria Final: Código MEC 41105176 exato; Estabelecimento Alto Recreio no Edital 114/2023 (p. 2) sob NRE Laranjeiras do Sul em Quedas do Iguaçu. Identidade canônica confirmada sem ambiguidade.";INEP/MEC - Base Consolidada Paraná (divulgacao_pr_consolidado.xlsx / escolas_tidy.parquet);edital1012023_gsseed_protocolo213100866_ccm_consulta_publica.pdf;3;Revisar relação NRE vs Município.
41122801;41122801;ALBERTO KRAUSE, C E PROF-EF M;ALBERTO KRAUSE C E CM PROFEF M P;Almirante Tamandaré;Almirante Tamandaré;PR;CONFIRMADO;Nível 3 (Código Exato + Nome Compatível + Município Concordante);"Código MEC coincide perfeitamente com ID_ESCOLA INEP; município 'Almirante Tamandaré' idêntico e termos significativos concordantes (ALBERTO, KRAUSE).";INEP/MEC - Base Consolidada Paraná (divulgacao_pr_consolidado.xlsx / escolas_tidy.parquet);edital1012023_gsseed_protocolo213100866_ccm_consulta_publica.pdf;1;Rede Estadual.
41122836;41122836;EMILIA BUZATO, C E-EF M PROFIS;EMILIA BUZATO C E CM EF M PROFIS;Campo Magro;Campo Magro;PR;CONFIRMADO;Nível 3 (Código Exato + Nome Compatível + Município Concordante);"Código MEC coincide perfeitamente com ID_ESCOLA INEP; município 'Campo Magro' idêntico e termos significativos concordantes (BUZATO, EMILIA).";INEP/MEC - Base Consolidada Paraná (divulgacao_pr_consolidado.xlsx / escolas_tidy.parquet);edital1102023_gsseed.pdf;1;Rede Estadual.
41122860;41122860;FLORIPA TEIXEIRA DE FARIA, C E-EF M;FLORIPA TEIXEIRA DE FARIA C EEF M PROF;Almirante Tamandaré;Almirante Tamandaré;PR;CONFIRMADO;Nível 3 (Código Exato + Nome Compatível + Município Concordante);"Código MEC coincide perfeitamente com ID_ESCOLA INEP; município 'Almirante Tamandaré' idêntico e termos significativos concordantes (FARIA, FLORIPA, TEIXEIRA).";INEP/MEC - Base Consolidada Paraná (divulgacao_pr_consolidado.xlsx / escolas_tidy.parquet);edital1012023_gsseed_protocolo213100866_ccm_consulta_publica.pdf;1;Rede Estadual.
41123212;41123212;ROSA F JOHNSON, E E PROFA-EF;ROSA F JOHNSON E E CM PROFA EF;Almirante Tamandaré;Almirante Tamandaré;PR;CONFIRMADO;Nível 3 (Código Exato + Nome Compatível + Município Concordante);"Código MEC coincide perfeitamente com ID_ESCOLA INEP; município 'Almirante Tamandaré' idêntico e termos significativos concordantes (F, JOHNSON, ROSA).";INEP/MEC - Base Consolidada Paraná (divulgacao_pr_consolidado.xlsx / escolas_tidy.parquet);edital1102023_gsseed.pdf;1;Rede Estadual.
41123301;41123301;TANCREDO NEVES, C E-EF M PROFIS;TANCREDO NEVES C EEF M;Almirante Tamandaré;Almirante Tamandaré;PR;CONFIRMADO;Nível 3 (Código Exato + Nome Compatível + Município Concordante);"Código MEC coincide perfeitamente com ID_ESCOLA INEP; município 'Almirante Tamandaré' idêntico e termos significativos concordantes (NEVES, TANCREDO).";INEP/MEC - Base Consolidada Paraná (divulgacao_pr_consolidado.xlsx / escolas_tidy.parquet);edital1012023_gsseed_protocolo213100866_ccm_consulta_publica.pdf;1;Rede Estadual.
41124014;41124014;JUVENTUDE DE SANTO ANTONIO, C E- EF M;JUVENTUDE DE SANTO ANTONIO C E CMEF M;Balsa Nova;Balsa Nova;PR;CONFIRMADO;Nível 3 (Código Exato + Nome Compatível + Município Concordante);"Código MEC coincide perfeitamente com ID_ESCOLA INEP; município 'Balsa Nova' idêntico e termos significativos concordantes (ANTONIO, JUVENTUDE, SANTO).";INEP/MEC - Base Consolidada Paraná (divulgacao_pr_consolidado.xlsx / escolas_tidy.parquet);edital1012023_gsseed_protocolo213100866_ccm_consulta_publica.pdf;2;Rede Estadual.
41124669;41124669;IVAN F DO AMARAL FILHO, C E-EF M PROF;IVAN F DO AMARAL FILHO C E CM EF M P;Campina Grande do Sul;Campina Grande do Sul;PR;CONFIRMADO;Nível 3 (Código Exato + Nome Compatível + Município Concordante);"Código MEC coincide perfeitamente com ID_ESCOLA INEP; município 'Campina Grande do Sul' idêntico e termos significativos concordantes (AMARAL, F, FILHO, IVAN).";INEP/MEC - Base Consolidada Paraná (divulgacao_pr_consolidado.xlsx / escolas_tidy.parquet);edital1012023_gsseed_protocolo213100866_ccm_consulta_publica.pdf;1;Rede Estadual.
41125053;41125053;DJALMA MARINHO, C E-EF M PROFIS;DJALMA MARINHO C E CMEF M PROFIS;Campo Largo;Campo Largo;PR;CONFIRMADO;Nível 3 (Código Exato + Nome Compatível + Município Concordante);"Código MEC coincide perfeitamente com ID_ESCOLA INEP; município 'Campo Largo' idêntico e termos significativos concordantes (DJALMA, MARINHO).";INEP/MEC - Base Consolidada Paraná (divulgacao_pr_consolidado.xlsx / escolas_tidy.parquet);edital1012023_gsseed_protocolo213100866_ccm_consulta_publica.pdf;2;Rede Estadual.
41125193;41125193;JOAO XXIII, C E-E F M;JOAO XXIII C E CMEF M;Campo Largo;Campo Largo;PR;CONFIRMADO;Nível 3 (Código Exato + Nome Compatível + Município Concordante);"Código MEC coincide perfeitamente com ID_ESCOLA INEP; município 'Campo Largo' idêntico e termos significativos concordantes (JOAO, XXIII).";INEP/MEC - Base Consolidada Paraná (divulgacao_pr_consolidado.xlsx / escolas_tidy.parquet);edital1012023_gsseed_protocolo213100866_ccm_consulta_publica.pdf;2;Rede Estadual.
41125304;41125304;MACEDO SOARES, C E-EF M PROFIS;MACEDO SOARES C E CMEF M PROFIS;Campo Largo;Campo Largo;PR;CONFIRMADO;Nível 3 (Código Exato + Nome Compatível + Município Concordante);"Código MEC coincide perfeitamente com ID_ESCOLA INEP; município 'Campo Largo' idêntico e termos significativos concordantes (MACEDO, SOARES).";INEP/MEC - Base Consolidada Paraná (divulgacao_pr_consolidado.xlsx / escolas_tidy.parquet);edital1012023_gsseed_protocolo213100866_ccm_consulta_publica.pdf;2;Rede Estadual.
41126050;41126050;HELENA KOLODY, C E-EF M PROF;HELENA KOLODY C EEF M PROF;Colombo;Colombo;PR;CONFIRMADO;Nível 3 (Código Exato + Nome Compatível + Município Concordante);"Código MEC coincide perfeitamente com ID_ESCOLA INEP; município 'Colombo' idêntico e termos significativos concordantes (HELENA, KOLODY).";INEP/MEC - Base Consolidada Paraná (divulgacao_pr_consolidado.xlsx / escolas_tidy.parquet);edital1012023_gsseed_protocolo213100866_ccm_consulta_publica.pdf;1;Rede Estadual.
41126122;41126122;JOAO R DE CAMARGO, C E-EF M PROFIS;JOAO R DE CAMARGO C E CM EF M;Colombo;Colombo;PR;CONFIRMADO;Nível 3 (Código Exato + Nome Compatível + Município Concordante);"Código MEC coincide perfeitamente com ID_ESCOLA INEP; município 'Colombo' idêntico e termos significativos concordantes (CAMARGO, JOAO, R).";INEP/MEC - Base Consolidada Paraná (divulgacao_pr_consolidado.xlsx / escolas_tidy.parquet);edital1012023_gsseed_protocolo213100866_ccm_consulta_publica.pdf;1;Rede Estadual.
41126670;41126670;MIGUEL FRANCO FILHO, C E-EF M PROFIS;MIGUEL FRANCO FILHO C E CMEF M PROFIS;Contenda;Contenda;PR;CONFIRMADO;Nível 3 (Código Exato + Nome Compatível + Município Concordante);"Código MEC coincide perfeitamente com ID_ESCOLA INEP; município 'Contenda' idêntico e termos significativos concordantes (FILHO, FRANCO, MIGUEL).";INEP/MEC - Base Consolidada Paraná (divulgacao_pr_consolidado.xlsx / escolas_tidy.parquet);edital1012023_gsseed_protocolo213100866_ccm_consulta_publica.pdf;2;Rede Estadual.
41127048;41127048;CURITIBA ALFREDO PARODI, C E-EF M PROFIS;ALFREDO PARODI C EEF M PROFIS;Curitiba;Curitiba;PR;CONFIRMADO;Nível 3 (Código Exato + Nome Compatível + Município Concordante);"Código MEC coincide perfeitamente com ID_ESCOLA INEP; município 'Curitiba' idêntico e termos significativos concordantes (ALFREDO, PARODI).";INEP/MEC - Base Consolidada Paraná (divulgacao_pr_consolidado.xlsx / escolas_tidy.parquet);edital1012023_gsseed_protocolo213100866_ccm_consulta_publica.pdf;2;Rede Estadual.
41127668;41127668;CURITIBA BENTO MUNHOZ DA ROCHA, C E - EF M PROFIS;BENTO M DA ROCHA NETO C EEF M PROFIS;Curitiba;Curitiba;PR;CONFIRMADO;Nível 3 (Código Exato + Nome Compatível + Município Concordante);"Código MEC coincide perfeitamente com ID_ESCOLA INEP; município 'Curitiba' idêntico e termos significativos concordantes (BENTO, ROCHA).";INEP/MEC - Base Consolidada Paraná (divulgacao_pr_consolidado.xlsx / escolas_tidy.parquet);edital1252025_gsseed_prot249175889_ccm_consulta_publica.pdf;2;Rede Estadual.
41128664;41128664;CURITIBA CRUZEIRO DO SUL, C E-EF M PROFIS;CRUZEIRO DO SUL C E CMEF M P;Curitiba;Curitiba;PR;CONFIRMADO;Nível 3 (Código Exato + Nome Compatível + Município Concordante);"Código MEC coincide perfeitamente com ID_ESCOLA INEP; município 'Curitiba' idêntico e termos significativos concordantes (CRUZEIRO, SUL).";INEP/MEC - Base Consolidada Paraná (divulgacao_pr_consolidado.xlsx / escolas_tidy.parquet);edital1012023_gsseed_protocolo213100866_ccm_consulta_publica.pdf;2;Rede Estadual.
41128885;41128885;CURITIBA DIRCE C DO AMARAL, C E PROFA-EF M PROFIS;DIRCE C DO AMARAL C E PROFAEF M PROFIS;Curitiba;Curitiba;PR;CONFIRMADO;Nível 3 (Código Exato + Nome Compatível + Município Concordante);"Código MEC coincide perfeitamente com ID_ESCOLA INEP; município 'Curitiba' idêntico e termos significativos concordantes (AMARAL, DIRCE).";INEP/MEC - Base Consolidada Paraná (divulgacao_pr_consolidado.xlsx / escolas_tidy.parquet);edital1102023_gsseed.pdf;1;Rede Estadual.
41128915;41128915;CURITIBA DOMINGOS ZANLORENZI, C E - EF M PROFIS;DOMINGOS ZANLORENZI C EEF M PROFIS;Curitiba;Curitiba;PR;CONFIRMADO;Nível 3 (Código Exato + Nome Compatível + Município Concordante);"Código MEC coincide perfeitamente com ID_ESCOLA INEP; município 'Curitiba' idêntico e termos significativos concordantes (DOMINGOS, ZANLORENZI).";INEP/MEC - Base Consolidada Paraná (divulgacao_pr_consolidado.xlsx / escolas_tidy.parquet);edital1252025_gsseed_prot249175889_ccm_consulta_publica.pdf;2;Rede Estadual.
41129512;41129512;CURITIBA GABRIELA MISTRAL, C E-EF M;GABRIELA MISTRAL C EEF M PROFIS;Curitiba;Curitiba;PR;CONFIRMADO;Nível 3 (Código Exato + Nome Compatível + Município Concordante);"Código MEC coincide perfeitamente com ID_ESCOLA INEP; município 'Curitiba' idêntico e termos significativos concordantes (GABRIELA, MISTRAL).";INEP/MEC - Base Consolidada Paraná (divulgacao_pr_consolidado.xlsx / escolas_tidy.parquet);edital1252025_gsseed_prot249175889_ccm_consulta_publica.pdf;2;Rede Estadual.
41129539;41129539;CURITIBA GELVIRA CORREA PACHECO, C E-EF M;GELVIRA CORREA PACHECO C EEF M P;Curitiba;Curitiba;PR;CONFIRMADO;Nível 3 (Código Exato + Nome Compatível + Município Concordante);"Código MEC coincide perfeitamente com ID_ESCOLA INEP; município 'Curitiba' idêntico e termos significativos concordantes (CORREA, GELVIRA, PACHECO).";INEP/MEC - Base Consolidada Paraná (divulgacao_pr_consolidado.xlsx / escolas_tidy.parquet);edital1012023_gsseed_protocolo213100866_ccm_consulta_publica.pdf;2;Rede Estadual.
41129687;41129687;CURITIBA GUIDO STRAUBE, C E PROF-EF M PROFIS;GUIDO STRAUBE C E PROFEF M PROFIS;Curitiba;Curitiba;PR;CONFIRMADO;Nível 3 (Código Exato + Nome Compatível + Município Concordante);"Código MEC coincide perfeitamente com ID_ESCOLA INEP; município 'Curitiba' idêntico e termos significativos concordantes (GUIDO, STRAUBE).";INEP/MEC - Base Consolidada Paraná (divulgacao_pr_consolidado.xlsx / escolas_tidy.parquet);edital1252025_gsseed_prot249175889_ccm_consulta_publica.pdf;2;Rede Estadual.
41129920;41129920;CURITIBA ISABEL L S SOUZA, C E PROFA-EF M PROFIS;ISABEL L S SOUZA C E PROFAEF M PROFIS;Curitiba;Curitiba;PR;CONFIRMADO;Nível 3 (Código Exato + Nome Compatível + Município Concordante);"Código MEC coincide perfeitamente com ID_ESCOLA INEP; município 'Curitiba' idêntico e termos significativos concordantes (ISABEL, L, S, SOUZA).";INEP/MEC - Base Consolidada Paraná (divulgacao_pr_consolidado.xlsx / escolas_tidy.parquet);edital1012023_gsseed_protocolo213100866_ccm_consulta_publica.pdf;2;Rede Estadual.
41129970;41129970;CURITIBA IVO LEAO, C E-EF M;IVO LEAO C EEF M;Curitiba;Curitiba;PR;CONFIRMADO;Nível 3 (Código Exato + Nome Compatível + Município Concordante);"Código MEC coincide perfeitamente com ID_ESCOLA INEP; município 'Curitiba' idêntico e termos significativos concordantes (IVO, LEAO).";INEP/MEC - Base Consolidada Paraná (divulgacao_pr_consolidado.xlsx / escolas_tidy.parquet);edital1012023_gsseed_protocolo213100866_ccm_consulta_publica.pdf;2;Rede Estadual.
41129989;41129989;CURITIBA IVO ZANLORENZI, E E MONS-EF;IVO ZANLORENZI E E MONSEF;Curitiba;Curitiba;PR;CONFIRMADO;Nível 3 (Código Exato + Nome Compatível + Município Concordante);"Código MEC coincide perfeitamente com ID_ESCOLA INEP; município 'Curitiba' idêntico e termos significativos concordantes (IVO, ZANLORENZI).";INEP/MEC - Base Consolidada Paraná (divulgacao_pr_consolidado.xlsx / escolas_tidy.parquet);edital1252025_gsseed_prot249175889_ccm_consulta_publica.pdf;2;Rede Estadual.
41130065;41130065;CURITIBA JAYME CANET, C E-EF M PROFIS;JAYME CANET C E CMEF M P;Curitiba;Curitiba;PR;CONFIRMADO;Nível 3 (Código Exato + Nome Compatível + Município Concordante);"Código MEC coincide perfeitamente com ID_ESCOLA INEP; município 'Curitiba' idêntico e termos significativos concordantes (CANET, JAYME).";INEP/MEC - Base Consolidada Paraná (divulgacao_pr_consolidado.xlsx / escolas_tidy.parquet);edital1012023_gsseed_protocolo213100866_ccm_consulta_publica.pdf;2;Rede Estadual.
41130146;41130146;CURITIBA JOAO LOYOLA, C E PROF-EF M;JOAO LOYOLA C E CM PROFEF M P;Curitiba;Curitiba;PR;CONFIRMADO;Nível 3 (Código Exato + Nome Compatível + Município Concordante);"Código MEC coincide perfeitamente com ID_ESCOLA INEP; município 'Curitiba' idêntico e termos significativos concordantes (JOAO, LOYOLA).";INEP/MEC - Base Consolidada Paraná (divulgacao_pr_consolidado.xlsx / escolas_tidy.parquet);edital1012023_gsseed_protocolo213100866_ccm_consulta_publica.pdf;2;Rede Estadual.
41130170;41130170;CURITIBA JOAO PAULO I, C E PAPA-EF M PROFIS;JOAO PAULO I C E CM PAPAEF M P;Curitiba;Curitiba;PR;CONFIRMADO;Nível 3 (Código Exato + Nome Compatível + Município Concordante);"Código MEC coincide perfeitamente com ID_ESCOLA INEP; município 'Curitiba' idêntico e termos significativos concordantes (I, JOAO, PAULO).";INEP/MEC - Base Consolidada Paraná (divulgacao_pr_consolidado.xlsx / escolas_tidy.parquet);edital1012023_gsseed_protocolo213100866_ccm_consulta_publica.pdf;2;Rede Estadual.
41130189;41130189;CURITIBA JOAO PAULO II, C E-EF M;JOAO PAULO II C EEF M PROFIS;Curitiba;Curitiba;PR;CONFIRMADO;Nível 3 (Código Exato + Nome Compatível + Município Concordante);"Código MEC coincide perfeitamente com ID_ESCOLA INEP; município 'Curitiba' idêntico e termos significativos concordantes (II, JOAO, PAULO).";INEP/MEC - Base Consolidada Paraná (divulgacao_pr_consolidado.xlsx / escolas_tidy.parquet);edital1012023_gsseed_protocolo213100866_ccm_consulta_publica.pdf;2;Rede Estadual.
41130200;41130200;CURITIBA JOAO WISLINSKI, C E PE-EF M N;JOAO WISLINSKI C E CM PEEF M N P;Curitiba;Curitiba;PR;CONFIRMADO;Nível 3 (Código Exato + Nome Compatível + Município Concordante);"Código MEC coincide perfeitamente com ID_ESCOLA INEP; município 'Curitiba' idêntico e termos significativos concordantes (JOAO, WISLINSKI).";INEP/MEC - Base Consolidada Paraná (divulgacao_pr_consolidado.xlsx / escolas_tidy.parquet);edital1012023_gsseed_protocolo213100866_ccm_consulta_publica.pdf;2;Rede Estadual.
41130243;41130243;CURITIBA JOSE BUSNARDO, C E - EF M;JOSE BUSNARDO C E EF M;Curitiba;Curitiba;PR;CONFIRMADO;Nível 3 (Código Exato + Nome Compatível + Município Concordante);"Código MEC coincide perfeitamente com ID_ESCOLA INEP; município 'Curitiba' idêntico e termos significativos concordantes (BUSNARDO, JOSE).";INEP/MEC - Base Consolidada Paraná (divulgacao_pr_consolidado.xlsx / escolas_tidy.parquet);edital1252025_gsseed_prot249175889_ccm_consulta_publica.pdf;2;Rede Estadual.
41130308;41130308;CURITIBA JOSÉ GUIMARÃES, C E PROF - EM PROFIS;JOSE GUIMARAES C E PROFEM PROFIS;Curitiba;Curitiba;PR;CONFIRMADO;Nível 3 (Código Exato + Nome Compatível + Município Concordante);"Código MEC coincide perfeitamente com ID_ESCOLA INEP; município 'Curitiba' idêntico e termos significativos concordantes (GUIMARAES, JOSE).";INEP/MEC - Base Consolidada Paraná (divulgacao_pr_consolidado.xlsx / escolas_tidy.parquet);edital1252025_gsseed_prot249175889_ccm_consulta_publica.pdf;2;Rede Estadual.
41130359;41130359;CURITIBA JULIO MESQUITA, C E PROF-EF M PROFIS;JULIO MESQUITA C E CM PROFEF M PROFIS;Curitiba;Curitiba;PR;CONFIRMADO;Nível 3 (Código Exato + Nome Compatível + Município Concordante);"Código MEC coincide perfeitamente com ID_ESCOLA INEP; município 'Curitiba' idêntico e termos significativos concordantes (JULIO, MESQUITA).";INEP/MEC - Base Consolidada Paraná (divulgacao_pr_consolidado.xlsx / escolas_tidy.parquet);edital1012023_gsseed_protocolo213100866_ccm_consulta_publica.pdf;2;Rede Estadual.
41130421;41130421;CURITIBA LAMENHA LINS, C E PRES-EF M PROFIS;LAMENHA LINS C E CM PRESEF M P;Curitiba;Curitiba;PR;CONFIRMADO;Nível 3 (Código Exato + Nome Compatível + Município Concordante);"Código MEC coincide perfeitamente com ID_ESCOLA INEP; município 'Curitiba' idêntico e termos significativos concordantes (LAMENHA, LINS).";INEP/MEC - Base Consolidada Paraná (divulgacao_pr_consolidado.xlsx / escolas_tidy.parquet);edital1012023_gsseed_protocolo213100866_ccm_consulta_publica.pdf;2;Rede Estadual.
41130618;41130618;CURITIBA LOUREIRO FERNANDES, C E PROF - EF M PROFIS;LOUREIRO FERNANDES C E PROFEF M PROFIS;Curitiba;Curitiba;PR;CONFIRMADO;Nível 3 (Código Exato + Nome Compatível + Município Concordante);"Código MEC coincide perfeitamente com ID_ESCOLA INEP; município 'Curitiba' idêntico e termos significativos concordantes (FERNANDES, LOUREIRO).";INEP/MEC - Base Consolidada Paraná (divulgacao_pr_consolidado.xlsx / escolas_tidy.parquet);edital1252025_gsseed_prot249175889_ccm_consulta_publica.pdf;2;Rede Estadual.
41130685;41130685;CURITIBA LUIZA ROSS, C E PROFA-EF M PROFIS;LUIZA ROSS C E CM PROFAEF M P;Curitiba;Curitiba;PR;CONFIRMADO;Nível 3 (Código Exato + Nome Compatível + Município Concordante);"Código MEC coincide perfeitamente com ID_ESCOLA INEP; município 'Curitiba' idêntico e termos significativos concordantes (LUIZA, ROSS).";INEP/MEC - Base Consolidada Paraná (divulgacao_pr_consolidado.xlsx / escolas_tidy.parquet);edital1012023_gsseed_protocolo213100866_ccm_consulta_publica.pdf;2;Rede Estadual.
41130723;41130723;CURITIBA LYSIMACO F COSTA, C E PROF-EF M;LYSIMACO F COSTA C E PROFEF M P;Curitiba;Curitiba;PR;CONFIRMADO;Nível 3 (Código Exato + Nome Compatível + Município Concordante);"Código MEC coincide perfeitamente com ID_ESCOLA INEP; município 'Curitiba' idêntico e termos significativos concordantes (COSTA, F, LYSIMACO).";INEP/MEC - Base Consolidada Paraná (divulgacao_pr_consolidado.xlsx / escolas_tidy.parquet);edital1012023_gsseed_protocolo213100866_ccm_consulta_publica.pdf;2;Rede Estadual.
41130936;41130936;CURITIBA MARIA MONTESSORI, C E-EF M 5;MARIA MONTESSORI C EEF M;Curitiba;Curitiba;PR;CONFIRMADO;Nível 3 (Código Exato + Nome Compatível + Município Concordante);"Código MEC coincide perfeitamente com ID_ESCOLA INEP; município 'Curitiba' idêntico e termos significativos concordantes (MARIA, MONTESSORI).";INEP/MEC - Base Consolidada Paraná (divulgacao_pr_consolidado.xlsx / escolas_tidy.parquet);edital1012023_gsseed_protocolo213100866_ccm_consulta_publica.pdf;2;Rede Estadual.
41130952;41130952;CURITIBA MARIA PEREIRA MARTINS, E E - EF;MARIA P MARTINS E EEF;Curitiba;Curitiba;PR;CONFIRMADO;Nível 3 (Código Exato + Nome Compatível + Município Concordante);"Código MEC coincide perfeitamente com ID_ESCOLA INEP; município 'Curitiba' idêntico e termos significativos concordantes (MARIA, MARTINS).";INEP/MEC - Base Consolidada Paraná (divulgacao_pr_consolidado.xlsx / escolas_tidy.parquet);edital1252025_gsseed_prot249175889_ccm_consulta_publica.pdf;2;Rede Estadual.
41131223;41131223;CURITIBA MILTON CARNEIRO, C E-EF M PROFIS;MILTON CARNEIRO C E CMEF M P;Curitiba;Curitiba;PR;CONFIRMADO;Nível 3 (Código Exato + Nome Compatível + Município Concordante);"Código MEC coincide perfeitamente com ID_ESCOLA INEP; município 'Curitiba' idêntico e termos significativos concordantes (CARNEIRO, MILTON).";INEP/MEC - Base Consolidada Paraná (divulgacao_pr_consolidado.xlsx / escolas_tidy.parquet);edital1012023_gsseed_protocolo213100866_ccm_consulta_publica.pdf;3;Rede Estadual.
41131479;41131479;CURITIBA NATALIA REGINATO, C E-EF M PROFIS;NATALIA REGINATO C EEF M PROFIS;Curitiba;Curitiba;PR;CONFIRMADO;Nível 3 (Código Exato + Nome Compatível + Município Concordante);"Código MEC coincide perfeitamente com ID_ESCOLA INEP; município 'Curitiba' idêntico e termos significativos concordantes (NATALIA, REGINATO).";INEP/MEC - Base Consolidada Paraná (divulgacao_pr_consolidado.xlsx / escolas_tidy.parquet);edital1012023_gsseed_protocolo213100866_ccm_consulta_publica.pdf;3;Rede Estadual.
41132475;41132475;CURITIBA PINHEIRO DO PARANA, C E-EF M PROFIS;PINHEIRO DO PARANA C E CMEF M P;Curitiba;Curitiba;PR;CONFIRMADO;Nível 3 (Código Exato + Nome Compatível + Município Concordante);"Código MEC coincide perfeitamente com ID_ESCOLA INEP; município 'Curitiba' idêntico e termos significativos concordantes (PARANA, PINHEIRO).";INEP/MEC - Base Consolidada Paraná (divulgacao_pr_consolidado.xlsx / escolas_tidy.parquet);edital1012023_gsseed_protocolo213100866_ccm_consulta_publica.pdf;3;Rede Estadual.
41132718;41132718;CURITIBA PROTASIO DE CARVALHO, C E-EF M PROFIS;PROTASIO DE CARVALHO C EEF M PROFIS;Curitiba;Curitiba;PR;CONFIRMADO;Nível 3 (Código Exato + Nome Compatível + Município Concordante);"Código MEC coincide perfeitamente com ID_ESCOLA INEP; município 'Curitiba' idêntico e termos significativos concordantes (CARVALHO, PROTASIO).";INEP/MEC - Base Consolidada Paraná (divulgacao_pr_consolidado.xlsx / escolas_tidy.parquet);edital1012023_gsseed_protocolo213100866_ccm_consulta_publica.pdf;3;Rede Estadual.
41132955;41132955;CURITIBA ROBERTO LANGER JUNIOR, C E-EF M PROFIS;ROBERTO LANGER JUNIOR C EEF M PROFIS;Curitiba;Curitiba;PR;CONFIRMADO;Nível 3 (Código Exato + Nome Compatível + Município Concordante);"Código MEC coincide perfeitamente com ID_ESCOLA INEP; município 'Curitiba' idêntico e termos significativos concordantes (JUNIOR, LANGER, ROBERTO).";INEP/MEC - Base Consolidada Paraná (divulgacao_pr_consolidado.xlsx / escolas_tidy.parquet);edital1012023_gsseed_protocolo213100866_ccm_consulta_publica.pdf;3;Rede Estadual.
41133137;41133137;CURITIBA SANTA FELICIDADE, C E-EF M PROFIS;SANTA FELICIDADE C E CMEF M P;Curitiba;Curitiba;PR;CONFIRMADO;Nível 3 (Código Exato + Nome Compatível + Município Concordante);"Código MEC coincide perfeitamente com ID_ESCOLA INEP; município 'Curitiba' idêntico e termos significativos concordantes (FELICIDADE, SANTA).";INEP/MEC - Base Consolidada Paraná (divulgacao_pr_consolidado.xlsx / escolas_tidy.parquet);edital1012023_gsseed_protocolo213100866_ccm_consulta_publica.pdf;3;Rede Estadual.
41133200;41133200;CURITIBA SANTO ANTONIO, E E-EF;SANTO ANTONIO C E CMEF M;Curitiba;Curitiba;PR;CONFIRMADO;Nível 3 (Código Exato + Nome Compatível + Município Concordante);"Código MEC coincide perfeitamente com ID_ESCOLA INEP; município 'Curitiba' idêntico e termos significativos concordantes (ANTONIO, SANTO).";INEP/MEC - Base Consolidada Paraná (divulgacao_pr_consolidado.xlsx / escolas_tidy.parquet);edital1012023_gsseed_protocolo213100866_ccm_consulta_publica.pdf;3;Rede Estadual.
41133226;41133226;CURITIBA SANTOS DUMONT, C E - EF M;SANTOS DUMONT C EEF M;Curitiba;Curitiba;PR;CONFIRMADO;Nível 3 (Código Exato + Nome Compatível + Município Concordante);"Código MEC coincide perfeitamente com ID_ESCOLA INEP; município 'Curitiba' idêntico e termos significativos concordantes (DUMONT, SANTOS).";INEP/MEC - Base Consolidada Paraná (divulgacao_pr_consolidado.xlsx / escolas_tidy.parquet);edital1252025_gsseed_prot249175889_ccm_consulta_publica.pdf;2;Rede Estadual.
41133358;41133358;CURITIBA SAO PAULO APOSTOLO, C E-EF M PROFIS;SAO PAULO APOSTOLO C EEF M PROFIS;Curitiba;Curitiba;PR;CONFIRMADO;Nível 3 (Código Exato + Nome Compatível + Município Concordante);"Código MEC coincide perfeitamente com ID_ESCOLA INEP; município 'Curitiba' idêntico e termos significativos concordantes (APOSTOLO, PAULO, SAO).";INEP/MEC - Base Consolidada Paraná (divulgacao_pr_consolidado.xlsx / escolas_tidy.parquet);edital1012023_gsseed_protocolo213100866_ccm_consulta_publica.pdf;3;Rede Estadual.
41134419;41134419;CURITIBA XAVIER DA SILVA, C E DR-EF M PROFIS;XAVIER DA SILVA C E DREF M PROFIS;Curitiba;Curitiba;PR;CONFIRMADO;Nível 3 (Código Exato + Nome Compatível + Município Concordante);"Código MEC coincide perfeitamente com ID_ESCOLA INEP; município 'Curitiba' idêntico e termos significativos concordantes (SILVA, XAVIER).";INEP/MEC - Base Consolidada Paraná (divulgacao_pr_consolidado.xlsx / escolas_tidy.parquet);edital1012023_gsseed_protocolo213100866_ccm_consulta_publica.pdf;3;Rede Estadual.
41134516;41134516;DECIO DOSSI, C E DR-EF M;DECIO DOSSI C E DREF M PROFIS;Fazenda Rio Grande;Fazenda Rio Grande;PR;CONFIRMADO;Nível 3 (Código Exato + Nome Compatível + Município Concordante);"Código MEC coincide perfeitamente com ID_ESCOLA INEP; município 'Fazenda Rio Grande' idêntico e termos significativos concordantes (DECIO, DOSSI).";INEP/MEC - Base Consolidada Paraná (divulgacao_pr_consolidado.xlsx / escolas_tidy.parquet);edital1012023_gsseed_protocolo213100866_ccm_consulta_publica.pdf;2;Rede Estadual.
41135784;41135784;LEOCADIA B RAMOS, C E-EF M PROFIS N;LEOCADIA B RAMOS C EEF M PROFIS;Pinhais;Pinhais;PR;CONFIRMADO;Nível 3 (Código Exato + Nome Compatível + Município Concordante);"Código MEC coincide perfeitamente com ID_ESCOLA INEP; município 'Pinhais' idêntico e termos significativos concordantes (B, LEOCADIA, RAMOS).";INEP/MEC - Base Consolidada Paraná (divulgacao_pr_consolidado.xlsx / escolas_tidy.parquet);edital1012023_gsseed_protocolo213100866_ccm_consulta_publica.pdf;1;Rede Estadual.
41136276;41136276;VILA MACEDO, C E-EF M PROFIS;VILA MACEDO C E CMEF M;Piraquara;Piraquara;PR;CONFIRMADO;Nível 3 (Código Exato + Nome Compatível + Município Concordante);"Código MEC coincide perfeitamente com ID_ESCOLA INEP; município 'Piraquara' idêntico e termos significativos concordantes (MACEDO, VILA).";INEP/MEC - Base Consolidada Paraná (divulgacao_pr_consolidado.xlsx / escolas_tidy.parquet);edital1122023_gsseed_expansao.pdf;1;Rede Estadual.
41137361;41137361;ARNALDO JANSEN, C E PE-EF M PROF;ARNALDO JANSEN C E CM PEEF M PROFIS;Pinhais;São José dos Pinhais;PR;CONFIRMADO;Nível 3 (Código Exato + Nome Compatível + Município Validado no Texto);"Código MEC coincide com ID_ESCOLA; município 'São José dos Pinhais' identificado no cabeçalho/texto e termos nominais concordantes (ARNALDO, JANSEN).";INEP/MEC - Base Consolidada Paraná (divulgacao_pr_consolidado.xlsx / escolas_tidy.parquet);edital1012023_gsseed_protocolo213100866_ccm_consulta_publica.pdf;2;Rede Estadual. Variação gráfica ou abreviação de município tratada.
41137698;41137698;MARIA VIDAL NOVAES, E E-EF;MARIA VIDAL NOVAES E EEF;Pinhais;São José dos Pinhais;PR;CONFIRMADO;Nível 3 (Código Exato + Nome Compatível + Município Validado no Texto);"Código MEC coincide com ID_ESCOLA; município 'São José dos Pinhais' identificado no cabeçalho/texto e termos nominais concordantes (MARIA, NOVAES, VIDAL).";INEP/MEC - Base Consolidada Paraná (divulgacao_pr_consolidado.xlsx / escolas_tidy.parquet);edital1012023_gsseed_protocolo213100866_ccm_consulta_publica.pdf;2;Rede Estadual. Variação gráfica ou abreviação de município tratada.
41137809;41137809;GODOFREDO MACHADO, E E-EF;GODOFREDO MACHADO E EEF;Pinhais;São José dos Pinhais;PR;CONFIRMADO;Nível 3 (Código Exato + Nome Compatível + Município Validado no Texto);"Código MEC coincide com ID_ESCOLA; município 'São José dos Pinhais' identificado no cabeçalho/texto e termos nominais concordantes (GODOFREDO, MACHADO).";INEP/MEC - Base Consolidada Paraná (divulgacao_pr_consolidado.xlsx / escolas_tidy.parquet);edital1012023_gsseed_protocolo213100866_ccm_consulta_publica.pdf;2;Rede Estadual. Variação gráfica ou abreviação de município tratada.
41138422;41138422;SILVEIRA DA MOTTA, C E-EF M PROFIS;SILVEIRA DA MOTTA C EEF M PROFIS;Pinhais;São José dos Pinhais;PR;CONFIRMADO;Nível 3 (Código Exato + Nome Compatível + Município Validado no Texto);"Código MEC coincide com ID_ESCOLA; município 'São José dos Pinhais' identificado no cabeçalho/texto e termos nominais concordantes (MOTTA, SILVEIRA).";INEP/MEC - Base Consolidada Paraná (divulgacao_pr_consolidado.xlsx / escolas_tidy.parquet);edital1012023_gsseed_protocolo213100866_ccm_consulta_publica.pdf;2;Rede Estadual. Variação gráfica ou abreviação de município tratada.
41138937;41138937;ANTONINA ROCHA POMBO, C E - EF M P 19;ROCHA POMBO C EEF M P;Paranaguá;Antonina;PR;CONFIRMADO;Nível 3 (Código Exato + Nome Compatível + Município Validado no Texto);"Código MEC coincide com ID_ESCOLA; município 'Antonina' identificado no cabeçalho/texto e termos nominais concordantes (POMBO, ROCHA).";INEP/MEC - Base Consolidada Paraná (divulgacao_pr_consolidado.xlsx / escolas_tidy.parquet);edital1252025_gsseed_prot249175889_ccm_consulta_publica.pdf;2;Rede Estadual. Variação gráfica ou abreviação de município tratada.
41140052;41140052;MATINHOS SERTAOZINHO, C E-E F M N PROFIS;SERTAOZINHO C E CMEF M N PROFIS;Paranaguá;Matinhos;PR;CONFIRMADO;Nível 3 (Código Exato + Nome Compatível + Município Validado no Texto);"Código MEC coincide com ID_ESCOLA; município 'Matinhos' identificado no cabeçalho/texto e termos nominais concordantes (SERTAOZINHO).";INEP/MEC - Base Consolidada Paraná (divulgacao_pr_consolidado.xlsx / escolas_tidy.parquet);edital1012023_gsseed_protocolo213100866_ccm_consulta_publica.pdf;4;Rede Estadual. Variação gráfica ou abreviação de município tratada.
41140788;41140788;PARANAGUÁ JOSE BONIFÁCIO, C E - EF M PROFIS;JOSE BONIFACIO C EEF M PROFIS;Paranaguá;Paranaguá;PR;CONFIRMADO;Nível 3 (Código Exato + Nome Compatível + Município Concordante);"Código MEC coincide perfeitamente com ID_ESCOLA INEP; município 'Paranaguá' idêntico e termos significativos concordantes (BONIFACIO, JOSE).";INEP/MEC - Base Consolidada Paraná (divulgacao_pr_consolidado.xlsx / escolas_tidy.parquet);edital1252025_gsseed_prot249175889_ccm_consulta_publica.pdf;3;Rede Estadual.
41141121;41141121;PARANAGUA REGINA M B DE MELLO, C E PROFA-EF M;REGINA M B DE MELLO C E PROFAEF M;Paranaguá;Paranaguá;PR;CONFIRMADO;Nível 3 (Código Exato + Nome Compatível + Município Concordante);"Código MEC coincide perfeitamente com ID_ESCOLA INEP; município 'Paranaguá' idêntico e termos significativos concordantes (B, MELLO, REGINA).";INEP/MEC - Base Consolidada Paraná (divulgacao_pr_consolidado.xlsx / escolas_tidy.parquet);edital1012023_gsseed_protocolo213100866_ccm_consulta_publica.pdf;4;Rede Estadual.
41141156;41141156;PARANAGUA ROQUE VERNALHA, E E DR-EF;ROQUE VERNALHA E E DREF;Paranaguá;Paranaguá;PR;CONFIRMADO;Nível 3 (Código Exato + Nome Compatível + Município Concordante);"Código MEC coincide perfeitamente com ID_ESCOLA INEP; município 'Paranaguá' idêntico e termos significativos concordantes (ROQUE, VERNALHA).";INEP/MEC - Base Consolidada Paraná (divulgacao_pr_consolidado.xlsx / escolas_tidy.parquet);edital1102023_gsseed.pdf;1;Rede Estadual.
41141288;41141288;PARANAGUÁ ZILAH DOS S BATISTA, C E PROFA- EF M P;ZILAH DOS S BATISTA C E PROFAEF M P;Paranaguá;Paranaguá;PR;CONFIRMADO;Nível 3 (Código Exato + Nome Compatível + Município Concordante);"Código MEC coincide perfeitamente com ID_ESCOLA INEP; município 'Paranaguá' idêntico e termos significativos concordantes (BATISTA, S, ZILAH).";INEP/MEC - Base Consolidada Paraná (divulgacao_pr_consolidado.xlsx / escolas_tidy.parquet);edital1252025_gsseed_prot249175889_ccm_consulta_publica.pdf;3;Rede Estadual.
41144201;41144201;GUARAPUAVA MARIA DE J P GUIMARÃES, C E PROFA, EF M;MARIA DE J P GUIMARAES C E C PROFAEF M;Guarapuava;Guarapuava;PR;CONFIRMADO;Nível 3 (Código Exato + Nome Compatível + Município Concordante);"Código MEC coincide perfeitamente com ID_ESCOLA INEP; município 'Guarapuava' idêntico e termos significativos concordantes (GUIMARAES, J, MARIA).";INEP/MEC - Base Consolidada Paraná (divulgacao_pr_consolidado.xlsx / escolas_tidy.parquet);edital1252025_gsseed_prot249175889_ccm_consulta_publica.pdf;2;Rede Estadual.
41144929;41144929;LARANJEIRAS DO SUL JOSÉ MARCONDES SOBRINHO;JOSE MARCONDES SOBRINHO C EEF M;Laranjeiras do Sul;Laranjeiras do Sul;PR;CONFIRMADO;Nível 3 (Código Exato + Nome Compatível + Município Concordante);"Código MEC coincide perfeitamente com ID_ESCOLA INEP; município 'Laranjeiras do Sul' idêntico e termos significativos concordantes (JOSE, MARCONDES, SOBRINHO).";INEP/MEC - Base Consolidada Paraná (divulgacao_pr_consolidado.xlsx / escolas_tidy.parquet);edital1252025_gsseed_prot249175889_ccm_consulta_publica.pdf;2;Rede Estadual.
41146093;41146093;ENGENHEIRO BELTRÃO ANTONIO VIEIRA, C E PE-EF M;ANTONIO VIEIRA C E CM PEEF M;Campo Mourão;São José dos Pinhais;PR;AMBÍGUO;Nível 2 (Divergência de Município por Erro de Digitação da SEED);No Edital nº 125/2025 constou o código 41146093 (Colégio Antonio Vieira em São José dos Pinhais) associado a Engenheiro Beltrão. No Edital nº 136/2025, o Estado retificou o código para 41016254 (Colégio Antonio Vieira em Engenheiro Beltrão).;INEP/MEC - Base Consolidada Paraná (divulgacao_pr_consolidado.xlsx / escolas_tidy.parquet);edital1252025_gsseed_prot249175889_ccm_consulta_publica.pdf;2;Erro material do Edital nº 125/2025 retificado no Edital nº 136/2025.
41148550;41148550;FOZ DO IGUACU SANTA RITA, E E-EF;SANTA RITA E E CMEF;Foz do Iguaçu;Foz do Iguaçu;PR;CONFIRMADO;Nível 3 (Código Exato + Nome Compatível + Município Concordante);"Código MEC coincide perfeitamente com ID_ESCOLA INEP; município 'Foz do Iguaçu' idêntico e termos significativos concordantes (RITA, SANTA).";INEP/MEC - Base Consolidada Paraná (divulgacao_pr_consolidado.xlsx / escolas_tidy.parquet);edital1012023_gsseed_protocolo213100866_ccm_consulta_publica.pdf;3;Rede Estadual.
41150902;41150902;PLANTA DEODORO, C E-EF M;PLANTA DEODORO C E CM EF M;Piraquara;Piraquara;PR;CONFIRMADO;Nível 3 (Código Exato + Nome Compatível + Município Concordante);"Código MEC coincide perfeitamente com ID_ESCOLA INEP; município 'Piraquara' idêntico e termos significativos concordantes (DEODORO, PLANTA).";INEP/MEC - Base Consolidada Paraná (divulgacao_pr_consolidado.xlsx / escolas_tidy.parquet);edital1012023_gsseed_protocolo213100866_ccm_consulta_publica.pdf;2;Rede Estadual.
41158806;41158806;ROCHA POMBO, C E-EF M;ROCHA POMBO C E CMEF M;Araucária;Araucária;PR;CONFIRMADO;Nível 3 (Código Exato + Nome Compatível + Município Concordante);"Código MEC coincide perfeitamente com ID_ESCOLA INEP; município 'Araucária' idêntico e termos significativos concordantes (POMBO, ROCHA).";INEP/MEC - Base Consolidada Paraná (divulgacao_pr_consolidado.xlsx / escolas_tidy.parquet);edital1012023_gsseed_protocolo213100866_ccm_consulta_publica.pdf;2;Rede Estadual.
41164920;41164920;ARAPONGAS IRONDI MANTOVANI PUGLIESI, C E-EF M;IRONDI MANTOVANI PUGLIESI C E CMEF M;Apucarana;Arapongas;PR;CONFIRMADO;Nível 3 (Código Exato + Nome Compatível + Município Validado no Texto);"Código MEC coincide com ID_ESCOLA; município 'Arapongas' identificado no cabeçalho/texto e termos nominais concordantes (IRONDI, MANTOVANI, PUGLIESI).";INEP/MEC - Base Consolidada Paraná (divulgacao_pr_consolidado.xlsx / escolas_tidy.parquet);edital1012023_gsseed_protocolo213100866_ccm_consulta_publica.pdf;1;Rede Estadual. Variação gráfica ou abreviação de município tratada.
41167090;41167090;CASCAVEL ANDREIA NERES DOS SANTOS, C E PROFA-EFM;ANDREIA NERES DOS SANTOS C E PROFAEFM;Cascavel;Cascavel;PR;CONFIRMADO;Nível 3 (Código Exato + Nome Compatível + Município Concordante);"Código MEC coincide perfeitamente com ID_ESCOLA INEP; município 'Cascavel' idêntico e termos significativos concordantes (ANDREIA, NERES, SANTOS).";INEP/MEC - Base Consolidada Paraná (divulgacao_pr_consolidado.xlsx / escolas_tidy.parquet);edital1252025_gsseed_prot249175889_ccm_consulta_publica.pdf;2;Rede Estadual.
41354273;41354273;PONTA GROSSA EDISON PIETROBELLI, C E PROF-EF M;EDISON PIETROBELLI E E CM PROFEF;Ponta Grossa;Ponta Grossa;PR;CONFIRMADO;Nível 3 (Código Exato + Nome Compatível + Município Concordante);"Código MEC coincide perfeitamente com ID_ESCOLA INEP; município 'Ponta Grossa' idêntico e termos significativos concordantes (EDISON, PIETROBELLI).";INEP/MEC - Base Consolidada Paraná (divulgacao_pr_consolidado.xlsx / escolas_tidy.parquet);edital1012023_gsseed_protocolo213100866_ccm_consulta_publica.pdf;4;Rede Estadual.
41355156;41355156;LONDRINA THIAGO TERRA, C E-EF M PROF;THIAGO TERRA C E CMEF M PROF;Londrina;Londrina;PR;CONFIRMADO;Nível 3 (Código Exato + Nome Compatível + Município Concordante);"Código MEC coincide perfeitamente com ID_ESCOLA INEP; município 'Londrina' idêntico e termos significativos concordantes (TERRA, THIAGO).";INEP/MEC - Base Consolidada Paraná (divulgacao_pr_consolidado.xlsx / escolas_tidy.parquet);edital1012023_gsseed_protocolo213100866_ccm_consulta_publica.pdf;4;Rede Estadual.
41356136;41356136;LONDRINA RINA M DE J FRANCOVIG, C E PROFA-EF M;RINA M DE J FRANCOVIG C E PROFAEF M;Londrina;Londrina;PR;CONFIRMADO;Nível 3 (Código Exato + Nome Compatível + Município Concordante);"Código MEC coincide perfeitamente com ID_ESCOLA INEP; município 'Londrina' idêntico e termos significativos concordantes (FRANCOVIG, J, RINA).";INEP/MEC - Base Consolidada Paraná (divulgacao_pr_consolidado.xlsx / escolas_tidy.parquet);edital1012023_gsseed_protocolo213100866_ccm_consulta_publica.pdf;4;Rede Estadual.
41357027;41357027;CURITIBA TEOBALDO L KLETEMBERG, C E PR-EF M P;TEOBALDO L KLETEMBERG C E PREF M P;Curitiba;Curitiba;PR;CONFIRMADO;Nível 3 (Código Exato + Nome Compatível + Município Concordante);"Código MEC coincide perfeitamente com ID_ESCOLA INEP; município 'Curitiba' idêntico e termos significativos concordantes (KLETEMBERG, L, TEOBALDO).";INEP/MEC - Base Consolidada Paraná (divulgacao_pr_consolidado.xlsx / escolas_tidy.parquet);edital1012023_gsseed_protocolo213100866_ccm_consulta_publica.pdf;3;Rede Estadual.
41358872;41358872;LONDRINA JOAO RODRIGUES DA SILVA, C E PROF-EF M;JOAO R DA SILVA E E CM PROFEF;Londrina;Londrina;PR;CONFIRMADO;Nível 3 (Código Exato + Nome Compatível + Município Concordante);"Código MEC coincide perfeitamente com ID_ESCOLA INEP; município 'Londrina' idêntico e termos significativos concordantes (JOAO, SILVA).";INEP/MEC - Base Consolidada Paraná (divulgacao_pr_consolidado.xlsx / escolas_tidy.parquet);edital1102023_gsseed.pdf;1;Rede Estadual.
41360567;41360567;WALDE ROSI GALVAO, C E-EF M;WALDE ROSI GALVAO C EEF M;Pinhais;Pinhais;PR;CONFIRMADO;Nível 3 (Código Exato + Nome Compatível + Município Concordante);"Código MEC coincide perfeitamente com ID_ESCOLA INEP; município 'Pinhais' idêntico e termos significativos concordantes (GALVAO, ROSI, WALDE).";INEP/MEC - Base Consolidada Paraná (divulgacao_pr_consolidado.xlsx / escolas_tidy.parquet);edital1012023_gsseed_protocolo213100866_ccm_consulta_publica.pdf;2;Rede Estadual.
41366620;41366620;PARANAGUA VIDAL VANHONI, C E PROF-EF M;VIDAL VANHONI C E PROFEF M;Paranaguá;Paranaguá;PR;CONFIRMADO;Nível 3 (Código Exato + Nome Compatível + Município Concordante);"Código MEC coincide perfeitamente com ID_ESCOLA INEP; município 'Paranaguá' idêntico e termos significativos concordantes (VANHONI, VIDAL).";INEP/MEC - Base Consolidada Paraná (divulgacao_pr_consolidado.xlsx / escolas_tidy.parquet);edital1102023_gsseed.pdf;1;Rede Estadual.
41370597;41370597;CURITIBA PILAR MATURANA, C E-EF M P;PILAR MATURANA C EEF M P;Curitiba;Curitiba;PR;CONFIRMADO;Nível 3 (Código Exato + Nome Compatível + Município Concordante);"Código MEC coincide perfeitamente com ID_ESCOLA INEP; município 'Curitiba' idêntico e termos significativos concordantes (MATURANA, PILAR).";INEP/MEC - Base Consolidada Paraná (divulgacao_pr_consolidado.xlsx / escolas_tidy.parquet);edital1012023_gsseed_protocolo213100866_ccm_consulta_publica.pdf;3;Rede Estadual.
41373375;41373375;MARIA HELENA T. LUCIANO, C E PROF EF M P;MARIA HELENA T LUCIANO C E PROFEF MNP;Pontal do Paraná;Pontal do Paraná;PR;CONFIRMADO;Nível 3 (Código Exato + Nome Compatível + Município Concordante);"Código MEC coincide perfeitamente com ID_ESCOLA INEP; município 'Pontal do Paraná' idêntico e termos significativos concordantes (HELENA, LUCIANO, MARIA, T).";INEP/MEC - Base Consolidada Paraná (divulgacao_pr_consolidado.xlsx / escolas_tidy.parquet);edital1252025_gsseed_prot249175889_ccm_consulta_publica.pdf;3;Rede Estadual.
41373456;41373456;OSCAR J D P E SILVA, C E-EF M 4;OSCAR J D P E SILVA C E CM EF M;Pinhais;Pinhais;PR;CONFIRMADO;Nível 3 (Código Exato + Nome Compatível + Município Concordante);"Código MEC coincide perfeitamente com ID_ESCOLA INEP; município 'Pinhais' idêntico e termos significativos concordantes (D, J, OSCAR, SILVA).";INEP/MEC - Base Consolidada Paraná (divulgacao_pr_consolidado.xlsx / escolas_tidy.parquet);edital1012023_gsseed_protocolo213100866_ccm_consulta_publica.pdf;1;Rede Estadual.
41373936;41373936;GUARATUBA ANIBAL KHURY, E E DEP-EF;ANIBAL KHURY C E DEPE F M P;Paranaguá;Guaratuba;PR;CONFIRMADO;Nível 3 (Código Exato + Nome Compatível + Município Validado no Texto);"Código MEC coincide com ID_ESCOLA; município 'Guaratuba' identificado no cabeçalho/texto e termos nominais concordantes (ANIBAL, KHURY).";INEP/MEC - Base Consolidada Paraná (divulgacao_pr_consolidado.xlsx / escolas_tidy.parquet);edital1252025_gsseed_prot249175889_ccm_consulta_publica.pdf;3;Rede Estadual. Variação gráfica ou abreviação de município tratada.
41378580;41378580;FOZ DO IGUACU CATARATAS DO IGUACU, C E-EF M PROFIS;CATARATAS DO IGUACU C EEF M PROFIS;Foz do Iguaçu;Foz do Iguaçu;PR;CONFIRMADO;Nível 3 (Código Exato + Nome Compatível + Município Concordante);"Código MEC coincide perfeitamente com ID_ESCOLA INEP; município 'Foz do Iguaçu' idêntico e termos significativos concordantes (CATARATAS, IGUACU).";INEP/MEC - Base Consolidada Paraná (divulgacao_pr_consolidado.xlsx / escolas_tidy.parquet);edital1012023_gsseed_protocolo213100866_ccm_consulta_publica.pdf;3;Rede Estadual.
41378962;41378962;PONTA GROSSA ANA DIVANIR BORATTO, C E-EFM;ANA DIVANIR BORATTO C EEFM;Ponta Grossa;Ponta Grossa;PR;CONFIRMADO;Nível 3 (Código Exato + Nome Compatível + Município Concordante);"Código MEC coincide perfeitamente com ID_ESCOLA INEP; município 'Ponta Grossa' idêntico e termos significativos concordantes (ANA, BORATTO, DIVANIR).";INEP/MEC - Base Consolidada Paraná (divulgacao_pr_consolidado.xlsx / escolas_tidy.parquet);edital1012023_gsseed_protocolo213100866_ccm_consulta_publica.pdf;4;Rede Estadual.
41387724;41387724;DANIEL ROCHA, C E PROF-EF M PROFIS;DANIEL ROCHA C E PROFEF M PROFIS;Pinhais;Pinhais;PR;CONFIRMADO;Nível 3 (Código Exato + Nome Compatível + Município Concordante);"Código MEC coincide perfeitamente com ID_ESCOLA INEP; município 'Pinhais' idêntico e termos significativos concordantes (DANIEL, ROCHA).";INEP/MEC - Base Consolidada Paraná (divulgacao_pr_consolidado.xlsx / escolas_tidy.parquet);edital1012023_gsseed_protocolo213100866_ccm_consulta_publica.pdf;1;Rede Estadual.
41531876;41531876;CURITIBA GUIDO ARZUA, C E PROF-EF M PROFIS;GUIDO ARZUA C E CMEF M P;Curitiba;Curitiba;PR;CONFIRMADO;Nível 3 (Código Exato + Nome Compatível + Município Concordante);"Código MEC coincide perfeitamente com ID_ESCOLA INEP; município 'Curitiba' idêntico e termos significativos concordantes (ARZUA, GUIDO).";INEP/MEC - Base Consolidada Paraná (divulgacao_pr_consolidado.xlsx / escolas_tidy.parquet);edital1012023_gsseed_protocolo213100866_ccm_consulta_publica.pdf;2;Rede Estadual.
41597915;41597915;LONDRINA PATRIMONIO REGINA, C E DO-EF M;PATRIMONIO REGINA C E CM DOEF M;Londrina;Londrina;PR;CONFIRMADO;Nível 3 (Código Exato + Nome Compatível + Município Concordante);"Código MEC coincide perfeitamente com ID_ESCOLA INEP; município 'Londrina' idêntico e termos significativos concordantes (PATRIMONIO, REGINA).";INEP/MEC - Base Consolidada Paraná (divulgacao_pr_consolidado.xlsx / escolas_tidy.parquet);edital1012023_gsseed_protocolo213100866_ccm_consulta_publica.pdf;4;Rede Estadual.
