documento;tipo_documento;numero_documento;data_documento;pagina;codigo_inep;nome_escola_original;nome_escola_normalizado;municipio_original;evento;status_evento;ano_referencia;observacao;fonte
edital1002023_gsseed_protocolo203330650_ccm_resultado_analise_recursos_fase_investigacao_vida.pdf;Processo Seletivo de Pessoal / Gestão CCM;EDITAL N.º 100/2023 – GS/SEED;2023-11-10;1;;Instituições de Ensino Cívico-Militares (Vagas de Diretores / Monitores);INSTITUICOES DE ENSINO CIVICO-MILITARES (VAGAS DE DIRETORES / MONITORES);Estado do Paraná;processo_seletivo_pessoal;instituicao_com_vaga;2024.0;Edital referente a credenciamento, homologação de saúde ou seleção de militares/diretores. Documento: edital1002023_gsseed_protocolo203330650_ccm_resultado_analise_recursos_fase_investigacao_vida.;Cabeçalho do documento edital1002023_gsseed_protocolo203330650_ccm_resultado_analise_recursos_fase_investigacao_vida
edital1012023_gsseed_protocolo213100866_ccm_consulta_publica.pdf;Edital de Convocação para Consulta Pública;Edital n.º 101/2023 – GS/SEED;2023-11-10;1;41025318.0;APUCARANA ALBERTO SANTOS DUMONT, C E-EF M PROFIS;APUCARANA ALBERTO SANTOS DUMONT, C E-EF M PROFIS;Apucarana;consulta_publica;consultada;2024.0;Convocação da comunidade escolar para consulta pública nos dias 28 e 29 de novembro de 2023.;41025318 APUCARANA APUCARANA ALBERTO SANTOS DUMONT, C E-EF M PROFIS
edital1012023_gsseed_protocolo213100866_ccm_consulta_publica.pdf;Edital de Convocação para Consulta Pública;Edital n.º 101/2023 – GS/SEED;2023-11-10;1;41025806.0;APUCARANA JOSE DE ANCHIETA, C E PE-EF M PROFIS;APUCARANA JOSE DE ANCHIETA, C E PE-EF M PROFIS;Apucarana;consulta_publica;consultada;2024.0;Convocação da comunidade escolar para consulta pública nos dias 28 e 29 de novembro de 2023.;41025806 APUCARANA APUCARANA JOSE DE ANCHIETA, C E PE-EF M PROFIS
edital1012023_gsseed_protocolo213100866_ccm_consulta_publica.pdf;Edital de Convocação para Consulta Pública;Edital n.º 101/2023 – GS/SEED;2023-11-10;1;41026055.0;APUCARANA OSMAR GUARACY FREIRE, C E-EF M P;APUCARANA OSMAR GUARACY FREIRE, C E-EF M P;Apucarana;consulta_publica;consultada;2024.0;Convocação da comunidade escolar para consulta pública nos dias 28 e 29 de novembro de 2023.;41026055 APUCARANA APUCARANA OSMAR GUARACY FREIRE, C E-EF M P
edital1012023_gsseed_protocolo213100866_ccm_consulta_publica.pdf;Edital de Convocação para Consulta Pública;Edital n.º 101/2023 – GS/SEED;2023-11-10;1;41026152.0;APUCARANA POLIVALENTE C DOMINGOS SILVA,C E- EFMP;APUCARANA POLIVALENTE C DOMINGOS SILVA,C E- EFMP;Apucarana;consulta_publica;consultada;2024.0;Convocação da comunidade escolar para consulta pública nos dias 28 e 29 de novembro de 2023.;41026152 APUCARANA APUCARANA POLIVALENTE C DOMINGOS SILVA,C E- EFMP
edital1012023_gsseed_protocolo213100866_ccm_consulta_publica.pdf;Edital de Convocação para Consulta Pública;Edital n.º 101/2023 – GS/SEED;2023-11-10;1;41026411.0;ARAPONGAS ANTONIO RACANELLO SAMPAIO, C E- EF M;ARAPONGAS ANTONIO RACANELLO SAMPAIO, C E- EF M;Apucarana;consulta_publica;consultada;2024.0;Convocação da comunidade escolar para consulta pública nos dias 28 e 29 de novembro de 2023.;41026411 APUCARANA ARAPONGAS ANTONIO RACANELLO SAMPAIO, C E- EF M
edital1012023_gsseed_protocolo213100866_ccm_consulta_publica.pdf;Edital de Convocação para Consulta Pública;Edital n.º 101/2023 – GS/SEED;2023-11-10;1;41164920.0;ARAPONGAS IRONDI MANTOVANI PUGLIESI, C E-EF M;ARAPONGAS IRONDI MANTOVANI PUGLIESI, C E-EF M;Apucarana;consulta_publica;consultada;2024.0;Convocação da comunidade escolar para consulta pública nos dias 28 e 29 de novembro de 2023.;41164920 APUCARANA ARAPONGAS IRONDI MANTOVANI PUGLIESI, C E-EF M
edital1012023_gsseed_protocolo213100866_ccm_consulta_publica.pdf;Edital de Convocação para Consulta Pública;Edital n.º 101/2023 – GS/SEED;2023-11-10;1;41027370.0;CAMBIRA ROSA D CALSAVARA, C E-EF M PROFIS;CAMBIRA ROSA D CALSAVARA, C E-EF M PROFIS;Apucarana;consulta_publica;consultada;2024.0;Convocação da comunidade escolar para consulta pública nos dias 28 e 29 de novembro de 2023.;41027370 APUCARANA CAMBIRA ROSA D CALSAVARA, C E-EF M PROFIS
edital1012023_gsseed_protocolo213100866_ccm_consulta_publica.pdf;Edital de Convocação para Consulta Pública;Edital n.º 101/2023 – GS/SEED;2023-11-10;1;41122801.0;ALBERTO KRAUSE, C E PROF-EF M;ALBERTO KRAUSE, C E PROF-EF M;Almirante Tamandaré;consulta_publica;consultada;2024.0;Convocação da comunidade escolar para consulta pública nos dias 28 e 29 de novembro de 2023.;41122801 AREA METROP.NORTE ALM TAMANDARE ALBERTO KRAUSE, C E PROF-EF M
edital1012023_gsseed_protocolo213100866_ccm_consulta_publica.pdf;Edital de Convocação para Consulta Pública;Edital n.º 101/2023 – GS/SEED;2023-11-10;1;41122860.0;FLORIPA TEIXEIRA DE FARIA, C E-EF M;FLORIPA TEIXEIRA DE FARIA, C E-EF M;Almirante Tamandaré;consulta_publica;consultada;2024.0;Convocação da comunidade escolar para consulta pública nos dias 28 e 29 de novembro de 2023.;41122860 AREA METROP.NORTE ALM TAMANDARE FLORIPA TEIXEIRA DE FARIA, C E-EF M
edital1012023_gsseed_protocolo213100866_ccm_consulta_publica.pdf;Edital de Convocação para Consulta Pública;Edital n.º 101/2023 – GS/SEED;2023-11-10;1;41123301.0;TANCREDO NEVES, C E-EF M PROFIS;TANCREDO NEVES, C E-EF M PROFIS;Almirante Tamandaré;consulta_publica;consultada;2024.0;Convocação da comunidade escolar para consulta pública nos dias 28 e 29 de novembro de 2023.;41123301 AREA METROP.NORTE ALM TAMANDARE TANCREDO NEVES, C E-EF M PROFIS
edital1012023_gsseed_protocolo213100866_ccm_consulta_publica.pdf;Edital de Convocação para Consulta Pública;Edital n.º 101/2023 – GS/SEED;2023-11-10;1;41124669.0;IVAN F DO AMARAL FILHO, C E-EF M PROF;IVAN F DO AMARAL FILHO, C E-EF M PROF;Campina Grande do Sul;consulta_publica;consultada;2024.0;Convocação da comunidade escolar para consulta pública nos dias 28 e 29 de novembro de 2023.;41124669 AREA METROP.NORTE CAMPINA GDE SUL IVAN F DO AMARAL FILHO, C E-EF M PROF
edital1012023_gsseed_protocolo213100866_ccm_consulta_publica.pdf;Edital de Convocação para Consulta Pública;Edital n.º 101/2023 – GS/SEED;2023-11-10;1;41126050.0;HELENA KOLODY, C E-EF M PROF;HELENA KOLODY, C E-EF M PROF;Colombo;consulta_publica;consultada;2024.0;Convocação da comunidade escolar para consulta pública nos dias 28 e 29 de novembro de 2023.;41126050 AREA METROP.NORTE COLOMBO HELENA KOLODY, C E-EF M PROF
edital1012023_gsseed_protocolo213100866_ccm_consulta_publica.pdf;Edital de Convocação para Consulta Pública;Edital n.º 101/2023 – GS/SEED;2023-11-10;1;41126122.0;JOAO R DE CAMARGO, C E-EF M PROFIS;JOAO R DE CAMARGO, C E-EF M PROFIS;Colombo;consulta_publica;consultada;2024.0;Convocação da comunidade escolar para consulta pública nos dias 28 e 29 de novembro de 2023.;41126122 AREA METROP.NORTE COLOMBO JOAO R DE CAMARGO, C E-EF M PROFIS
edital1012023_gsseed_protocolo213100866_ccm_consulta_publica.pdf;Edital de Convocação para Consulta Pública;Edital n.º 101/2023 – GS/SEED;2023-11-10;1;41387724.0;DANIEL ROCHA, C E PROF-EF M PROFIS;DANIEL ROCHA, C E PROF-EF M PROFIS;Pinhais;consulta_publica;consultada;2024.0;Convocação da comunidade escolar para consulta pública nos dias 28 e 29 de novembro de 2023.;41387724 AREA METROP.NORTE PINHAIS DANIEL ROCHA, C E PROF-EF M PROFIS
edital1012023_gsseed_protocolo213100866_ccm_consulta_publica.pdf;Edital de Convocação para Consulta Pública;Edital n.º 101/2023 – GS/SEED;2023-11-10;1;41135784.0;LEOCADIA B RAMOS, C E-EF M PROFIS N;LEOCADIA B RAMOS, C E-EF M PROFIS N;Pinhais;consulta_publica;consultada;2024.0;Convocação da comunidade escolar para consulta pública nos dias 28 e 29 de novembro de 2023.;41135784 AREA METROP.NORTE PINHAIS LEOCADIA B RAMOS, C E-EF M PROFIS N
edital1012023_gsseed_protocolo213100866_ccm_consulta_publica.pdf;Edital de Convocação para Consulta Pública;Edital n.º 101/2023 – GS/SEED;2023-11-10;1;41373456.0;OSCAR J D P E SILVA, C E-EF M 4;OSCAR J D P E SILVA, C E-EF M 4;Pinhais;consulta_publica;consultada;2024.0;Convocação da comunidade escolar para consulta pública nos dias 28 e 29 de novembro de 2023.;41373456 AREA METROP.NORTE PINHAIS OSCAR J D P E SILVA, C E-EF M 4
edital1012023_gsseed_protocolo213100866_ccm_consulta_publica.pdf;Edital de Convocação para Consulta Pública;Edital n.º 101/2023 – GS/SEED;2023-11-10;2;41360567.0;WALDE ROSI GALVAO, C E-EF M;WALDE ROSI GALVAO, C E-EF M;Pinhais;consulta_publica;consultada;2024.0;Convocação da comunidade escolar para consulta pública nos dias 28 e 29 de novembro de 2023.;41360567 AREA METROP.NORTE PINHAIS WALDE ROSI GALVAO, C E-EF M
edital1012023_gsseed_protocolo213100866_ccm_consulta_publica.pdf;Edital de Convocação para Consulta Pública;Edital n.º 101/2023 – GS/SEED;2023-11-10;2;41150902.0;PLANTA DEODORO, C E-EF M;PLANTA DEODORO, C E-EF M;Piraquara;consulta_publica;consultada;2024.0;Convocação da comunidade escolar para consulta pública nos dias 28 e 29 de novembro de 2023.;41150902 AREA METROP.NORTE PIRAQUARA PLANTA DEODORO, C E-EF M
edital1012023_gsseed_protocolo213100866_ccm_consulta_publica.pdf;Edital de Convocação para Consulta Pública;Edital n.º 101/2023 – GS/SEED;2023-11-10;2;41158806.0;ROCHA POMBO, C E-EF M;ROCHA POMBO, C E-EF M;Araucária;consulta_publica;consultada;2024.0;Convocação da comunidade escolar para consulta pública nos dias 28 e 29 de novembro de 2023.;41158806 AREA METROP.SUL ARAUCARIA ROCHA POMBO, C E-EF M
edital1012023_gsseed_protocolo213100866_ccm_consulta_publica.pdf;Edital de Convocação para Consulta Pública;Edital n.º 101/2023 – GS/SEED;2023-11-10;2;41124014.0;JUVENTUDE DE SANTO ANTONIO, C E- EF M;JUVENTUDE DE SANTO ANTONIO, C E- EF M;Balsa Nova;consulta_publica;consultada;2024.0;Convocação da comunidade escolar para consulta pública nos dias 28 e 29 de novembro de 2023.;41124014 AREA METROP.SUL BALSA NOVA JUVENTUDE DE SANTO ANTONIO, C E- EF M
edital1012023_gsseed_protocolo213100866_ccm_consulta_publica.pdf;Edital de Convocação para Consulta Pública;Edital n.º 101/2023 – GS/SEED;2023-11-10;2;41125053.0;DJALMA MARINHO, C E-EF M PROFIS;DJALMA MARINHO, C E-EF M PROFIS;Campo Largo;consulta_publica;consultada;2024.0;Convocação da comunidade escolar para consulta pública nos dias 28 e 29 de novembro de 2023.;41125053 AREA METROP.SUL CAMPO LARGO DJALMA MARINHO, C E-EF M PROFIS
edital1012023_gsseed_protocolo213100866_ccm_consulta_publica.pdf;Edital de Convocação para Consulta Pública;Edital n.º 101/2023 – GS/SEED;2023-11-10;2;41125193.0;JOAO XXIII, C E-E F M;JOAO XXIII, C E-E F M;Campo Largo;consulta_publica;consultada;2024.0;Convocação da comunidade escolar para consulta pública nos dias 28 e 29 de novembro de 2023.;41125193 AREA METROP.SUL CAMPO LARGO JOAO XXIII, C E-E F M
edital1012023_gsseed_protocolo213100866_ccm_consulta_publica.pdf;Edital de Convocação para Consulta Pública;Edital n.º 101/2023 – GS/SEED;2023-11-10;2;41125304.0;MACEDO SOARES, C E-EF M PROFIS;MACEDO SOARES, C E-EF M PROFIS;Campo Largo;consulta_publica;consultada;2024.0;Convocação da comunidade escolar para consulta pública nos dias 28 e 29 de novembro de 2023.;41125304 AREA METROP.SUL CAMPO LARGO MACEDO SOARES, C E-EF M PROFIS
edital1012023_gsseed_protocolo213100866_ccm_consulta_publica.pdf;Edital de Convocação para Consulta Pública;Edital n.º 101/2023 – GS/SEED;2023-11-10;2;41126670.0;MIGUEL FRANCO FILHO, C E-EF M PROFIS;MIGUEL FRANCO FILHO, C E-EF M PROFIS;Contenda;consulta_publica;consultada;2024.0;Convocação da comunidade escolar para consulta pública nos dias 28 e 29 de novembro de 2023.;41126670 AREA METROP.SUL CONTENDA MIGUEL FRANCO FILHO, C E-EF M PROFIS
edital1012023_gsseed_protocolo213100866_ccm_consulta_publica.pdf;Edital de Convocação para Consulta Pública;Edital n.º 101/2023 – GS/SEED;2023-11-10;2;41134516.0;DECIO DOSSI, C E DR-EF M;DECIO DOSSI, C E DR-EF M;Fazenda Rio Grande;consulta_publica;consultada;2024.0;Convocação da comunidade escolar para consulta pública nos dias 28 e 29 de novembro de 2023.;41134516 AREA METROP.SUL FAZ RIO GRANDE DECIO DOSSI, C E DR-EF M
edital1012023_gsseed_protocolo213100866_ccm_consulta_publica.pdf;Edital de Convocação para Consulta Pública;Edital n.º 101/2023 – GS/SEED;2023-11-10;2;41137361.0;ARNALDO JANSEN, C E PE-EF M PROF;ARNALDO JANSEN, C E PE-EF M PROF;Pinhais;consulta_publica;consultada;2024.0;Convocação da comunidade escolar para consulta pública nos dias 28 e 29 de novembro de 2023.;41137361 AREA METROP.SUL S JOSE PINHAIS ARNALDO JANSEN, C E PE-EF M PROF
edital1012023_gsseed_protocolo213100866_ccm_consulta_publica.pdf;Edital de Convocação para Consulta Pública;Edital n.º 101/2023 – GS/SEED;2023-11-10;2;41137809.0;GODOFREDO MACHADO, E E-EF;GODOFREDO MACHADO, E E-EF;Pinhais;consulta_publica;consultada;2024.0;Convocação da comunidade escolar para consulta pública nos dias 28 e 29 de novembro de 2023.;41137809 AREA METROP.SUL S JOSE PINHAIS GODOFREDO MACHADO, E E-EF
edital1012023_gsseed_protocolo213100866_ccm_consulta_publica.pdf;Edital de Convocação para Consulta Pública;Edital n.º 101/2023 – GS/SEED;2023-11-10;2;41137698.0;MARIA VIDAL NOVAES, E E-EF;MARIA VIDAL NOVAES, E E-EF;Pinhais;consulta_publica;consultada;2024.0;Convocação da comunidade escolar para consulta pública nos dias 28 e 29 de novembro de 2023.;41137698 AREA METROP.SUL S JOSE PINHAIS MARIA VIDAL NOVAES, E E-EF
edital1012023_gsseed_protocolo213100866_ccm_consulta_publica.pdf;Edital de Convocação para Consulta Pública;Edital n.º 101/2023 – GS/SEED;2023-11-10;2;41138422.0;SILVEIRA DA MOTTA, C E-EF M PROFIS;SILVEIRA DA MOTTA, C E-EF M PROFIS;Pinhais;consulta_publica;consultada;2024.0;Convocação da comunidade escolar para consulta pública nos dias 28 e 29 de novembro de 2023.;41138422 AREA METROP.SUL S JOSE PINHAIS SILVEIRA DA MOTTA, C E-EF M PROFIS
edital1012023_gsseed_protocolo213100866_ccm_consulta_publica.pdf;Edital de Convocação para Consulta Pública;Edital n.º 101/2023 – GS/SEED;2023-11-10;2;41070585.0;CAP L MARQUES CARLOS A CAMARGO, C E-EF M PROFIS;CAP L MARQUES CARLOS A CAMARGO, C E-EF M PROFIS;Cascavel;consulta_publica;consultada;2024.0;Convocação da comunidade escolar para consulta pública nos dias 28 e 29 de novembro de 2023.;41070585 CASCAVEL CAP L MARQUES CARLOS A CAMARGO, C E-EF M PROFIS
edital1012023_gsseed_protocolo213100866_ccm_consulta_publica.pdf;Edital de Convocação para Consulta Pública;Edital n.º 101/2023 – GS/SEED;2023-11-10;2;41071409.0;CASCAVEL HUMBERTO A C BRANCO, C E MAL-EF M PROF;CASCAVEL HUMBERTO A C BRANCO, C E MAL-EF M PROF;Cascavel;consulta_publica;consultada;2024.0;Convocação da comunidade escolar para consulta pública nos dias 28 e 29 de novembro de 2023.;41071409 CASCAVEL CASCAVEL HUMBERTO A C BRANCO, C E MAL-EF M PROF
edital1012023_gsseed_protocolo213100866_ccm_consulta_publica.pdf;Edital de Convocação para Consulta Pública;Edital n.º 101/2023 – GS/SEED;2023-11-10;2;41071590.0;CASCAVEL JOSE A B ORSO, C E-EF M;CASCAVEL JOSE A B ORSO, C E-EF M;Cascavel;consulta_publica;consultada;2024.0;Convocação da comunidade escolar para consulta pública nos dias 28 e 29 de novembro de 2023.;41071590 CASCAVEL CASCAVEL JOSE A B ORSO, C E-EF M
edital1012023_gsseed_protocolo213100866_ccm_consulta_publica.pdf;Edital de Convocação para Consulta Pública;Edital n.º 101/2023 – GS/SEED;2023-11-10;2;41071832.0;CASCAVEL MARILIS F PIROTELLI, C E-EF M;CASCAVEL MARILIS F PIROTELLI, C E-EF M;Cascavel;consulta_publica;consultada;2024.0;Convocação da comunidade escolar para consulta pública nos dias 28 e 29 de novembro de 2023.;41071832 CASCAVEL CASCAVEL MARILIS F PIROTELLI, C E-EF M
edital1012023_gsseed_protocolo213100866_ccm_consulta_publica.pdf;Edital de Convocação para Consulta Pública;Edital n.º 101/2023 – GS/SEED;2023-11-10;2;41071018.0;CASCAVEL XIV DE NOVEMBRO, C E -EF M;CASCAVEL XIV DE NOVEMBRO, C E -EF M;Cascavel;consulta_publica;consultada;2024.0;Convocação da comunidade escolar para consulta pública nos dias 28 e 29 de novembro de 2023.;41071018 CASCAVEL CASCAVEL XIV DE NOVEMBRO, C E -EF M
edital1012023_gsseed_protocolo213100866_ccm_consulta_publica.pdf;Edital de Convocação para Consulta Pública;Edital n.º 101/2023 – GS/SEED;2023-11-10;2;41072626.0;CORBELIA AMANCIO MORO, C E-EF M N PROFIS;CORBELIA AMANCIO MORO, C E-EF M N PROFIS;Cascavel;consulta_publica;consultada;2024.0;Convocação da comunidade escolar para consulta pública nos dias 28 e 29 de novembro de 2023.;41072626 CASCAVEL CORBELIA AMANCIO MORO, C E-EF M N PROFIS
edital1012023_gsseed_protocolo213100866_ccm_consulta_publica.pdf;Edital de Convocação para Consulta Pública;Edital n.º 101/2023 – GS/SEED;2023-11-10;2;41043375.0;BANDEIRANTES NOBREGA DA CUNHA, C E-EF M;BANDEIRANTES NOBREGA DA CUNHA, C E-EF M;Cornélio Procópio;consulta_publica;consultada;2024.0;Convocação da comunidade escolar para consulta pública nos dias 28 e 29 de novembro de 2023.;41043375 CORNELIO PROCOPIO BANDEIRANTES NOBREGA DA CUNHA, C E-EF M
edital1012023_gsseed_protocolo213100866_ccm_consulta_publica.pdf;Edital de Convocação para Consulta Pública;Edital n.º 101/2023 – GS/SEED;2023-11-10;2;41046218.0;SERTANEJA ANTONIO BITONTI, E E PROF-EF;SERTANEJA ANTONIO BITONTI, E E PROF-EF;Cornélio Procópio;consulta_publica;consultada;2024.0;Convocação da comunidade escolar para consulta pública nos dias 28 e 29 de novembro de 2023.;41046218 CORNELIO PROCOPIO SERTANEJA ANTONIO BITONTI, E E PROF-EF
edital1012023_gsseed_protocolo213100866_ccm_consulta_publica.pdf;Edital de Convocação para Consulta Pública;Edital n.º 101/2023 – GS/SEED;2023-11-10;2;41127048.0;CURITIBA ALFREDO PARODI, C E-EF M PROFIS;CURITIBA ALFREDO PARODI, C E-EF M PROFIS;Curitiba;consulta_publica;consultada;2024.0;Convocação da comunidade escolar para consulta pública nos dias 28 e 29 de novembro de 2023.;41127048 CURITIBA CURITIBA ALFREDO PARODI, C E-EF M PROFIS
edital1012023_gsseed_protocolo213100866_ccm_consulta_publica.pdf;Edital de Convocação para Consulta Pública;Edital n.º 101/2023 – GS/SEED;2023-11-10;2;41128664.0;CURITIBA CRUZEIRO DO SUL, C E-EF M PROFIS;CURITIBA CRUZEIRO DO SUL, C E-EF M PROFIS;Curitiba;consulta_publica;consultada;2024.0;Convocação da comunidade escolar para consulta pública nos dias 28 e 29 de novembro de 2023.;41128664 CURITIBA CURITIBA CRUZEIRO DO SUL, C E-EF M PROFIS
edital1012023_gsseed_protocolo213100866_ccm_consulta_publica.pdf;Edital de Convocação para Consulta Pública;Edital n.º 101/2023 – GS/SEED;2023-11-10;2;41129539.0;CURITIBA GELVIRA CORREA PACHECO, C E-EF M;CURITIBA GELVIRA CORREA PACHECO, C E-EF M;Curitiba;consulta_publica;consultada;2024.0;Convocação da comunidade escolar para consulta pública nos dias 28 e 29 de novembro de 2023.;41129539 CURITIBA CURITIBA GELVIRA CORREA PACHECO, C E-EF M
edital1012023_gsseed_protocolo213100866_ccm_consulta_publica.pdf;Edital de Convocação para Consulta Pública;Edital n.º 101/2023 – GS/SEED;2023-11-10;2;41531876.0;CURITIBA GUIDO ARZUA, C E PROF-EF M PROFIS;CURITIBA GUIDO ARZUA, C E PROF-EF M PROFIS;Curitiba;consulta_publica;consultada;2024.0;Convocação da comunidade escolar para consulta pública nos dias 28 e 29 de novembro de 2023.;41531876 CURITIBA CURITIBA GUIDO ARZUA, C E PROF-EF M PROFIS
edital1012023_gsseed_protocolo213100866_ccm_consulta_publica.pdf;Edital de Convocação para Consulta Pública;Edital n.º 101/2023 – GS/SEED;2023-11-10;2;41129920.0;CURITIBA ISABEL L S SOUZA, C E PROFA-EF M PROFIS;CURITIBA ISABEL L S SOUZA, C E PROFA-EF M PROFIS;Curitiba;consulta_publica;consultada;2024.0;Convocação da comunidade escolar para consulta pública nos dias 28 e 29 de novembro de 2023.;41129920 CURITIBA CURITIBA ISABEL L S SOUZA, C E PROFA-EF M PROFIS
edital1012023_gsseed_protocolo213100866_ccm_consulta_publica.pdf;Edital de Convocação para Consulta Pública;Edital n.º 101/2023 – GS/SEED;2023-11-10;2;41129970.0;CURITIBA IVO LEAO, C E-EF M;CURITIBA IVO LEAO, C E-EF M;Curitiba;consulta_publica;consultada;2024.0;Convocação da comunidade escolar para consulta pública nos dias 28 e 29 de novembro de 2023.;41129970 CURITIBA CURITIBA IVO LEAO, C E-EF M
edital1012023_gsseed_protocolo213100866_ccm_consulta_publica.pdf;Edital de Convocação para Consulta Pública;Edital n.º 101/2023 – GS/SEED;2023-11-10;2;41130065.0;CURITIBA JAYME CANET, C E-EF M PROFIS;CURITIBA JAYME CANET, C E-EF M PROFIS;Curitiba;consulta_publica;consultada;2024.0;Convocação da comunidade escolar para consulta pública nos dias 28 e 29 de novembro de 2023.;41130065 CURITIBA CURITIBA JAYME CANET, C E-EF M PROFIS
edital1012023_gsseed_protocolo213100866_ccm_consulta_publica.pdf;Edital de Convocação para Consulta Pública;Edital n.º 101/2023 – GS/SEED;2023-11-10;2;41130146.0;CURITIBA JOAO LOYOLA, C E PROF-EF M;CURITIBA JOAO LOYOLA, C E PROF-EF M;Curitiba;consulta_publica;consultada;2024.0;Convocação da comunidade escolar para consulta pública nos dias 28 e 29 de novembro de 2023.;41130146 CURITIBA CURITIBA JOAO LOYOLA, C E PROF-EF M
edital1012023_gsseed_protocolo213100866_ccm_consulta_publica.pdf;Edital de Convocação para Consulta Pública;Edital n.º 101/2023 – GS/SEED;2023-11-10;2;41130170.0;CURITIBA JOAO PAULO I, C E PAPA-EF M PROFIS;CURITIBA JOAO PAULO I, C E PAPA-EF M PROFIS;Curitiba;consulta_publica;consultada;2024.0;Convocação da comunidade escolar para consulta pública nos dias 28 e 29 de novembro de 2023.;41130170 CURITIBA CURITIBA JOAO PAULO I, C E PAPA-EF M PROFIS
edital1012023_gsseed_protocolo213100866_ccm_consulta_publica.pdf;Edital de Convocação para Consulta Pública;Edital n.º 101/2023 – GS/SEED;2023-11-10;2;41130189.0;CURITIBA JOAO PAULO II, C E-EF M;CURITIBA JOAO PAULO II, C E-EF M;Curitiba;consulta_publica;consultada;2024.0;Convocação da comunidade escolar para consulta pública nos dias 28 e 29 de novembro de 2023.;41130189 CURITIBA CURITIBA JOAO PAULO II, C E-EF M
edital1012023_gsseed_protocolo213100866_ccm_consulta_publica.pdf;Edital de Convocação para Consulta Pública;Edital n.º 101/2023 – GS/SEED;2023-11-10;2;41130200.0;CURITIBA JOAO WISLINSKI, C E PE-EF M N;CURITIBA JOAO WISLINSKI, C E PE-EF M N;Curitiba;consulta_publica;consultada;2024.0;Convocação da comunidade escolar para consulta pública nos dias 28 e 29 de novembro de 2023.;41130200 CURITIBA CURITIBA JOAO WISLINSKI, C E PE-EF M N
edital1012023_gsseed_protocolo213100866_ccm_consulta_publica.pdf;Edital de Convocação para Consulta Pública;Edital n.º 101/2023 – GS/SEED;2023-11-10;2;41130359.0;CURITIBA JULIO MESQUITA, C E PROF-EF M PROFIS;CURITIBA JULIO MESQUITA, C E PROF-EF M PROFIS;Curitiba;consulta_publica;consultada;2024.0;Convocação da comunidade escolar para consulta pública nos dias 28 e 29 de novembro de 2023.;41130359 CURITIBA CURITIBA JULIO MESQUITA, C E PROF-EF M PROFIS
edital1012023_gsseed_protocolo213100866_ccm_consulta_publica.pdf;Edital de Convocação para Consulta Pública;Edital n.º 101/2023 – GS/SEED;2023-11-10;2;41130421.0;CURITIBA LAMENHA LINS, C E PRES-EF M PROFIS;CURITIBA LAMENHA LINS, C E PRES-EF M PROFIS;Curitiba;consulta_publica;consultada;2024.0;Convocação da comunidade escolar para consulta pública nos dias 28 e 29 de novembro de 2023.;41130421 CURITIBA CURITIBA LAMENHA LINS, C E PRES-EF M PROFIS
edital1012023_gsseed_protocolo213100866_ccm_consulta_publica.pdf;Edital de Convocação para Consulta Pública;Edital n.º 101/2023 – GS/SEED;2023-11-10;2;41130685.0;CURITIBA LUIZA ROSS, C E PROFA-EF M PROFIS;CURITIBA LUIZA ROSS, C E PROFA-EF M PROFIS;Curitiba;consulta_publica;consultada;2024.0;Convocação da comunidade escolar para consulta pública nos dias 28 e 29 de novembro de 2023.;41130685 CURITIBA CURITIBA LUIZA ROSS, C E PROFA-EF M PROFIS
edital1012023_gsseed_protocolo213100866_ccm_consulta_publica.pdf;Edital de Convocação para Consulta Pública;Edital n.º 101/2023 – GS/SEED;2023-11-10;2;41130723.0;CURITIBA LYSIMACO F COSTA, C E PROF-EF M;CURITIBA LYSIMACO F COSTA, C E PROF-EF M;Curitiba;consulta_publica;consultada;2024.0;Convocação da comunidade escolar para consulta pública nos dias 28 e 29 de novembro de 2023.;41130723 CURITIBA CURITIBA LYSIMACO F COSTA, C E PROF-EF M
edital1012023_gsseed_protocolo213100866_ccm_consulta_publica.pdf;Edital de Convocação para Consulta Pública;Edital n.º 101/2023 – GS/SEED;2023-11-10;2;41130936.0;CURITIBA MARIA MONTESSORI, C E-EF M 5;CURITIBA MARIA MONTESSORI, C E-EF M 5;Curitiba;consulta_publica;consultada;2024.0;Convocação da comunidade escolar para consulta pública nos dias 28 e 29 de novembro de 2023.;41130936 CURITIBA CURITIBA MARIA MONTESSORI, C E-EF M 5
edital1012023_gsseed_protocolo213100866_ccm_consulta_publica.pdf;Edital de Convocação para Consulta Pública;Edital n.º 101/2023 – GS/SEED;2023-11-10;3;41131223.0;CURITIBA MILTON CARNEIRO, C E-EF M PROFIS;CURITIBA MILTON CARNEIRO, C E-EF M PROFIS;Curitiba;consulta_publica;consultada;2024.0;Convocação da comunidade escolar para consulta pública nos dias 28 e 29 de novembro de 2023.;41131223 CURITIBA CURITIBA MILTON CARNEIRO, C E-EF M PROFIS
edital1012023_gsseed_protocolo213100866_ccm_consulta_publica.pdf;Edital de Convocação para Consulta Pública;Edital n.º 101/2023 – GS/SEED;2023-11-10;3;41131479.0;CURITIBA NATALIA REGINATO, C E-EF M PROFIS;CURITIBA NATALIA REGINATO, C E-EF M PROFIS;Curitiba;consulta_publica;consultada;2024.0;Convocação da comunidade escolar para consulta pública nos dias 28 e 29 de novembro de 2023.;41131479 CURITIBA CURITIBA NATALIA REGINATO, C E-EF M PROFIS
edital1012023_gsseed_protocolo213100866_ccm_consulta_publica.pdf;Edital de Convocação para Consulta Pública;Edital n.º 101/2023 – GS/SEED;2023-11-10;3;41370597.0;CURITIBA PILAR MATURANA, C E-EF M P;CURITIBA PILAR MATURANA, C E-EF M P;Curitiba;consulta_publica;consultada;2024.0;Convocação da comunidade escolar para consulta pública nos dias 28 e 29 de novembro de 2023.;41370597 CURITIBA CURITIBA PILAR MATURANA, C E-EF M P
edital1012023_gsseed_protocolo213100866_ccm_consulta_publica.pdf;Edital de Convocação para Consulta Pública;Edital n.º 101/2023 – GS/SEED;2023-11-10;3;41132475.0;CURITIBA PINHEIRO DO PARANA, C E-EF M PROFIS;CURITIBA PINHEIRO DO PARANA, C E-EF M PROFIS;Curitiba;consulta_publica;consultada;2024.0;Convocação da comunidade escolar para consulta pública nos dias 28 e 29 de novembro de 2023.;41132475 CURITIBA CURITIBA PINHEIRO DO PARANA, C E-EF M PROFIS
edital1012023_gsseed_protocolo213100866_ccm_consulta_publica.pdf;Edital de Convocação para Consulta Pública;Edital n.º 101/2023 – GS/SEED;2023-11-10;3;41132718.0;CURITIBA PROTASIO DE CARVALHO, C E-EF M PROFIS;CURITIBA PROTASIO DE CARVALHO, C E-EF M PROFIS;Curitiba;consulta_publica;consultada;2024.0;Convocação da comunidade escolar para consulta pública nos dias 28 e 29 de novembro de 2023.;41132718 CURITIBA CURITIBA PROTASIO DE CARVALHO, C E-EF M PROFIS
edital1012023_gsseed_protocolo213100866_ccm_consulta_publica.pdf;Edital de Convocação para Consulta Pública;Edital n.º 101/2023 – GS/SEED;2023-11-10;3;41132955.0;CURITIBA ROBERTO LANGER JUNIOR, C E-EF M PROFIS;CURITIBA ROBERTO LANGER JUNIOR, C E-EF M PROFIS;Curitiba;consulta_publica;consultada;2024.0;Convocação da comunidade escolar para consulta pública nos dias 28 e 29 de novembro de 2023.;41132955 CURITIBA CURITIBA ROBERTO LANGER JUNIOR, C E-EF M PROFIS
edital1012023_gsseed_protocolo213100866_ccm_consulta_publica.pdf;Edital de Convocação para Consulta Pública;Edital n.º 101/2023 – GS/SEED;2023-11-10;3;41133137.0;CURITIBA SANTA FELICIDADE, C E-EF M PROFIS;CURITIBA SANTA FELICIDADE, C E-EF M PROFIS;Curitiba;consulta_publica;consultada;2024.0;Convocação da comunidade escolar para consulta pública nos dias 28 e 29 de novembro de 2023.;41133137 CURITIBA CURITIBA SANTA FELICIDADE, C E-EF M PROFIS
edital1012023_gsseed_protocolo213100866_ccm_consulta_publica.pdf;Edital de Convocação para Consulta Pública;Edital n.º 101/2023 – GS/SEED;2023-11-10;3;41133200.0;CURITIBA SANTO ANTONIO, E E-EF;CURITIBA SANTO ANTONIO, E E-EF;Curitiba;consulta_publica;consultada;2024.0;Convocação da comunidade escolar para consulta pública nos dias 28 e 29 de novembro de 2023.;41133200 CURITIBA CURITIBA SANTO ANTONIO, E E-EF
edital1012023_gsseed_protocolo213100866_ccm_consulta_publica.pdf;Edital de Convocação para Consulta Pública;Edital n.º 101/2023 – GS/SEED;2023-11-10;3;41133358.0;CURITIBA SAO PAULO APOSTOLO, C E-EF M PROFIS;CURITIBA SAO PAULO APOSTOLO, C E-EF M PROFIS;Curitiba;consulta_publica;consultada;2024.0;Convocação da comunidade escolar para consulta pública nos dias 28 e 29 de novembro de 2023.;41133358 CURITIBA CURITIBA SAO PAULO APOSTOLO, C E-EF M PROFIS
edital1012023_gsseed_protocolo213100866_ccm_consulta_publica.pdf;Edital de Convocação para Consulta Pública;Edital n.º 101/2023 – GS/SEED;2023-11-10;3;41357027.0;CURITIBA TEOBALDO L KLETEMBERG, C E PR-EF M P;CURITIBA TEOBALDO L KLETEMBERG, C E PR-EF M P;Curitiba;consulta_publica;consultada;2024.0;Convocação da comunidade escolar para consulta pública nos dias 28 e 29 de novembro de 2023.;41357027 CURITIBA CURITIBA TEOBALDO L KLETEMBERG, C E PR-EF M P
edital1012023_gsseed_protocolo213100866_ccm_consulta_publica.pdf;Edital de Convocação para Consulta Pública;Edital n.º 101/2023 – GS/SEED;2023-11-10;3;41134419.0;CURITIBA XAVIER DA SILVA, C E DR-EF M PROFIS;CURITIBA XAVIER DA SILVA, C E DR-EF M PROFIS;Curitiba;consulta_publica;consultada;2024.0;Convocação da comunidade escolar para consulta pública nos dias 28 e 29 de novembro de 2023.;41134419 CURITIBA CURITIBA XAVIER DA SILVA, C E DR-EF M PROFIS
edital1012023_gsseed_protocolo213100866_ccm_consulta_publica.pdf;Edital de Convocação para Consulta Pública;Edital n.º 101/2023 – GS/SEED;2023-11-10;3;41084772.0;DOIS VIZINHOS LEONARDO DA VINCI, C E-EF M N PROFIS;DOIS VIZINHOS LEONARDO DA VINCI, C E-EF M N PROFIS;Dois Vizinhos;consulta_publica;consultada;2024.0;Convocação da comunidade escolar para consulta pública nos dias 28 e 29 de novembro de 2023.;41084772 DOIS VIZINHOS DOIS VIZINHOS LEONARDO DA VINCI, C E-EF M N PROFIS
edital1012023_gsseed_protocolo213100866_ccm_consulta_publica.pdf;Edital de Convocação para Consulta Pública;Edital n.º 101/2023 – GS/SEED;2023-11-10;3;41075919.0;FOZ DO IGUACU ALMIRO SARTORI, C E-EF M PROFIS;FOZ DO IGUACU ALMIRO SARTORI, C E-EF M PROFIS;Foz do Iguaçu;consulta_publica;consultada;2024.0;Convocação da comunidade escolar para consulta pública nos dias 28 e 29 de novembro de 2023.;41075919 FOZ DO IGUACU FOZ DO IGUACU ALMIRO SARTORI, C E-EF M PROFIS
edital1012023_gsseed_protocolo213100866_ccm_consulta_publica.pdf;Edital de Convocação para Consulta Pública;Edital n.º 101/2023 – GS/SEED;2023-11-10;3;41076036.0;FOZ DO IGUACU AYRTON SENNA DA SILVA, C E-EF M N PROFIS;FOZ DO IGUACU AYRTON SENNA DA SILVA, C E-EF M N PROFIS;Foz do Iguaçu;consulta_publica;consultada;2024.0;Convocação da comunidade escolar para consulta pública nos dias 28 e 29 de novembro de 2023.;41076036 FOZ DO IGUACU FOZ DO IGUACU AYRTON SENNA DA SILVA, C E-EF M N PROFIS
edital1012023_gsseed_protocolo213100866_ccm_consulta_publica.pdf;Edital de Convocação para Consulta Pública;Edital n.º 101/2023 – GS/SEED;2023-11-10;3;41378580.0;FOZ DO IGUACU CATARATAS DO IGUACU, C E-EF M PROFIS;FOZ DO IGUACU CATARATAS DO IGUACU, C E-EF M PROFIS;Foz do Iguaçu;consulta_publica;consultada;2024.0;Convocação da comunidade escolar para consulta pública nos dias 28 e 29 de novembro de 2023.;41378580 FOZ DO IGUACU FOZ DO IGUACU CATARATAS DO IGUACU, C E-EF M PROFIS
edital1012023_gsseed_protocolo213100866_ccm_consulta_publica.pdf;Edital de Convocação para Consulta Pública;Edital n.º 101/2023 – GS/SEED;2023-11-10;3;41076605.0;FOZ DO IGUACU JUSCELINO K DE OLIVEIRA, C E-EF M PROFIS;FOZ DO IGUACU JUSCELINO K DE OLIVEIRA, C E-EF M PROFIS;Foz do Iguaçu;consulta_publica;consultada;2024.0;Convocação da comunidade escolar para consulta pública nos dias 28 e 29 de novembro de 2023.;41076605 FOZ DO IGUACU FOZ DO IGUACU JUSCELINO K DE OLIVEIRA, C E-EF M PROFIS
edital1012023_gsseed_protocolo213100866_ccm_consulta_publica.pdf;Edital de Convocação para Consulta Pública;Edital n.º 101/2023 – GS/SEED;2023-11-10;3;41148550.0;FOZ DO IGUACU SANTA RITA, E E-EF;FOZ DO IGUACU SANTA RITA, E E-EF;Foz do Iguaçu;consulta_publica;consultada;2024.0;Convocação da comunidade escolar para consulta pública nos dias 28 e 29 de novembro de 2023.;41148550 FOZ DO IGUACU FOZ DO IGUACU SANTA RITA, E E-EF
edital1012023_gsseed_protocolo213100866_ccm_consulta_publica.pdf;Edital de Convocação para Consulta Pública;Edital n.º 101/2023 – GS/SEED;2023-11-10;3;41077512.0;MEDIANEIRA ARTHUR DA C SILVA, C E MAL-EF M PROFIS;MEDIANEIRA ARTHUR DA C SILVA, C E MAL-EF M PROFIS;Foz do Iguaçu;consulta_publica;consultada;2024.0;Convocação da comunidade escolar para consulta pública nos dias 28 e 29 de novembro de 2023.;41077512 FOZ DO IGUACU MEDIANEIRA ARTHUR DA C SILVA, C E MAL-EF M PROFIS
edital1012023_gsseed_protocolo213100866_ccm_consulta_publica.pdf;Edital de Convocação para Consulta Pública;Edital n.º 101/2023 – GS/SEED;2023-11-10;3;41085906.0;FRANC BELTRAO EDUARDO VIRMOND SUPLICY, C E DR- EF M P;FRANC BELTRAO EDUARDO VIRMOND SUPLICY, C E DR- EF M P;Francisco Beltrão;consulta_publica;consultada;2024.0;Convocação da comunidade escolar para consulta pública nos dias 28 e 29 de novembro de 2023.;41085906 FRANCISCO BELTRAO FRANC BELTRAO EDUARDO VIRMOND SUPLICY, C E DR- EF M P
edital1012023_gsseed_protocolo213100866_ccm_consulta_publica.pdf;Edital de Convocação para Consulta Pública;Edital n.º 101/2023 – GS/SEED;2023-11-10;3;41086945.0;MARMELEIRO MARMELEIRO, C E DE-EF M PROFIS;MARMELEIRO MARMELEIRO, C E DE-EF M PROFIS;Francisco Beltrão;consulta_publica;consultada;2024.0;Convocação da comunidade escolar para consulta pública nos dias 28 e 29 de novembro de 2023.;41086945 FRANCISCO BELTRAO MARMELEIRO MARMELEIRO, C E DE-EF M PROFIS
edital1012023_gsseed_protocolo213100866_ccm_consulta_publica.pdf;Edital de Convocação para Consulta Pública;Edital n.º 101/2023 – GS/SEED;2023-11-10;3;41081340.0;PLANALTO JOAO ZACCO PARANA, C E-EF M PROFIS;PLANALTO JOAO ZACCO PARANA, C E-EF M PROFIS;Francisco Beltrão;consulta_publica;consultada;2024.0;Convocação da comunidade escolar para consulta pública nos dias 28 e 29 de novembro de 2023.;41081340 FRANCISCO BELTRAO PLANALTO JOAO ZACCO PARANA, C E-EF M PROFIS
edital1012023_gsseed_protocolo213100866_ccm_consulta_publica.pdf;Edital de Convocação para Consulta Pública;Edital n.º 101/2023 – GS/SEED;2023-11-10;3;41012631.0;GOIOERE RIBEIRO DE CAMPOS, E E-EF;GOIOERE RIBEIRO DE CAMPOS, E E-EF;Goioerê;consulta_publica;consultada;2024.0;Convocação da comunidade escolar para consulta pública nos dias 28 e 29 de novembro de 2023.;41012631 GOIOERE GOIOERE RIBEIRO DE CAMPOS, E E-EF
edital1012023_gsseed_protocolo213100866_ccm_consulta_publica.pdf;Edital de Convocação para Consulta Pública;Edital n.º 101/2023 – GS/SEED;2023-11-10;3;41099940.0;GUARAPUAVA CESAR STANGE, C E-EF M;GUARAPUAVA CESAR STANGE, C E-EF M;Guarapuava;consulta_publica;consultada;2024.0;Convocação da comunidade escolar para consulta pública nos dias 28 e 29 de novembro de 2023.;41099940 GUARAPUAVA GUARAPUAVA CESAR STANGE, C E-EF M
edital1012023_gsseed_protocolo213100866_ccm_consulta_publica.pdf;Edital de Convocação para Consulta Pública;Edital n.º 101/2023 – GS/SEED;2023-11-10;3;41037324.0;IVAIPORA ANTONIO DINIZ PEREIRA, C E-EF M PROFIS;IVAIPORA ANTONIO DINIZ PEREIRA, C E-EF M PROFIS;Ivaiporã;consulta_publica;consultada;2024.0;Convocação da comunidade escolar para consulta pública nos dias 28 e 29 de novembro de 2023.;41037324 IVAIPORA IVAIPORA ANTONIO DINIZ PEREIRA, C E-EF M PROFIS
edital1012023_gsseed_protocolo213100866_ccm_consulta_publica.pdf;Edital de Convocação para Consulta Pública;Edital n.º 101/2023 – GS/SEED;2023-11-10;3;41040317.0;IVAI JOSE DE MATTOS LEAO, C E-EF M;IVAI JOSE DE MATTOS LEAO, C E-EF M;São João;consulta_publica;consultada;2024.0;Convocação da comunidade escolar para consulta pública nos dias 28 e 29 de novembro de 2023.;41040317 IVAIPORA SAO JOAO IVAI JOSE DE MATTOS LEAO, C E-EF M
edital1012023_gsseed_protocolo213100866_ccm_consulta_publica.pdf;Edital de Convocação para Consulta Pública;Edital n.º 101/2023 – GS/SEED;2023-11-10;3;41042778.0;ANDIRA STELLA MARIS, C E-EF M;ANDIRA STELLA MARIS, C E-EF M;Jacarezinho;consulta_publica;consultada;2024.0;Convocação da comunidade escolar para consulta pública nos dias 28 e 29 de novembro de 2023.;41042778 JACAREZINHO ANDIRA STELLA MARIS, C E-EF M
edital1012023_gsseed_protocolo213100866_ccm_consulta_publica.pdf;Edital de Convocação para Consulta Pública;Edital n.º 101/2023 – GS/SEED;2023-11-10;3;41046552.0;CAMBARA CAROLINA LUPION, C E DONA-EF M;CAMBARA CAROLINA LUPION, C E DONA-EF M;Jacarezinho;consulta_publica;consultada;2024.0;Convocação da comunidade escolar para consulta pública nos dias 28 e 29 de novembro de 2023.;41046552 JACAREZINHO CAMBARA CAROLINA LUPION, C E DONA-EF M
edital1012023_gsseed_protocolo213100866_ccm_consulta_publica.pdf;Edital de Convocação para Consulta Pública;Edital n.º 101/2023 – GS/SEED;2023-11-10;3;41046960.0;JACAREZINHO ANESIO DE A LEITE, C E-EF M PROFIS;JACAREZINHO ANESIO DE A LEITE, C E-EF M PROFIS;Jacarezinho;consulta_publica;consultada;2024.0;Convocação da comunidade escolar para consulta pública nos dias 28 e 29 de novembro de 2023.;41046960 JACAREZINHO JACAREZINHO ANESIO DE A LEITE, C E-EF M PROFIS
edital1012023_gsseed_protocolo213100866_ccm_consulta_publica.pdf;Edital de Convocação para Consulta Pública;Edital n.º 101/2023 – GS/SEED;2023-11-10;3;41099133.0;CANTAGALO OLAVO BILAC, C E-EF M N PROFIS;CANTAGALO OLAVO BILAC, C E-EF M N PROFIS;Laranjeiras do Sul;consulta_publica;consultada;2024.0;Convocação da comunidade escolar para consulta pública nos dias 28 e 29 de novembro de 2023.;41099133 LARANJEIRAS DO SUL CANTAGALO OLAVO BILAC, C E-EF M N PROFIS
edital1012023_gsseed_protocolo213100866_ccm_consulta_publica.pdf;Edital de Convocação para Consulta Pública;Edital n.º 101/2023 – GS/SEED;2023-11-10;3;41105176.0;QUEDAS IGUACU ALTO RECREIO, C E-EF M;QUEDAS IGUACU ALTO RECREIO, C E-EF M;Laranjeiras do Sul;consulta_publica;consultada;2024.0;Convocação da comunidade escolar para consulta pública nos dias 28 e 29 de novembro de 2023.;41105176 LARANJEIRAS DO SUL QUEDAS IGUACU ALTO RECREIO, C E-EF M
edital1012023_gsseed_protocolo213100866_ccm_consulta_publica.pdf;Edital de Convocação para Consulta Pública;Edital n.º 101/2023 – GS/SEED;2023-11-10;3;41003292.0;S C M CASTELO SANTOS DUMONT, C E-EF M;S C M CASTELO SANTOS DUMONT, C E-EF M;Loanda;consulta_publica;consultada;2024.0;Convocação da comunidade escolar para consulta pública nos dias 28 e 29 de novembro de 2023.;41003292 LOANDA S C M CASTELO SANTOS DUMONT, C E-EF M
edital1012023_gsseed_protocolo213100866_ccm_consulta_publica.pdf;Edital de Convocação para Consulta Pública;Edital n.º 101/2023 – GS/SEED;2023-11-10;3;41021100.0;ANASTACIO CEREZINE, E E-EF 6;ANASTACIO CEREZINE, E E-EF 6;Alvorada do Sul;consulta_publica;consultada;2024.0;Convocação da comunidade escolar para consulta pública nos dias 28 e 29 de novembro de 2023.;41021100 LONDRINA ALVORADA DO SUL ANASTACIO CEREZINE, E E-EF 6
edital1012023_gsseed_protocolo213100866_ccm_consulta_publica.pdf;Edital de Convocação para Consulta Pública;Edital n.º 101/2023 – GS/SEED;2023-11-10;4;41028406.0;CAMBE ANDREA NUZZI, C E MAESTRO-EF M PROFIS;CAMBE ANDREA NUZZI, C E MAESTRO-EF M PROFIS;Londrina;consulta_publica;consultada;2024.0;Convocação da comunidade escolar para consulta pública nos dias 28 e 29 de novembro de 2023.;41028406 LONDRINA CAMBE ANDREA NUZZI, C E MAESTRO-EF M PROFIS
edital1012023_gsseed_protocolo213100866_ccm_consulta_publica.pdf;Edital de Convocação para Consulta Pública;Edital n.º 101/2023 – GS/SEED;2023-11-10;4;41028457.0;CAMBE ATTILIO CODATO, C E-EF M PROFIS;CAMBE ATTILIO CODATO, C E-EF M PROFIS;Londrina;consulta_publica;consultada;2024.0;Convocação da comunidade escolar para consulta pública nos dias 28 e 29 de novembro de 2023.;41028457 LONDRINA CAMBE ATTILIO CODATO, C E-EF M PROFIS
edital1012023_gsseed_protocolo213100866_ccm_consulta_publica.pdf;Edital de Convocação para Consulta Pública;Edital n.º 101/2023 – GS/SEED;2023-11-10;4;41028732.0;CAMBE HELENA KOLODY, C E PROF-EF M;CAMBE HELENA KOLODY, C E PROF-EF M;Londrina;consulta_publica;consultada;2024.0;Convocação da comunidade escolar para consulta pública nos dias 28 e 29 de novembro de 2023.;41028732 LONDRINA CAMBE HELENA KOLODY, C E PROF-EF M
edital1012023_gsseed_protocolo213100866_ccm_consulta_publica.pdf;Edital de Convocação para Consulta Pública;Edital n.º 101/2023 – GS/SEED;2023-11-10;4;41028902.0;CAMBE MANUEL BANDEIRA, C E-EF EM PROFIS;CAMBE MANUEL BANDEIRA, C E-EF EM PROFIS;Londrina;consulta_publica;consultada;2024.0;Convocação da comunidade escolar para consulta pública nos dias 28 e 29 de novembro de 2023.;41028902 LONDRINA CAMBE MANUEL BANDEIRA, C E-EF EM PROFIS
edital1012023_gsseed_protocolo213100866_ccm_consulta_publica.pdf;Edital de Convocação para Consulta Pública;Edital n.º 101/2023 – GS/SEED;2023-11-10;4;41030125.0;LONDRINA CARLOS DE ALMEIDA, C E-EF M PROFIS;LONDRINA CARLOS DE ALMEIDA, C E-EF M PROFIS;Londrina;consulta_publica;consultada;2024.0;Convocação da comunidade escolar para consulta pública nos dias 28 e 29 de novembro de 2023.;41030125 LONDRINA LONDRINA CARLOS DE ALMEIDA, C E-EF M PROFIS
edital1012023_gsseed_protocolo213100866_ccm_consulta_publica.pdf;Edital de Convocação para Consulta Pública;Edital n.º 101/2023 – GS/SEED;2023-11-10;4;41030265.0;LONDRINA CELIA MORAES DE OLIVEIRA,C E PROF- EF M P;LONDRINA CELIA MORAES DE OLIVEIRA,C E PROF- EF M P;Londrina;consulta_publica;consultada;2024.0;Convocação da comunidade escolar para consulta pública nos dias 28 e 29 de novembro de 2023.;41030265 LONDRINA LONDRINA CELIA MORAES DE OLIVEIRA,C E PROF- EF M P
edital1012023_gsseed_protocolo213100866_ccm_consulta_publica.pdf;Edital de Convocação para Consulta Pública;Edital n.º 101/2023 – GS/SEED;2023-11-10;4;41030800.0;LONDRINA HEBER S VARGAS, C E PROF DR-EF M PROFIS;LONDRINA HEBER S VARGAS, C E PROF DR-EF M PROFIS;Londrina;consulta_publica;consultada;2024.0;Convocação da comunidade escolar para consulta pública nos dias 28 e 29 de novembro de 2023.;41030800 LONDRINA LONDRINA HEBER S VARGAS, C E PROF DR-EF M PROFIS
edital1012023_gsseed_protocolo213100866_ccm_consulta_publica.pdf;Edital de Convocação para Consulta Pública;Edital n.º 101/2023 – GS/SEED;2023-11-10;4;41031237.0;LONDRINA HUGO SIMAS, C E-EF M PROFIS;LONDRINA HUGO SIMAS, C E-EF M PROFIS;Londrina;consulta_publica;consultada;2024.0;Convocação da comunidade escolar para consulta pública nos dias 28 e 29 de novembro de 2023.;41031237 LONDRINA LONDRINA HUGO SIMAS, C E-EF M PROFIS
edital1012023_gsseed_protocolo213100866_ccm_consulta_publica.pdf;Edital de Convocação para Consulta Pública;Edital n.º 101/2023 – GS/SEED;2023-11-10;4;41031253.0;LONDRINA HUMBERTO P COUTINHO, C E-EF M PROFIS;LONDRINA HUMBERTO P COUTINHO, C E-EF M PROFIS;Londrina;consulta_publica;consultada;2024.0;Convocação da comunidade escolar para consulta pública nos dias 28 e 29 de novembro de 2023.;41031253 LONDRINA LONDRINA HUMBERTO P COUTINHO, C E-EF M PROFIS
edital1012023_gsseed_protocolo213100866_ccm_consulta_publica.pdf;Edital de Convocação para Consulta Pública;Edital n.º 101/2023 – GS/SEED;2023-11-10;4;41031750.0;LONDRINA LUCIA B LISBOA, C E PROFA-EF M;LONDRINA LUCIA B LISBOA, C E PROFA-EF M;Londrina;consulta_publica;consultada;2024.0;Convocação da comunidade escolar para consulta pública nos dias 28 e 29 de novembro de 2023.;41031750 LONDRINA LONDRINA LUCIA B LISBOA, C E PROFA-EF M
edital1012023_gsseed_protocolo213100866_ccm_consulta_publica.pdf;Edital de Convocação para Consulta Pública;Edital n.º 101/2023 – GS/SEED;2023-11-10;4;41031873.0;LONDRINA MARGARIDA B LISBOA, C E PROFA-EF M;LONDRINA MARGARIDA B LISBOA, C E PROFA-EF M;Londrina;consulta_publica;consultada;2024.0;Convocação da comunidade escolar para consulta pública nos dias 28 e 29 de novembro de 2023.;41031873 LONDRINA LONDRINA MARGARIDA B LISBOA, C E PROFA-EF M
edital1012023_gsseed_protocolo213100866_ccm_consulta_publica.pdf;Edital de Convocação para Consulta Pública;Edital n.º 101/2023 – GS/SEED;2023-11-10;4;41032241.0;LONDRINA NILO PECANHA, C E-EF M PROFIS;LONDRINA NILO PECANHA, C E-EF M PROFIS;Londrina;consulta_publica;consultada;2024.0;Convocação da comunidade escolar para consulta pública nos dias 28 e 29 de novembro de 2023.;41032241 LONDRINA LONDRINA NILO PECANHA, C E-EF M PROFIS
edital1012023_gsseed_protocolo213100866_ccm_consulta_publica.pdf;Edital de Convocação para Consulta Pública;Edital n.º 101/2023 – GS/SEED;2023-11-10;4;41032446.0;LONDRINA OLYMPIA M TORMENTA, C E PROF-EF M PROFIS;LONDRINA OLYMPIA M TORMENTA, C E PROF-EF M PROFIS;Londrina;consulta_publica;consultada;2024.0;Convocação da comunidade escolar para consulta pública nos dias 28 e 29 de novembro de 2023.;41032446 LONDRINA LONDRINA OLYMPIA M TORMENTA, C E PROF-EF M PROFIS
edital1012023_gsseed_protocolo213100866_ccm_consulta_publica.pdf;Edital de Convocação para Consulta Pública;Edital n.º 101/2023 – GS/SEED;2023-11-10;4;41597915.0;LONDRINA PATRIMONIO REGINA, C E DO-EF M;LONDRINA PATRIMONIO REGINA, C E DO-EF M;Londrina;consulta_publica;consultada;2024.0;Convocação da comunidade escolar para consulta pública nos dias 28 e 29 de novembro de 2023.;41597915 LONDRINA LONDRINA PATRIMONIO REGINA, C E DO-EF M
edital1012023_gsseed_protocolo213100866_ccm_consulta_publica.pdf;Edital de Convocação para Consulta Pública;Edital n.º 101/2023 – GS/SEED;2023-11-10;4;41356136.0;LONDRINA RINA M DE J FRANCOVIG, C E PROFA-EF M;LONDRINA RINA M DE J FRANCOVIG, C E PROFA-EF M;Londrina;consulta_publica;consultada;2024.0;Convocação da comunidade escolar para consulta pública nos dias 28 e 29 de novembro de 2023.;41356136 LONDRINA LONDRINA RINA M DE J FRANCOVIG, C E PROFA-EF M
edital1012023_gsseed_protocolo213100866_ccm_consulta_publica.pdf;Edital de Convocação para Consulta Pública;Edital n.º 101/2023 – GS/SEED;2023-11-10;4;41355156.0;LONDRINA THIAGO TERRA, C E-EF M PROF;LONDRINA THIAGO TERRA, C E-EF M PROF;Londrina;consulta_publica;consultada;2024.0;Convocação da comunidade escolar para consulta pública nos dias 28 e 29 de novembro de 2023.;41355156 LONDRINA LONDRINA THIAGO TERRA, C E-EF M PROF
edital1012023_gsseed_protocolo213100866_ccm_consulta_publica.pdf;Edital de Convocação para Consulta Pública;Edital n.º 101/2023 – GS/SEED;2023-11-10;4;41030486.0;LONDRINA WISTREMUNDO R P GARCIA, C E PE-EF M P;LONDRINA WISTREMUNDO R P GARCIA, C E PE-EF M P;Londrina;consulta_publica;consultada;2024.0;Convocação da comunidade escolar para consulta pública nos dias 28 e 29 de novembro de 2023.;41030486 LONDRINA LONDRINA WISTREMUNDO R P GARCIA, C E PE-EF M P
edital1012023_gsseed_protocolo213100866_ccm_consulta_publica.pdf;Edital de Convocação para Consulta Pública;Edital n.º 101/2023 – GS/SEED;2023-11-10;4;41033620.0;ROLANDIA LAURO P TAVARES, C E DR-EF M;ROLANDIA LAURO P TAVARES, C E DR-EF M;Londrina;consulta_publica;consultada;2024.0;Convocação da comunidade escolar para consulta pública nos dias 28 e 29 de novembro de 2023.;41033620 LONDRINA ROLANDIA LAURO P TAVARES, C E DR-EF M
edital1012023_gsseed_protocolo213100866_ccm_consulta_publica.pdf;Edital de Convocação para Consulta Pública;Edital n.º 101/2023 – GS/SEED;2023-11-10;4;41022750.0;FLORESTA ARTHUR C E SILVA, E E PRES-EF;FLORESTA ARTHUR C E SILVA, E E PRES-EF;Maringá;consulta_publica;consultada;2024.0;Convocação da comunidade escolar para consulta pública nos dias 28 e 29 de novembro de 2023.;41022750 MARINGA FLORESTA ARTHUR C E SILVA, E E PRES-EF
edital1012023_gsseed_protocolo213100866_ccm_consulta_publica.pdf;Edital de Convocação para Consulta Pública;Edital n.º 101/2023 – GS/SEED;2023-11-10;4;41020286.0;MANDAGUACU FRANCISCO J PERIOTO, E E PROF-EF;MANDAGUACU FRANCISCO J PERIOTO, E E PROF-EF;Maringá;consulta_publica;consultada;2024.0;Convocação da comunidade escolar para consulta pública nos dias 28 e 29 de novembro de 2023.;41020286 MARINGA MANDAGUACU FRANCISCO J PERIOTO, E E PROF-EF
edital1012023_gsseed_protocolo213100866_ccm_consulta_publica.pdf;Edital de Convocação para Consulta Pública;Edital n.º 101/2023 – GS/SEED;2023-11-10;4;41024931.0;PAICANDU NEIDE BERTASSO BERALDO, C E-EF M PROFIS;PAICANDU NEIDE BERTASSO BERALDO, C E-EF M PROFIS;Maringá;consulta_publica;consultada;2024.0;Convocação da comunidade escolar para consulta pública nos dias 28 e 29 de novembro de 2023.;41024931 MARINGA PAICANDU NEIDE BERTASSO BERALDO, C E-EF M PROFIS
edital1012023_gsseed_protocolo213100866_ccm_consulta_publica.pdf;Edital de Convocação para Consulta Pública;Edital n.º 101/2023 – GS/SEED;2023-11-10;4;41021010.0;MANOEL F ALMEIDA, E E DR-EF;MANOEL F ALMEIDA, E E DR-EF;Santo Inácio;consulta_publica;consultada;2024.0;Convocação da comunidade escolar para consulta pública nos dias 28 e 29 de novembro de 2023.;41021010 MARINGA SANTO INACIO MANOEL F ALMEIDA, E E DR-EF
edital1012023_gsseed_protocolo213100866_ccm_consulta_publica.pdf;Edital de Convocação para Consulta Pública;Edital n.º 101/2023 – GS/SEED;2023-11-10;4;41140052.0;MATINHOS SERTAOZINHO, C E-E F M N PROFIS;MATINHOS SERTAOZINHO, C E-E F M N PROFIS;Paranaguá;consulta_publica;consultada;2024.0;Convocação da comunidade escolar para consulta pública nos dias 28 e 29 de novembro de 2023.;41140052 PARANAGUA MATINHOS SERTAOZINHO, C E-E F M N PROFIS
edital1012023_gsseed_protocolo213100866_ccm_consulta_publica.pdf;Edital de Convocação para Consulta Pública;Edital n.º 101/2023 – GS/SEED;2023-11-10;4;41141121.0;PARANAGUA REGINA M B DE MELLO, C E PROFA-EF M;PARANAGUA REGINA M B DE MELLO, C E PROFA-EF M;Paranaguá;consulta_publica;consultada;2024.0;Convocação da comunidade escolar para consulta pública nos dias 28 e 29 de novembro de 2023.;41141121 PARANAGUA PARANAGUA REGINA M B DE MELLO, C E PROFA-EF M
edital1012023_gsseed_protocolo213100866_ccm_consulta_publica.pdf;Edital de Convocação para Consulta Pública;Edital n.º 101/2023 – GS/SEED;2023-11-10;4;41092694.0;ITAPEJARA OESTE ISIDORO DUMONT, E E IR-EF;ITAPEJARA OESTE ISIDORO DUMONT, E E IR-EF;Pato Branco;consulta_publica;consultada;2024.0;Convocação da comunidade escolar para consulta pública nos dias 28 e 29 de novembro de 2023.;41092694 PATO BRANCO ITAPEJARA OESTE ISIDORO DUMONT, E E IR-EF
edital1012023_gsseed_protocolo213100866_ccm_consulta_publica.pdf;Edital de Convocação para Consulta Pública;Edital n.º 101/2023 – GS/SEED;2023-11-10;4;41093666.0;PATO BRANCO SAO JOAO BOSCO, C E-EF M PROFIS;PATO BRANCO SAO JOAO BOSCO, C E-EF M PROFIS;Pato Branco;consulta_publica;consultada;2024.0;Convocação da comunidade escolar para consulta pública nos dias 28 e 29 de novembro de 2023.;41093666 PATO BRANCO PATO BRANCO SAO JOAO BOSCO, C E-EF M PROFIS
edital1012023_gsseed_protocolo213100866_ccm_consulta_publica.pdf;Edital de Convocação para Consulta Pública;Edital n.º 101/2023 – GS/SEED;2023-11-10;4;41060296.0;CARAMBEI JULIA WANDERLEY, C E-EF M PROFIS;CARAMBEI JULIA WANDERLEY, C E-EF M PROFIS;Ponta Grossa;consulta_publica;consultada;2024.0;Convocação da comunidade escolar para consulta pública nos dias 28 e 29 de novembro de 2023.;41060296 PONTA GROSSA CARAMBEI JULIA WANDERLEY, C E-EF M PROFIS
edital1012023_gsseed_protocolo213100866_ccm_consulta_publica.pdf;Edital de Convocação para Consulta Pública;Edital n.º 101/2023 – GS/SEED;2023-11-10;4;41060466.0;CASTRO NICOLAU BALTASAR, C E PE-EF M;CASTRO NICOLAU BALTASAR, C E PE-EF M;Ponta Grossa;consulta_publica;consultada;2024.0;Convocação da comunidade escolar para consulta pública nos dias 28 e 29 de novembro de 2023.;41060466 PONTA GROSSA CASTRO NICOLAU BALTASAR, C E PE-EF M
edital1012023_gsseed_protocolo213100866_ccm_consulta_publica.pdf;Edital de Convocação para Consulta Pública;Edital n.º 101/2023 – GS/SEED;2023-11-10;4;41378962.0;PONTA GROSSA ANA DIVANIR BORATTO, C E-EFM;PONTA GROSSA ANA DIVANIR BORATTO, C E-EFM;Ponta Grossa;consulta_publica;consultada;2024.0;Convocação da comunidade escolar para consulta pública nos dias 28 e 29 de novembro de 2023.;41378962 PONTA GROSSA PONTA GROSSA ANA DIVANIR BORATTO, C E-EFM
edital1012023_gsseed_protocolo213100866_ccm_consulta_publica.pdf;Edital de Convocação para Consulta Pública;Edital n.º 101/2023 – GS/SEED;2023-11-10;4;41062108.0;PONTA GROSSA BECKER E SILVA, C E PROF-EF M PROFIS;PONTA GROSSA BECKER E SILVA, C E PROF-EF M PROFIS;Ponta Grossa;consulta_publica;consultada;2024.0;Convocação da comunidade escolar para consulta pública nos dias 28 e 29 de novembro de 2023.;41062108 PONTA GROSSA PONTA GROSSA BECKER E SILVA, C E PROF-EF M PROFIS
edital1012023_gsseed_protocolo213100866_ccm_consulta_publica.pdf;Edital de Convocação para Consulta Pública;Edital n.º 101/2023 – GS/SEED;2023-11-10;4;41062191.0;PONTA GROSSA CARLOS ZELESNY, C E PE-EF M;PONTA GROSSA CARLOS ZELESNY, C E PE-EF M;Ponta Grossa;consulta_publica;consultada;2024.0;Convocação da comunidade escolar para consulta pública nos dias 28 e 29 de novembro de 2023.;41062191 PONTA GROSSA PONTA GROSSA CARLOS ZELESNY, C E PE-EF M
edital1012023_gsseed_protocolo213100866_ccm_consulta_publica.pdf;Edital de Convocação para Consulta Pública;Edital n.º 101/2023 – GS/SEED;2023-11-10;4;41354273.0;PONTA GROSSA EDISON PIETROBELLI, C E PROF-EF M;PONTA GROSSA EDISON PIETROBELLI, C E PROF-EF M;Ponta Grossa;consulta_publica;consultada;2024.0;Convocação da comunidade escolar para consulta pública nos dias 28 e 29 de novembro de 2023.;41354273 PONTA GROSSA PONTA GROSSA EDISON PIETROBELLI, C E PROF-EF M
edital1012023_gsseed_protocolo213100866_ccm_consulta_publica.pdf;Edital de Convocação para Consulta Pública;Edital n.º 101/2023 – GS/SEED;2023-11-10;4;41062469.0;PONTA GROSSA EPAMINONDAS N RIBAS, C E DR-EF M PROFIS;PONTA GROSSA EPAMINONDAS N RIBAS, C E DR-EF M PROFIS;Ponta Grossa;consulta_publica;consultada;2024.0;Convocação da comunidade escolar para consulta pública nos dias 28 e 29 de novembro de 2023.;41062469 PONTA GROSSA PONTA GROSSA EPAMINONDAS N RIBAS, C E DR-EF M PROFIS
edital1012023_gsseed_protocolo213100866_ccm_consulta_publica.pdf;Edital de Convocação para Consulta Pública;Edital n.º 101/2023 – GS/SEED;2023-11-10;4;41062914.0;PONTA GROSSA KENNEDY, C E PRES-EF M PROFIS 7;PONTA GROSSA KENNEDY, C E PRES-EF M PROFIS 7;Ponta Grossa;consulta_publica;consultada;2024.0;Convocação da comunidade escolar para consulta pública nos dias 28 e 29 de novembro de 2023.;41062914 PONTA GROSSA PONTA GROSSA KENNEDY, C E PRES-EF M PROFIS 7
edital1012023_gsseed_protocolo213100866_ccm_consulta_publica.pdf;Edital de Convocação para Consulta Pública;Edital n.º 101/2023 – GS/SEED;2023-11-10;5;41062949.0;PONTA GROSSA LINDA S BACILA, C E PROFA-EF M PROFIS;PONTA GROSSA LINDA S BACILA, C E PROFA-EF M PROFIS;Ponta Grossa;consulta_publica;consultada;2024.0;Convocação da comunidade escolar para consulta pública nos dias 28 e 29 de novembro de 2023.;41062949 PONTA GROSSA PONTA GROSSA LINDA S BACILA, C E PROFA-EF M PROFIS
edital1012023_gsseed_protocolo213100866_ccm_consulta_publica.pdf;Edital de Convocação para Consulta Pública;Edital n.º 101/2023 – GS/SEED;2023-11-10;5;41063139.0;PONTA GROSSA NOSSA SRA DA GLORIA, C E-EF M;PONTA GROSSA NOSSA SRA DA GLORIA, C E-EF M;Ponta Grossa;consulta_publica;consultada;2024.0;Convocação da comunidade escolar para consulta pública nos dias 28 e 29 de novembro de 2023.;41063139 PONTA GROSSA PONTA GROSSA NOSSA SRA DA GLORIA, C E-EF M
edital1012023_gsseed_protocolo213100866_ccm_consulta_publica.pdf;Edital de Convocação para Consulta Pública;Edital n.º 101/2023 – GS/SEED;2023-11-10;5;41063384.0;PONTA GROSSA SANTA MARIA, C E-EF M;PONTA GROSSA SANTA MARIA, C E-EF M;Ponta Grossa;consulta_publica;consultada;2024.0;Convocação da comunidade escolar para consulta pública nos dias 28 e 29 de novembro de 2023.;41063384 PONTA GROSSA PONTA GROSSA SANTA MARIA, C E-EF M
edital1012023_gsseed_protocolo213100866_ccm_consulta_publica.pdf;Edital de Convocação para Consulta Pública;Edital n.º 101/2023 – GS/SEED;2023-11-10;5;41068807.0;TOLEDO LUIZ AUGUSTO M REGO, C E-EF M PROFIS;TOLEDO LUIZ AUGUSTO M REGO, C E-EF M PROFIS;Toledo;consulta_publica;consultada;2024.0;Convocação da comunidade escolar para consulta pública nos dias 28 e 29 de novembro de 2023.;41068807 TOLEDO TOLEDO LUIZ AUGUSTO M REGO, C E-EF M PROFIS
edital1012023_gsseed_protocolo213100866_ccm_consulta_publica.pdf;Edital de Convocação para Consulta Pública;Edital n.º 101/2023 – GS/SEED;2023-11-10;5;41004957.0;CRUZEIRO OESTE ANCHIETA, C E-E F M N;CRUZEIRO OESTE ANCHIETA, C E-E F M N;Umuarama;consulta_publica;consultada;2024.0;Convocação da comunidade escolar para consulta pública nos dias 28 e 29 de novembro de 2023.;41004957 UMUARAMA CRUZEIRO OESTE ANCHIETA, C E-E F M N
edital1012023_gsseed_protocolo213100866_ccm_consulta_publica.pdf;Edital de Convocação para Consulta Pública;Edital n.º 101/2023 – GS/SEED;2023-11-10;5;41007280.0;TAPIRA CASTELO BRANCO, C E PRES-EF M;TAPIRA CASTELO BRANCO, C E PRES-EF M;Umuarama;consulta_publica;consultada;2024.0;Convocação da comunidade escolar para consulta pública nos dias 28 e 29 de novembro de 2023.;41007280 UMUARAMA TAPIRA CASTELO BRANCO, C E PRES-EF M
edital1012023_gsseed_protocolo213100866_ccm_consulta_publica.pdf;Edital de Convocação para Consulta Pública;Edital n.º 101/2023 – GS/SEED;2023-11-10;5;41052250.0;S JOSE B VISTA NEWTON SAMPAIO, E E-EF;S JOSE B VISTA NEWTON SAMPAIO, E E-EF;Wenceslau Braz;consulta_publica;consultada;2024.0;Convocação da comunidade escolar para consulta pública nos dias 28 e 29 de novembro de 2023.;41052250 WENCESLAU BRAZ S JOSE B VISTA NEWTON SAMPAIO, E E-EF
edital1012023_gsseed_protocolo213100866_ccm_consulta_publica.pdf;Edital de Convocação para Consulta Pública;Edital n.º 101/2023 – GS/SEED;2023-11-10;5;41053494.0;WENCESLAU BRAZ MIGUEL NASSIF MALUF, C E-EF M;WENCESLAU BRAZ MIGUEL NASSIF MALUF, C E-EF M;Wenceslau Braz;consulta_publica;consultada;2024.0;Convocação da comunidade escolar para consulta pública nos dias 28 e 29 de novembro de 2023.;41053494 WENCESLAU BRAZ WENCESLAU BRAZ MIGUEL NASSIF MALUF, C E-EF M
edital1022023_gsseed_ccm.pdf;Processo Seletivo de Pessoal / Gestão CCM;EDITAL N.º 102/2023 – GS/SEED;2023-11-14;1;;Instituições de Ensino Cívico-Militares (Vagas de Diretores / Monitores);INSTITUICOES DE ENSINO CIVICO-MILITARES (VAGAS DE DIRETORES / MONITORES);Estado do Paraná;processo_seletivo_pessoal;instituicao_com_vaga;2024.0;Edital referente a credenciamento, homologação de saúde ou seleção de militares/diretores. Documento: edital1022023_gsseed_ccm.;Cabeçalho do documento edital1022023_gsseed_ccm
edital1092023_gsseed_protocolo213100866_ccm_consulta_publica_novas_instituicoes.pdf;Edital Complementar de Consulta Pública;Edital n.º 109/2023 – GS/SEED;2023-11-24;1;41077776.0;CE PRESIDENTE KENEDY;CE PRESIDENTE KENEDY;Serranópolis do Iguaçu;consulta_publica_novas_instituicoes;consultada;2024.0;Inclusão de novas instituições na consulta pública.;41077776
edital1092023_gsseed_protocolo213100866_ccm_consulta_publica_novas_instituicoes.pdf;Edital Complementar de Consulta Pública;Edital n.º 109/2023 – GS/SEED;2023-11-24;1;41004051.0;CE SANTO INÁCIO DE LOYOLA;CE SANTO INÁCIO DE LOYOLA;Terra Rica;consulta_publica_novas_instituicoes;consultada;2024.0;Inclusão de novas instituições na consulta pública.;41004051
edital1102023_gsseed.pdf;Edital de Prorrogação de Consulta Pública;Edital n.º 110/2023 – GS/SEED;2023-11-30;1;41026764.0;ARAPONGAS JULIA WANDERLEY, E E PROFA-EF;ARAPONGAS JULIA WANDERLEY, E E PROFA-EF;Apucarana;prorrogacao_consulta_publica;consultada;2024.0;Prorrogação da consulta pública nas instituições elencadas.;41026764 APUCARANA ARAPONGAS JULIA WANDERLEY, E E PROFA-EF
edital1102023_gsseed.pdf;Edital de Prorrogação de Consulta Pública;Edital n.º 110/2023 – GS/SEED;2023-11-30;1;41122836.0;EMILIA BUZATO, C E-EF M PROFIS;EMILIA BUZATO, C E-EF M PROFIS;Campo Magro;prorrogacao_consulta_publica;consultada;2024.0;Prorrogação da consulta pública nas instituições elencadas.;41122836 AREA METROP.NORTE CAMPO MAGRO EMILIA BUZATO, C E-EF M PROFIS
edital1102023_gsseed.pdf;Edital de Prorrogação de Consulta Pública;Edital n.º 110/2023 – GS/SEED;2023-11-30;1;41123212.0;ROSA F JOHNSON, E E PROFA-EF;ROSA F JOHNSON, E E PROFA-EF;Almirante Tamandaré;prorrogacao_consulta_publica;consultada;2024.0;Prorrogação da consulta pública nas instituições elencadas.;41123212 AREA METROP.NORTE ALM TAMANDARÉ ROSA F JOHNSON, E E PROFA-EF
edital1102023_gsseed.pdf;Edital de Prorrogação de Consulta Pública;Edital n.º 110/2023 – GS/SEED;2023-11-30;1;41010345.0;RONDON CASTRO ALVES, C E - EM PROFIS;RONDON CASTRO ALVES, C E - EM PROFIS;Cianorte;prorrogacao_consulta_publica;consultada;2024.0;Prorrogação da consulta pública nas instituições elencadas.;41010345 CIANORTE RONDON CASTRO ALVES, C E - EM PROFIS
edital1102023_gsseed.pdf;Edital de Prorrogação de Consulta Pública;Edital n.º 110/2023 – GS/SEED;2023-11-30;1;41128885.0;CURITIBA DIRCE C DO AMARAL, C E PROFA-EF M PROFIS;CURITIBA DIRCE C DO AMARAL, C E PROFA-EF M PROFIS;Curitiba;prorrogacao_consulta_publica;consultada;2024.0;Prorrogação da consulta pública nas instituições elencadas.;41128885 CURITIBA CURITIBA DIRCE C DO AMARAL, C E PROFA-EF M PROFIS
edital1102023_gsseed.pdf;Edital de Prorrogação de Consulta Pública;Edital n.º 110/2023 – GS/SEED;2023-11-30;1;41089006.0;SALTO LONTRA JORGE DE LIMA, E E-EF;SALTO LONTRA JORGE DE LIMA, E E-EF;Dois Vizinhos;prorrogacao_consulta_publica;consultada;2024.0;Prorrogação da consulta pública nas instituições elencadas.;41089006 DOIS VIZINHOS SALTO LONTRA JORGE DE LIMA, E E-EF
edital1102023_gsseed.pdf;Edital de Prorrogação de Consulta Pública;Edital n.º 110/2023 – GS/SEED;2023-11-30;1;41100689.0;GUARAPUAVA LENI MARLENE JACOB, C E PROFA-EF M PROF;GUARAPUAVA LENI MARLENE JACOB, C E PROFA-EF M PROF;Guarapuava;prorrogacao_consulta_publica;consultada;2024.0;Prorrogação da consulta pública nas instituições elencadas.;41100689 GUARAPUAVA GUARAPUAVA LENI MARLENE JACOB, C E PROFA-EF M PROF
edital1102023_gsseed.pdf;Edital de Prorrogação de Consulta Pública;Edital n.º 110/2023 – GS/SEED;2023-11-30;1;41039068.0;NEREU RAMOS, E E-EF;NEREU RAMOS, E E-EF;Manoel Ribas;prorrogacao_consulta_publica;consultada;2024.0;Prorrogação da consulta pública nas instituições elencadas.;41039068 IVAIPORA MANOEL RIBAS NEREU RAMOS, E E-EF
edital1102023_gsseed.pdf;Edital de Prorrogação de Consulta Pública;Edital n.º 110/2023 – GS/SEED;2023-11-30;1;41040694.0;S PEDRO DO IVAI VICENTE MACHADO, C E C-EF M;S PEDRO DO IVAI VICENTE MACHADO, C E C-EF M;Ivaiporã;prorrogacao_consulta_publica;consultada;2024.0;Prorrogação da consulta pública nas instituições elencadas.;41040694 IVAIPORA S PEDRO DO IVAI VICENTE MACHADO, C E C-EF M
edital1102023_gsseed.pdf;Edital de Prorrogação de Consulta Pública;Edital n.º 110/2023 – GS/SEED;2023-11-30;1;41073037.0;DIAMANTE DO SUL OSORIO DUQUE ESTRADA, C E-EF M;DIAMANTE DO SUL OSORIO DUQUE ESTRADA, C E-EF M;Laranjeiras do Sul;prorrogacao_consulta_publica;consultada;2024.0;Prorrogação da consulta pública nas instituições elencadas.;41073037 LARANJEIRAS DO SUL DIAMANTE DO SUL OSORIO DUQUE ESTRADA, C E-EF M
edital1102023_gsseed.pdf;Edital de Prorrogação de Consulta Pública;Edital n.º 110/2023 – GS/SEED;2023-11-30;1;41032853.0;LONDRINA RIO BRANCO, C E BAR DO-EF M;LONDRINA RIO BRANCO, C E BAR DO-EF M;Londrina;prorrogacao_consulta_publica;consultada;2024.0;Prorrogação da consulta pública nas instituições elencadas.;41032853 LONDRINA LONDRINA RIO BRANCO, C E BAR DO-EF M
edital1102023_gsseed.pdf;Edital de Prorrogação de Consulta Pública;Edital n.º 110/2023 – GS/SEED;2023-11-30;1;41032225.0;LONDRINA NEWTON GUIMARAES, C E PROF-EF M;LONDRINA NEWTON GUIMARAES, C E PROF-EF M;Londrina;prorrogacao_consulta_publica;consultada;2024.0;Prorrogação da consulta pública nas instituições elencadas.;41032225 LONDRINA LONDRINA NEWTON GUIMARAES, C E PROF-EF M
edital1102023_gsseed.pdf;Edital de Prorrogação de Consulta Pública;Edital n.º 110/2023 – GS/SEED;2023-11-30;1;41031709.0;LONDRINA LAURO G DA V PESSOA, E E PROF-EF;LONDRINA LAURO G DA V PESSOA, E E PROF-EF;Londrina;prorrogacao_consulta_publica;consultada;2024.0;Prorrogação da consulta pública nas instituições elencadas.;41031709 LONDRINA LONDRINA LAURO G DA V PESSOA, E E PROF-EF
edital1102023_gsseed.pdf;Edital de Prorrogação de Consulta Pública;Edital n.º 110/2023 – GS/SEED;2023-11-30;1;41358872.0;LONDRINA JOAO RODRIGUES DA SILVA, C E PROF-EF M;LONDRINA JOAO RODRIGUES DA SILVA, C E PROF-EF M;Londrina;prorrogacao_consulta_publica;consultada;2024.0;Prorrogação da consulta pública nas instituições elencadas.;41358872 LONDRINA LONDRINA JOAO RODRIGUES DA SILVA, C E PROF-EF M
edital1102023_gsseed.pdf;Edital de Prorrogação de Consulta Pública;Edital n.º 110/2023 – GS/SEED;2023-11-30;1;41020910.0;CECILIA MEIRELES, E E-EF;CECILIA MEIRELES, E E-EF;Santa Fé;prorrogacao_consulta_publica;consultada;2024.0;Prorrogação da consulta pública nas instituições elencadas.;41020910 MARINGA SANTA FE CECILIA MEIRELES, E E-EF
edital1102023_gsseed.pdf;Edital de Prorrogação de Consulta Pública;Edital n.º 110/2023 – GS/SEED;2023-11-30;1;41141156.0;PARANAGUA ROQUE VERNALHA, E E DR-EF;PARANAGUA ROQUE VERNALHA, E E DR-EF;Paranaguá;prorrogacao_consulta_publica;consultada;2024.0;Prorrogação da consulta pública nas instituições elencadas.;41141156 PARANAGUÁ PARANAGUA ROQUE VERNALHA, E E DR-EF
edital1102023_gsseed.pdf;Edital de Prorrogação de Consulta Pública;Edital n.º 110/2023 – GS/SEED;2023-11-30;1;41366620.0;PARANAGUA VIDAL VANHONI, C E PROF-EF M;PARANAGUA VIDAL VANHONI, C E PROF-EF M;Paranaguá;prorrogacao_consulta_publica;consultada;2024.0;Prorrogação da consulta pública nas instituições elencadas.;41366620 PARANAGUA PARANAGUA VIDAL VANHONI, C E PROF-EF M
edital1102023_gsseed.pdf;Edital de Prorrogação de Consulta Pública;Edital n.º 110/2023 – GS/SEED;2023-11-30;1;41000021.0;AGOSTINHO STEFANELLO, E E-EF;AGOSTINHO STEFANELLO, E E-EF;Alto Paraná;prorrogacao_consulta_publica;consultada;2024.0;Prorrogação da consulta pública nas instituições elencadas.;41000021 PARANAVAÍ ALTO PARANÁ AGOSTINHO STEFANELLO, E E-EF
edital1102023_gsseed.pdf;Edital de Prorrogação de Consulta Pública;Edital n.º 110/2023 – GS/SEED;2023-11-30;1;41063155.0;PONTA GROSSA OSORIO, C E GAL-EF M;PONTA GROSSA OSORIO, C E GAL-EF M;Ponta Grossa;prorrogacao_consulta_publica;consultada;2024.0;Prorrogação da consulta pública nas instituições elencadas.;41063155 PONTA GROSSA PONTA GROSSA OSORIO, C E GAL-EF M
edital1102023_gsseed.pdf;Edital de Prorrogação de Consulta Pública;Edital n.º 110/2023 – GS/SEED;2023-11-30;1;41056264.0;TELEMACO BORBA JARDIM ALEGRE, C E-EF M PROFIS;TELEMACO BORBA JARDIM ALEGRE, C E-EF M PROFIS;Telêmaco Borba;prorrogacao_consulta_publica;consultada;2024.0;Prorrogação da consulta pública nas instituições elencadas.;41056264 TELEMACO BORBA TELEMACO BORBA JARDIM ALEGRE, C E-EF M PROFIS
edital1102023_gsseed.pdf;Edital de Prorrogação de Consulta Pública;Edital n.º 110/2023 – GS/SEED;2023-11-30;1;41056574.0;IMBAU TANCREDO NEVES, C E PRES-EF M PROFIS;IMBAU TANCREDO NEVES, C E PRES-EF M PROFIS;Telêmaco Borba;prorrogacao_consulta_publica;consultada;2024.0;Prorrogação da consulta pública nas instituições elencadas.;41056574 TELEMACO BORBA IMBAU TANCREDO NEVES, C E PRES-EF M PROFIS
edital1102023_gsseed.pdf;Edital de Prorrogação de Consulta Pública;Edital n.º 110/2023 – GS/SEED;2023-11-30;1;41067029.0;GRACILIANO RAMOS, E E-EF;GRACILIANO RAMOS, E E-EF;Santa Helena;prorrogacao_consulta_publica;consultada;2024.0;Prorrogação da consulta pública nas instituições elencadas.;41067029 TOLEDO SANTA HELENA GRACILIANO RAMOS, E E-EF
edital1102023_gsseed.pdf;Edital de Prorrogação de Consulta Pública;Edital n.º 110/2023 – GS/SEED;2023-11-30;1;41068688.0;TOLEDO JOAO ARNALDO RITT, C E-EF M;TOLEDO JOAO ARNALDO RITT, C E-EF M;Toledo;prorrogacao_consulta_publica;consultada;2024.0;Prorrogação da consulta pública nas instituições elencadas.;41068688 TOLEDO TOLEDO JOAO ARNALDO RITT, C E-EF M
edital1122023_gsseed_expansao.pdf;Edital de Expansão e Convocação;Edital n.º 112/2023 – GS/SEED;2023-12-01;1;41136276.0;VILA MACEDO, C E-EF M PROFIS;VILA MACEDO, C E-EF M PROFIS;Piraquara;expansao_consulta_publica;consultada;2024.0;Convocação para consulta pública de expansão do programa.;41136276 AMN PIRAQUARA VILA MACEDO, C E-EF M PROFIS
edital1122023_gsseed_expansao.pdf;Edital de Expansão e Convocação;Edital n.º 112/2023 – GS/SEED;2023-12-01;1;41018800.0;LEO KOHLER, E E PROF-EF;LEO KOHLER, E E PROF-EF;Terra Boa;expansao_consulta_publica;consultada;2024.0;Convocação para consulta pública de expansão do programa.;41018800 CIANORTE TERRA BOA LEO KOHLER, E E PROF-EF
edital1122023_gsseed_expansao.pdf;Edital de Expansão e Convocação;Edital n.º 112/2023 – GS/SEED;2023-12-01;1;41076354.0;FOZ DO IGUACU CARLOS DRUMMOND DE;FOZ DO IGUACU CARLOS DRUMMOND DE;Foz do Iguaçu;expansao_consulta_publica;consultada;2024.0;Convocação para consulta pública de expansão do programa.;41076354 FOZ DO IGUACU FOZ DO IGUACU CARLOS DRUMMOND DE
edital1142023_gsseed_ccm.pdf;Resultado de Consulta Pública;Edital n.º 114/2023 – GS/SEED;2023-12-06;1;41025318.0;ALBERTO SANTOS DUMONT, C E-EF M PROFIS;ALBERTO SANTOS DUMONT, C E-EF M PROFIS;Apucarana;aprovacao_consulta_publica;aprovada;2024.0;Instituições com adesão aprovada na consulta pública dos dias 28 e 29 de novembro de 2023.;APUCARANA APUCARANA 41025318 ALBERTO SANTOS DUMONT, C E-EF M PROFIS
edital1142023_gsseed_ccm.pdf;Resultado de Consulta Pública;Edital n.º 114/2023 – GS/SEED;2023-12-06;1;41025806.0;JOSE DE ANCHIETA, C E PE-EF M PROFIS;JOSE DE ANCHIETA, C E PE-EF M PROFIS;Apucarana;aprovacao_consulta_publica;aprovada;2024.0;Instituições com adesão aprovada na consulta pública dos dias 28 e 29 de novembro de 2023.;APUCARANA APUCARANA 41025806 JOSE DE ANCHIETA, C E PE-EF M PROFIS
edital1142023_gsseed_ccm.pdf;Resultado de Consulta Pública;Edital n.º 114/2023 – GS/SEED;2023-12-06;1;41026055.0;OSMAR GUARACY FREIRE, C E-EF M P;OSMAR GUARACY FREIRE, C E-EF M P;Apucarana;aprovacao_consulta_publica;aprovada;2024.0;Instituições com adesão aprovada na consulta pública dos dias 28 e 29 de novembro de 2023.;APUCARANA APUCARANA 41026055 OSMAR GUARACY FREIRE, C E-EF M P
edital1142023_gsseed_ccm.pdf;Resultado de Consulta Pública;Edital n.º 114/2023 – GS/SEED;2023-12-06;1;41026152.0;POLIVALENTE C DOMINGOS SILVA,C E-EFMP;POLIVALENTE C DOMINGOS SILVA,C E-EFMP;Apucarana;aprovacao_consulta_publica;aprovada;2024.0;Instituições com adesão aprovada na consulta pública dos dias 28 e 29 de novembro de 2023.;APUCARANA APUCARANA 41026152 POLIVALENTE C DOMINGOS SILVA,C E-EFMP
edital1142023_gsseed_ccm.pdf;Resultado de Consulta Pública;Edital n.º 114/2023 – GS/SEED;2023-12-06;1;41164920.0;IRONDI MANTOVANI PUGLIESI, C E-EF M;IRONDI MANTOVANI PUGLIESI, C E-EF M;Apucarana;aprovacao_consulta_publica;aprovada;2024.0;Instituições com adesão aprovada na consulta pública dos dias 28 e 29 de novembro de 2023.;APUCARANA ARAPONGAS 41164920 IRONDI MANTOVANI PUGLIESI, C E-EF M
edital1142023_gsseed_ccm.pdf;Resultado de Consulta Pública;Edital n.º 114/2023 – GS/SEED;2023-12-06;1;41027370.0;ROSA D CALSAVARA, C E-EF M PROFIS;ROSA D CALSAVARA, C E-EF M PROFIS;Apucarana;aprovacao_consulta_publica;aprovada;2024.0;Instituições com adesão aprovada na consulta pública dos dias 28 e 29 de novembro de 2023.;APUCARANA CAMBIRA 41027370 ROSA D CALSAVARA, C E-EF M PROFIS
edital1142023_gsseed_ccm.pdf;Resultado de Consulta Pública;Edital n.º 114/2023 – GS/SEED;2023-12-06;1;41122801.0;ALBERTO KRAUSE, C E PROF-EF M;ALBERTO KRAUSE, C E PROF-EF M;Almirante Tamandaré;aprovacao_consulta_publica;aprovada;2024.0;Instituições com adesão aprovada na consulta pública dos dias 28 e 29 de novembro de 2023.;AREA METROP. NORTE ALMIRANTE TAMANDARÉ 41122801 ALBERTO KRAUSE, C E PROF-EF M
edital1142023_gsseed_ccm.pdf;Resultado de Consulta Pública;Edital n.º 114/2023 – GS/SEED;2023-12-06;1;41124669.0;IVAN F DO AMARAL FILHO, C E-EF M PROF;IVAN F DO AMARAL FILHO, C E-EF M PROF;Campina Grande do Sul;aprovacao_consulta_publica;aprovada;2024.0;Instituições com adesão aprovada na consulta pública dos dias 28 e 29 de novembro de 2023.;AREA METROP. NORTE CAMPINA GRANDE DO SUL 41124669 IVAN F DO AMARAL FILHO, C E-EF M PROF
edital1142023_gsseed_ccm.pdf;Resultado de Consulta Pública;Edital n.º 114/2023 – GS/SEED;2023-12-06;1;41126122.0;JOAO R DE CAMARGO, C E-EF M PROFIS;JOAO R DE CAMARGO, C E-EF M PROFIS;Colombo;aprovacao_consulta_publica;aprovada;2024.0;Instituições com adesão aprovada na consulta pública dos dias 28 e 29 de novembro de 2023.;AREA METROP. NORTE COLOMBO 41126122 JOAO R DE CAMARGO, C E-EF M PROFIS
edital1142023_gsseed_ccm.pdf;Resultado de Consulta Pública;Edital n.º 114/2023 – GS/SEED;2023-12-06;1;41373456.0;OSCAR J D P E SILVA, C E-EF M;OSCAR J D P E SILVA, C E-EF M;Pinhais;aprovacao_consulta_publica;aprovada;2024.0;Instituições com adesão aprovada na consulta pública dos dias 28 e 29 de novembro de 2023.;AREA METROP. NORTE PINHAIS 41373456 OSCAR J D P E SILVA, C E-EF M
edital1142023_gsseed_ccm.pdf;Resultado de Consulta Pública;Edital n.º 114/2023 – GS/SEED;2023-12-06;1;41150902.0;PLANTA DEODORO, C E-EF M;PLANTA DEODORO, C E-EF M;Piraquara;aprovacao_consulta_publica;aprovada;2024.0;Instituições com adesão aprovada na consulta pública dos dias 28 e 29 de novembro de 2023.;AREA METROP. NORTE PIRAQUARA 41150902 PLANTA DEODORO, C E-EF M
edital1142023_gsseed_ccm.pdf;Resultado de Consulta Pública;Edital n.º 114/2023 – GS/SEED;2023-12-06;1;41158806.0;ROCHA POMBO, C E-EF M;ROCHA POMBO, C E-EF M;Araucária;aprovacao_consulta_publica;aprovada;2024.0;Instituições com adesão aprovada na consulta pública dos dias 28 e 29 de novembro de 2023.;AREA METROP. SUL ARAUCÁRIA 41158806 ROCHA POMBO, C E-EF M
edital1142023_gsseed_ccm.pdf;Resultado de Consulta Pública;Edital n.º 114/2023 – GS/SEED;2023-12-06;1;41124014.0;JUVENTUDE DE SANTO ANTONIO, C E-EF M;JUVENTUDE DE SANTO ANTONIO, C E-EF M;Balsa Nova;aprovacao_consulta_publica;aprovada;2024.0;Instituições com adesão aprovada na consulta pública dos dias 28 e 29 de novembro de 2023.;AREA METROP. SUL BALSA NOVA 41124014 JUVENTUDE DE SANTO ANTONIO, C E-EF M
edital1142023_gsseed_ccm.pdf;Resultado de Consulta Pública;Edital n.º 114/2023 – GS/SEED;2023-12-06;1;41125053.0;DJALMA MARINHO, C E-EF M PROFIS 69;DJALMA MARINHO, C E-EF M PROFIS 69;Campo Largo;aprovacao_consulta_publica;aprovada;2024.0;Instituições com adesão aprovada na consulta pública dos dias 28 e 29 de novembro de 2023.;AREA METROP. SUL CAMPO LARGO 41125053 DJALMA MARINHO, C E-EF M PROFIS 69
edital1142023_gsseed_ccm.pdf;Resultado de Consulta Pública;Edital n.º 114/2023 – GS/SEED;2023-12-06;2;41125193.0;JOAO XXIII, C E-E F M;JOAO XXIII, C E-E F M;Campo Largo;aprovacao_consulta_publica;aprovada;2024.0;Instituições com adesão aprovada na consulta pública dos dias 28 e 29 de novembro de 2023.;AREA METROP. SUL CAMPO LARGO 41125193 JOAO XXIII, C E-E F M
edital1142023_gsseed_ccm.pdf;Resultado de Consulta Pública;Edital n.º 114/2023 – GS/SEED;2023-12-06;2;41125304.0;MACEDO SOARES, C E-EF M PROFIS;MACEDO SOARES, C E-EF M PROFIS;Campo Largo;aprovacao_consulta_publica;aprovada;2024.0;Instituições com adesão aprovada na consulta pública dos dias 28 e 29 de novembro de 2023.;AREA METROP. SUL CAMPO LARGO 41125304 MACEDO SOARES, C E-EF M PROFIS
edital1142023_gsseed_ccm.pdf;Resultado de Consulta Pública;Edital n.º 114/2023 – GS/SEED;2023-12-06;2;41126670.0;MIGUEL FRANCO FILHO, C E-EF M PROFIS;MIGUEL FRANCO FILHO, C E-EF M PROFIS;Contenda;aprovacao_consulta_publica;aprovada;2024.0;Instituições com adesão aprovada na consulta pública dos dias 28 e 29 de novembro de 2023.;AREA METROP. SUL CONTENDA 41126670 MIGUEL FRANCO FILHO, C E-EF M PROFIS
edital1142023_gsseed_ccm.pdf;Resultado de Consulta Pública;Edital n.º 114/2023 – GS/SEED;2023-12-06;2;41137361.0;ARNALDO JANSEN, C E PE-EF M PROF CASCAVEL CAPITÃO LEÔNIDAS;ARNALDO JANSEN, C E PE-EF M PROF CASCAVEL CAPITÃO LEÔNIDAS;São José dos Pinhais;aprovacao_consulta_publica;aprovada;2024.0;Instituições com adesão aprovada na consulta pública dos dias 28 e 29 de novembro de 2023.;AREA METROP. SUL SÃO JOSÉ DOS PINHAIS 41137361 ARNALDO JANSEN, C E PE-EF M PROF CASCAVEL CAPITÃO LEÔNIDAS
edital1142023_gsseed_ccm.pdf;Resultado de Consulta Pública;Edital n.º 114/2023 – GS/SEED;2023-12-06;2;41070585.0;CARLOS A CAMARGO, C E-EF M PROFIS;CARLOS A CAMARGO, C E-EF M PROFIS;Capitão Leônidas Marques;aprovacao_consulta_publica;aprovada;2024.0;Instituições com adesão aprovada na consulta pública dos dias 28 e 29 de novembro de 2023.;MARQUES 41070585 CARLOS A CAMARGO, C E-EF M PROFIS
edital1142023_gsseed_ccm.pdf;Resultado de Consulta Pública;Edital n.º 114/2023 – GS/SEED;2023-12-06;2;41071409.0;HUMBERTO A C BRANCO, C E MAL-EF M PROF;HUMBERTO A C BRANCO, C E MAL-EF M PROF;Cascavel;aprovacao_consulta_publica;aprovada;2024.0;Instituições com adesão aprovada na consulta pública dos dias 28 e 29 de novembro de 2023.;CASCAVEL CASCAVEL 41071409 HUMBERTO A C BRANCO, C E MAL-EF M PROF
edital1142023_gsseed_ccm.pdf;Resultado de Consulta Pública;Edital n.º 114/2023 – GS/SEED;2023-12-06;2;41071590.0;JOSE A B ORSO, C E-EF M;JOSE A B ORSO, C E-EF M;Cascavel;aprovacao_consulta_publica;aprovada;2024.0;Instituições com adesão aprovada na consulta pública dos dias 28 e 29 de novembro de 2023.;CASCAVEL CASCAVEL 41071590 JOSE A B ORSO, C E-EF M
edital1142023_gsseed_ccm.pdf;Resultado de Consulta Pública;Edital n.º 114/2023 – GS/SEED;2023-12-06;2;41071018.0;XIV DE NOVEMBRO, C E -EF M;XIV DE NOVEMBRO, C E -EF M;Cascavel;aprovacao_consulta_publica;aprovada;2024.0;Instituições com adesão aprovada na consulta pública dos dias 28 e 29 de novembro de 2023.;CASCAVEL CASCAVEL 41071018 XIV DE NOVEMBRO, C E -EF M
edital1142023_gsseed_ccm.pdf;Resultado de Consulta Pública;Edital n.º 114/2023 – GS/SEED;2023-12-06;2;41072626.0;AMANCIO MORO, C E-EF M N PROFIS;AMANCIO MORO, C E-EF M N PROFIS;Cascavel;aprovacao_consulta_publica;aprovada;2024.0;Instituições com adesão aprovada na consulta pública dos dias 28 e 29 de novembro de 2023.;CASCAVEL CORBÉLIA 41072626 AMANCIO MORO, C E-EF M N PROFIS
edital1142023_gsseed_ccm.pdf;Resultado de Consulta Pública;Edital n.º 114/2023 – GS/SEED;2023-12-06;2;41043375.0;NOBREGA DA CUNHA, C E-EF M;NOBREGA DA CUNHA, C E-EF M;Cornélio Procópio;aprovacao_consulta_publica;aprovada;2024.0;Instituições com adesão aprovada na consulta pública dos dias 28 e 29 de novembro de 2023.;CORNELIO PROCOPIO BANDEIRANTES 41043375 NOBREGA DA CUNHA, C E-EF M
edital1142023_gsseed_ccm.pdf;Resultado de Consulta Pública;Edital n.º 114/2023 – GS/SEED;2023-12-06;2;41046218.0;ANTONIO BITONTI, E E PROF-EF;ANTONIO BITONTI, E E PROF-EF;Cornélio Procópio;aprovacao_consulta_publica;aprovada;2024.0;Instituições com adesão aprovada na consulta pública dos dias 28 e 29 de novembro de 2023.;CORNELIO PROCOPIO SERTANEJA 41046218 ANTONIO BITONTI, E E PROF-EF
edital1142023_gsseed_ccm.pdf;Resultado de Consulta Pública;Edital n.º 114/2023 – GS/SEED;2023-12-06;2;41128664.0;CRUZEIRO DO SUL, C E-EF M PROFIS;CRUZEIRO DO SUL, C E-EF M PROFIS;Curitiba;aprovacao_consulta_publica;aprovada;2024.0;Instituições com adesão aprovada na consulta pública dos dias 28 e 29 de novembro de 2023.;CURITIBA CURITIBA 41128664 CRUZEIRO DO SUL, C E-EF M PROFIS
edital1142023_gsseed_ccm.pdf;Resultado de Consulta Pública;Edital n.º 114/2023 – GS/SEED;2023-12-06;2;41531876.0;GUIDO ARZUA, C E PROF-EF M PROFIS;GUIDO ARZUA, C E PROF-EF M PROFIS;Curitiba;aprovacao_consulta_publica;aprovada;2024.0;Instituições com adesão aprovada na consulta pública dos dias 28 e 29 de novembro de 2023.;CURITIBA CURITIBA 41531876 GUIDO ARZUA, C E PROF-EF M PROFIS
edital1142023_gsseed_ccm.pdf;Resultado de Consulta Pública;Edital n.º 114/2023 – GS/SEED;2023-12-06;2;41130065.0;JAYME CANET, C E-EF M PROFIS;JAYME CANET, C E-EF M PROFIS;Curitiba;aprovacao_consulta_publica;aprovada;2024.0;Instituições com adesão aprovada na consulta pública dos dias 28 e 29 de novembro de 2023.;CURITIBA CURITIBA 41130065 JAYME CANET, C E-EF M PROFIS
edital1142023_gsseed_ccm.pdf;Resultado de Consulta Pública;Edital n.º 114/2023 – GS/SEED;2023-12-06;2;41130146.0;JOAO LOYOLA, C E PROF-EF M;JOAO LOYOLA, C E PROF-EF M;Curitiba;aprovacao_consulta_publica;aprovada;2024.0;Instituições com adesão aprovada na consulta pública dos dias 28 e 29 de novembro de 2023.;CURITIBA CURITIBA 41130146 JOAO LOYOLA, C E PROF-EF M
edital1142023_gsseed_ccm.pdf;Resultado de Consulta Pública;Edital n.º 114/2023 – GS/SEED;2023-12-06;2;41130170.0;JOAO PAULO I, C E PAPA-EF M PROFIS;JOAO PAULO I, C E PAPA-EF M PROFIS;Curitiba;aprovacao_consulta_publica;aprovada;2024.0;Instituições com adesão aprovada na consulta pública dos dias 28 e 29 de novembro de 2023.;CURITIBA CURITIBA 41130170 JOAO PAULO I, C E PAPA-EF M PROFIS
edital1142023_gsseed_ccm.pdf;Resultado de Consulta Pública;Edital n.º 114/2023 – GS/SEED;2023-12-06;2;41130200.0;JOAO WISLINSKI, C E PE-EF M N;JOAO WISLINSKI, C E PE-EF M N;Curitiba;aprovacao_consulta_publica;aprovada;2024.0;Instituições com adesão aprovada na consulta pública dos dias 28 e 29 de novembro de 2023.;CURITIBA CURITIBA 41130200 JOAO WISLINSKI, C E PE-EF M N
edital1142023_gsseed_ccm.pdf;Resultado de Consulta Pública;Edital n.º 114/2023 – GS/SEED;2023-12-06;2;41130359.0;JULIO MESQUITA, C E PROF-EF M PROFIS;JULIO MESQUITA, C E PROF-EF M PROFIS;Curitiba;aprovacao_consulta_publica;aprovada;2024.0;Instituições com adesão aprovada na consulta pública dos dias 28 e 29 de novembro de 2023.;CURITIBA CURITIBA 41130359 JULIO MESQUITA, C E PROF-EF M PROFIS
edital1142023_gsseed_ccm.pdf;Resultado de Consulta Pública;Edital n.º 114/2023 – GS/SEED;2023-12-06;2;41130421.0;LAMENHA LINS, C E PRES-EF M PROFIS;LAMENHA LINS, C E PRES-EF M PROFIS;Curitiba;aprovacao_consulta_publica;aprovada;2024.0;Instituições com adesão aprovada na consulta pública dos dias 28 e 29 de novembro de 2023.;CURITIBA CURITIBA 41130421 LAMENHA LINS, C E PRES-EF M PROFIS
edital1142023_gsseed_ccm.pdf;Resultado de Consulta Pública;Edital n.º 114/2023 – GS/SEED;2023-12-06;2;41130685.0;LUIZA ROSS, C E PROFA-EF M PROFIS;LUIZA ROSS, C E PROFA-EF M PROFIS;Curitiba;aprovacao_consulta_publica;aprovada;2024.0;Instituições com adesão aprovada na consulta pública dos dias 28 e 29 de novembro de 2023.;CURITIBA CURITIBA 41130685 LUIZA ROSS, C E PROFA-EF M PROFIS
edital1142023_gsseed_ccm.pdf;Resultado de Consulta Pública;Edital n.º 114/2023 – GS/SEED;2023-12-06;2;41131223.0;MILTON CARNEIRO, C E-EF M PROFIS;MILTON CARNEIRO, C E-EF M PROFIS;Curitiba;aprovacao_consulta_publica;aprovada;2024.0;Instituições com adesão aprovada na consulta pública dos dias 28 e 29 de novembro de 2023.;CURITIBA CURITIBA 41131223 MILTON CARNEIRO, C E-EF M PROFIS
edital1142023_gsseed_ccm.pdf;Resultado de Consulta Pública;Edital n.º 114/2023 – GS/SEED;2023-12-06;2;41132475.0;PINHEIRO DO PARANA, C E-EF M PROFIS;PINHEIRO DO PARANA, C E-EF M PROFIS;Curitiba;aprovacao_consulta_publica;aprovada;2024.0;Instituições com adesão aprovada na consulta pública dos dias 28 e 29 de novembro de 2023.;CURITIBA CURITIBA 41132475 PINHEIRO DO PARANA, C E-EF M PROFIS
edital1142023_gsseed_ccm.pdf;Resultado de Consulta Pública;Edital n.º 114/2023 – GS/SEED;2023-12-06;2;41133137.0;SANTA FELICIDADE, C E-EF M PROFIS;SANTA FELICIDADE, C E-EF M PROFIS;Curitiba;aprovacao_consulta_publica;aprovada;2024.0;Instituições com adesão aprovada na consulta pública dos dias 28 e 29 de novembro de 2023.;CURITIBA CURITIBA 41133137 SANTA FELICIDADE, C E-EF M PROFIS
edital1142023_gsseed_ccm.pdf;Resultado de Consulta Pública;Edital n.º 114/2023 – GS/SEED;2023-12-06;2;41133200.0;SANTO ANTONIO, E E-EF;SANTO ANTONIO, E E-EF;Curitiba;aprovacao_consulta_publica;aprovada;2024.0;Instituições com adesão aprovada na consulta pública dos dias 28 e 29 de novembro de 2023.;CURITIBA CURITIBA 41133200 SANTO ANTONIO, E E-EF
edital1142023_gsseed_ccm.pdf;Resultado de Consulta Pública;Edital n.º 114/2023 – GS/SEED;2023-12-06;2;41084772.0;LEONARDO DA VINCI, C E-EF M N PROFIS;LEONARDO DA VINCI, C E-EF M N PROFIS;Dois Vizinhos;aprovacao_consulta_publica;aprovada;2024.0;Instituições com adesão aprovada na consulta pública dos dias 28 e 29 de novembro de 2023.;DOIS VIZINHOS DOIS VIZINHOS 41084772 LEONARDO DA VINCI, C E-EF M N PROFIS
edital1142023_gsseed_ccm.pdf;Resultado de Consulta Pública;Edital n.º 114/2023 – GS/SEED;2023-12-06;2;41148550.0;SANTA RITA, E E-EF;SANTA RITA, E E-EF;Foz do Iguaçu;aprovacao_consulta_publica;aprovada;2024.0;Instituições com adesão aprovada na consulta pública dos dias 28 e 29 de novembro de 2023.;FOZ DO IGUAÇU FOZ DO IGUAÇU 41148550 SANTA RITA, E E-EF
edital1142023_gsseed_ccm.pdf;Resultado de Consulta Pública;Edital n.º 114/2023 – GS/SEED;2023-12-06;2;41077512.0;ARTHUR DA C SILVA, C E MAL-EF M PROFIS;ARTHUR DA C SILVA, C E MAL-EF M PROFIS;Foz do Iguaçu;aprovacao_consulta_publica;aprovada;2024.0;Instituições com adesão aprovada na consulta pública dos dias 28 e 29 de novembro de 2023.;FOZ DO IGUAÇU MEDIANEIRA 41077512 ARTHUR DA C SILVA, C E MAL-EF M PROFIS
edital1142023_gsseed_ccm.pdf;Resultado de Consulta Pública;Edital n.º 114/2023 – GS/SEED;2023-12-06;2;41081340.0;JOAO ZACCO PARANA, C E-EF M PROFIS;JOAO ZACCO PARANA, C E-EF M PROFIS;Francisco Beltrão;aprovacao_consulta_publica;aprovada;2024.0;Instituições com adesão aprovada na consulta pública dos dias 28 e 29 de novembro de 2023.;FRANCISCO BELTRAO PLANALTO 41081340 JOAO ZACCO PARANA, C E-EF M PROFIS
edital1142023_gsseed_ccm.pdf;Resultado de Consulta Pública;Edital n.º 114/2023 – GS/SEED;2023-12-06;2;41012631.0;RIBEIRO DE CAMPOS, E E-EF;RIBEIRO DE CAMPOS, E E-EF;Goioerê;aprovacao_consulta_publica;aprovada;2024.0;Instituições com adesão aprovada na consulta pública dos dias 28 e 29 de novembro de 2023.;GOIOERE GOIOERÊ 41012631 RIBEIRO DE CAMPOS, E E-EF
edital1142023_gsseed_ccm.pdf;Resultado de Consulta Pública;Edital n.º 114/2023 – GS/SEED;2023-12-06;2;41037324.0;ANTONIO DINIZ PEREIRA, C E-EF M PROFIS;ANTONIO DINIZ PEREIRA, C E-EF M PROFIS;Ivaiporã;aprovacao_consulta_publica;aprovada;2024.0;Instituições com adesão aprovada na consulta pública dos dias 28 e 29 de novembro de 2023.;IVAIPORÃ IVAIPORÃ 41037324 ANTONIO DINIZ PEREIRA, C E-EF M PROFIS
edital1142023_gsseed_ccm.pdf;Resultado de Consulta Pública;Edital n.º 114/2023 – GS/SEED;2023-12-06;2;41040317.0;JOSE DE MATTOS LEAO, C E-EF M;JOSE DE MATTOS LEAO, C E-EF M;São João do Ivaí;aprovacao_consulta_publica;aprovada;2024.0;Instituições com adesão aprovada na consulta pública dos dias 28 e 29 de novembro de 2023.;IVAIPORÃ SÃO JOÃO DO IVAÍ 41040317 JOSE DE MATTOS LEAO, C E-EF M
edital1142023_gsseed_ccm.pdf;Resultado de Consulta Pública;Edital n.º 114/2023 – GS/SEED;2023-12-06;2;41042778.0;STELLA MARIS, C E-EF M;STELLA MARIS, C E-EF M;Jacarezinho;aprovacao_consulta_publica;aprovada;2024.0;Instituições com adesão aprovada na consulta pública dos dias 28 e 29 de novembro de 2023.;JACAREZINHO ANDIRÁ 41042778 STELLA MARIS, C E-EF M
edital1142023_gsseed_ccm.pdf;Resultado de Consulta Pública;Edital n.º 114/2023 – GS/SEED;2023-12-06;2;41046552.0;CAROLINA LUPION, C E DONA-EF M;CAROLINA LUPION, C E DONA-EF M;Jacarezinho;aprovacao_consulta_publica;aprovada;2024.0;Instituições com adesão aprovada na consulta pública dos dias 28 e 29 de novembro de 2023.;JACAREZINHO CAMBARÁ 41046552 CAROLINA LUPION, C E DONA-EF M
edital1142023_gsseed_ccm.pdf;Resultado de Consulta Pública;Edital n.º 114/2023 – GS/SEED;2023-12-06;2;41046960.0;ANESIO DE A LEITE, C E-EF M PROFIS;ANESIO DE A LEITE, C E-EF M PROFIS;Jacarezinho;aprovacao_consulta_publica;aprovada;2024.0;Instituições com adesão aprovada na consulta pública dos dias 28 e 29 de novembro de 2023.;JACAREZINHO JACAREZINHO 41046960 ANESIO DE A LEITE, C E-EF M PROFIS
edital1142023_gsseed_ccm.pdf;Resultado de Consulta Pública;Edital n.º 114/2023 – GS/SEED;2023-12-06;2;41105176.0;ALTO RECREIO, C E-EF M LOANDA SANTA CRUZ DE MONTE;ALTO RECREIO, C E-EF M LOANDA SANTA CRUZ DE MONTE;Laranjeiras do Sul;aprovacao_consulta_publica;aprovada;2024.0;Instituições com adesão aprovada na consulta pública dos dias 28 e 29 de novembro de 2023.;LARANJEIRAS DO SUL QUEDAS DO IGUAÇU 41105176 ALTO RECREIO, C E-EF M LOANDA SANTA CRUZ DE MONTE
edital1142023_gsseed_ccm.pdf;Resultado de Consulta Pública;Edital n.º 114/2023 – GS/SEED;2023-12-06;2;41003292.0;SANTOS DUMONT, C E-EF M;SANTOS DUMONT, C E-EF M;Santa Cruz de Monte Castelo;aprovacao_consulta_publica;aprovada;2024.0;Instituições com adesão aprovada na consulta pública dos dias 28 e 29 de novembro de 2023.;CASTELO 41003292 SANTOS DUMONT, C E-EF M
edital1142023_gsseed_ccm.pdf;Resultado de Consulta Pública;Edital n.º 114/2023 – GS/SEED;2023-12-06;2;41021100.0;ANASTACIO CEREZINE, E E-EF;ANASTACIO CEREZINE, E E-EF;Alvorada do Sul;aprovacao_consulta_publica;aprovada;2024.0;Instituições com adesão aprovada na consulta pública dos dias 28 e 29 de novembro de 2023.;LONDRINA ALVORADA DO SUL 41021100 ANASTACIO CEREZINE, E E-EF
edital1142023_gsseed_ccm.pdf;Resultado de Consulta Pública;Edital n.º 114/2023 – GS/SEED;2023-12-06;2;41028406.0;ANDREA NUZZI, C E MAESTRO-EF M PROFIS;ANDREA NUZZI, C E MAESTRO-EF M PROFIS;Londrina;aprovacao_consulta_publica;aprovada;2024.0;Instituições com adesão aprovada na consulta pública dos dias 28 e 29 de novembro de 2023.;LONDRINA CAMBÉ 41028406 ANDREA NUZZI, C E MAESTRO-EF M PROFIS
edital1142023_gsseed_ccm.pdf;Resultado de Consulta Pública;Edital n.º 114/2023 – GS/SEED;2023-12-06;2;41028457.0;ATTILIO CODATO, C E-EF M PROFIS;ATTILIO CODATO, C E-EF M PROFIS;Londrina;aprovacao_consulta_publica;aprovada;2024.0;Instituições com adesão aprovada na consulta pública dos dias 28 e 29 de novembro de 2023.;LONDRINA CAMBÉ 41028457 ATTILIO CODATO, C E-EF M PROFIS
edital1142023_gsseed_ccm.pdf;Resultado de Consulta Pública;Edital n.º 114/2023 – GS/SEED;2023-12-06;2;41028732.0;HELENA KOLODY, C E PROF-EF M;HELENA KOLODY, C E PROF-EF M;Londrina;aprovacao_consulta_publica;aprovada;2024.0;Instituições com adesão aprovada na consulta pública dos dias 28 e 29 de novembro de 2023.;LONDRINA CAMBÉ 41028732 HELENA KOLODY, C E PROF-EF M
edital1142023_gsseed_ccm.pdf;Resultado de Consulta Pública;Edital n.º 114/2023 – GS/SEED;2023-12-06;2;41028902.0;MANUEL BANDEIRA, C E-EF EM PROFIS;MANUEL BANDEIRA, C E-EF EM PROFIS;Londrina;aprovacao_consulta_publica;aprovada;2024.0;Instituições com adesão aprovada na consulta pública dos dias 28 e 29 de novembro de 2023.;LONDRINA CAMBÉ 41028902 MANUEL BANDEIRA, C E-EF EM PROFIS
edital1142023_gsseed_ccm.pdf;Resultado de Consulta Pública;Edital n.º 114/2023 – GS/SEED;2023-12-06;2;41030125.0;CARLOS DE ALMEIDA, C E-EF M PROFIS;CARLOS DE ALMEIDA, C E-EF M PROFIS;Londrina;aprovacao_consulta_publica;aprovada;2024.0;Instituições com adesão aprovada na consulta pública dos dias 28 e 29 de novembro de 2023.;LONDRINA LONDRINA 41030125 CARLOS DE ALMEIDA, C E-EF M PROFIS
edital1142023_gsseed_ccm.pdf;Resultado de Consulta Pública;Edital n.º 114/2023 – GS/SEED;2023-12-06;2;41030265.0;CELIA MORAES DE OLIVEIRA,C E PROF-EF M P;CELIA MORAES DE OLIVEIRA,C E PROF-EF M P;Londrina;aprovacao_consulta_publica;aprovada;2024.0;Instituições com adesão aprovada na consulta pública dos dias 28 e 29 de novembro de 2023.;LONDRINA LONDRINA 41030265 CELIA MORAES DE OLIVEIRA,C E PROF-EF M P
edital1142023_gsseed_ccm.pdf;Resultado de Consulta Pública;Edital n.º 114/2023 – GS/SEED;2023-12-06;2;41030800.0;HEBER S VARGAS, C E PROF DR-EF M PROFIS 70;HEBER S VARGAS, C E PROF DR-EF M PROFIS 70;Londrina;aprovacao_consulta_publica;aprovada;2024.0;Instituições com adesão aprovada na consulta pública dos dias 28 e 29 de novembro de 2023.;LONDRINA LONDRINA 41030800 HEBER S VARGAS, C E PROF DR-EF M PROFIS 70
edital1142023_gsseed_ccm.pdf;Resultado de Consulta Pública;Edital n.º 114/2023 – GS/SEED;2023-12-06;3;41031237.0;HUGO SIMAS, C E-EF M PROFIS;HUGO SIMAS, C E-EF M PROFIS;Londrina;aprovacao_consulta_publica;aprovada;2024.0;Instituições com adesão aprovada na consulta pública dos dias 28 e 29 de novembro de 2023.;LONDRINA LONDRINA 41031237 HUGO SIMAS, C E-EF M PROFIS
edital1142023_gsseed_ccm.pdf;Resultado de Consulta Pública;Edital n.º 114/2023 – GS/SEED;2023-12-06;3;41031253.0;HUMBERTO P COUTINHO, C E-EF M PROFIS;HUMBERTO P COUTINHO, C E-EF M PROFIS;Londrina;aprovacao_consulta_publica;aprovada;2024.0;Instituições com adesão aprovada na consulta pública dos dias 28 e 29 de novembro de 2023.;LONDRINA LONDRINA 41031253 HUMBERTO P COUTINHO, C E-EF M PROFIS
edital1142023_gsseed_ccm.pdf;Resultado de Consulta Pública;Edital n.º 114/2023 – GS/SEED;2023-12-06;3;41031873.0;MARGARIDA B LISBOA, C E PROFA-EF M;MARGARIDA B LISBOA, C E PROFA-EF M;Londrina;aprovacao_consulta_publica;aprovada;2024.0;Instituições com adesão aprovada na consulta pública dos dias 28 e 29 de novembro de 2023.;LONDRINA LONDRINA 41031873 MARGARIDA B LISBOA, C E PROFA-EF M
edital1142023_gsseed_ccm.pdf;Resultado de Consulta Pública;Edital n.º 114/2023 – GS/SEED;2023-12-06;3;41032241.0;NILO PECANHA, C E-EF M PROFIS;NILO PECANHA, C E-EF M PROFIS;Londrina;aprovacao_consulta_publica;aprovada;2024.0;Instituições com adesão aprovada na consulta pública dos dias 28 e 29 de novembro de 2023.;LONDRINA LONDRINA 41032241 NILO PECANHA, C E-EF M PROFIS
edital1142023_gsseed_ccm.pdf;Resultado de Consulta Pública;Edital n.º 114/2023 – GS/SEED;2023-12-06;3;41032446.0;OLYMPIA M TORMENTA, C E PROF-EF M PROFIS;OLYMPIA M TORMENTA, C E PROF-EF M PROFIS;Londrina;aprovacao_consulta_publica;aprovada;2024.0;Instituições com adesão aprovada na consulta pública dos dias 28 e 29 de novembro de 2023.;LONDRINA LONDRINA 41032446 OLYMPIA M TORMENTA, C E PROF-EF M PROFIS
edital1142023_gsseed_ccm.pdf;Resultado de Consulta Pública;Edital n.º 114/2023 – GS/SEED;2023-12-06;3;41597915.0;PATRIMONIO REGINA, C E DO-EF M;PATRIMONIO REGINA, C E DO-EF M;Londrina;aprovacao_consulta_publica;aprovada;2024.0;Instituições com adesão aprovada na consulta pública dos dias 28 e 29 de novembro de 2023.;LONDRINA LONDRINA 41597915 PATRIMONIO REGINA, C E DO-EF M
edital1142023_gsseed_ccm.pdf;Resultado de Consulta Pública;Edital n.º 114/2023 – GS/SEED;2023-12-06;3;41355156.0;THIAGO TERRA, C E-EF M PROF;THIAGO TERRA, C E-EF M PROF;Londrina;aprovacao_consulta_publica;aprovada;2024.0;Instituições com adesão aprovada na consulta pública dos dias 28 e 29 de novembro de 2023.;LONDRINA LONDRINA 41355156 THIAGO TERRA, C E-EF M PROF
edital1142023_gsseed_ccm.pdf;Resultado de Consulta Pública;Edital n.º 114/2023 – GS/SEED;2023-12-06;3;41030486.0;WISTREMUNDO R P GARCIA, C E PE-EF M P;WISTREMUNDO R P GARCIA, C E PE-EF M P;Londrina;aprovacao_consulta_publica;aprovada;2024.0;Instituições com adesão aprovada na consulta pública dos dias 28 e 29 de novembro de 2023.;LONDRINA LONDRINA 41030486 WISTREMUNDO R P GARCIA, C E PE-EF M P
edital1142023_gsseed_ccm.pdf;Resultado de Consulta Pública;Edital n.º 114/2023 – GS/SEED;2023-12-06;3;41033620.0;LAURO P TAVARES, C E DR-EF M;LAURO P TAVARES, C E DR-EF M;Londrina;aprovacao_consulta_publica;aprovada;2024.0;Instituições com adesão aprovada na consulta pública dos dias 28 e 29 de novembro de 2023.;LONDRINA ROLÂNDIA 41033620 LAURO P TAVARES, C E DR-EF M
edital1142023_gsseed_ccm.pdf;Resultado de Consulta Pública;Edital n.º 114/2023 – GS/SEED;2023-12-06;3;41022750.0;ARTHUR C E SILVA, E E PRES-EF;ARTHUR C E SILVA, E E PRES-EF;Maringá;aprovacao_consulta_publica;aprovada;2024.0;Instituições com adesão aprovada na consulta pública dos dias 28 e 29 de novembro de 2023.;MARINGA FLORESTA 41022750 ARTHUR C E SILVA, E E PRES-EF
edital1142023_gsseed_ccm.pdf;Resultado de Consulta Pública;Edital n.º 114/2023 – GS/SEED;2023-12-06;3;41020286.0;FRANCISCO J PERIOTO, E E PROF-EF;FRANCISCO J PERIOTO, E E PROF-EF;Maringá;aprovacao_consulta_publica;aprovada;2024.0;Instituições com adesão aprovada na consulta pública dos dias 28 e 29 de novembro de 2023.;MARINGA MANDAGUAÇU 41020286 FRANCISCO J PERIOTO, E E PROF-EF
edital1142023_gsseed_ccm.pdf;Resultado de Consulta Pública;Edital n.º 114/2023 – GS/SEED;2023-12-06;3;41021010.0;MANOEL F ALMEIDA, E E DR-EF;MANOEL F ALMEIDA, E E DR-EF;Santo Inácio;aprovacao_consulta_publica;aprovada;2024.0;Instituições com adesão aprovada na consulta pública dos dias 28 e 29 de novembro de 2023.;MARINGA SANTO INÁCIO 41021010 MANOEL F ALMEIDA, E E DR-EF
edital1142023_gsseed_ccm.pdf;Resultado de Consulta Pública;Edital n.º 114/2023 – GS/SEED;2023-12-06;3;41140052.0;SERTAOZINHO, C E-E F M N PROFIS;SERTAOZINHO, C E-E F M N PROFIS;Paranaguá;aprovacao_consulta_publica;aprovada;2024.0;Instituições com adesão aprovada na consulta pública dos dias 28 e 29 de novembro de 2023.;PARANAGUA MATINHOS 41140052 SERTAOZINHO, C E-E F M N PROFIS
edital1142023_gsseed_ccm.pdf;Resultado de Consulta Pública;Edital n.º 114/2023 – GS/SEED;2023-12-06;3;41092694.0;ISIDORO DUMONT, E E IR-EF;ISIDORO DUMONT, E E IR-EF;Pato Branco;aprovacao_consulta_publica;aprovada;2024.0;Instituições com adesão aprovada na consulta pública dos dias 28 e 29 de novembro de 2023.;PATO BRANCO ITAPEJARA D'OESTE 41092694 ISIDORO DUMONT, E E IR-EF
edital1142023_gsseed_ccm.pdf;Resultado de Consulta Pública;Edital n.º 114/2023 – GS/SEED;2023-12-06;3;41093666.0;SAO JOAO BOSCO, C E-EF M PROFIS;SAO JOAO BOSCO, C E-EF M PROFIS;Pato Branco;aprovacao_consulta_publica;aprovada;2024.0;Instituições com adesão aprovada na consulta pública dos dias 28 e 29 de novembro de 2023.;PATO BRANCO PATO BRANCO 41093666 SAO JOAO BOSCO, C E-EF M PROFIS
edital1142023_gsseed_ccm.pdf;Resultado de Consulta Pública;Edital n.º 114/2023 – GS/SEED;2023-12-06;3;41062108.0;BECKER E SILVA, C E PROF-EF M PROFIS;BECKER E SILVA, C E PROF-EF M PROFIS;Ponta Grossa;aprovacao_consulta_publica;aprovada;2024.0;Instituições com adesão aprovada na consulta pública dos dias 28 e 29 de novembro de 2023.;PONTA GROSSA PONTA GROSSA 41062108 BECKER E SILVA, C E PROF-EF M PROFIS
edital1142023_gsseed_ccm.pdf;Resultado de Consulta Pública;Edital n.º 114/2023 – GS/SEED;2023-12-06;3;41062191.0;CARLOS ZELESNY, C E PE-EF M;CARLOS ZELESNY, C E PE-EF M;Ponta Grossa;aprovacao_consulta_publica;aprovada;2024.0;Instituições com adesão aprovada na consulta pública dos dias 28 e 29 de novembro de 2023.;PONTA GROSSA PONTA GROSSA 41062191 CARLOS ZELESNY, C E PE-EF M
edital1142023_gsseed_ccm.pdf;Resultado de Consulta Pública;Edital n.º 114/2023 – GS/SEED;2023-12-06;3;41354273.0;EDISON PIETROBELLI, C E PROF-EF M;EDISON PIETROBELLI, C E PROF-EF M;Ponta Grossa;aprovacao_consulta_publica;aprovada;2024.0;Instituições com adesão aprovada na consulta pública dos dias 28 e 29 de novembro de 2023.;PONTA GROSSA PONTA GROSSA 41354273 EDISON PIETROBELLI, C E PROF-EF M
edital1142023_gsseed_ccm.pdf;Resultado de Consulta Pública;Edital n.º 114/2023 – GS/SEED;2023-12-06;3;41062469.0;EPAMINONDAS N RIBAS, C E DR-EF M PROFIS;EPAMINONDAS N RIBAS, C E DR-EF M PROFIS;Ponta Grossa;aprovacao_consulta_publica;aprovada;2024.0;Instituições com adesão aprovada na consulta pública dos dias 28 e 29 de novembro de 2023.;PONTA GROSSA PONTA GROSSA 41062469 EPAMINONDAS N RIBAS, C E DR-EF M PROFIS
edital1142023_gsseed_ccm.pdf;Resultado de Consulta Pública;Edital n.º 114/2023 – GS/SEED;2023-12-06;3;41063139.0;NOSSA SRA DA GLORIA, C E-EF M;NOSSA SRA DA GLORIA, C E-EF M;Ponta Grossa;aprovacao_consulta_publica;aprovada;2024.0;Instituições com adesão aprovada na consulta pública dos dias 28 e 29 de novembro de 2023.;PONTA GROSSA PONTA GROSSA 41063139 NOSSA SRA DA GLORIA, C E-EF M
edital1142023_gsseed_ccm.pdf;Resultado de Consulta Pública;Edital n.º 114/2023 – GS/SEED;2023-12-06;3;41068807.0;LUIZ AUGUSTO M REGO, C E-EF M PROFIS;LUIZ AUGUSTO M REGO, C E-EF M PROFIS;Toledo;aprovacao_consulta_publica;aprovada;2024.0;Instituições com adesão aprovada na consulta pública dos dias 28 e 29 de novembro de 2023.;TOLEDO TOLEDO 41068807 LUIZ AUGUSTO M REGO, C E-EF M PROFIS
edital1142023_gsseed_ccm.pdf;Resultado de Consulta Pública;Edital n.º 114/2023 – GS/SEED;2023-12-06;3;41004957.0;ANCHIETA, C E-E F M N;ANCHIETA, C E-E F M N;Cruzeiro do Oeste;aprovacao_consulta_publica;aprovada;2024.0;Instituições com adesão aprovada na consulta pública dos dias 28 e 29 de novembro de 2023.;UMUARAMA CRUZEIRO DO OESTE 41004957 ANCHIETA, C E-E F M N
edital1142023_gsseed_ccm.pdf;Resultado de Consulta Pública;Edital n.º 114/2023 – GS/SEED;2023-12-06;3;41007280.0;CASTELO BRANCO, C E PRES-EF M;CASTELO BRANCO, C E PRES-EF M;Umuarama;aprovacao_consulta_publica;aprovada;2024.0;Instituições com adesão aprovada na consulta pública dos dias 28 e 29 de novembro de 2023.;UMUARAMA TAPIRA 41007280 CASTELO BRANCO, C E PRES-EF M
edital1142023_gsseed_ccm.pdf;Resultado de Consulta Pública;Edital n.º 114/2023 – GS/SEED;2023-12-06;3;41052250.0;NEWTON SAMPAIO, E E-EF;NEWTON SAMPAIO, E E-EF;Wenceslau Braz;aprovacao_consulta_publica;aprovada;2024.0;Instituições com adesão aprovada na consulta pública dos dias 28 e 29 de novembro de 2023.;WENCESLAU BRAZ SÃO JOSÉ DA BOA VISTA 41052250 NEWTON SAMPAIO, E E-EF
edital1142023_gsseed_ccm.pdf;Resultado de Consulta Pública;Edital n.º 114/2023 – GS/SEED;2023-12-06;3;41053494.0;MIGUEL NASSIF MALUF, C E-EF M;MIGUEL NASSIF MALUF, C E-EF M;Wenceslau Braz;aprovacao_consulta_publica;aprovada;2024.0;Instituições com adesão aprovada na consulta pública dos dias 28 e 29 de novembro de 2023.;WENCESLAU BRAZ WENCESLAU BRAZ 41053494 MIGUEL NASSIF MALUF, C E-EF M
edital1152023_gsseed_ccm.pdf;Processo Seletivo de Pessoal / Gestão CCM;EDITAL N.º 115/2023 – GS/SEED;2023-12-11;1;;Instituições de Ensino Cívico-Militares (Vagas de Diretores / Monitores);INSTITUICOES DE ENSINO CIVICO-MILITARES (VAGAS DE DIRETORES / MONITORES);Estado do Paraná;processo_seletivo_pessoal;instituicao_com_vaga;2024.0;Edital referente a credenciamento, homologação de saúde ou seleção de militares/diretores. Documento: edital1152023_gsseed_ccm.;Cabeçalho do documento edital1152023_gsseed_ccm
edital1192025_gsseed_prot245564546_ccm_resultado_final_inapto.pdf;Processo Seletivo de Pessoal / Gestão CCM;EDITAL N.º 119/2025 – GS/SEED;2025-10-24;1;;Instituições de Ensino Cívico-Militares (Vagas de Diretores / Monitores);INSTITUICOES DE ENSINO CIVICO-MILITARES (VAGAS DE DIRETORES / MONITORES);Estado do Paraná;processo_seletivo_pessoal;instituicao_com_vaga;;Edital referente a credenciamento, homologação de saúde ou seleção de militares/diretores. Documento: edital1192025_gsseed_prot245564546_ccm_resultado_final_inapto.;Cabeçalho do documento edital1192025_gsseed_prot245564546_ccm_resultado_final_inapto
edital12024_gsseed_prot203330650_ccm.pdf;Processo Seletivo de Pessoal / Gestão CCM;EDITAL N.º 1/2024 – GS/SEED;2024-01-08;1;;Instituições de Ensino Cívico-Militares (Vagas de Diretores / Monitores);INSTITUICOES DE ENSINO CIVICO-MILITARES (VAGAS DE DIRETORES / MONITORES);Estado do Paraná;processo_seletivo_pessoal;instituicao_com_vaga;2024.0;Edital referente a credenciamento, homologação de saúde ou seleção de militares/diretores. Documento: edital12024_gsseed_prot203330650_ccm.;Cabeçalho do documento edital12024_gsseed_prot203330650_ccm
edital1212023_gsseed_prot213100866_ccm.pdf;Edital de Prorrogação de Consulta Pública;Edital n.º 121/2023 – GS/SEED;2023-12-18;1;41077776.0;KENNEDY, C E C PRES - E F M;KENNEDY, C E C PRES - E F M;Serranópolis do Iguaçu;prorrogacao_consulta_publica;consultada;2024.0;Prorrogação de consulta pública complementar.;IGUAÇU SERRANÓPOLIS DO IGUAÇU 41077776 KENNEDY, C E C PRES - E F M
edital1212023_gsseed_prot213100866_ccm.pdf;Edital de Prorrogação de Consulta Pública;Edital n.º 121/2023 – GS/SEED;2023-12-18;1;41004051.0;SANTO INACIO DE LOYOLA, C E-EF M;SANTO INACIO DE LOYOLA, C E-EF M;Terra Rica;prorrogacao_consulta_publica;consultada;2024.0;Prorrogação de consulta pública complementar.;PARANAVAÍ TERRA RICA 41004051 SANTO INACIO DE LOYOLA, C E-EF M
edital122024_gsseed_prot213553291_processo_seletivo_cmeiv_ccm.pdf;Processo Seletivo de Pessoal / Gestão CCM;EDITAL N.º 12/2024 – GS/SEED;2024-02-26;1;;Instituições de Ensino Cívico-Militares (Vagas de Diretores / Monitores);INSTITUICOES DE ENSINO CIVICO-MILITARES (VAGAS DE DIRETORES / MONITORES);Estado do Paraná;processo_seletivo_pessoal;instituicao_com_vaga;2024.0;Edital referente a credenciamento, homologação de saúde ou seleção de militares/diretores. Documento: edital122024_gsseed_prot213553291_processo_seletivo_cmeiv_ccm.;Cabeçalho do documento edital122024_gsseed_prot213553291_processo_seletivo_cmeiv_ccm
edital1222023_gsseed_prot214105004_ccm_resultado_processo_consulta_publica.pdf;Resultado de Consulta Pública / Homologação;Edital n.º 122/2023 – GS/SEED;2023-12-20;1;41122836.0;EMILIA BUZATO, CE- EF M PROFIS;EMILIA BUZATO, CE- EF M PROFIS;Campo Magro;homologacao_resultado_consulta;aprovada;2024.0;Adesão aprovada na consulta de 14-19 dez/2023 com início do modelo a partir de 01/01/2024.;AMN CAMPO MAGRO 41122836 EMILIA BUZATO, CE- EF M PROFIS
edital1222023_gsseed_prot214105004_ccm_resultado_processo_consulta_publica.pdf;Resultado de Consulta Pública / Homologação;Edital n.º 122/2023 – GS/SEED;2023-12-20;1;41123212.0;ROSA F JOHNSON, E E PROFA-EF;ROSA F JOHNSON, E E PROFA-EF;Almirante Tamandaré;homologacao_resultado_consulta;aprovada;2024.0;Adesão aprovada na consulta de 14-19 dez/2023 com início do modelo a partir de 01/01/2024.;AMN ALMIRANTE TAMANDARÉ 41123212 ROSA F JOHNSON, E E PROFA-EF
edital1222023_gsseed_prot214105004_ccm_resultado_processo_consulta_publica.pdf;Resultado de Consulta Pública / Homologação;Edital n.º 122/2023 – GS/SEED;2023-12-20;1;41010345.0;CASTRO ALVES, CE- EM PROFIS;CASTRO ALVES, CE- EM PROFIS;Cianorte;homologacao_resultado_consulta;aprovada;2024.0;Adesão aprovada na consulta de 14-19 dez/2023 com início do modelo a partir de 01/01/2024.;CIANORTE RONDON 41010345 CASTRO ALVES, CE- EM PROFIS
edital1222023_gsseed_prot214105004_ccm_resultado_processo_consulta_publica.pdf;Resultado de Consulta Pública / Homologação;Edital n.º 122/2023 – GS/SEED;2023-12-20;1;41089006.0;JORGE DE LIMA, E E- EF;JORGE DE LIMA, E E- EF;Salto do Lontra;homologacao_resultado_consulta;aprovada;2024.0;Adesão aprovada na consulta de 14-19 dez/2023 com início do modelo a partir de 01/01/2024.;DOIS VIZINHOS SALTO DO LONTRA 41089006 JORGE DE LIMA, E E- EF
edital1222023_gsseed_prot214105004_ccm_resultado_processo_consulta_publica.pdf;Resultado de Consulta Pública / Homologação;Edital n.º 122/2023 – GS/SEED;2023-12-20;1;41100689.0;LENI MARLENE JACOB, C E PROFA-EF M PROF;LENI MARLENE JACOB, C E PROFA-EF M PROF;Guarapuava;homologacao_resultado_consulta;aprovada;2024.0;Adesão aprovada na consulta de 14-19 dez/2023 com início do modelo a partir de 01/01/2024.;GUARAPUAVA GUARAPUAVA 41100689 LENI MARLENE JACOB, C E PROFA-EF M PROF
edital1222023_gsseed_prot214105004_ccm_resultado_processo_consulta_publica.pdf;Resultado de Consulta Pública / Homologação;Edital n.º 122/2023 – GS/SEED;2023-12-20;1;41039068.0;NEREU RAMOS, E E- EF;NEREU RAMOS, E E- EF;Manoel Ribas;homologacao_resultado_consulta;aprovada;2024.0;Adesão aprovada na consulta de 14-19 dez/2023 com início do modelo a partir de 01/01/2024.;IVAIPORÃ MANOEL RIBAS 41039068 NEREU RAMOS, E E- EF
edital1222023_gsseed_prot214105004_ccm_resultado_processo_consulta_publica.pdf;Resultado de Consulta Pública / Homologação;Edital n.º 122/2023 – GS/SEED;2023-12-20;1;41040694.0;VICENTE MACHADO, C E C-EF M LARANJEIRAS DO;VICENTE MACHADO, C E C-EF M LARANJEIRAS DO;São Pedro do Ivaí;homologacao_resultado_consulta;aprovada;2024.0;Adesão aprovada na consulta de 14-19 dez/2023 com início do modelo a partir de 01/01/2024.;IVAIPORÃ SÃO PEDRO DO IVAÍ 41040694 VICENTE MACHADO, C E C-EF M LARANJEIRAS DO
edital1222023_gsseed_prot214105004_ccm_resultado_processo_consulta_publica.pdf;Resultado de Consulta Pública / Homologação;Edital n.º 122/2023 – GS/SEED;2023-12-20;1;41073037.0;OSÓRIO DUQUE ESTRADA, C E-EF M;OSÓRIO DUQUE ESTRADA, C E-EF M;Diamante do Sul;homologacao_resultado_consulta;aprovada;2024.0;Adesão aprovada na consulta de 14-19 dez/2023 com início do modelo a partir de 01/01/2024.;SUL DIAMANTE DO SUL 41073037 OSÓRIO DUQUE ESTRADA, C E-EF M
edital1222023_gsseed_prot214105004_ccm_resultado_processo_consulta_publica.pdf;Resultado de Consulta Pública / Homologação;Edital n.º 122/2023 – GS/SEED;2023-12-20;1;41032853.0;RIO BRANCO, C E BAR DO-EF M;RIO BRANCO, C E BAR DO-EF M;Londrina;homologacao_resultado_consulta;aprovada;2024.0;Adesão aprovada na consulta de 14-19 dez/2023 com início do modelo a partir de 01/01/2024.;LONDRINA LONDRINA 41032853 RIO BRANCO, C E BAR DO-EF M
edital1222023_gsseed_prot214105004_ccm_resultado_processo_consulta_publica.pdf;Resultado de Consulta Pública / Homologação;Edital n.º 122/2023 – GS/SEED;2023-12-20;1;41032225.0;NEWTON GUIMARÃES,C E PROF-EF M;NEWTON GUIMARÃES,C E PROF-EF M;Londrina;homologacao_resultado_consulta;aprovada;2024.0;Adesão aprovada na consulta de 14-19 dez/2023 com início do modelo a partir de 01/01/2024.;LONDRINA LONDRINA 41032225 NEWTON GUIMARÃES,C E PROF-EF M
edital1222023_gsseed_prot214105004_ccm_resultado_processo_consulta_publica.pdf;Resultado de Consulta Pública / Homologação;Edital n.º 122/2023 – GS/SEED;2023-12-20;1;41031709.0;LAURO G DA V PESSOA, E E PROF-EF;LAURO G DA V PESSOA, E E PROF-EF;Londrina;homologacao_resultado_consulta;aprovada;2024.0;Adesão aprovada na consulta de 14-19 dez/2023 com início do modelo a partir de 01/01/2024.;LONDRINA LONDRINA 41031709 LAURO G DA V PESSOA, E E PROF-EF
edital1222023_gsseed_prot214105004_ccm_resultado_processo_consulta_publica.pdf;Resultado de Consulta Pública / Homologação;Edital n.º 122/2023 – GS/SEED;2023-12-20;1;41358872.0;JOÃO RODRIGUES DA SILVA, CE PROF-EF M;JOÃO RODRIGUES DA SILVA, CE PROF-EF M;Londrina;homologacao_resultado_consulta;aprovada;2024.0;Adesão aprovada na consulta de 14-19 dez/2023 com início do modelo a partir de 01/01/2024.;LONDRINA LONDRINA 41358872 JOÃO RODRIGUES DA SILVA, CE PROF-EF M
edital1222023_gsseed_prot214105004_ccm_resultado_processo_consulta_publica.pdf;Resultado de Consulta Pública / Homologação;Edital n.º 122/2023 – GS/SEED;2023-12-20;1;41020910.0;CECILIA MEIRELES, E E-EF;CECILIA MEIRELES, E E-EF;Santa Fé;homologacao_resultado_consulta;aprovada;2024.0;Adesão aprovada na consulta de 14-19 dez/2023 com início do modelo a partir de 01/01/2024.;MARINGÁ SANTA FÉ 41020910 CECILIA MEIRELES, E E-EF
edital1222023_gsseed_prot214105004_ccm_resultado_processo_consulta_publica.pdf;Resultado de Consulta Pública / Homologação;Edital n.º 122/2023 – GS/SEED;2023-12-20;1;41000021.0;AGOSTINHO STEFANELLO, E E-EF;AGOSTINHO STEFANELLO, E E-EF;Alto Paraná;homologacao_resultado_consulta;aprovada;2024.0;Adesão aprovada na consulta de 14-19 dez/2023 com início do modelo a partir de 01/01/2024.;PARANAVAÍ ALTO PARANÁ 41000021 AGOSTINHO STEFANELLO, E E-EF
edital1222023_gsseed_prot214105004_ccm_resultado_processo_consulta_publica.pdf;Resultado de Consulta Pública / Homologação;Edital n.º 122/2023 – GS/SEED;2023-12-20;1;41063155.0;OSORIO, C E GAL-EF M TELÊMACO;OSORIO, C E GAL-EF M TELÊMACO;Ponta Grossa;homologacao_resultado_consulta;aprovada;2024.0;Adesão aprovada na consulta de 14-19 dez/2023 com início do modelo a partir de 01/01/2024.;PONTA GROSSA PONTA GROSSA 41063155 OSORIO, C E GAL-EF M TELÊMACO
edital1222023_gsseed_prot214105004_ccm_resultado_processo_consulta_publica.pdf;Resultado de Consulta Pública / Homologação;Edital n.º 122/2023 – GS/SEED;2023-12-20;1;41056264.0;JARDIM ALEGRE, C E-EF M PROFIS;JARDIM ALEGRE, C E-EF M PROFIS;Telêmaco Borba;homologacao_resultado_consulta;aprovada;2024.0;Adesão aprovada na consulta de 14-19 dez/2023 com início do modelo a partir de 01/01/2024.;BORBA TELÊMACO BORBA 41056264 JARDIM ALEGRE, C E-EF M PROFIS
edital1222023_gsseed_prot214105004_ccm_resultado_processo_consulta_publica.pdf;Resultado de Consulta Pública / Homologação;Edital n.º 122/2023 – GS/SEED;2023-12-20;1;41067029.0;GRACILIANO RAMOS, E E-EF;GRACILIANO RAMOS, E E-EF;Santa Helena;homologacao_resultado_consulta;aprovada;2024.0;Adesão aprovada na consulta de 14-19 dez/2023 com início do modelo a partir de 01/01/2024.;TOLEDO SANTA HELENA 41067029 GRACILIANO RAMOS, E E-EF
edital1222023_gsseed_prot214105004_ccm_resultado_processo_consulta_publica.pdf;Resultado de Consulta Pública / Homologação;Edital n.º 122/2023 – GS/SEED;2023-12-20;1;41068688.0;JOÃO ARNALDO RITT, C E-EF M;JOÃO ARNALDO RITT, C E-EF M;Toledo;homologacao_resultado_consulta;aprovada;2024.0;Adesão aprovada na consulta de 14-19 dez/2023 com início do modelo a partir de 01/01/2024.;TOLEDO TOLEDO 41068688 JOÃO ARNALDO RITT, C E-EF M
edital1232023_gsseed_prot 214151065_ccm_resultado_processo_consulta_publica1.pdf;Resultado de Consulta Pública / Homologação;Edital n.º 123/2023 – GS/SEED;2023-12-20;1;41136276.0;VILA MACEDO, C E-EF M;VILA MACEDO, C E-EF M;Piraquara;homologacao_resultado_consulta;aprovada;2024.0;Adesão aprovada na consulta de 15-19 dez/2023 com início do modelo a partir de 01/01/2024.;AMN PIRAQUARA 41136276 VILA MACEDO, C E-EF M
edital1232023_gsseed_prot 214151065_ccm_resultado_processo_consulta_publica1.pdf;Resultado de Consulta Pública / Homologação;Edital n.º 123/2023 – GS/SEED;2023-12-20;1;41018800.0;LEO KOHLER, E E PROF-EF;LEO KOHLER, E E PROF-EF;Terra Boa;homologacao_resultado_consulta;aprovada;2024.0;Adesão aprovada na consulta de 15-19 dez/2023 com início do modelo a partir de 01/01/2024.;CIANORTE TERRA BOA 41018800 LEO KOHLER, E E PROF-EF
edital1232023_gsseed_prot 214151065_ccm_resultado_processo_consulta_publica1.pdf;Resultado de Consulta Pública / Homologação;Edital n.º 123/2023 – GS/SEED;2023-12-20;1;41076354.0;CARLOS DRUMMOND DE ANDRADE, C E-EF M;CARLOS DRUMMOND DE ANDRADE, C E-EF M;Foz do Iguaçu;homologacao_resultado_consulta;aprovada;2024.0;Adesão aprovada na consulta de 15-19 dez/2023 com início do modelo a partir de 01/01/2024.;FOZ DO IGUAÇU FOZ DO IGUAÇU 41076354 CARLOS DRUMMOND DE ANDRADE, C E-EF M
edital1252025_gsseed_prot249175889_ccm_consulta_publica.pdf;Edital de Convocação para Consulta Pública;Edital n.º 125/2025 – GS/SEED;2025-10-31;2;41025636.0;APUCARANA FRANCISCO A SOUSA, E E PROF-EF;APUCARANA FRANCISCO A SOUSA, E E PROF-EF;Apucarana;consulta_publica;consultada;2026.0;Convocação da comunidade escolar para consulta pública nos dias 17-19 nov/2025.;41025636 APUCARANA APUCARANA FRANCISCO A SOUSA, E E PROF-EF
edital1252025_gsseed_prot249175889_ccm_consulta_publica.pdf;Edital de Convocação para Consulta Pública;Edital n.º 125/2025 – GS/SEED;2025-10-31;2;41028279.0;SABÁUDIA HERMINIA R. LUPION, CE-EF M PROFIS;SABÁUDIA HERMINIA R. LUPION, CE-EF M PROFIS;Apucarana;consulta_publica;consultada;2026.0;Convocação da comunidade escolar para consulta pública nos dias 17-19 nov/2025.;41028279 APUCARANA SABÁUDIA HERMINIA R. LUPION, CE-EF M PROFIS
edital1252025_gsseed_prot249175889_ccm_consulta_publica.pdf;Edital de Convocação para Consulta Pública;Edital n.º 125/2025 – GS/SEED;2025-10-31;2;41026705.0;ARAPONGAS IVANILDE DE NORONHA, C E-EF M PROFID;ARAPONGAS IVANILDE DE NORONHA, C E-EF M PROFID;Apucarana;consulta_publica;consultada;2026.0;Convocação da comunidade escolar para consulta pública nos dias 17-19 nov/2025.;41026705 APUCARANA ARAPONGAS IVANILDE DE NORONHA, C E-EF M PROFID
edital1252025_gsseed_prot249175889_ccm_consulta_publica.pdf;Edital de Convocação para Consulta Pública;Edital n.º 125/2025 – GS/SEED;2025-10-31;2;41146093.0;ENGENHEIRO BELTRÃO ANTONIO VIEIRA, C E PE-EF M;ENGENHEIRO BELTRÃO ANTONIO VIEIRA, C E PE-EF M;Campo Mourão;consulta_publica;consultada;2026.0;Convocação da comunidade escolar para consulta pública nos dias 17-19 nov/2025.;41146093 CAMPO MOURÃO ENGENHEIRO BELTRÃO ANTONIO VIEIRA, C E PE-EF M
edital1252025_gsseed_prot249175889_ccm_consulta_publica.pdf;Edital de Convocação para Consulta Pública;Edital n.º 125/2025 – GS/SEED;2025-10-31;2;41070224.0;CAFELÂNDIA ALBERTO S DUMONT, C E-EF M N PROFIS;CAFELÂNDIA ALBERTO S DUMONT, C E-EF M N PROFIS;Cascavel;consulta_publica;consultada;2026.0;Convocação da comunidade escolar para consulta pública nos dias 17-19 nov/2025.;41070224 CASCAVEL CAFELÂNDIA ALBERTO S DUMONT, C E-EF M N PROFIS
edital1252025_gsseed_prot249175889_ccm_consulta_publica.pdf;Edital de Convocação para Consulta Pública;Edital n.º 125/2025 – GS/SEED;2025-10-31;2;41167090.0;CASCAVEL ANDREIA NERES DOS SANTOS, C E PROFA-EFM;CASCAVEL ANDREIA NERES DOS SANTOS, C E PROFA-EFM;Cascavel;consulta_publica;consultada;2026.0;Convocação da comunidade escolar para consulta pública nos dias 17-19 nov/2025.;41167090 CASCAVEL CASCAVEL ANDREIA NERES DOS SANTOS, C E PROFA-EFM
edital1252025_gsseed_prot249175889_ccm_consulta_publica.pdf;Edital de Convocação para Consulta Pública;Edital n.º 125/2025 – GS/SEED;2025-10-31;2;41079469.0;PARANAGUÁ, C E MQ DE - EF M PROFIS;PARANAGUÁ, C E MQ DE - EF M PROFIS;Vera Cruz do Oeste;consulta_publica;consultada;2026.0;Convocação da comunidade escolar para consulta pública nos dias 17-19 nov/2025.;41079469 CASCAVEL VERA CRUZ DO OESTE PARANAGUÁ, C E MQ DE - EF M PROFIS
edital1252025_gsseed_prot249175889_ccm_consulta_publica.pdf;Edital de Convocação para Consulta Pública;Edital n.º 125/2025 – GS/SEED;2025-10-31;2;41010132.0;JAPURÁ RUI BARBOSA, C E-EF EM PROFIS;JAPURÁ RUI BARBOSA, C E-EF EM PROFIS;Cianorte;consulta_publica;consultada;2026.0;Convocação da comunidade escolar para consulta pública nos dias 17-19 nov/2025.;41010132 CIANORTE JAPURÁ RUI BARBOSA, C E-EF EM PROFIS
edital1252025_gsseed_prot249175889_ccm_consulta_publica.pdf;Edital de Convocação para Consulta Pública;Edital n.º 125/2025 – GS/SEED;2025-10-31;2;41010540.0;SANTOS DUMONT, C E-EM N;SANTOS DUMONT, C E-EM N;São Tomé;consulta_publica;consultada;2026.0;Convocação da comunidade escolar para consulta pública nos dias 17-19 nov/2025.;41010540 CIANORTE SÃO TOMÉ SANTOS DUMONT, C E-EM N
edital1252025_gsseed_prot249175889_ccm_consulta_publica.pdf;Edital de Convocação para Consulta Pública;Edital n.º 125/2025 – GS/SEED;2025-10-31;2;41040759.0;ASSAÍ CARRAO, C E CONS-EF M;ASSAÍ CARRAO, C E CONS-EF M;Cornélio Procópio;consulta_publica;consultada;2026.0;Convocação da comunidade escolar para consulta pública nos dias 17-19 nov/2025.;41040759 CORNÉLIO PROCÓPIO ASSAÍ CARRAO, C E CONS-EF M
edital1252025_gsseed_prot249175889_ccm_consulta_publica.pdf;Edital de Convocação para Consulta Pública;Edital n.º 125/2025 – GS/SEED;2025-10-31;2;41127668.0;CURITIBA BENTO MUNHOZ DA ROCHA, C E - EF M PROFIS;CURITIBA BENTO MUNHOZ DA ROCHA, C E - EF M PROFIS;Curitiba;consulta_publica;consultada;2026.0;Convocação da comunidade escolar para consulta pública nos dias 17-19 nov/2025.;41127668 CURITIBA CURITIBA BENTO MUNHOZ DA ROCHA, C E - EF M PROFIS
edital1252025_gsseed_prot249175889_ccm_consulta_publica.pdf;Edital de Convocação para Consulta Pública;Edital n.º 125/2025 – GS/SEED;2025-10-31;2;41128915.0;CURITIBA DOMINGOS ZANLORENZI, C E - EF M PROFIS;CURITIBA DOMINGOS ZANLORENZI, C E - EF M PROFIS;Curitiba;consulta_publica;consultada;2026.0;Convocação da comunidade escolar para consulta pública nos dias 17-19 nov/2025.;41128915 CURITIBA CURITIBA DOMINGOS ZANLORENZI, C E - EF M PROFIS
edital1252025_gsseed_prot249175889_ccm_consulta_publica.pdf;Edital de Convocação para Consulta Pública;Edital n.º 125/2025 – GS/SEED;2025-10-31;2;41129512.0;CURITIBA GABRIELA MISTRAL, C E-EF M;CURITIBA GABRIELA MISTRAL, C E-EF M;Curitiba;consulta_publica;consultada;2026.0;Convocação da comunidade escolar para consulta pública nos dias 17-19 nov/2025.;41129512 CURITIBA CURITIBA GABRIELA MISTRAL, C E-EF M
edital1252025_gsseed_prot249175889_ccm_consulta_publica.pdf;Edital de Convocação para Consulta Pública;Edital n.º 125/2025 – GS/SEED;2025-10-31;2;41129687.0;CURITIBA GUIDO STRAUBE, C E PROF-EF M PROFIS;CURITIBA GUIDO STRAUBE, C E PROF-EF M PROFIS;Curitiba;consulta_publica;consultada;2026.0;Convocação da comunidade escolar para consulta pública nos dias 17-19 nov/2025.;41129687 CURITIBA CURITIBA GUIDO STRAUBE, C E PROF-EF M PROFIS
edital1252025_gsseed_prot249175889_ccm_consulta_publica.pdf;Edital de Convocação para Consulta Pública;Edital n.º 125/2025 – GS/SEED;2025-10-31;2;41129989.0;CURITIBA IVO ZANLORENZI, E E MONS-EF;CURITIBA IVO ZANLORENZI, E E MONS-EF;Curitiba;consulta_publica;consultada;2026.0;Convocação da comunidade escolar para consulta pública nos dias 17-19 nov/2025.;41129989 CURITIBA CURITIBA IVO ZANLORENZI, E E MONS-EF
edital1252025_gsseed_prot249175889_ccm_consulta_publica.pdf;Edital de Convocação para Consulta Pública;Edital n.º 125/2025 – GS/SEED;2025-10-31;2;41130189.0;CURITIBA JOAO PAULO II, C E-EF M;CURITIBA JOAO PAULO II, C E-EF M;Curitiba;consulta_publica;consultada;2026.0;Convocação da comunidade escolar para consulta pública nos dias 17-19 nov/2025.;41130189 CURITIBA CURITIBA JOAO PAULO II, C E-EF M
edital1252025_gsseed_prot249175889_ccm_consulta_publica.pdf;Edital de Convocação para Consulta Pública;Edital n.º 125/2025 – GS/SEED;2025-10-31;2;41130308.0;CURITIBA JOSÉ GUIMARÃES, C E PROF - EM PROFIS;CURITIBA JOSÉ GUIMARÃES, C E PROF - EM PROFIS;Curitiba;consulta_publica;consultada;2026.0;Convocação da comunidade escolar para consulta pública nos dias 17-19 nov/2025.;41130308 CURITIBA CURITIBA JOSÉ GUIMARÃES, C E PROF - EM PROFIS
edital1252025_gsseed_prot249175889_ccm_consulta_publica.pdf;Edital de Convocação para Consulta Pública;Edital n.º 125/2025 – GS/SEED;2025-10-31;2;41130618.0;CURITIBA LOUREIRO FERNANDES, C E PROF - EF M PROFIS;CURITIBA LOUREIRO FERNANDES, C E PROF - EF M PROFIS;Curitiba;consulta_publica;consultada;2026.0;Convocação da comunidade escolar para consulta pública nos dias 17-19 nov/2025.;41130618 CURITIBA CURITIBA LOUREIRO FERNANDES, C E PROF - EF M PROFIS
edital1252025_gsseed_prot249175889_ccm_consulta_publica.pdf;Edital de Convocação para Consulta Pública;Edital n.º 125/2025 – GS/SEED;2025-10-31;2;41130952.0;CURITIBA MARIA PEREIRA MARTINS, E E - EF;CURITIBA MARIA PEREIRA MARTINS, E E - EF;Curitiba;consulta_publica;consultada;2026.0;Convocação da comunidade escolar para consulta pública nos dias 17-19 nov/2025.;41130952 CURITIBA CURITIBA MARIA PEREIRA MARTINS, E E - EF
edital1252025_gsseed_prot249175889_ccm_consulta_publica.pdf;Edital de Convocação para Consulta Pública;Edital n.º 125/2025 – GS/SEED;2025-10-31;2;41133226.0;CURITIBA SANTOS DUMONT, C E - EF M;CURITIBA SANTOS DUMONT, C E - EF M;Curitiba;consulta_publica;consultada;2026.0;Convocação da comunidade escolar para consulta pública nos dias 17-19 nov/2025.;41133226 CURITIBA CURITIBA SANTOS DUMONT, C E - EF M
edital1252025_gsseed_prot249175889_ccm_consulta_publica.pdf;Edital de Convocação para Consulta Pública;Edital n.º 125/2025 – GS/SEED;2025-10-31;2;41130243.0;CURITIBA JOSE BUSNARDO, C E - EF M;CURITIBA JOSE BUSNARDO, C E - EF M;Curitiba;consulta_publica;consultada;2026.0;Convocação da comunidade escolar para consulta pública nos dias 17-19 nov/2025.;41130243 CURITIBA CURITIBA JOSE BUSNARDO, C E - EF M
edital1252025_gsseed_prot249175889_ccm_consulta_publica.pdf;Edital de Convocação para Consulta Pública;Edital n.º 125/2025 – GS/SEED;2025-10-31;2;41084721.0;DOIS VIZINHOS JOSÉ DE ANCHIETA, C E - EF M;DOIS VIZINHOS JOSÉ DE ANCHIETA, C E - EF M;Dois Vizinhos;consulta_publica;consultada;2026.0;Convocação da comunidade escolar para consulta pública nos dias 17-19 nov/2025.;41084721 DOIS VIZINHOS DOIS VIZINHOS JOSÉ DE ANCHIETA, C E - EF M
edital1252025_gsseed_prot249175889_ccm_consulta_publica.pdf;Edital de Convocação para Consulta Pública;Edital n.º 125/2025 – GS/SEED;2025-10-31;2;41378580.0;FOZ DO IGUAÇU CATARATAS DO IGUAÇU, C E - EF M;FOZ DO IGUAÇU CATARATAS DO IGUAÇU, C E - EF M;Foz do Iguaçu;consulta_publica;consultada;2026.0;Convocação da comunidade escolar para consulta pública nos dias 17-19 nov/2025.;41378580 FOZ DO IGUAÇU FOZ DO IGUAÇU CATARATAS DO IGUAÇU, C E - EF M
edital1252025_gsseed_prot249175889_ccm_consulta_publica.pdf;Edital de Convocação para Consulta Pública;Edital n.º 125/2025 – GS/SEED;2025-10-31;2;41078586.0;41078586 FOZ DO IGUAÇU SANTA TEREZINHA DE ITAIPU;41078586 FOZ DO IGUAÇU SANTA TEREZINHA DE ITAIPU;Santa Terezinha de Itaipu;consulta_publica;consultada;2026.0;Convocação da comunidade escolar para consulta pública nos dias 17-19 nov/2025.;41078586 FOZ DO IGUAÇU SANTA TEREZINHA DE ITAIPU
edital1252025_gsseed_prot249175889_ccm_consulta_publica.pdf;Edital de Convocação para Consulta Pública;Edital n.º 125/2025 – GS/SEED;2025-10-31;2;41086945.0;MARMELEIRO MARMELEIRO, C E DE-EF M PROFIS;MARMELEIRO MARMELEIRO, C E DE-EF M PROFIS;Francisco Beltrão;consulta_publica;consultada;2026.0;Convocação da comunidade escolar para consulta pública nos dias 17-19 nov/2025.;41086945 FRANCISCO BELTRÃO MARMELEIRO MARMELEIRO, C E DE-EF M PROFIS
edital1252025_gsseed_prot249175889_ccm_consulta_publica.pdf;Edital de Convocação para Consulta Pública;Edital n.º 125/2025 – GS/SEED;2025-10-31;2;41144201.0;GUARAPUAVA MARIA DE J P GUIMARÃES, C E PROFA, EF M;GUARAPUAVA MARIA DE J P GUIMARÃES, C E PROFA, EF M;Guarapuava;consulta_publica;consultada;2026.0;Convocação da comunidade escolar para consulta pública nos dias 17-19 nov/2025.;41144201 GUARAPUAVA GUARAPUAVA MARIA DE J P GUIMARÃES, C E PROFA, EF M
edital1252025_gsseed_prot249175889_ccm_consulta_publica.pdf;Edital de Convocação para Consulta Pública;Edital n.º 125/2025 – GS/SEED;2025-10-31;2;41101006.0;GUARAPUAVA PALMEIRINHA, C E DO C DE-EF M PROF;GUARAPUAVA PALMEIRINHA, C E DO C DE-EF M PROF;Guarapuava;consulta_publica;consultada;2026.0;Convocação da comunidade escolar para consulta pública nos dias 17-19 nov/2025.;41101006 GUARAPUAVA GUARAPUAVA PALMEIRINHA, C E DO C DE-EF M PROF
edital1252025_gsseed_prot249175889_ccm_consulta_publica.pdf;Edital de Convocação para Consulta Pública;Edital n.º 125/2025 – GS/SEED;2025-10-31;2;41037413.0;IVAIPORÃ BENTO MUSSURUNGA, C E - EF M;IVAIPORÃ BENTO MUSSURUNGA, C E - EF M;Ivaiporã;consulta_publica;consultada;2026.0;Convocação da comunidade escolar para consulta pública nos dias 17-19 nov/2025.;41037413 IVAIPORÃ IVAIPORÃ BENTO MUSSURUNGA, C E - EF M
edital1252025_gsseed_prot249175889_ccm_consulta_publica.pdf;Edital de Convocação para Consulta Pública;Edital n.º 125/2025 – GS/SEED;2025-10-31;2;41051351.0;MIGUEL DIAS, C E-EF M PROFIS;MIGUEL DIAS, C E-EF M PROFIS;Joaquim Távora;consulta_publica;consultada;2026.0;Convocação da comunidade escolar para consulta pública nos dias 17-19 nov/2025.;41051351 JACAREZINHO JOAQUIM TÁVORA MIGUEL DIAS, C E-EF M PROFIS
edital1252025_gsseed_prot249175889_ccm_consulta_publica.pdf;Edital de Convocação para Consulta Pública;Edital n.º 125/2025 – GS/SEED;2025-10-31;2;41042670.0;ABATIA RUI BARBOSA, C E - E F M PROF;ABATIA RUI BARBOSA, C E - E F M PROF;Jacarezinho;consulta_publica;consultada;2026.0;Convocação da comunidade escolar para consulta pública nos dias 17-19 nov/2025.;41042670 JACAREZINHO ABATIA RUI BARBOSA, C E - E F M PROF
edital1252025_gsseed_prot249175889_ccm_consulta_publica.pdf;Edital de Convocação para Consulta Pública;Edital n.º 125/2025 – GS/SEED;2025-10-31;2;41144929.0;LARANJEIRAS DO SUL JOSÉ MARCONDES SOBRINHO;LARANJEIRAS DO SUL JOSÉ MARCONDES SOBRINHO;Laranjeiras do Sul;consulta_publica;consultada;2026.0;Convocação da comunidade escolar para consulta pública nos dias 17-19 nov/2025.;41144929 LARANJEIRAS DO SUL LARANJEIRAS DO SUL JOSÉ MARCONDES SOBRINHO
edital1252025_gsseed_prot249175889_ccm_consulta_publica.pdf;Edital de Convocação para Consulta Pública;Edital n.º 125/2025 – GS/SEED;2025-10-31;2;41001222.0;LOANDA LAMARTINE R SOARES, C E DR - EF M;LOANDA LAMARTINE R SOARES, C E DR - EF M;Loanda;consulta_publica;consultada;2026.0;Convocação da comunidade escolar para consulta pública nos dias 17-19 nov/2025.;41001222 LOANDA LOANDA LAMARTINE R SOARES, C E DR - EF M
edital1252025_gsseed_prot249175889_ccm_consulta_publica.pdf;Edital de Convocação para Consulta Pública;Edital n.º 125/2025 – GS/SEED;2025-10-31;2;41000978.0;MACHADO DE ASSIS, E E E-F;MACHADO DE ASSIS, E E E-F;Itaúna do Sul;consulta_publica;consultada;2026.0;Convocação da comunidade escolar para consulta pública nos dias 17-19 nov/2025.;41000978 LOANDA ITAÚNA DO SUL MACHADO DE ASSIS, E E E-F
edital1252025_gsseed_prot249175889_ccm_consulta_publica.pdf;Edital de Convocação para Consulta Pública;Edital n.º 125/2025 – GS/SEED;2025-10-31;2;41024923.0;PAIÇANDU IZABEL, C E PRINC-EF-M;PAIÇANDU IZABEL, C E PRINC-EF-M;Maringá;consulta_publica;consultada;2026.0;Convocação da comunidade escolar para consulta pública nos dias 17-19 nov/2025.;41024923 MARINGÁ PAIÇANDU IZABEL, C E PRINC-EF-M
edital1252025_gsseed_prot249175889_ccm_consulta_publica.pdf;Edital de Convocação para Consulta Pública;Edital n.º 125/2025 – GS/SEED;2025-10-31;2;41024281.0;MARINGÁ MARCO A PIMENTA, C E-EF M;MARINGÁ MARCO A PIMENTA, C E-EF M;Maringá;consulta_publica;consultada;2026.0;Convocação da comunidade escolar para consulta pública nos dias 17-19 nov/2025.;41024281 MARINGÁ MARINGÁ MARCO A PIMENTA, C E-EF M
edital1252025_gsseed_prot249175889_ccm_consulta_publica.pdf;Edital de Convocação para Consulta Pública;Edital n.º 125/2025 – GS/SEED;2025-10-31;2;41020189.0;LOBATO OSVALDO ARANHA, E E - EF;LOBATO OSVALDO ARANHA, E E - EF;Maringá;consulta_publica;consultada;2026.0;Convocação da comunidade escolar para consulta pública nos dias 17-19 nov/2025.;41020189 MARINGÁ LOBATO OSVALDO ARANHA, E E - EF
edital1252025_gsseed_prot249175889_ccm_consulta_publica.pdf;Edital de Convocação para Consulta Pública;Edital n.º 125/2025 – GS/SEED;2025-10-31;2;41138937.0;ANTONINA ROCHA POMBO, C E - EF M P 19;ANTONINA ROCHA POMBO, C E - EF M P 19;Paranaguá;consulta_publica;consultada;2026.0;Convocação da comunidade escolar para consulta pública nos dias 17-19 nov/2025.;41138937 PARANAGUÁ ANTONINA ROCHA POMBO, C E - EF M P 19
edital1252025_gsseed_prot249175889_ccm_consulta_publica.pdf;Edital de Convocação para Consulta Pública;Edital n.º 125/2025 – GS/SEED;2025-10-31;3;41373936.0;GUARATUBA ANIBAL KHURY, E E DEP-EF;GUARATUBA ANIBAL KHURY, E E DEP-EF;Paranaguá;consulta_publica;consultada;2026.0;Convocação da comunidade escolar para consulta pública nos dias 17-19 nov/2025.;41373936 PARANAGUÁ GUARATUBA ANIBAL KHURY, E E DEP-EF
edital1252025_gsseed_prot249175889_ccm_consulta_publica.pdf;Edital de Convocação para Consulta Pública;Edital n.º 125/2025 – GS/SEED;2025-10-31;3;41140788.0;PARANAGUÁ JOSE BONIFÁCIO, C E - EF M PROFIS;PARANAGUÁ JOSE BONIFÁCIO, C E - EF M PROFIS;Paranaguá;consulta_publica;consultada;2026.0;Convocação da comunidade escolar para consulta pública nos dias 17-19 nov/2025.;41140788 PARANAGUÁ PARANAGUÁ JOSE BONIFÁCIO, C E - EF M PROFIS
edital1252025_gsseed_prot249175889_ccm_consulta_publica.pdf;Edital de Convocação para Consulta Pública;Edital n.º 125/2025 – GS/SEED;2025-10-31;3;41373375.0;MARIA HELENA T. LUCIANO, C E PROF EF M P;MARIA HELENA T. LUCIANO, C E PROF EF M P;Pontal do Paraná;consulta_publica;consultada;2026.0;Convocação da comunidade escolar para consulta pública nos dias 17-19 nov/2025.;41373375 PARANAGUÁ PONTAL DO PARANÁ MARIA HELENA T. LUCIANO, C E PROF EF M P
edital1252025_gsseed_prot249175889_ccm_consulta_publica.pdf;Edital de Convocação para Consulta Pública;Edital n.º 125/2025 – GS/SEED;2025-10-31;3;41366620.0;PARANAGUÁ VIDAL VANHONI, C E PROF-EF M;PARANAGUÁ VIDAL VANHONI, C E PROF-EF M;Paranaguá;consulta_publica;consultada;2026.0;Convocação da comunidade escolar para consulta pública nos dias 17-19 nov/2025.;41366620 PARANAGUÁ PARANAGUÁ VIDAL VANHONI, C E PROF-EF M
edital1252025_gsseed_prot249175889_ccm_consulta_publica.pdf;Edital de Convocação para Consulta Pública;Edital n.º 125/2025 – GS/SEED;2025-10-31;3;41141288.0;PARANAGUÁ ZILAH DOS S BATISTA, C E PROFA- EF M P;PARANAGUÁ ZILAH DOS S BATISTA, C E PROFA- EF M P;Paranaguá;consulta_publica;consultada;2026.0;Convocação da comunidade escolar para consulta pública nos dias 17-19 nov/2025.;41141288 PARANAGUÁ PARANAGUÁ ZILAH DOS S BATISTA, C E PROFA- EF M P
edital1252025_gsseed_prot249175889_ccm_consulta_publica.pdf;Edital de Convocação para Consulta Pública;Edital n.º 125/2025 – GS/SEED;2025-10-31;3;41020685.0;FRANCISCO P X LOPES, E E CON- EF;FRANCISCO P X LOPES, E E CON- EF;Nova Esperança;consulta_publica;consultada;2026.0;Convocação da comunidade escolar para consulta pública nos dias 17-19 nov/2025.;41020685 PARANAVAÍ NOVA ESPERANCA FRANCISCO P X LOPES, E E CON- EF
edital1252025_gsseed_prot249175889_ccm_consulta_publica.pdf;Edital de Convocação para Consulta Pública;Edital n.º 125/2025 – GS/SEED;2025-10-31;3;41063031.0;PONTA GROSSA MENELEU DE ALMEIDA TORRES, C C E PROF EF M PROFI;PONTA GROSSA MENELEU DE ALMEIDA TORRES, C C E PROF EF M PROFI;Ponta Grossa;consulta_publica;consultada;2026.0;Convocação da comunidade escolar para consulta pública nos dias 17-19 nov/2025.;41063031 PONTA GROSSA PONTA GROSSA MENELEU DE ALMEIDA TORRES, C C E PROF EF M PROFI
edital1252025_gsseed_prot249175889_ccm_consulta_publica.pdf;Edital de Convocação para Consulta Pública;Edital n.º 125/2025 – GS/SEED;2025-10-31;3;41062272.0;PONTA GROSSA INSTITUTO ED. E. PROF. CESAR P MARTINEZ EF M;PONTA GROSSA INSTITUTO ED. E. PROF. CESAR P MARTINEZ EF M;Ponta Grossa;consulta_publica;consultada;2026.0;Convocação da comunidade escolar para consulta pública nos dias 17-19 nov/2025.;41062272 PONTA GROSSA PONTA GROSSA INSTITUTO ED. E. PROF. CESAR P MARTINEZ EF M
edital1252025_gsseed_prot249175889_ccm_consulta_publica.pdf;Edital de Convocação para Consulta Pública;Edital n.º 125/2025 – GS/SEED;2025-10-31;3;41062914.0;PONTA GROSSA KENNEDY, C E PRES-EF M PROFIS;PONTA GROSSA KENNEDY, C E PRES-EF M PROFIS;Ponta Grossa;consulta_publica;consultada;2026.0;Convocação da comunidade escolar para consulta pública nos dias 17-19 nov/2025.;41062914 PONTA GROSSA PONTA GROSSA KENNEDY, C E PRES-EF M PROFIS
edital1252025_gsseed_prot249175889_ccm_consulta_publica.pdf;Edital de Convocação para Consulta Pública;Edital n.º 125/2025 – GS/SEED;2025-10-31;3;41063058.0;PONTA GROSSA MONTEIRO LOBATO, E E-EF;PONTA GROSSA MONTEIRO LOBATO, E E-EF;Ponta Grossa;consulta_publica;consultada;2026.0;Convocação da comunidade escolar para consulta pública nos dias 17-19 nov/2025.;41063058 PONTA GROSSA PONTA GROSSA MONTEIRO LOBATO, E E-EF
edital1252025_gsseed_prot249175889_ccm_consulta_publica.pdf;Edital de Convocação para Consulta Pública;Edital n.º 125/2025 – GS/SEED;2025-10-31;3;41068998.0;TOLEDO NOVO SARANDI, C E EF M;TOLEDO NOVO SARANDI, C E EF M;Toledo;consulta_publica;consultada;2026.0;Convocação da comunidade escolar para consulta pública nos dias 17-19 nov/2025.;41068998 TOLEDO TOLEDO NOVO SARANDI, C E EF M
edital1252025_gsseed_prot249175889_ccm_consulta_publica.pdf;Edital de Convocação para Consulta Pública;Edital n.º 125/2025 – GS/SEED;2025-10-31;3;41008111.0;UMUARAMA NEIVA PAVAN M GARCIA, C E-EF M PROFA;UMUARAMA NEIVA PAVAN M GARCIA, C E-EF M PROFA;Umuarama;consulta_publica;consultada;2026.0;Convocação da comunidade escolar para consulta pública nos dias 17-19 nov/2025.;41008111 UMUARAMA UMUARAMA NEIVA PAVAN M GARCIA, C E-EF M PROFA
edital1252025_gsseed_prot249175889_ccm_consulta_publica.pdf;Edital de Convocação para Consulta Pública;Edital n.º 125/2025 – GS/SEED;2025-10-31;3;41007131.0;PEROLA NESTOR VICTOR, C E-EF M N PROFIS;PEROLA NESTOR VICTOR, C E-EF M N PROFIS;Umuarama;consulta_publica;consultada;2026.0;Convocação da comunidade escolar para consulta pública nos dias 17-19 nov/2025.;41007131 UMUARAMA PEROLA NESTOR VICTOR, C E-EF M N PROFIS
edital1362025_gsseed_prot249175889_ccm_consulta_publica_resultado.pdf;Resultado de Consulta Pública e Adesão por Critérios Objetivos;Edital n.º 136/2025 – GS/SEED;2025-11-19;2;41025636.0;APUCARANA FRANCISCO A SOUSA, E E PROF-EF;APUCARANA FRANCISCO A SOUSA, E E PROF-EF;Apucarana;homologacao_resultado_consulta;aprovada;2026.0;"Adesão a partir de 01/01/2026 (Anexo I: Consulta Pública; Anexo II: Critérios objetivos).";41025636 APUCARANA APUCARANA FRANCISCO A SOUSA, E E PROF-EF
edital1362025_gsseed_prot249175889_ccm_consulta_publica_resultado.pdf;Resultado de Consulta Pública e Adesão por Critérios Objetivos;Edital n.º 136/2025 – GS/SEED;2025-11-19;2;41028279.0;SABÁUDIA HERMINIA R. LUPION, CE-EF M PROFIS;SABÁUDIA HERMINIA R. LUPION, CE-EF M PROFIS;Apucarana;homologacao_resultado_consulta;aprovada;2026.0;"Adesão a partir de 01/01/2026 (Anexo I: Consulta Pública; Anexo II: Critérios objetivos).";41028279 APUCARANA SABÁUDIA HERMINIA R. LUPION, CE-EF M PROFIS
edital1362025_gsseed_prot249175889_ccm_consulta_publica_resultado.pdf;Resultado de Consulta Pública e Adesão por Critérios Objetivos;Edital n.º 136/2025 – GS/SEED;2025-11-19;2;41026705.0;ARAPONGAS IVANILDE DE NORONHA, C E-EF M PROFID;ARAPONGAS IVANILDE DE NORONHA, C E-EF M PROFID;Apucarana;homologacao_resultado_consulta;aprovada;2026.0;"Adesão a partir de 01/01/2026 (Anexo I: Consulta Pública; Anexo II: Critérios objetivos).";41026705 APUCARANA ARAPONGAS IVANILDE DE NORONHA, C E-EF M PROFID
edital1362025_gsseed_prot249175889_ccm_consulta_publica_resultado.pdf;Resultado de Consulta Pública e Adesão por Critérios Objetivos;Edital n.º 136/2025 – GS/SEED;2025-11-19;2;41016254.0;ENGENHEIRO BELTRÃO;ENGENHEIRO BELTRÃO;Campo Mourão;homologacao_resultado_consulta;aprovada;2026.0;"Adesão a partir de 01/01/2026 (Anexo I: Consulta Pública; Anexo II: Critérios objetivos).";41016254 CAMPO MOURÃO ENGENHEIRO BELTRÃO
edital1362025_gsseed_prot249175889_ccm_consulta_publica_resultado.pdf;Resultado de Consulta Pública e Adesão por Critérios Objetivos;Edital n.º 136/2025 – GS/SEED;2025-11-19;2;41070224.0;CAFELÂNDIA ALBERTO S DUMONT, C E-EF M N PROFIS;CAFELÂNDIA ALBERTO S DUMONT, C E-EF M N PROFIS;Cascavel;homologacao_resultado_consulta;aprovada;2026.0;"Adesão a partir de 01/01/2026 (Anexo I: Consulta Pública; Anexo II: Critérios objetivos).";41070224 CASCAVEL CAFELÂNDIA ALBERTO S DUMONT, C E-EF M N PROFIS
edital1362025_gsseed_prot249175889_ccm_consulta_publica_resultado.pdf;Resultado de Consulta Pública e Adesão por Critérios Objetivos;Edital n.º 136/2025 – GS/SEED;2025-11-19;2;41010132.0;JAPURÁ RUI BARBOSA, C E-EF EM PROFIS;JAPURÁ RUI BARBOSA, C E-EF EM PROFIS;Cianorte;homologacao_resultado_consulta;aprovada;2026.0;"Adesão a partir de 01/01/2026 (Anexo I: Consulta Pública; Anexo II: Critérios objetivos).";41010132 CIANORTE JAPURÁ RUI BARBOSA, C E-EF EM PROFIS
edital1362025_gsseed_prot249175889_ccm_consulta_publica_resultado.pdf;Resultado de Consulta Pública e Adesão por Critérios Objetivos;Edital n.º 136/2025 – GS/SEED;2025-11-19;2;41010540.0;SANTOS DUMONT, C E-EM N;SANTOS DUMONT, C E-EM N;São Tomé;homologacao_resultado_consulta;aprovada;2026.0;"Adesão a partir de 01/01/2026 (Anexo I: Consulta Pública; Anexo II: Critérios objetivos).";41010540 CIANORTE SÃO TOMÉ SANTOS DUMONT, C E-EM N
edital1362025_gsseed_prot249175889_ccm_consulta_publica_resultado.pdf;Resultado de Consulta Pública e Adesão por Critérios Objetivos;Edital n.º 136/2025 – GS/SEED;2025-11-19;2;41040759.0;41040759 CORNÉLIO PROCÓPIO;41040759 CORNÉLIO PROCÓPIO;Cornélio Procópio;homologacao_resultado_consulta;aprovada;2026.0;"Adesão a partir de 01/01/2026 (Anexo I: Consulta Pública; Anexo II: Critérios objetivos).";41040759 CORNÉLIO PROCÓPIO
edital1362025_gsseed_prot249175889_ccm_consulta_publica_resultado.pdf;Resultado de Consulta Pública e Adesão por Critérios Objetivos;Edital n.º 136/2025 – GS/SEED;2025-11-19;2;41128915.0;CURITIBA DOMINGOS ZANLORENZI, C E - EF M PROFIS;CURITIBA DOMINGOS ZANLORENZI, C E - EF M PROFIS;Curitiba;homologacao_resultado_consulta;aprovada;2026.0;"Adesão a partir de 01/01/2026 (Anexo I: Consulta Pública; Anexo II: Critérios objetivos).";41128915 CURITIBA CURITIBA DOMINGOS ZANLORENZI, C E - EF M PROFIS
edital1362025_gsseed_prot249175889_ccm_consulta_publica_resultado.pdf;Resultado de Consulta Pública e Adesão por Critérios Objetivos;Edital n.º 136/2025 – GS/SEED;2025-11-19;2;41129989.0;CURITIBA IVO ZANLORENZI, E E MONS-EF;CURITIBA IVO ZANLORENZI, E E MONS-EF;Curitiba;homologacao_resultado_consulta;aprovada;2026.0;"Adesão a partir de 01/01/2026 (Anexo I: Consulta Pública; Anexo II: Critérios objetivos).";41129989 CURITIBA CURITIBA IVO ZANLORENZI, E E MONS-EF
edital1362025_gsseed_prot249175889_ccm_consulta_publica_resultado.pdf;Resultado de Consulta Pública e Adesão por Critérios Objetivos;Edital n.º 136/2025 – GS/SEED;2025-11-19;2;41130952.0;CURITIBA MARIA PEREIRA MARTINS, E E - EF;CURITIBA MARIA PEREIRA MARTINS, E E - EF;Curitiba;homologacao_resultado_consulta;aprovada;2026.0;"Adesão a partir de 01/01/2026 (Anexo I: Consulta Pública; Anexo II: Critérios objetivos).";41130952 CURITIBA CURITIBA MARIA PEREIRA MARTINS, E E - EF
edital1362025_gsseed_prot249175889_ccm_consulta_publica_resultado.pdf;Resultado de Consulta Pública e Adesão por Critérios Objetivos;Edital n.º 136/2025 – GS/SEED;2025-11-19;2;41130243.0;CURITIBA JOSE BUSNARDO, C E - EF M;CURITIBA JOSE BUSNARDO, C E - EF M;Curitiba;homologacao_resultado_consulta;aprovada;2026.0;"Adesão a partir de 01/01/2026 (Anexo I: Consulta Pública; Anexo II: Critérios objetivos).";41130243 CURITIBA CURITIBA JOSE BUSNARDO, C E - EF M
edital1362025_gsseed_prot249175889_ccm_consulta_publica_resultado.pdf;Resultado de Consulta Pública e Adesão por Critérios Objetivos;Edital n.º 136/2025 – GS/SEED;2025-11-19;2;41084721.0;DOIS VIZINHOS JOSÉ DE ANCHIETA, C E - EF M;DOIS VIZINHOS JOSÉ DE ANCHIETA, C E - EF M;Dois Vizinhos;homologacao_resultado_consulta;aprovada;2026.0;"Adesão a partir de 01/01/2026 (Anexo I: Consulta Pública; Anexo II: Critérios objetivos).";41084721 DOIS VIZINHOS DOIS VIZINHOS JOSÉ DE ANCHIETA, C E - EF M
edital1362025_gsseed_prot249175889_ccm_consulta_publica_resultado.pdf;Resultado de Consulta Pública e Adesão por Critérios Objetivos;Edital n.º 136/2025 – GS/SEED;2025-11-19;2;41078586.0;41078586 FOZ DO IGUAÇU SANTA TEREZINHA DE ITAIPU;41078586 FOZ DO IGUAÇU SANTA TEREZINHA DE ITAIPU;Santa Terezinha de Itaipu;homologacao_resultado_consulta;aprovada;2026.0;"Adesão a partir de 01/01/2026 (Anexo I: Consulta Pública; Anexo II: Critérios objetivos).";41078586 FOZ DO IGUAÇU SANTA TEREZINHA DE ITAIPU
edital1362025_gsseed_prot249175889_ccm_consulta_publica_resultado.pdf;Resultado de Consulta Pública e Adesão por Critérios Objetivos;Edital n.º 136/2025 – GS/SEED;2025-11-19;2;41144201.0;GUARAPUAVA MARIA DE J P GUIMARÃES, C E PROFA, EF M;GUARAPUAVA MARIA DE J P GUIMARÃES, C E PROFA, EF M;Guarapuava;homologacao_resultado_consulta;aprovada;2026.0;"Adesão a partir de 01/01/2026 (Anexo I: Consulta Pública; Anexo II: Critérios objetivos).";41144201 GUARAPUAVA GUARAPUAVA MARIA DE J P GUIMARÃES, C E PROFA, EF M
edital1362025_gsseed_prot249175889_ccm_consulta_publica_resultado.pdf;Resultado de Consulta Pública e Adesão por Critérios Objetivos;Edital n.º 136/2025 – GS/SEED;2025-11-19;2;41101006.0;GUARAPUAVA PALMEIRINHA, C E DO C DE-EF M PROF;GUARAPUAVA PALMEIRINHA, C E DO C DE-EF M PROF;Guarapuava;homologacao_resultado_consulta;aprovada;2026.0;"Adesão a partir de 01/01/2026 (Anexo I: Consulta Pública; Anexo II: Critérios objetivos).";41101006 GUARAPUAVA GUARAPUAVA PALMEIRINHA, C E DO C DE-EF M PROF
edital1362025_gsseed_prot249175889_ccm_consulta_publica_resultado.pdf;Resultado de Consulta Pública e Adesão por Critérios Objetivos;Edital n.º 136/2025 – GS/SEED;2025-11-19;2;41037413.0;IVAIPORÃ BENTO MUSSURUNGA, C E - EF M;IVAIPORÃ BENTO MUSSURUNGA, C E - EF M;Ivaiporã;homologacao_resultado_consulta;aprovada;2026.0;"Adesão a partir de 01/01/2026 (Anexo I: Consulta Pública; Anexo II: Critérios objetivos).";41037413 IVAIPORÃ IVAIPORÃ BENTO MUSSURUNGA, C E - EF M
edital1362025_gsseed_prot249175889_ccm_consulta_publica_resultado.pdf;Resultado de Consulta Pública e Adesão por Critérios Objetivos;Edital n.º 136/2025 – GS/SEED;2025-11-19;2;41051351.0;MIGUEL DIAS, C E-EF M PROFIS;MIGUEL DIAS, C E-EF M PROFIS;Joaquim Távora;homologacao_resultado_consulta;aprovada;2026.0;"Adesão a partir de 01/01/2026 (Anexo I: Consulta Pública; Anexo II: Critérios objetivos).";41051351 JACAREZINHO JOAQUIM TÁVORA MIGUEL DIAS, C E-EF M PROFIS
edital1362025_gsseed_prot249175889_ccm_consulta_publica_resultado.pdf;Resultado de Consulta Pública e Adesão por Critérios Objetivos;Edital n.º 136/2025 – GS/SEED;2025-11-19;2;41042670.0;ABATIA RUI BARBOSA, C E - E F M PROF;ABATIA RUI BARBOSA, C E - E F M PROF;Jacarezinho;homologacao_resultado_consulta;aprovada;2026.0;"Adesão a partir de 01/01/2026 (Anexo I: Consulta Pública; Anexo II: Critérios objetivos).";41042670 JACAREZINHO ABATIA RUI BARBOSA, C E - E F M PROF
edital1362025_gsseed_prot249175889_ccm_consulta_publica_resultado.pdf;Resultado de Consulta Pública e Adesão por Critérios Objetivos;Edital n.º 136/2025 – GS/SEED;2025-11-19;2;41001222.0;LOANDA LAMARTINE R SOARES, C E DR - EF M;LOANDA LAMARTINE R SOARES, C E DR - EF M;Loanda;homologacao_resultado_consulta;aprovada;2026.0;"Adesão a partir de 01/01/2026 (Anexo I: Consulta Pública; Anexo II: Critérios objetivos).";41001222 LOANDA LOANDA LAMARTINE R SOARES, C E DR - EF M
edital1362025_gsseed_prot249175889_ccm_consulta_publica_resultado.pdf;Resultado de Consulta Pública e Adesão por Critérios Objetivos;Edital n.º 136/2025 – GS/SEED;2025-11-19;2;41000978.0;MACHADO DE ASSIS, E E E-F;MACHADO DE ASSIS, E E E-F;Itaúna do Sul;homologacao_resultado_consulta;aprovada;2026.0;"Adesão a partir de 01/01/2026 (Anexo I: Consulta Pública; Anexo II: Critérios objetivos).";41000978 LOANDA ITAÚNA DO SUL MACHADO DE ASSIS, E E E-F
edital1362025_gsseed_prot249175889_ccm_consulta_publica_resultado.pdf;Resultado de Consulta Pública e Adesão por Critérios Objetivos;Edital n.º 136/2025 – GS/SEED;2025-11-19;2;41024281.0;MARINGÁ MARCO A PIMENTA, C E-EF M;MARINGÁ MARCO A PIMENTA, C E-EF M;Maringá;homologacao_resultado_consulta;aprovada;2026.0;"Adesão a partir de 01/01/2026 (Anexo I: Consulta Pública; Anexo II: Critérios objetivos).";41024281 MARINGÁ MARINGÁ MARCO A PIMENTA, C E-EF M
edital1362025_gsseed_prot249175889_ccm_consulta_publica_resultado.pdf;Resultado de Consulta Pública e Adesão por Critérios Objetivos;Edital n.º 136/2025 – GS/SEED;2025-11-19;2;41020189.0;LOBATO OSVALDO ARANHA, E E - EF;LOBATO OSVALDO ARANHA, E E - EF;Maringá;homologacao_resultado_consulta;aprovada;2026.0;"Adesão a partir de 01/01/2026 (Anexo I: Consulta Pública; Anexo II: Critérios objetivos).";41020189 MARINGÁ LOBATO OSVALDO ARANHA, E E - EF
edital1362025_gsseed_prot249175889_ccm_consulta_publica_resultado.pdf;Resultado de Consulta Pública e Adesão por Critérios Objetivos;Edital n.º 136/2025 – GS/SEED;2025-11-19;2;41140788.0;PARANAGUÁ JOSE BONIFÁCIO, C E - EF M PROFIS;PARANAGUÁ JOSE BONIFÁCIO, C E - EF M PROFIS;Paranaguá;homologacao_resultado_consulta;aprovada;2026.0;"Adesão a partir de 01/01/2026 (Anexo I: Consulta Pública; Anexo II: Critérios objetivos).";41140788 PARANAGUÁ PARANAGUÁ JOSE BONIFÁCIO, C E - EF M PROFIS
edital1362025_gsseed_prot249175889_ccm_consulta_publica_resultado.pdf;Resultado de Consulta Pública e Adesão por Critérios Objetivos;Edital n.º 136/2025 – GS/SEED;2025-11-19;2;41373375.0;41373375 PARANAGUÁ PONTAL DO PARANÁ;41373375 PARANAGUÁ PONTAL DO PARANÁ;Pontal do Paraná;homologacao_resultado_consulta;aprovada;2026.0;"Adesão a partir de 01/01/2026 (Anexo I: Consulta Pública; Anexo II: Critérios objetivos).";41373375 PARANAGUÁ PONTAL DO PARANÁ
edital1362025_gsseed_prot249175889_ccm_consulta_publica_resultado.pdf;Resultado de Consulta Pública e Adesão por Critérios Objetivos;Edital n.º 136/2025 – GS/SEED;2025-11-19;2;41366620.0;PARANAGUÁ VIDAL VANHONI, C E PROF-EF M;PARANAGUÁ VIDAL VANHONI, C E PROF-EF M;Paranaguá;homologacao_resultado_consulta;aprovada;2026.0;"Adesão a partir de 01/01/2026 (Anexo I: Consulta Pública; Anexo II: Critérios objetivos).";41366620 PARANAGUÁ PARANAGUÁ VIDAL VANHONI, C E PROF-EF M
edital1362025_gsseed_prot249175889_ccm_consulta_publica_resultado.pdf;Resultado de Consulta Pública e Adesão por Critérios Objetivos;Edital n.º 136/2025 – GS/SEED;2025-11-19;2;41141288.0;PARANAGUÁ ZILAH DOS S BATISTA, C E PROFA-EF M P;PARANAGUÁ ZILAH DOS S BATISTA, C E PROFA-EF M P;Paranaguá;homologacao_resultado_consulta;aprovada;2026.0;"Adesão a partir de 01/01/2026 (Anexo I: Consulta Pública; Anexo II: Critérios objetivos).";41141288 PARANAGUÁ PARANAGUÁ ZILAH DOS S BATISTA, C E PROFA-EF M P
edital1362025_gsseed_prot249175889_ccm_consulta_publica_resultado.pdf;Resultado de Consulta Pública e Adesão por Critérios Objetivos;Edital n.º 136/2025 – GS/SEED;2025-11-19;2;41068998.0;TOLEDO NOVO SARANDI, C E EF M;TOLEDO NOVO SARANDI, C E EF M;Toledo;homologacao_resultado_consulta;aprovada;2026.0;"Adesão a partir de 01/01/2026 (Anexo I: Consulta Pública; Anexo II: Critérios objetivos).";41068998 TOLEDO TOLEDO NOVO SARANDI, C E EF M
edital1362025_gsseed_prot249175889_ccm_consulta_publica_resultado.pdf;Resultado de Consulta Pública e Adesão por Critérios Objetivos;Edital n.º 136/2025 – GS/SEED;2025-11-19;2;41007131.0;PEROLA NESTOR VICTOR, C E-EF M N PROFIS;PEROLA NESTOR VICTOR, C E-EF M N PROFIS;Umuarama;homologacao_resultado_consulta;aprovada;2026.0;"Adesão a partir de 01/01/2026 (Anexo I: Consulta Pública; Anexo II: Critérios objetivos).";41007131 UMUARAMA PEROLA NESTOR VICTOR, C E-EF M N PROFIS
edital1362025_gsseed_prot249175889_ccm_consulta_publica_resultado.pdf;Resultado de Consulta Pública e Adesão por Critérios Objetivos;Edital n.º 136/2025 – GS/SEED;2025-11-19;3;41167090.0;ANDREIA NERES DOS SANTOS, C E PROFA-EFM;ANDREIA NERES DOS SANTOS, C E PROFA-EFM;Cascavel;adesao_criterios_objetivos;aprovada;2026.0;Anexo II: Critérios objetivos (queda de IDEB e frequência abaixo da média estadual de 88,91%).;41167090
edital1362025_gsseed_prot249175889_ccm_consulta_publica_resultado.pdf;Resultado de Consulta Pública e Adesão por Critérios Objetivos;Edital n.º 136/2025 – GS/SEED;2025-11-19;3;41127668.0;BENTO MUNHOZ DA ROCHA, C E-EF M PROFIS;BENTO MUNHOZ DA ROCHA, C E-EF M PROFIS;Curitiba;adesao_criterios_objetivos;aprovada;2026.0;Anexo II: Critérios objetivos (queda de IDEB e frequência abaixo da média estadual de 88,91%).;41127668
edital1362025_gsseed_prot249175889_ccm_consulta_publica_resultado.pdf;Resultado de Consulta Pública e Adesão por Critérios Objetivos;Edital n.º 136/2025 – GS/SEED;2025-11-19;3;41130189.0;CURITIBA JOÃO PAULO II, C E-EF M;CURITIBA JOÃO PAULO II, C E-EF M;Curitiba;adesao_criterios_objetivos;aprovada;2026.0;Anexo II: Critérios objetivos (queda de IDEB e frequência abaixo da média estadual de 88,91%).;41130189 CURITIBA CURITIBA JOÃO PAULO II, C E-EF M
edital1362025_gsseed_prot249175889_ccm_consulta_publica_resultado.pdf;Resultado de Consulta Pública e Adesão por Critérios Objetivos;Edital n.º 136/2025 – GS/SEED;2025-11-19;3;41024923.0;PAIÇANDU IZABEL, C E PRINC-EF-M X;PAIÇANDU IZABEL, C E PRINC-EF-M X;Maringá;adesao_criterios_objetivos;aprovada;2026.0;Anexo II: Critérios objetivos (queda de IDEB e frequência abaixo da média estadual de 88,91%).;41024923 MARINGÁ PAIÇANDU IZABEL, C E PRINC-EF-M X
edital152024_gsseed_prot213553291_cmeiv_pss_edital022024.pdf;Processo Seletivo de Pessoal / Gestão CCM;EDITAL N.º 15/2024 – GS/SEED;2024-03-07;1;;Instituições de Ensino Cívico-Militares (Vagas de Diretores / Monitores);INSTITUICOES DE ENSINO CIVICO-MILITARES (VAGAS DE DIRETORES / MONITORES);Estado do Paraná;processo_seletivo_pessoal;instituicao_com_vaga;2024.0;Edital referente a credenciamento, homologação de saúde ou seleção de militares/diretores. Documento: edital152024_gsseed_prot213553291_cmeiv_pss_edital022024.;Cabeçalho do documento edital152024_gsseed_prot213553291_cmeiv_pss_edital022024
edital212024_gsseed_prot213553291_processo_seletivo_cmeiv.pdf;Processo Seletivo de Pessoal / Gestão CCM;EDITAL N.º 21/2024 – GS/SEED;2024-03-26;1;;Instituições de Ensino Cívico-Militares (Vagas de Diretores / Monitores);INSTITUICOES DE ENSINO CIVICO-MILITARES (VAGAS DE DIRETORES / MONITORES);Estado do Paraná;processo_seletivo_pessoal;instituicao_com_vaga;2024.0;Edital referente a credenciamento, homologação de saúde ou seleção de militares/diretores. Documento: edital212024_gsseed_prot213553291_processo_seletivo_cmeiv.;Cabeçalho do documento edital212024_gsseed_prot213553291_processo_seletivo_cmeiv
edital22024_gsseed_prot213553291_ccm_processo_seletivo.pdf;Processo Seletivo de Pessoal / Gestão CCM;EDITAL N.º 2/2024 – GS/SEED;2024-01-12;1;;Instituições de Ensino Cívico-Militares (Vagas de Diretores / Monitores);INSTITUICOES DE ENSINO CIVICO-MILITARES (VAGAS DE DIRETORES / MONITORES);Estado do Paraná;processo_seletivo_pessoal;instituicao_com_vaga;2024.0;Edital referente a credenciamento, homologação de saúde ou seleção de militares/diretores. Documento: edital22024_gsseed_prot213553291_ccm_processo_seletivo.;Cabeçalho do documento edital22024_gsseed_prot213553291_ccm_processo_seletivo
edital232024_gsseed_prot213553291_cmeiv_cronograma_edital022024.pdf;Processo Seletivo de Pessoal / Gestão CCM;EDITAL N.º 23/2024 – GS/SEED;2024-04-10;1;;Instituições de Ensino Cívico-Militares (Vagas de Diretores / Monitores);INSTITUICOES DE ENSINO CIVICO-MILITARES (VAGAS DE DIRETORES / MONITORES);Estado do Paraná;processo_seletivo_pessoal;instituicao_com_vaga;2024.0;Edital referente a credenciamento, homologação de saúde ou seleção de militares/diretores. Documento: edital232024_gsseed_prot213553291_cmeiv_cronograma_edital022024.;Cabeçalho do documento edital232024_gsseed_prot213553291_cmeiv_cronograma_edital022024
edital242024_gsseed_prot213553291_processo_seletivo_cmeiv.pdf;Processo Seletivo de Pessoal / Gestão CCM;EDITAL N.º 24/2024 – GS/SEED;2024-04-10;1;;Instituições de Ensino Cívico-Militares (Vagas de Diretores / Monitores);INSTITUICOES DE ENSINO CIVICO-MILITARES (VAGAS DE DIRETORES / MONITORES);Estado do Paraná;processo_seletivo_pessoal;instituicao_com_vaga;2024.0;Edital referente a credenciamento, homologação de saúde ou seleção de militares/diretores. Documento: edital242024_gsseed_prot213553291_processo_seletivo_cmeiv.;Cabeçalho do documento edital242024_gsseed_prot213553291_processo_seletivo_cmeiv
edital312024_gsseed_prot213553291_cronograma_processo_seletivo_cmeiv.pdf;Processo Seletivo de Pessoal / Gestão CCM;EDITAL N.º 31/2024 – GS/SEED;2024-05-02;1;;Instituições de Ensino Cívico-Militares (Vagas de Diretores / Monitores);INSTITUICOES DE ENSINO CIVICO-MILITARES (VAGAS DE DIRETORES / MONITORES);Estado do Paraná;processo_seletivo_pessoal;instituicao_com_vaga;2024.0;Edital referente a credenciamento, homologação de saúde ou seleção de militares/diretores. Documento: edital312024_gsseed_prot213553291_cronograma_processo_seletivo_cmeiv.;Cabeçalho do documento edital312024_gsseed_prot213553291_cronograma_processo_seletivo_cmeiv
edital342024_gsseed_prot220140253_ccm.pdf;Processo Seletivo de Pessoal / Gestão CCM;EDITAL N.º 34/2024 – GS/SEED;2024-05-06;1;;Instituições de Ensino Cívico-Militares (Vagas de Diretores / Monitores);INSTITUICOES DE ENSINO CIVICO-MILITARES (VAGAS DE DIRETORES / MONITORES);Estado do Paraná;processo_seletivo_pessoal;instituicao_com_vaga;2024.0;Edital referente a credenciamento, homologação de saúde ou seleção de militares/diretores. Documento: edital342024_gsseed_prot220140253_ccm.;Cabeçalho do documento edital342024_gsseed_prot220140253_ccm
edital352024_gsseed_prot213553291_ccm.pdf;Processo Seletivo de Pessoal / Gestão CCM;EDITAL N.º 35/2024 – GS/SEED;2024-05-06;1;;Instituições de Ensino Cívico-Militares (Vagas de Diretores / Monitores);INSTITUICOES DE ENSINO CIVICO-MILITARES (VAGAS DE DIRETORES / MONITORES);Estado do Paraná;processo_seletivo_pessoal;instituicao_com_vaga;2024.0;Edital referente a credenciamento, homologação de saúde ou seleção de militares/diretores. Documento: edital352024_gsseed_prot213553291_ccm.;Cabeçalho do documento edital352024_gsseed_prot213553291_ccm
edital362024_gsseed_prot216757599_ccm.pdf;Processo Seletivo de Pessoal / Gestão CCM;EDITAL N.º 36/2024 – GS/SEED;2024-05-07;1;;Instituições de Ensino Cívico-Militares (Vagas de Diretores / Monitores);INSTITUICOES DE ENSINO CIVICO-MILITARES (VAGAS DE DIRETORES / MONITORES);Estado do Paraná;processo_seletivo_pessoal;instituicao_com_vaga;2024.0;Edital referente a credenciamento, homologação de saúde ou seleção de militares/diretores. Documento: edital362024_gsseed_prot216757599_ccm.;Cabeçalho do documento edital362024_gsseed_prot216757599_ccm
edital372024_gsseed_prot207899054_ccm.pdf;Processo Seletivo de Pessoal / Gestão CCM;EDITAL N.º 37/2024 – GS/SEED;2024-05-08;1;;Instituições de Ensino Cívico-Militares (Vagas de Diretores / Monitores);INSTITUICOES DE ENSINO CIVICO-MILITARES (VAGAS DE DIRETORES / MONITORES);Estado do Paraná;processo_seletivo_pessoal;instituicao_com_vaga;2024.0;Edital referente a credenciamento, homologação de saúde ou seleção de militares/diretores. Documento: edital372024_gsseed_prot207899054_ccm.;Cabeçalho do documento edital372024_gsseed_prot207899054_ccm
edital42024_gsseed_prot215382559_ccm_convocacao_sergio_marcelo_machado.pdf;Processo Seletivo de Pessoal / Gestão CCM;EDITAL N.º 4/2024 – GS/SEED;2024-01-12;1;;Instituições de Ensino Cívico-Militares (Vagas de Diretores / Monitores);INSTITUICOES DE ENSINO CIVICO-MILITARES (VAGAS DE DIRETORES / MONITORES);Estado do Paraná;processo_seletivo_pessoal;instituicao_com_vaga;2024.0;Edital referente a credenciamento, homologação de saúde ou seleção de militares/diretores. Documento: edital42024_gsseed_prot215382559_ccm_convocacao_sergio_marcelo_machado.;Cabeçalho do documento edital42024_gsseed_prot215382559_ccm_convocacao_sergio_marcelo_machado
edital422024_gsseed_prot221350693_ccm.pdf;Processo Seletivo de Pessoal / Gestão CCM;EDITAL N.º 42/2024 – GS/SEED;2024-05-28;1;;Instituições de Ensino Cívico-Militares (Vagas de Diretores / Monitores);INSTITUICOES DE ENSINO CIVICO-MILITARES (VAGAS DE DIRETORES / MONITORES);Estado do Paraná;processo_seletivo_pessoal;instituicao_com_vaga;2024.0;Edital referente a credenciamento, homologação de saúde ou seleção de militares/diretores. Documento: edital422024_gsseed_prot221350693_ccm.;Cabeçalho do documento edital422024_gsseed_prot221350693_ccm
edital442023_gsseed_protocolo203330650_ccm_processo_seletivo.pdf;Processo Seletivo de Pessoal / Gestão CCM;EDITAL N.º 44/2023 GS/SEED;;1;;Instituições de Ensino Cívico-Militares (Vagas de Diretores / Monitores);INSTITUICOES DE ENSINO CIVICO-MILITARES (VAGAS DE DIRETORES / MONITORES);Estado do Paraná;processo_seletivo_pessoal;instituicao_com_vaga;2024.0;Edital referente a credenciamento, homologação de saúde ou seleção de militares/diretores. Documento: edital442023_gsseed_protocolo203330650_ccm_processo_seletivo.;Cabeçalho do documento edital442023_gsseed_protocolo203330650_ccm_processo_seletivo
edital462023_gsseed_protocolo203330650_ccm_processo_seletivo_retificado.pdf;Processo Seletivo de Pessoal / Gestão CCM;EDITAL N.º 46/2023 – GS/SEED;2023-07-28;1;;Instituições de Ensino Cívico-Militares (Vagas de Diretores / Monitores);INSTITUICOES DE ENSINO CIVICO-MILITARES (VAGAS DE DIRETORES / MONITORES);Estado do Paraná;processo_seletivo_pessoal;instituicao_com_vaga;2024.0;Edital referente a credenciamento, homologação de saúde ou seleção de militares/diretores. Documento: edital462023_gsseed_protocolo203330650_ccm_processo_seletivo_retificado.;Cabeçalho do documento edital462023_gsseed_protocolo203330650_ccm_processo_seletivo_retificado
edital52024_gsseed_prot203330650_ccm_listagem_retificada.pdf;Processo Seletivo de Pessoal / Gestão CCM;EDITAL N.º 5/2024 – GS/SEED;2024-01-12;1;;Instituições de Ensino Cívico-Militares (Vagas de Diretores / Monitores);INSTITUICOES DE ENSINO CIVICO-MILITARES (VAGAS DE DIRETORES / MONITORES);Estado do Paraná;processo_seletivo_pessoal;instituicao_com_vaga;2024.0;Edital referente a credenciamento, homologação de saúde ou seleção de militares/diretores. Documento: edital52024_gsseed_prot203330650_ccm_listagem_retificada.;Cabeçalho do documento edital52024_gsseed_prot203330650_ccm_listagem_retificada
edital552023_gsseed_protocolo209006375_ccm_processo_seletivo_inscricoes_validadas.pdf;Processo Seletivo de Pessoal / Gestão CCM;EDITAL N.º 55/2023 – GS/SEED;2023-08-21;1;;Instituições de Ensino Cívico-Militares (Vagas de Diretores / Monitores);INSTITUICOES DE ENSINO CIVICO-MILITARES (VAGAS DE DIRETORES / MONITORES);Estado do Paraná;processo_seletivo_pessoal;instituicao_com_vaga;2024.0;Edital referente a credenciamento, homologação de saúde ou seleção de militares/diretores. Documento: edital552023_gsseed_protocolo209006375_ccm_processo_seletivo_inscricoes_validadas.;Cabeçalho do documento edital552023_gsseed_protocolo209006375_ccm_processo_seletivo_inscricoes_validadas
edital572023_gsseed_protocolo209006375_ccm_processo_seletivo_inscricoes_validadas_retificado.pdf;Processo Seletivo de Pessoal / Gestão CCM;EDITAL N.º 57/2023 – GS/SEED;;1;;Instituições de Ensino Cívico-Militares (Vagas de Diretores / Monitores);INSTITUICOES DE ENSINO CIVICO-MILITARES (VAGAS DE DIRETORES / MONITORES);Estado do Paraná;processo_seletivo_pessoal;instituicao_com_vaga;2024.0;Edital referente a credenciamento, homologação de saúde ou seleção de militares/diretores. Documento: edital572023_gsseed_protocolo209006375_ccm_processo_seletivo_inscricoes_validadas_retificado.;Cabeçalho do documento edital572023_gsseed_protocolo209006375_ccm_processo_seletivo_inscricoes_validadas_retificado
edital582023_gsseed_protocolo203330650_ccm_processo_seletivo_retificado.pdf;Processo Seletivo de Pessoal / Gestão CCM;EDITAL N.º 58/2023 – GS/SEED;;1;;Instituições de Ensino Cívico-Militares (Vagas de Diretores / Monitores);INSTITUICOES DE ENSINO CIVICO-MILITARES (VAGAS DE DIRETORES / MONITORES);Estado do Paraná;processo_seletivo_pessoal;instituicao_com_vaga;2024.0;Edital referente a credenciamento, homologação de saúde ou seleção de militares/diretores. Documento: edital582023_gsseed_protocolo203330650_ccm_processo_seletivo_retificado.;Cabeçalho do documento edital582023_gsseed_protocolo203330650_ccm_processo_seletivo_retificado
edital632023_gsseed_protocolo203330650_ccm_processo_seletivo_retificacao_edital552023.pdf;Processo Seletivo de Pessoal / Gestão CCM;EDITAL N.º 63/2023 – GS/SEED;2023-09-05;1;;Instituições de Ensino Cívico-Militares (Vagas de Diretores / Monitores);INSTITUICOES DE ENSINO CIVICO-MILITARES (VAGAS DE DIRETORES / MONITORES);Estado do Paraná;processo_seletivo_pessoal;instituicao_com_vaga;2024.0;Edital referente a credenciamento, homologação de saúde ou seleção de militares/diretores. Documento: edital632023_gsseed_protocolo203330650_ccm_processo_seletivo_retificacao_edital552023.;Cabeçalho do documento edital632023_gsseed_protocolo203330650_ccm_processo_seletivo_retificacao_edital552023
edital642023_gsseed_protocolo203330650_ccm_processo_seletivo_retificacao_edital612023.pdf;Processo Seletivo de Pessoal / Gestão CCM;EDITAL N.º  64/2023 – GS/SEED;2023-09-05;1;;Instituições de Ensino Cívico-Militares (Vagas de Diretores / Monitores);INSTITUICOES DE ENSINO CIVICO-MILITARES (VAGAS DE DIRETORES / MONITORES);Estado do Paraná;processo_seletivo_pessoal;instituicao_com_vaga;2024.0;Edital referente a credenciamento, homologação de saúde ou seleção de militares/diretores. Documento: edital642023_gsseed_protocolo203330650_ccm_processo_seletivo_retificacao_edital612023.;Cabeçalho do documento edital642023_gsseed_protocolo203330650_ccm_processo_seletivo_retificacao_edital612023
edital662024_gsseed_prot203330650_ccm_prorrogar.pdf;Processo Seletivo de Pessoal / Gestão CCM;EDITAL N.º 66/2024 – GS/SEED;2024-07-10;1;;Instituições de Ensino Cívico-Militares (Vagas de Diretores / Monitores);INSTITUICOES DE ENSINO CIVICO-MILITARES (VAGAS DE DIRETORES / MONITORES);Estado do Paraná;processo_seletivo_pessoal;instituicao_com_vaga;2024.0;Edital referente a credenciamento, homologação de saúde ou seleção de militares/diretores. Documento: edital662024_gsseed_prot203330650_ccm_prorrogar.;Cabeçalho do documento edital662024_gsseed_prot203330650_ccm_prorrogar
edital672024_gsseed_prot_224349033_ccm.pdf;Processo Seletivo de Pessoal / Gestão CCM;Edital (edital672024_gsseed_prot_224349033_ccm);2024-07-12;1;;Instituições de Ensino Cívico-Militares (Vagas de Diretores / Monitores);INSTITUICOES DE ENSINO CIVICO-MILITARES (VAGAS DE DIRETORES / MONITORES);Estado do Paraná;processo_seletivo_pessoal;instituicao_com_vaga;2024.0;Edital referente a credenciamento, homologação de saúde ou seleção de militares/diretores. Documento: edital672024_gsseed_prot_224349033_ccm.;Cabeçalho do documento edital672024_gsseed_prot_224349033_ccm
edital752023_gsseed_protocolo203330650_ccm_retificacao_cronograma_edital44.pdf;Processo Seletivo de Pessoal / Gestão CCM;EDITAL N.º 75/2023 – GS/SEED;2023-09-22;1;;Instituições de Ensino Cívico-Militares (Vagas de Diretores / Monitores);INSTITUICOES DE ENSINO CIVICO-MILITARES (VAGAS DE DIRETORES / MONITORES);Estado do Paraná;processo_seletivo_pessoal;instituicao_com_vaga;2024.0;Edital referente a credenciamento, homologação de saúde ou seleção de militares/diretores. Documento: edital752023_gsseed_protocolo203330650_ccm_retificacao_cronograma_edital44.;Cabeçalho do documento edital752023_gsseed_protocolo203330650_ccm_retificacao_cronograma_edital44
edital762024_gsseed_prot225143666_ccm_resultado_final.pdf;Processo Seletivo de Pessoal / Gestão CCM;EDITAL N.º 76/2024 GS/SEED;;1;;Instituições de Ensino Cívico-Militares (Vagas de Diretores / Monitores);INSTITUICOES DE ENSINO CIVICO-MILITARES (VAGAS DE DIRETORES / MONITORES);Estado do Paraná;processo_seletivo_pessoal;instituicao_com_vaga;2024.0;Edital referente a credenciamento, homologação de saúde ou seleção de militares/diretores. Documento: edital762024_gsseed_prot225143666_ccm_resultado_final.;Cabeçalho do documento edital762024_gsseed_prot225143666_ccm_resultado_final
edital842023_gsseed_protocolo203330650.pdf;Processo Seletivo de Pessoal / Gestão CCM;EDITAL N.º 84/2023 – GS/SEED;2023-10-17;1;;Instituições de Ensino Cívico-Militares (Vagas de Diretores / Monitores);INSTITUICOES DE ENSINO CIVICO-MILITARES (VAGAS DE DIRETORES / MONITORES);Estado do Paraná;processo_seletivo_pessoal;instituicao_com_vaga;2024.0;Edital referente a credenciamento, homologação de saúde ou seleção de militares/diretores. Documento: edital842023_gsseed_protocolo203330650.;Cabeçalho do documento edital842023_gsseed_protocolo203330650
edital872024_gsseed_prot225143366_ccm.pdf;Processo Seletivo de Pessoal / Gestão CCM;EDITAL N.º 87/2024 – GS/SEED;2024-08-15;1;;Instituições de Ensino Cívico-Militares (Vagas de Diretores / Monitores);INSTITUICOES DE ENSINO CIVICO-MILITARES (VAGAS DE DIRETORES / MONITORES);Estado do Paraná;processo_seletivo_pessoal;instituicao_com_vaga;2024.0;Edital referente a credenciamento, homologação de saúde ou seleção de militares/diretores. Documento: edital872024_gsseed_prot225143366_ccm.;Cabeçalho do documento edital872024_gsseed_prot225143366_ccm
edital902023_gsseed_protocolo203330650_ccm_resultado_aptidao_saude.pdf;Processo Seletivo de Pessoal / Gestão CCM;EDITAL N.º 90/2023 – GS/SEED;;1;;Instituições de Ensino Cívico-Militares (Vagas de Diretores / Monitores);INSTITUICOES DE ENSINO CIVICO-MILITARES (VAGAS DE DIRETORES / MONITORES);Estado do Paraná;processo_seletivo_pessoal;instituicao_com_vaga;2024.0;Edital referente a credenciamento, homologação de saúde ou seleção de militares/diretores. Documento: edital902023_gsseed_protocolo203330650_ccm_resultado_aptidao_saude.;Cabeçalho do documento edital902023_gsseed_protocolo203330650_ccm_resultado_aptidao_saude
edital92024_gsseed_prot213553291_ccm.pdf;Processo Seletivo de Pessoal / Gestão CCM;EDITAL N.º 9/2024 – GS/SEED;2024-01-30;1;;Instituições de Ensino Cívico-Militares (Vagas de Diretores / Monitores);INSTITUICOES DE ENSINO CIVICO-MILITARES (VAGAS DE DIRETORES / MONITORES);Estado do Paraná;processo_seletivo_pessoal;instituicao_com_vaga;2024.0;Edital referente a credenciamento, homologação de saúde ou seleção de militares/diretores. Documento: edital92024_gsseed_prot213553291_ccm.;Cabeçalho do documento edital92024_gsseed_prot213553291_ccm
edital942023_gsseed_protocolo203330650_CCM_novo_cronograma.pdf;Processo Seletivo de Pessoal / Gestão CCM;EDITAL N.º 94/2023 – GS/SEED;2023-10-26;1;;Instituições de Ensino Cívico-Militares (Vagas de Diretores / Monitores);INSTITUICOES DE ENSINO CIVICO-MILITARES (VAGAS DE DIRETORES / MONITORES);Estado do Paraná;processo_seletivo_pessoal;instituicao_com_vaga;2024.0;Edital referente a credenciamento, homologação de saúde ou seleção de militares/diretores. Documento: edital942023_gsseed_protocolo203330650_CCM_novo_cronograma.;Cabeçalho do documento edital942023_gsseed_protocolo203330650_CCM_novo_cronograma
edital952023_gsseed_protocolo203330650_ccm_resultado_parcial.pdf;Processo Seletivo de Pessoal / Gestão CCM;EDITAL N.º 95/2023 – GS/SEED;2023-10-30;1;;Instituições de Ensino Cívico-Militares (Vagas de Diretores / Monitores);INSTITUICOES DE ENSINO CIVICO-MILITARES (VAGAS DE DIRETORES / MONITORES);Estado do Paraná;processo_seletivo_pessoal;instituicao_com_vaga;2024.0;Edital referente a credenciamento, homologação de saúde ou seleção de militares/diretores. Documento: edital952023_gsseed_protocolo203330650_ccm_resultado_parcial.;Cabeçalho do documento edital952023_gsseed_protocolo203330650_ccm_resultado_parcial
edital962023_gsseed_protocolo203330650_ccm_lista_complementar.pdf;Processo Seletivo de Pessoal / Gestão CCM;EDITAL N.º 96/2023 – GS/SEED;2023-11-01;1;;Instituições de Ensino Cívico-Militares (Vagas de Diretores / Monitores);INSTITUICOES DE ENSINO CIVICO-MILITARES (VAGAS DE DIRETORES / MONITORES);Estado do Paraná;processo_seletivo_pessoal;instituicao_com_vaga;2024.0;Edital referente a credenciamento, homologação de saúde ou seleção de militares/diretores. Documento: edital962023_gsseed_protocolo203330650_ccm_lista_complementar.;Cabeçalho do documento edital962023_gsseed_protocolo203330650_ccm_lista_complementar
edital_532020_gsseed_altera_edital_462020_gsseed_ccmpr.pdf;Processo Seletivo de Pessoal / Gestão CCM;EDITAL N.º 53/2020 – GS/SEED;2020-11-06;1;;Instituições de Ensino Cívico-Militares (Vagas de Diretores / Monitores);INSTITUICOES DE ENSINO CIVICO-MILITARES (VAGAS DE DIRETORES / MONITORES);Estado do Paraná;processo_seletivo_pessoal;instituicao_com_vaga;;Edital referente a credenciamento, homologação de saúde ou seleção de militares/diretores. Documento: edital_532020_gsseed_altera_edital_462020_gsseed_ccmpr.;Cabeçalho do documento edital_532020_gsseed_altera_edital_462020_gsseed_ccmpr
edital_582020_gsseed_altera_edital_462020gsseed_ccmpr.pdf;Edital Normativo de Cronograma e Atividades;Edital n.º 58/2020 – GS/SEED;2020-11-11;3;;Rede Estadual - Programa Colégios Cívico-Militares do Paraná (1ª Onda Geral);REDE ESTADUAL - PROGRAMA COLEGIOS CIVICO-MILITARES DO PARANA (1A ONDA GERAL);Estado do Paraná;fixacao_inicio_atividades;implementada;2021.0;Cláusula expressa do cronograma: Início das atividades em 02/01/2021 (Protocolo 17.021.626-1).;Início das atividades 02/01/2021
edital_762020_gsseed_altera_edital_462020gsseed_ccmpr.pdf;Edital Normativo de Cronograma;Edital n.º 76/2020 – GS/SEED;2020-12-07;1;;Rede Estadual - Programa Colégios Cívico-Militares do Paraná (1ª Onda Geral);REDE ESTADUAL - PROGRAMA COLEGIOS CIVICO-MILITARES DO PARANA (1A ONDA GERAL);Estado do Paraná;fixacao_inicio_atividades;implementada;2021.0;Cláusula expressa do cronograma: Início das atividades em 02/01/2021 (Protocolo 17.021.626-1).;Início das atividades 02/01/2021
