codigo_inep;codigo_mec;nome_escola_original;nome_escola_cadastro;municipio;ano;data_documento;data_evento;tipo_evento;status_evento;documento_origem;pagina_origem;evidencia;nivel_confianca;observacao
;;Instituições de Ensino Cívico-Militares (Vagas de Diretores / Monitores);REDE ESTADUAL DO PARANÁ;Estado do Paraná;2020;2020-11-06;2020-11-06;OUTRO;PROCESSO_SELETIVO_GERAL;edital_532020_gsseed_altera_edital_462020_gsseed_ccmpr.pdf;1;edital_532020_gsseed_altera_edital_462020_gsseed_ccmpr.pdf (p. 1) - Processo seletivo de gestão/direção militar ou edital normativo de cronograma da rede estadual.;NORMATIVO_GERAL;Edital referente a credenciamento, homologação de saúde ou seleção de militares/diretores. Documento: edital_532020_gsseed_altera_edital_462020_gsseed_ccmpr.
;;Rede Estadual - Programa Colégios Cívico-Militares do Paraná (1ª Onda Geral);REDE ESTADUAL DO PARANÁ;Estado do Paraná;2020;2020-11-11;2020-11-11;IMPLEMENTACAO;INICIO_ATIVIDADES_FIXADO_2021;edital_582020_gsseed_altera_edital_462020gsseed_ccmpr.pdf;3;edital_582020_gsseed_altera_edital_462020gsseed_ccmpr.pdf (p. 3) - Edital normativo que fixa expressamente o início das atividades das escolas cívico-militares da Lei nº 20.338/2020 para o ano letivo de 2021.;NORMATIVO_GERAL;Cláusula expressa do cronograma: Início das atividades em 02/01/2021 (Protocolo 17.021.626-1).
;;Rede Estadual - Programa Colégios Cívico-Militares do Paraná (1ª Onda Geral);REDE ESTADUAL DO PARANÁ;Estado do Paraná;2020;2020-12-07;2020-12-07;IMPLEMENTACAO;INICIO_ATIVIDADES_FIXADO_2021;edital_762020_gsseed_altera_edital_462020gsseed_ccmpr.pdf;1;edital_762020_gsseed_altera_edital_462020gsseed_ccmpr.pdf (p. 1) - Edital normativo que fixa expressamente o início das atividades das escolas cívico-militares da Lei nº 20.338/2020 para o ano letivo de 2021.;NORMATIVO_GERAL;Cláusula expressa do cronograma: Início das atividades em 02/01/2021 (Protocolo 17.021.626-1).
;;Instituições de Ensino Cívico-Militares (Vagas de Diretores / Monitores);REDE ESTADUAL DO PARANÁ;Estado do Paraná;2023;2023-07-28;2023-07-28;OUTRO;PROCESSO_SELETIVO_GERAL;edital462023_gsseed_protocolo203330650_ccm_processo_seletivo_retificado.pdf;1;edital462023_gsseed_protocolo203330650_ccm_processo_seletivo_retificado.pdf (p. 1) - Processo seletivo de gestão/direção militar ou edital normativo de cronograma da rede estadual.;NORMATIVO_GERAL;Edital referente a credenciamento, homologação de saúde ou seleção de militares/diretores. Documento: edital462023_gsseed_protocolo203330650_ccm_processo_seletivo_retificado.
;;Instituições de Ensino Cívico-Militares (Vagas de Diretores / Monitores);REDE ESTADUAL DO PARANÁ;Estado do Paraná;2023;2023-08-21;2023-08-21;OUTRO;PROCESSO_SELETIVO_GERAL;edital552023_gsseed_protocolo209006375_ccm_processo_seletivo_inscricoes_validadas.pdf;1;edital552023_gsseed_protocolo209006375_ccm_processo_seletivo_inscricoes_validadas.pdf (p. 1) - Processo seletivo de gestão/direção militar ou edital normativo de cronograma da rede estadual.;NORMATIVO_GERAL;Edital referente a credenciamento, homologação de saúde ou seleção de militares/diretores. Documento: edital552023_gsseed_protocolo209006375_ccm_processo_seletivo_inscricoes_validadas.
;;Instituições de Ensino Cívico-Militares (Vagas de Diretores / Monitores);REDE ESTADUAL DO PARANÁ;Estado do Paraná;2023;2023-09-05;2023-09-05;OUTRO;PROCESSO_SELETIVO_GERAL;edital632023_gsseed_protocolo203330650_ccm_processo_seletivo_retificacao_edital552023.pdf;1;edital632023_gsseed_protocolo203330650_ccm_processo_seletivo_retificacao_edital552023.pdf (p. 1) - Processo seletivo de gestão/direção militar ou edital normativo de cronograma da rede estadual.;NORMATIVO_GERAL;Edital referente a credenciamento, homologação de saúde ou seleção de militares/diretores. Documento: edital632023_gsseed_protocolo203330650_ccm_processo_seletivo_retificacao_edital552023.
;;Instituições de Ensino Cívico-Militares (Vagas de Diretores / Monitores);REDE ESTADUAL DO PARANÁ;Estado do Paraná;2023;2023-09-05;2023-09-05;OUTRO;PROCESSO_SELETIVO_GERAL;edital642023_gsseed_protocolo203330650_ccm_processo_seletivo_retificacao_edital612023.pdf;1;edital642023_gsseed_protocolo203330650_ccm_processo_seletivo_retificacao_edital612023.pdf (p. 1) - Processo seletivo de gestão/direção militar ou edital normativo de cronograma da rede estadual.;NORMATIVO_GERAL;Edital referente a credenciamento, homologação de saúde ou seleção de militares/diretores. Documento: edital642023_gsseed_protocolo203330650_ccm_processo_seletivo_retificacao_edital612023.
;;Instituições de Ensino Cívico-Militares (Vagas de Diretores / Monitores);REDE ESTADUAL DO PARANÁ;Estado do Paraná;2023;2023-09-22;2023-09-22;OUTRO;PROCESSO_SELETIVO_GERAL;edital752023_gsseed_protocolo203330650_ccm_retificacao_cronograma_edital44.pdf;1;edital752023_gsseed_protocolo203330650_ccm_retificacao_cronograma_edital44.pdf (p. 1) - Processo seletivo de gestão/direção militar ou edital normativo de cronograma da rede estadual.;NORMATIVO_GERAL;Edital referente a credenciamento, homologação de saúde ou seleção de militares/diretores. Documento: edital752023_gsseed_protocolo203330650_ccm_retificacao_cronograma_edital44.
;;Instituições de Ensino Cívico-Militares (Vagas de Diretores / Monitores);REDE ESTADUAL DO PARANÁ;Estado do Paraná;2023;2023-10-17;2023-10-17;OUTRO;PROCESSO_SELETIVO_GERAL;edital842023_gsseed_protocolo203330650.pdf;1;edital842023_gsseed_protocolo203330650.pdf (p. 1) - Processo seletivo de gestão/direção militar ou edital normativo de cronograma da rede estadual.;NORMATIVO_GERAL;Edital referente a credenciamento, homologação de saúde ou seleção de militares/diretores. Documento: edital842023_gsseed_protocolo203330650.
;;Instituições de Ensino Cívico-Militares (Vagas de Diretores / Monitores);REDE ESTADUAL DO PARANÁ;Estado do Paraná;2023;2023-10-26;2023-10-26;OUTRO;PROCESSO_SELETIVO_GERAL;edital942023_gsseed_protocolo203330650_CCM_novo_cronograma.pdf;1;edital942023_gsseed_protocolo203330650_CCM_novo_cronograma.pdf (p. 1) - Processo seletivo de gestão/direção militar ou edital normativo de cronograma da rede estadual.;NORMATIVO_GERAL;Edital referente a credenciamento, homologação de saúde ou seleção de militares/diretores. Documento: edital942023_gsseed_protocolo203330650_CCM_novo_cronograma.
;;Instituições de Ensino Cívico-Militares (Vagas de Diretores / Monitores);REDE ESTADUAL DO PARANÁ;Estado do Paraná;2023;2023-10-30;2023-10-30;OUTRO;PROCESSO_SELETIVO_GERAL;edital952023_gsseed_protocolo203330650_ccm_resultado_parcial.pdf;1;edital952023_gsseed_protocolo203330650_ccm_resultado_parcial.pdf (p. 1) - Processo seletivo de gestão/direção militar ou edital normativo de cronograma da rede estadual.;NORMATIVO_GERAL;Edital referente a credenciamento, homologação de saúde ou seleção de militares/diretores. Documento: edital952023_gsseed_protocolo203330650_ccm_resultado_parcial.
;;Instituições de Ensino Cívico-Militares (Vagas de Diretores / Monitores);REDE ESTADUAL DO PARANÁ;Estado do Paraná;2023;2023-11-01;2023-11-01;OUTRO;PROCESSO_SELETIVO_GERAL;edital962023_gsseed_protocolo203330650_ccm_lista_complementar.pdf;1;edital962023_gsseed_protocolo203330650_ccm_lista_complementar.pdf (p. 1) - Processo seletivo de gestão/direção militar ou edital normativo de cronograma da rede estadual.;NORMATIVO_GERAL;Edital referente a credenciamento, homologação de saúde ou seleção de militares/diretores. Documento: edital962023_gsseed_protocolo203330650_ccm_lista_complementar.
;;Instituições de Ensino Cívico-Militares (Vagas de Diretores / Monitores);REDE ESTADUAL DO PARANÁ;Estado do Paraná;2023;2023-11-10;2023-11-10;OUTRO;PROCESSO_SELETIVO_GERAL;edital1002023_gsseed_protocolo203330650_ccm_resultado_analise_recursos_fase_investigacao_vida.pdf;1;edital1002023_gsseed_protocolo203330650_ccm_resultado_analise_recursos_fase_investigacao_vida.pdf (p. 1) - Processo seletivo de gestão/direção militar ou edital normativo de cronograma da rede estadual.;NORMATIVO_GERAL;Edital referente a credenciamento, homologação de saúde ou seleção de militares/diretores. Documento: edital1002023_gsseed_protocolo203330650_ccm_resultado_analise_recursos_fase_investigacao_vida.
41025318;41025318;APUCARANA ALBERTO SANTOS DUMONT, C E-EF M PROFIS;ALBERTO SANTOS DUMONT C E CMEF M P;Apucarana;2023;2023-11-10;2023-11-28;CONSULTA;CONVOCADA;edital1012023_gsseed_protocolo213100866_ccm_consulta_publica.pdf;1;Edital nº 101/2023 (p. 1) - Convocação da comunidade escolar para Consulta Pública realizada em 28 e 29/11/2023 com previsão de adesão em 2024.;CONFIRMADO;Convocação da comunidade escolar para consulta pública nos dias 28 e 29 de novembro de 2023.
41025806;41025806;APUCARANA JOSE DE ANCHIETA, C E PE-EF M PROFIS;JOSE DE ANCHIETA C E CM PEEF M PROFIS;Apucarana;2023;2023-11-10;2023-11-28;CONSULTA;CONVOCADA;edital1012023_gsseed_protocolo213100866_ccm_consulta_publica.pdf;1;Edital nº 101/2023 (p. 1) - Convocação da comunidade escolar para Consulta Pública realizada em 28 e 29/11/2023 com previsão de adesão em 2024.;CONFIRMADO;Convocação da comunidade escolar para consulta pública nos dias 28 e 29 de novembro de 2023.
41026055;41026055;APUCARANA OSMAR GUARACY FREIRE, C E-EF M P;OSMAR GUARACY FREIRE C E CMEF M P;Apucarana;2023;2023-11-10;2023-11-28;CONSULTA;CONVOCADA;edital1012023_gsseed_protocolo213100866_ccm_consulta_publica.pdf;1;Edital nº 101/2023 (p. 1) - Convocação da comunidade escolar para Consulta Pública realizada em 28 e 29/11/2023 com previsão de adesão em 2024.;CONFIRMADO;Convocação da comunidade escolar para consulta pública nos dias 28 e 29 de novembro de 2023.
41026152;41026152;APUCARANA POLIVALENTE C DOMINGOS SILVA,C E- EFMP;POLIVALENTE C D SILVA C E CMEF M P;Apucarana;2023;2023-11-10;2023-11-28;CONSULTA;CONVOCADA;edital1012023_gsseed_protocolo213100866_ccm_consulta_publica.pdf;1;Edital nº 101/2023 (p. 1) - Convocação da comunidade escolar para Consulta Pública realizada em 28 e 29/11/2023 com previsão de adesão em 2024.;CONFIRMADO;Convocação da comunidade escolar para consulta pública nos dias 28 e 29 de novembro de 2023.
41026411;41026411;ARAPONGAS ANTONIO RACANELLO SAMPAIO, C E- EF M;ANTONIO RACANELLO SAMPAIO C EEF M;Arapongas;2023;2023-11-10;2023-11-28;CONSULTA;CONVOCADA;edital1012023_gsseed_protocolo213100866_ccm_consulta_publica.pdf;1;Edital nº 101/2023 (p. 1) - Convocação da comunidade escolar para Consulta Pública realizada em 28 e 29/11/2023 com previsão de adesão em 2024.;CONFIRMADO;Convocação da comunidade escolar para consulta pública nos dias 28 e 29 de novembro de 2023.
41027370;41027370;CAMBIRA ROSA D CALSAVARA, C E-EF M PROFIS;ROSA D CALSAVARA C E CMEF M PROFIS;Cambira;2023;2023-11-10;2023-11-28;CONSULTA;CONVOCADA;edital1012023_gsseed_protocolo213100866_ccm_consulta_publica.pdf;1;Edital nº 101/2023 (p. 1) - Convocação da comunidade escolar para Consulta Pública realizada em 28 e 29/11/2023 com previsão de adesão em 2024.;CONFIRMADO;Convocação da comunidade escolar para consulta pública nos dias 28 e 29 de novembro de 2023.
41122801;41122801;ALBERTO KRAUSE, C E PROF-EF M;ALBERTO KRAUSE C E CM PROFEF M P;Almirante Tamandaré;2023;2023-11-10;2023-11-28;CONSULTA;CONVOCADA;edital1012023_gsseed_protocolo213100866_ccm_consulta_publica.pdf;1;Edital nº 101/2023 (p. 1) - Convocação da comunidade escolar para Consulta Pública realizada em 28 e 29/11/2023 com previsão de adesão em 2024.;CONFIRMADO;Convocação da comunidade escolar para consulta pública nos dias 28 e 29 de novembro de 2023.
41122860;41122860;FLORIPA TEIXEIRA DE FARIA, C E-EF M;FLORIPA TEIXEIRA DE FARIA C EEF M PROF;Almirante Tamandaré;2023;2023-11-10;2023-11-28;CONSULTA;CONVOCADA;edital1012023_gsseed_protocolo213100866_ccm_consulta_publica.pdf;1;Edital nº 101/2023 (p. 1) - Convocação da comunidade escolar para Consulta Pública realizada em 28 e 29/11/2023 com previsão de adesão em 2024.;CONFIRMADO;Convocação da comunidade escolar para consulta pública nos dias 28 e 29 de novembro de 2023.
41123301;41123301;TANCREDO NEVES, C E-EF M PROFIS;TANCREDO NEVES C EEF M;Almirante Tamandaré;2023;2023-11-10;2023-11-28;CONSULTA;CONVOCADA;edital1012023_gsseed_protocolo213100866_ccm_consulta_publica.pdf;1;Edital nº 101/2023 (p. 1) - Convocação da comunidade escolar para Consulta Pública realizada em 28 e 29/11/2023 com previsão de adesão em 2024.;CONFIRMADO;Convocação da comunidade escolar para consulta pública nos dias 28 e 29 de novembro de 2023.
41124669;41124669;IVAN F DO AMARAL FILHO, C E-EF M PROF;IVAN F DO AMARAL FILHO C E CM EF M P;Campina Grande do Sul;2023;2023-11-10;2023-11-28;CONSULTA;CONVOCADA;edital1012023_gsseed_protocolo213100866_ccm_consulta_publica.pdf;1;Edital nº 101/2023 (p. 1) - Convocação da comunidade escolar para Consulta Pública realizada em 28 e 29/11/2023 com previsão de adesão em 2024.;CONFIRMADO;Convocação da comunidade escolar para consulta pública nos dias 28 e 29 de novembro de 2023.
41126050;41126050;HELENA KOLODY, C E-EF M PROF;HELENA KOLODY C EEF M PROF;Colombo;2023;2023-11-10;2023-11-28;CONSULTA;CONVOCADA;edital1012023_gsseed_protocolo213100866_ccm_consulta_publica.pdf;1;Edital nº 101/2023 (p. 1) - Convocação da comunidade escolar para Consulta Pública realizada em 28 e 29/11/2023 com previsão de adesão em 2024.;CONFIRMADO;Convocação da comunidade escolar para consulta pública nos dias 28 e 29 de novembro de 2023.
41126122;41126122;JOAO R DE CAMARGO, C E-EF M PROFIS;JOAO R DE CAMARGO C E CM EF M;Colombo;2023;2023-11-10;2023-11-28;CONSULTA;CONVOCADA;edital1012023_gsseed_protocolo213100866_ccm_consulta_publica.pdf;1;Edital nº 101/2023 (p. 1) - Convocação da comunidade escolar para Consulta Pública realizada em 28 e 29/11/2023 com previsão de adesão em 2024.;CONFIRMADO;Convocação da comunidade escolar para consulta pública nos dias 28 e 29 de novembro de 2023.
41135784;41135784;LEOCADIA B RAMOS, C E-EF M PROFIS N;LEOCADIA B RAMOS C EEF M PROFIS;Pinhais;2023;2023-11-10;2023-11-28;CONSULTA;CONVOCADA;edital1012023_gsseed_protocolo213100866_ccm_consulta_publica.pdf;1;Edital nº 101/2023 (p. 1) - Convocação da comunidade escolar para Consulta Pública realizada em 28 e 29/11/2023 com previsão de adesão em 2024.;CONFIRMADO;Convocação da comunidade escolar para consulta pública nos dias 28 e 29 de novembro de 2023.
41164920;41164920;ARAPONGAS IRONDI MANTOVANI PUGLIESI, C E-EF M;IRONDI MANTOVANI PUGLIESI C E CMEF M;Arapongas;2023;2023-11-10;2023-11-28;CONSULTA;CONVOCADA;edital1012023_gsseed_protocolo213100866_ccm_consulta_publica.pdf;1;Edital nº 101/2023 (p. 1) - Convocação da comunidade escolar para Consulta Pública realizada em 28 e 29/11/2023 com previsão de adesão em 2024.;CONFIRMADO;Convocação da comunidade escolar para consulta pública nos dias 28 e 29 de novembro de 2023.
41373456;41373456;OSCAR J D P E SILVA, C E-EF M 4;OSCAR J D P E SILVA C E CM EF M;Pinhais;2023;2023-11-10;2023-11-28;CONSULTA;CONVOCADA;edital1012023_gsseed_protocolo213100866_ccm_consulta_publica.pdf;1;Edital nº 101/2023 (p. 1) - Convocação da comunidade escolar para Consulta Pública realizada em 28 e 29/11/2023 com previsão de adesão em 2024.;CONFIRMADO;Convocação da comunidade escolar para consulta pública nos dias 28 e 29 de novembro de 2023.
41387724;41387724;DANIEL ROCHA, C E PROF-EF M PROFIS;DANIEL ROCHA C E PROFEF M PROFIS;Pinhais;2023;2023-11-10;2023-11-28;CONSULTA;CONVOCADA;edital1012023_gsseed_protocolo213100866_ccm_consulta_publica.pdf;1;Edital nº 101/2023 (p. 1) - Convocação da comunidade escolar para Consulta Pública realizada em 28 e 29/11/2023 com previsão de adesão em 2024.;CONFIRMADO;Convocação da comunidade escolar para consulta pública nos dias 28 e 29 de novembro de 2023.
41043375;41043375;BANDEIRANTES NOBREGA DA CUNHA, C E-EF M;NOBREGA DA CUNHA C E CMEF M;Bandeirantes;2023;2023-11-10;2023-11-28;CONSULTA;CONVOCADA;edital1012023_gsseed_protocolo213100866_ccm_consulta_publica.pdf;2;Edital nº 101/2023 (p. 2) - Convocação da comunidade escolar para Consulta Pública realizada em 28 e 29/11/2023 com previsão de adesão em 2024.;CONFIRMADO;Convocação da comunidade escolar para consulta pública nos dias 28 e 29 de novembro de 2023.
41046218;41046218;SERTANEJA ANTONIO BITONTI, E E PROF-EF;ANTONIO BITONTI E E CM PROFEF;Sertaneja;2023;2023-11-10;2023-11-28;CONSULTA;CONVOCADA;edital1012023_gsseed_protocolo213100866_ccm_consulta_publica.pdf;2;Edital nº 101/2023 (p. 2) - Convocação da comunidade escolar para Consulta Pública realizada em 28 e 29/11/2023 com previsão de adesão em 2024.;CONFIRMADO;Convocação da comunidade escolar para consulta pública nos dias 28 e 29 de novembro de 2023.
41070585;41070585;CAP L MARQUES CARLOS A CAMARGO, C E-EF M PROFIS;CARLOS A CAMARGO C E CMEF M PROFIS;Capitão Leônidas Marques;2023;2023-11-10;2023-11-28;CONSULTA;CONVOCADA;edital1012023_gsseed_protocolo213100866_ccm_consulta_publica.pdf;2;Edital nº 101/2023 (p. 2) - Convocação da comunidade escolar para Consulta Pública realizada em 28 e 29/11/2023 com previsão de adesão em 2024.;CONFIRMADO;Convocação da comunidade escolar para consulta pública nos dias 28 e 29 de novembro de 2023.
41071018;41071018;CASCAVEL XIV DE NOVEMBRO, C E -EF M;XIV DE NOVEMBRO C E CMEF M;Cascavel;2023;2023-11-10;2023-11-28;CONSULTA;CONVOCADA;edital1012023_gsseed_protocolo213100866_ccm_consulta_publica.pdf;2;Edital nº 101/2023 (p. 2) - Convocação da comunidade escolar para Consulta Pública realizada em 28 e 29/11/2023 com previsão de adesão em 2024.;CONFIRMADO;Convocação da comunidade escolar para consulta pública nos dias 28 e 29 de novembro de 2023.
41071409;41071409;CASCAVEL HUMBERTO A C BRANCO, C E MAL-EF M PROF;HUMBERTO A C BRANCO C E CM MALEF M P;Cascavel;2023;2023-11-10;2023-11-28;CONSULTA;CONVOCADA;edital1012023_gsseed_protocolo213100866_ccm_consulta_publica.pdf;2;Edital nº 101/2023 (p. 2) - Convocação da comunidade escolar para Consulta Pública realizada em 28 e 29/11/2023 com previsão de adesão em 2024.;CONFIRMADO;Convocação da comunidade escolar para consulta pública nos dias 28 e 29 de novembro de 2023.
41071590;41071590;CASCAVEL JOSE A B ORSO, C E-EF M;JOSE A B ORSO C E CMEF M PROF;Cascavel;2023;2023-11-10;2023-11-28;CONSULTA;CONVOCADA;edital1012023_gsseed_protocolo213100866_ccm_consulta_publica.pdf;2;Edital nº 101/2023 (p. 2) - Convocação da comunidade escolar para Consulta Pública realizada em 28 e 29/11/2023 com previsão de adesão em 2024.;CONFIRMADO;Convocação da comunidade escolar para consulta pública nos dias 28 e 29 de novembro de 2023.
41071832;41071832;CASCAVEL MARILIS F PIROTELLI, C E-EF M;MARILIS F PIROTELLI C EEF M;Cascavel;2023;2023-11-10;2023-11-28;CONSULTA;CONVOCADA;edital1012023_gsseed_protocolo213100866_ccm_consulta_publica.pdf;2;Edital nº 101/2023 (p. 2) - Convocação da comunidade escolar para Consulta Pública realizada em 28 e 29/11/2023 com previsão de adesão em 2024.;CONFIRMADO;Convocação da comunidade escolar para consulta pública nos dias 28 e 29 de novembro de 2023.
41072626;41072626;CORBELIA AMANCIO MORO, C E-EF M N PROFIS;AMANCIO MORO C E CM EF M N PROFIS;Corbélia;2023;2023-11-10;2023-11-28;CONSULTA;CONVOCADA;edital1012023_gsseed_protocolo213100866_ccm_consulta_publica.pdf;2;Edital nº 101/2023 (p. 2) - Convocação da comunidade escolar para Consulta Pública realizada em 28 e 29/11/2023 com previsão de adesão em 2024.;CONFIRMADO;Convocação da comunidade escolar para consulta pública nos dias 28 e 29 de novembro de 2023.
41124014;41124014;JUVENTUDE DE SANTO ANTONIO, C E- EF M;JUVENTUDE DE SANTO ANTONIO C E CMEF M;Balsa Nova;2023;2023-11-10;2023-11-28;CONSULTA;CONVOCADA;edital1012023_gsseed_protocolo213100866_ccm_consulta_publica.pdf;2;Edital nº 101/2023 (p. 2) - Convocação da comunidade escolar para Consulta Pública realizada em 28 e 29/11/2023 com previsão de adesão em 2024.;CONFIRMADO;Convocação da comunidade escolar para consulta pública nos dias 28 e 29 de novembro de 2023.
41125053;41125053;DJALMA MARINHO, C E-EF M PROFIS;DJALMA MARINHO C E CMEF M PROFIS;Campo Largo;2023;2023-11-10;2023-11-28;CONSULTA;CONVOCADA;edital1012023_gsseed_protocolo213100866_ccm_consulta_publica.pdf;2;Edital nº 101/2023 (p. 2) - Convocação da comunidade escolar para Consulta Pública realizada em 28 e 29/11/2023 com previsão de adesão em 2024.;CONFIRMADO;Convocação da comunidade escolar para consulta pública nos dias 28 e 29 de novembro de 2023.
41125193;41125193;JOAO XXIII, C E-E F M;JOAO XXIII C E CMEF M;Campo Largo;2023;2023-11-10;2023-11-28;CONSULTA;CONVOCADA;edital1012023_gsseed_protocolo213100866_ccm_consulta_publica.pdf;2;Edital nº 101/2023 (p. 2) - Convocação da comunidade escolar para Consulta Pública realizada em 28 e 29/11/2023 com previsão de adesão em 2024.;CONFIRMADO;Convocação da comunidade escolar para consulta pública nos dias 28 e 29 de novembro de 2023.
41125304;41125304;MACEDO SOARES, C E-EF M PROFIS;MACEDO SOARES C E CMEF M PROFIS;Campo Largo;2023;2023-11-10;2023-11-28;CONSULTA;CONVOCADA;edital1012023_gsseed_protocolo213100866_ccm_consulta_publica.pdf;2;Edital nº 101/2023 (p. 2) - Convocação da comunidade escolar para Consulta Pública realizada em 28 e 29/11/2023 com previsão de adesão em 2024.;CONFIRMADO;Convocação da comunidade escolar para consulta pública nos dias 28 e 29 de novembro de 2023.
41126670;41126670;MIGUEL FRANCO FILHO, C E-EF M PROFIS;MIGUEL FRANCO FILHO C E CMEF M PROFIS;Contenda;2023;2023-11-10;2023-11-28;CONSULTA;CONVOCADA;edital1012023_gsseed_protocolo213100866_ccm_consulta_publica.pdf;2;Edital nº 101/2023 (p. 2) - Convocação da comunidade escolar para Consulta Pública realizada em 28 e 29/11/2023 com previsão de adesão em 2024.;CONFIRMADO;Convocação da comunidade escolar para consulta pública nos dias 28 e 29 de novembro de 2023.
41127048;41127048;CURITIBA ALFREDO PARODI, C E-EF M PROFIS;ALFREDO PARODI C EEF M PROFIS;Curitiba;2023;2023-11-10;2023-11-28;CONSULTA;CONVOCADA;edital1012023_gsseed_protocolo213100866_ccm_consulta_publica.pdf;2;Edital nº 101/2023 (p. 2) - Convocação da comunidade escolar para Consulta Pública realizada em 28 e 29/11/2023 com previsão de adesão em 2024.;CONFIRMADO;Convocação da comunidade escolar para consulta pública nos dias 28 e 29 de novembro de 2023.
41128664;41128664;CURITIBA CRUZEIRO DO SUL, C E-EF M PROFIS;CRUZEIRO DO SUL C E CMEF M P;Curitiba;2023;2023-11-10;2023-11-28;CONSULTA;CONVOCADA;edital1012023_gsseed_protocolo213100866_ccm_consulta_publica.pdf;2;Edital nº 101/2023 (p. 2) - Convocação da comunidade escolar para Consulta Pública realizada em 28 e 29/11/2023 com previsão de adesão em 2024.;CONFIRMADO;Convocação da comunidade escolar para consulta pública nos dias 28 e 29 de novembro de 2023.
41129539;41129539;CURITIBA GELVIRA CORREA PACHECO, C E-EF M;GELVIRA CORREA PACHECO C EEF M P;Curitiba;2023;2023-11-10;2023-11-28;CONSULTA;CONVOCADA;edital1012023_gsseed_protocolo213100866_ccm_consulta_publica.pdf;2;Edital nº 101/2023 (p. 2) - Convocação da comunidade escolar para Consulta Pública realizada em 28 e 29/11/2023 com previsão de adesão em 2024.;CONFIRMADO;Convocação da comunidade escolar para consulta pública nos dias 28 e 29 de novembro de 2023.
41129920;41129920;CURITIBA ISABEL L S SOUZA, C E PROFA-EF M PROFIS;ISABEL L S SOUZA C E PROFAEF M PROFIS;Curitiba;2023;2023-11-10;2023-11-28;CONSULTA;CONVOCADA;edital1012023_gsseed_protocolo213100866_ccm_consulta_publica.pdf;2;Edital nº 101/2023 (p. 2) - Convocação da comunidade escolar para Consulta Pública realizada em 28 e 29/11/2023 com previsão de adesão em 2024.;CONFIRMADO;Convocação da comunidade escolar para consulta pública nos dias 28 e 29 de novembro de 2023.
41129970;41129970;CURITIBA IVO LEAO, C E-EF M;IVO LEAO C EEF M;Curitiba;2023;2023-11-10;2023-11-28;CONSULTA;CONVOCADA;edital1012023_gsseed_protocolo213100866_ccm_consulta_publica.pdf;2;Edital nº 101/2023 (p. 2) - Convocação da comunidade escolar para Consulta Pública realizada em 28 e 29/11/2023 com previsão de adesão em 2024.;CONFIRMADO;Convocação da comunidade escolar para consulta pública nos dias 28 e 29 de novembro de 2023.
41130065;41130065;CURITIBA JAYME CANET, C E-EF M PROFIS;JAYME CANET C E CMEF M P;Curitiba;2023;2023-11-10;2023-11-28;CONSULTA;CONVOCADA;edital1012023_gsseed_protocolo213100866_ccm_consulta_publica.pdf;2;Edital nº 101/2023 (p. 2) - Convocação da comunidade escolar para Consulta Pública realizada em 28 e 29/11/2023 com previsão de adesão em 2024.;CONFIRMADO;Convocação da comunidade escolar para consulta pública nos dias 28 e 29 de novembro de 2023.
41130146;41130146;CURITIBA JOAO LOYOLA, C E PROF-EF M;JOAO LOYOLA C E CM PROFEF M P;Curitiba;2023;2023-11-10;2023-11-28;CONSULTA;CONVOCADA;edital1012023_gsseed_protocolo213100866_ccm_consulta_publica.pdf;2;Edital nº 101/2023 (p. 2) - Convocação da comunidade escolar para Consulta Pública realizada em 28 e 29/11/2023 com previsão de adesão em 2024.;CONFIRMADO;Convocação da comunidade escolar para consulta pública nos dias 28 e 29 de novembro de 2023.
41130170;41130170;CURITIBA JOAO PAULO I, C E PAPA-EF M PROFIS;JOAO PAULO I C E CM PAPAEF M P;Curitiba;2023;2023-11-10;2023-11-28;CONSULTA;CONVOCADA;edital1012023_gsseed_protocolo213100866_ccm_consulta_publica.pdf;2;Edital nº 101/2023 (p. 2) - Convocação da comunidade escolar para Consulta Pública realizada em 28 e 29/11/2023 com previsão de adesão em 2024.;CONFIRMADO;Convocação da comunidade escolar para consulta pública nos dias 28 e 29 de novembro de 2023.
41130189;41130189;CURITIBA JOAO PAULO II, C E-EF M;JOAO PAULO II C EEF M PROFIS;Curitiba;2023;2023-11-10;2023-11-28;CONSULTA;CONVOCADA;edital1012023_gsseed_protocolo213100866_ccm_consulta_publica.pdf;2;Edital nº 101/2023 (p. 2) - Convocação da comunidade escolar para Consulta Pública realizada em 28 e 29/11/2023 com previsão de adesão em 2024.;CONFIRMADO;Convocação da comunidade escolar para consulta pública nos dias 28 e 29 de novembro de 2023.
41130200;41130200;CURITIBA JOAO WISLINSKI, C E PE-EF M N;JOAO WISLINSKI C E CM PEEF M N P;Curitiba;2023;2023-11-10;2023-11-28;CONSULTA;CONVOCADA;edital1012023_gsseed_protocolo213100866_ccm_consulta_publica.pdf;2;Edital nº 101/2023 (p. 2) - Convocação da comunidade escolar para Consulta Pública realizada em 28 e 29/11/2023 com previsão de adesão em 2024.;CONFIRMADO;Convocação da comunidade escolar para consulta pública nos dias 28 e 29 de novembro de 2023.
41130359;41130359;CURITIBA JULIO MESQUITA, C E PROF-EF M PROFIS;JULIO MESQUITA C E CM PROFEF M PROFIS;Curitiba;2023;2023-11-10;2023-11-28;CONSULTA;CONVOCADA;edital1012023_gsseed_protocolo213100866_ccm_consulta_publica.pdf;2;Edital nº 101/2023 (p. 2) - Convocação da comunidade escolar para Consulta Pública realizada em 28 e 29/11/2023 com previsão de adesão em 2024.;CONFIRMADO;Convocação da comunidade escolar para consulta pública nos dias 28 e 29 de novembro de 2023.
41130421;41130421;CURITIBA LAMENHA LINS, C E PRES-EF M PROFIS;LAMENHA LINS C E CM PRESEF M P;Curitiba;2023;2023-11-10;2023-11-28;CONSULTA;CONVOCADA;edital1012023_gsseed_protocolo213100866_ccm_consulta_publica.pdf;2;Edital nº 101/2023 (p. 2) - Convocação da comunidade escolar para Consulta Pública realizada em 28 e 29/11/2023 com previsão de adesão em 2024.;CONFIRMADO;Convocação da comunidade escolar para consulta pública nos dias 28 e 29 de novembro de 2023.
41130685;41130685;CURITIBA LUIZA ROSS, C E PROFA-EF M PROFIS;LUIZA ROSS C E CM PROFAEF M P;Curitiba;2023;2023-11-10;2023-11-28;CONSULTA;CONVOCADA;edital1012023_gsseed_protocolo213100866_ccm_consulta_publica.pdf;2;Edital nº 101/2023 (p. 2) - Convocação da comunidade escolar para Consulta Pública realizada em 28 e 29/11/2023 com previsão de adesão em 2024.;CONFIRMADO;Convocação da comunidade escolar para consulta pública nos dias 28 e 29 de novembro de 2023.
41130723;41130723;CURITIBA LYSIMACO F COSTA, C E PROF-EF M;LYSIMACO F COSTA C E PROFEF M P;Curitiba;2023;2023-11-10;2023-11-28;CONSULTA;CONVOCADA;edital1012023_gsseed_protocolo213100866_ccm_consulta_publica.pdf;2;Edital nº 101/2023 (p. 2) - Convocação da comunidade escolar para Consulta Pública realizada em 28 e 29/11/2023 com previsão de adesão em 2024.;CONFIRMADO;Convocação da comunidade escolar para consulta pública nos dias 28 e 29 de novembro de 2023.
41130936;41130936;CURITIBA MARIA MONTESSORI, C E-EF M 5;MARIA MONTESSORI C EEF M;Curitiba;2023;2023-11-10;2023-11-28;CONSULTA;CONVOCADA;edital1012023_gsseed_protocolo213100866_ccm_consulta_publica.pdf;2;Edital nº 101/2023 (p. 2) - Convocação da comunidade escolar para Consulta Pública realizada em 28 e 29/11/2023 com previsão de adesão em 2024.;CONFIRMADO;Convocação da comunidade escolar para consulta pública nos dias 28 e 29 de novembro de 2023.
41134516;41134516;DECIO DOSSI, C E DR-EF M;DECIO DOSSI C E DREF M PROFIS;Fazenda Rio Grande;2023;2023-11-10;2023-11-28;CONSULTA;CONVOCADA;edital1012023_gsseed_protocolo213100866_ccm_consulta_publica.pdf;2;Edital nº 101/2023 (p. 2) - Convocação da comunidade escolar para Consulta Pública realizada em 28 e 29/11/2023 com previsão de adesão em 2024.;CONFIRMADO;Convocação da comunidade escolar para consulta pública nos dias 28 e 29 de novembro de 2023.
41137361;41137361;ARNALDO JANSEN, C E PE-EF M PROF;ARNALDO JANSEN C E CM PEEF M PROFIS;São José dos Pinhais;2023;2023-11-10;2023-11-28;CONSULTA;CONVOCADA;edital1012023_gsseed_protocolo213100866_ccm_consulta_publica.pdf;2;Edital nº 101/2023 (p. 2) - Convocação da comunidade escolar para Consulta Pública realizada em 28 e 29/11/2023 com previsão de adesão em 2024.;CONFIRMADO;Convocação da comunidade escolar para consulta pública nos dias 28 e 29 de novembro de 2023.
41137698;41137698;MARIA VIDAL NOVAES, E E-EF;MARIA VIDAL NOVAES E EEF;São José dos Pinhais;2023;2023-11-10;2023-11-28;CONSULTA;CONVOCADA;edital1012023_gsseed_protocolo213100866_ccm_consulta_publica.pdf;2;Edital nº 101/2023 (p. 2) - Convocação da comunidade escolar para Consulta Pública realizada em 28 e 29/11/2023 com previsão de adesão em 2024.;CONFIRMADO;Convocação da comunidade escolar para consulta pública nos dias 28 e 29 de novembro de 2023.
41137809;41137809;GODOFREDO MACHADO, E E-EF;GODOFREDO MACHADO E EEF;São José dos Pinhais;2023;2023-11-10;2023-11-28;CONSULTA;CONVOCADA;edital1012023_gsseed_protocolo213100866_ccm_consulta_publica.pdf;2;Edital nº 101/2023 (p. 2) - Convocação da comunidade escolar para Consulta Pública realizada em 28 e 29/11/2023 com previsão de adesão em 2024.;CONFIRMADO;Convocação da comunidade escolar para consulta pública nos dias 28 e 29 de novembro de 2023.
41138422;41138422;SILVEIRA DA MOTTA, C E-EF M PROFIS;SILVEIRA DA MOTTA C EEF M PROFIS;São José dos Pinhais;2023;2023-11-10;2023-11-28;CONSULTA;CONVOCADA;edital1012023_gsseed_protocolo213100866_ccm_consulta_publica.pdf;2;Edital nº 101/2023 (p. 2) - Convocação da comunidade escolar para Consulta Pública realizada em 28 e 29/11/2023 com previsão de adesão em 2024.;CONFIRMADO;Convocação da comunidade escolar para consulta pública nos dias 28 e 29 de novembro de 2023.
41150902;41150902;PLANTA DEODORO, C E-EF M;PLANTA DEODORO C E CM EF M;Piraquara;2023;2023-11-10;2023-11-28;CONSULTA;CONVOCADA;edital1012023_gsseed_protocolo213100866_ccm_consulta_publica.pdf;2;Edital nº 101/2023 (p. 2) - Convocação da comunidade escolar para Consulta Pública realizada em 28 e 29/11/2023 com previsão de adesão em 2024.;CONFIRMADO;Convocação da comunidade escolar para consulta pública nos dias 28 e 29 de novembro de 2023.
41158806;41158806;ROCHA POMBO, C E-EF M;ROCHA POMBO C E CMEF M;Araucária;2023;2023-11-10;2023-11-28;CONSULTA;CONVOCADA;edital1012023_gsseed_protocolo213100866_ccm_consulta_publica.pdf;2;Edital nº 101/2023 (p. 2) - Convocação da comunidade escolar para Consulta Pública realizada em 28 e 29/11/2023 com previsão de adesão em 2024.;CONFIRMADO;Convocação da comunidade escolar para consulta pública nos dias 28 e 29 de novembro de 2023.
41360567;41360567;WALDE ROSI GALVAO, C E-EF M;WALDE ROSI GALVAO C EEF M;Pinhais;2023;2023-11-10;2023-11-28;CONSULTA;CONVOCADA;edital1012023_gsseed_protocolo213100866_ccm_consulta_publica.pdf;2;Edital nº 101/2023 (p. 2) - Convocação da comunidade escolar para Consulta Pública realizada em 28 e 29/11/2023 com previsão de adesão em 2024.;CONFIRMADO;Convocação da comunidade escolar para consulta pública nos dias 28 e 29 de novembro de 2023.
41531876;41531876;CURITIBA GUIDO ARZUA, C E PROF-EF M PROFIS;GUIDO ARZUA C E CMEF M P;Curitiba;2023;2023-11-10;2023-11-28;CONSULTA;CONVOCADA;edital1012023_gsseed_protocolo213100866_ccm_consulta_publica.pdf;2;Edital nº 101/2023 (p. 2) - Convocação da comunidade escolar para Consulta Pública realizada em 28 e 29/11/2023 com previsão de adesão em 2024.;CONFIRMADO;Convocação da comunidade escolar para consulta pública nos dias 28 e 29 de novembro de 2023.
41003292;41003292;S C M CASTELO SANTOS DUMONT, C E-EF M;SANTOS DUMONT C E CMEF M;Santa Cruz de Monte Castelo;2023;2023-11-10;2023-11-28;CONSULTA;CONVOCADA;edital1012023_gsseed_protocolo213100866_ccm_consulta_publica.pdf;3;Edital nº 101/2023 (p. 3) - Convocação da comunidade escolar para Consulta Pública realizada em 28 e 29/11/2023 com previsão de adesão em 2024.;CONFIRMADO;Convocação da comunidade escolar para consulta pública nos dias 28 e 29 de novembro de 2023.
41012631;41012631;GOIOERE RIBEIRO DE CAMPOS, E E-EF;RIBEIRO DE CAMPOS E E CMEF;Goioerê;2023;2023-11-10;2023-11-28;CONSULTA;CONVOCADA;edital1012023_gsseed_protocolo213100866_ccm_consulta_publica.pdf;3;Edital nº 101/2023 (p. 3) - Convocação da comunidade escolar para Consulta Pública realizada em 28 e 29/11/2023 com previsão de adesão em 2024.;CONFIRMADO;Convocação da comunidade escolar para consulta pública nos dias 28 e 29 de novembro de 2023.
41021100;41021100;ANASTACIO CEREZINE, E E-EF 6;ANASTACIO CEREZINE E E CMEF;Alvorada do Sul;2023;2023-11-10;2023-11-28;CONSULTA;CONVOCADA;edital1012023_gsseed_protocolo213100866_ccm_consulta_publica.pdf;3;Edital nº 101/2023 (p. 3) - Convocação da comunidade escolar para Consulta Pública realizada em 28 e 29/11/2023 com previsão de adesão em 2024.;CONFIRMADO;Convocação da comunidade escolar para consulta pública nos dias 28 e 29 de novembro de 2023.
41037324;41037324;IVAIPORA ANTONIO DINIZ PEREIRA, C E-EF M PROFIS;ANTONIO DINIZ PEREIRA C E CMEF M;Ivaiporã;2023;2023-11-10;2023-11-28;CONSULTA;CONVOCADA;edital1012023_gsseed_protocolo213100866_ccm_consulta_publica.pdf;3;Edital nº 101/2023 (p. 3) - Convocação da comunidade escolar para Consulta Pública realizada em 28 e 29/11/2023 com previsão de adesão em 2024.;CONFIRMADO;Convocação da comunidade escolar para consulta pública nos dias 28 e 29 de novembro de 2023.
41040317;41040317;IVAI JOSE DE MATTOS LEAO, C E-EF M;JOSE DE MATTOS LEAO C E CMEF M;São João do Ivaí;2023;2023-11-10;2023-11-28;CONSULTA;CONVOCADA;edital1012023_gsseed_protocolo213100866_ccm_consulta_publica.pdf;3;Edital nº 101/2023 (p. 3) - Convocação da comunidade escolar para Consulta Pública realizada em 28 e 29/11/2023 com previsão de adesão em 2024.;CONFIRMADO;Convocação da comunidade escolar para consulta pública nos dias 28 e 29 de novembro de 2023.
41042778;41042778;ANDIRA STELLA MARIS, C E-EF M;STELLA MARIS C E CMEF M;Andirá;2023;2023-11-10;2023-11-28;CONSULTA;CONVOCADA;edital1012023_gsseed_protocolo213100866_ccm_consulta_publica.pdf;3;Edital nº 101/2023 (p. 3) - Convocação da comunidade escolar para Consulta Pública realizada em 28 e 29/11/2023 com previsão de adesão em 2024.;CONFIRMADO;Convocação da comunidade escolar para consulta pública nos dias 28 e 29 de novembro de 2023.
41046552;41046552;CAMBARA CAROLINA LUPION, C E DONA-EF M;CAROLINA LUPION C E CM DONAEF M;Cambará;2023;2023-11-10;2023-11-28;CONSULTA;CONVOCADA;edital1012023_gsseed_protocolo213100866_ccm_consulta_publica.pdf;3;Edital nº 101/2023 (p. 3) - Convocação da comunidade escolar para Consulta Pública realizada em 28 e 29/11/2023 com previsão de adesão em 2024.;CONFIRMADO;Convocação da comunidade escolar para consulta pública nos dias 28 e 29 de novembro de 2023.
41046960;41046960;JACAREZINHO ANESIO DE A LEITE, C E-EF M PROFIS;ANESIO DE A LEITE C E CMEF M PROFIS;Jacarezinho;2023;2023-11-10;2023-11-28;CONSULTA;CONVOCADA;edital1012023_gsseed_protocolo213100866_ccm_consulta_publica.pdf;3;Edital nº 101/2023 (p. 3) - Convocação da comunidade escolar para Consulta Pública realizada em 28 e 29/11/2023 com previsão de adesão em 2024.;CONFIRMADO;Convocação da comunidade escolar para consulta pública nos dias 28 e 29 de novembro de 2023.
41075919;41075919;FOZ DO IGUACU ALMIRO SARTORI, C E-EF M PROFIS;ALMIRO SARTORI C EEF M PROFIS;Foz do Iguaçu;2023;2023-11-10;2023-11-28;CONSULTA;CONVOCADA;edital1012023_gsseed_protocolo213100866_ccm_consulta_publica.pdf;3;Edital nº 101/2023 (p. 3) - Convocação da comunidade escolar para Consulta Pública realizada em 28 e 29/11/2023 com previsão de adesão em 2024.;CONFIRMADO;Convocação da comunidade escolar para consulta pública nos dias 28 e 29 de novembro de 2023.
41076036;41076036;FOZ DO IGUACU AYRTON SENNA DA SILVA, C E-EF M N PROFIS;AYRTON SENNA DA SILVA C EEF M N PROFIS;Foz do Iguaçu;2023;2023-11-10;2023-11-28;CONSULTA;CONVOCADA;edital1012023_gsseed_protocolo213100866_ccm_consulta_publica.pdf;3;Edital nº 101/2023 (p. 3) - Convocação da comunidade escolar para Consulta Pública realizada em 28 e 29/11/2023 com previsão de adesão em 2024.;CONFIRMADO;Convocação da comunidade escolar para consulta pública nos dias 28 e 29 de novembro de 2023.
41076605;41076605;FOZ DO IGUACU JUSCELINO K DE OLIVEIRA, C E-EF M PROFIS;JUSCELINO K DE OLIVEIRA C EEF M PROFIS;Foz do Iguaçu;2023;2023-11-10;2023-11-28;CONSULTA;CONVOCADA;edital1012023_gsseed_protocolo213100866_ccm_consulta_publica.pdf;3;Edital nº 101/2023 (p. 3) - Convocação da comunidade escolar para Consulta Pública realizada em 28 e 29/11/2023 com previsão de adesão em 2024.;CONFIRMADO;Convocação da comunidade escolar para consulta pública nos dias 28 e 29 de novembro de 2023.
41077512;41077512;MEDIANEIRA ARTHUR DA C SILVA, C E MAL-EF M PROFIS;ARTHUR DA C SILVA C E CM MALEF M P;Medianeira;2023;2023-11-10;2023-11-28;CONSULTA;CONVOCADA;edital1012023_gsseed_protocolo213100866_ccm_consulta_publica.pdf;3;Edital nº 101/2023 (p. 3) - Convocação da comunidade escolar para Consulta Pública realizada em 28 e 29/11/2023 com previsão de adesão em 2024.;CONFIRMADO;Convocação da comunidade escolar para consulta pública nos dias 28 e 29 de novembro de 2023.
41081340;41081340;PLANALTO JOAO ZACCO PARANA, C E-EF M PROFIS;JOAO ZACCO PARANA C E CMEF M;Planalto;2023;2023-11-10;2023-11-28;CONSULTA;CONVOCADA;edital1012023_gsseed_protocolo213100866_ccm_consulta_publica.pdf;3;Edital nº 101/2023 (p. 3) - Convocação da comunidade escolar para Consulta Pública realizada em 28 e 29/11/2023 com previsão de adesão em 2024.;CONFIRMADO;Convocação da comunidade escolar para consulta pública nos dias 28 e 29 de novembro de 2023.
41084772;41084772;DOIS VIZINHOS LEONARDO DA VINCI, C E-EF M N PROFIS;LEONARDO DA VINCI C E CMEF M N PROFIS;Dois Vizinhos;2023;2023-11-10;2023-11-28;CONSULTA;CONVOCADA;edital1012023_gsseed_protocolo213100866_ccm_consulta_publica.pdf;3;Edital nº 101/2023 (p. 3) - Convocação da comunidade escolar para Consulta Pública realizada em 28 e 29/11/2023 com previsão de adesão em 2024.;CONFIRMADO;Convocação da comunidade escolar para consulta pública nos dias 28 e 29 de novembro de 2023.
41085906;41085906;FRANC BELTRAO EDUARDO VIRMOND SUPLICY, C E DR- EF M P;EDUARDO VIRMOND SUPLICY C E DREF M P;Francisco Beltrão;2023;2023-11-10;2023-11-28;CONSULTA;CONVOCADA;edital1012023_gsseed_protocolo213100866_ccm_consulta_publica.pdf;3;Edital nº 101/2023 (p. 3) - Convocação da comunidade escolar para Consulta Pública realizada em 28 e 29/11/2023 com previsão de adesão em 2024.;CONFIRMADO;Convocação da comunidade escolar para consulta pública nos dias 28 e 29 de novembro de 2023.
41086945;41086945;MARMELEIRO MARMELEIRO, C E DE-EF M PROFIS;MARMELEIRO C E DEEF M;Marmeleiro;2023;2023-11-10;2023-11-28;CONSULTA;CONVOCADA;edital1012023_gsseed_protocolo213100866_ccm_consulta_publica.pdf;3;Edital nº 101/2023 (p. 3) - Convocação da comunidade escolar para Consulta Pública realizada em 28 e 29/11/2023 com previsão de adesão em 2024.;CONFIRMADO;Convocação da comunidade escolar para consulta pública nos dias 28 e 29 de novembro de 2023.
41099133;41099133;CANTAGALO OLAVO BILAC, C E-EF M N PROFIS;OLAVO BILAC C EEF M N PROFIS;Cantagalo;2023;2023-11-10;2023-11-28;CONSULTA;CONVOCADA;edital1012023_gsseed_protocolo213100866_ccm_consulta_publica.pdf;3;Edital nº 101/2023 (p. 3) - Convocação da comunidade escolar para Consulta Pública realizada em 28 e 29/11/2023 com previsão de adesão em 2024.;CONFIRMADO;Convocação da comunidade escolar para consulta pública nos dias 28 e 29 de novembro de 2023.
41099940;41099940;GUARAPUAVA CESAR STANGE, C E-EF M;CESAR STANGE C EEF M;Guarapuava;2023;2023-11-10;2023-11-28;CONSULTA;CONVOCADA;edital1012023_gsseed_protocolo213100866_ccm_consulta_publica.pdf;3;Edital nº 101/2023 (p. 3) - Convocação da comunidade escolar para Consulta Pública realizada em 28 e 29/11/2023 com previsão de adesão em 2024.;CONFIRMADO;Convocação da comunidade escolar para consulta pública nos dias 28 e 29 de novembro de 2023.
41105176;41105176;QUEDAS IGUACU ALTO RECREIO, C E-EF M;ALTO RECREIO C E CMEF M;Quedas do Iguaçu;2023;2023-11-10;2023-11-28;CONSULTA;CONVOCADA;edital1012023_gsseed_protocolo213100866_ccm_consulta_publica.pdf;3;Edital nº 101/2023 (p. 3) - Convocação da comunidade escolar para Consulta Pública realizada em 28 e 29/11/2023 com previsão de adesão em 2024.;CONFIRMADO;Convocação da comunidade escolar para consulta pública nos dias 28 e 29 de novembro de 2023.
41131223;41131223;CURITIBA MILTON CARNEIRO, C E-EF M PROFIS;MILTON CARNEIRO C E CMEF M P;Curitiba;2023;2023-11-10;2023-11-28;CONSULTA;CONVOCADA;edital1012023_gsseed_protocolo213100866_ccm_consulta_publica.pdf;3;Edital nº 101/2023 (p. 3) - Convocação da comunidade escolar para Consulta Pública realizada em 28 e 29/11/2023 com previsão de adesão em 2024.;CONFIRMADO;Convocação da comunidade escolar para consulta pública nos dias 28 e 29 de novembro de 2023.
41131479;41131479;CURITIBA NATALIA REGINATO, C E-EF M PROFIS;NATALIA REGINATO C EEF M PROFIS;Curitiba;2023;2023-11-10;2023-11-28;CONSULTA;CONVOCADA;edital1012023_gsseed_protocolo213100866_ccm_consulta_publica.pdf;3;Edital nº 101/2023 (p. 3) - Convocação da comunidade escolar para Consulta Pública realizada em 28 e 29/11/2023 com previsão de adesão em 2024.;CONFIRMADO;Convocação da comunidade escolar para consulta pública nos dias 28 e 29 de novembro de 2023.
41132475;41132475;CURITIBA PINHEIRO DO PARANA, C E-EF M PROFIS;PINHEIRO DO PARANA C E CMEF M P;Curitiba;2023;2023-11-10;2023-11-28;CONSULTA;CONVOCADA;edital1012023_gsseed_protocolo213100866_ccm_consulta_publica.pdf;3;Edital nº 101/2023 (p. 3) - Convocação da comunidade escolar para Consulta Pública realizada em 28 e 29/11/2023 com previsão de adesão em 2024.;CONFIRMADO;Convocação da comunidade escolar para consulta pública nos dias 28 e 29 de novembro de 2023.
41132718;41132718;CURITIBA PROTASIO DE CARVALHO, C E-EF M PROFIS;PROTASIO DE CARVALHO C EEF M PROFIS;Curitiba;2023;2023-11-10;2023-11-28;CONSULTA;CONVOCADA;edital1012023_gsseed_protocolo213100866_ccm_consulta_publica.pdf;3;Edital nº 101/2023 (p. 3) - Convocação da comunidade escolar para Consulta Pública realizada em 28 e 29/11/2023 com previsão de adesão em 2024.;CONFIRMADO;Convocação da comunidade escolar para consulta pública nos dias 28 e 29 de novembro de 2023.
41132955;41132955;CURITIBA ROBERTO LANGER JUNIOR, C E-EF M PROFIS;ROBERTO LANGER JUNIOR C EEF M PROFIS;Curitiba;2023;2023-11-10;2023-11-28;CONSULTA;CONVOCADA;edital1012023_gsseed_protocolo213100866_ccm_consulta_publica.pdf;3;Edital nº 101/2023 (p. 3) - Convocação da comunidade escolar para Consulta Pública realizada em 28 e 29/11/2023 com previsão de adesão em 2024.;CONFIRMADO;Convocação da comunidade escolar para consulta pública nos dias 28 e 29 de novembro de 2023.
41133137;41133137;CURITIBA SANTA FELICIDADE, C E-EF M PROFIS;SANTA FELICIDADE C E CMEF M P;Curitiba;2023;2023-11-10;2023-11-28;CONSULTA;CONVOCADA;edital1012023_gsseed_protocolo213100866_ccm_consulta_publica.pdf;3;Edital nº 101/2023 (p. 3) - Convocação da comunidade escolar para Consulta Pública realizada em 28 e 29/11/2023 com previsão de adesão em 2024.;CONFIRMADO;Convocação da comunidade escolar para consulta pública nos dias 28 e 29 de novembro de 2023.
41133200;41133200;CURITIBA SANTO ANTONIO, E E-EF;SANTO ANTONIO C E CMEF M;Curitiba;2023;2023-11-10;2023-11-28;CONSULTA;CONVOCADA;edital1012023_gsseed_protocolo213100866_ccm_consulta_publica.pdf;3;Edital nº 101/2023 (p. 3) - Convocação da comunidade escolar para Consulta Pública realizada em 28 e 29/11/2023 com previsão de adesão em 2024.;CONFIRMADO;Convocação da comunidade escolar para consulta pública nos dias 28 e 29 de novembro de 2023.
41133358;41133358;CURITIBA SAO PAULO APOSTOLO, C E-EF M PROFIS;SAO PAULO APOSTOLO C EEF M PROFIS;Curitiba;2023;2023-11-10;2023-11-28;CONSULTA;CONVOCADA;edital1012023_gsseed_protocolo213100866_ccm_consulta_publica.pdf;3;Edital nº 101/2023 (p. 3) - Convocação da comunidade escolar para Consulta Pública realizada em 28 e 29/11/2023 com previsão de adesão em 2024.;CONFIRMADO;Convocação da comunidade escolar para consulta pública nos dias 28 e 29 de novembro de 2023.
41134419;41134419;CURITIBA XAVIER DA SILVA, C E DR-EF M PROFIS;XAVIER DA SILVA C E DREF M PROFIS;Curitiba;2023;2023-11-10;2023-11-28;CONSULTA;CONVOCADA;edital1012023_gsseed_protocolo213100866_ccm_consulta_publica.pdf;3;Edital nº 101/2023 (p. 3) - Convocação da comunidade escolar para Consulta Pública realizada em 28 e 29/11/2023 com previsão de adesão em 2024.;CONFIRMADO;Convocação da comunidade escolar para consulta pública nos dias 28 e 29 de novembro de 2023.
41148550;41148550;FOZ DO IGUACU SANTA RITA, E E-EF;SANTA RITA E E CMEF;Foz do Iguaçu;2023;2023-11-10;2023-11-28;CONSULTA;CONVOCADA;edital1012023_gsseed_protocolo213100866_ccm_consulta_publica.pdf;3;Edital nº 101/2023 (p. 3) - Convocação da comunidade escolar para Consulta Pública realizada em 28 e 29/11/2023 com previsão de adesão em 2024.;CONFIRMADO;Convocação da comunidade escolar para consulta pública nos dias 28 e 29 de novembro de 2023.
41357027;41357027;CURITIBA TEOBALDO L KLETEMBERG, C E PR-EF M P;TEOBALDO L KLETEMBERG C E PREF M P;Curitiba;2023;2023-11-10;2023-11-28;CONSULTA;CONVOCADA;edital1012023_gsseed_protocolo213100866_ccm_consulta_publica.pdf;3;Edital nº 101/2023 (p. 3) - Convocação da comunidade escolar para Consulta Pública realizada em 28 e 29/11/2023 com previsão de adesão em 2024.;CONFIRMADO;Convocação da comunidade escolar para consulta pública nos dias 28 e 29 de novembro de 2023.
41370597;41370597;CURITIBA PILAR MATURANA, C E-EF M P;PILAR MATURANA C EEF M P;Curitiba;2023;2023-11-10;2023-11-28;CONSULTA;CONVOCADA;edital1012023_gsseed_protocolo213100866_ccm_consulta_publica.pdf;3;Edital nº 101/2023 (p. 3) - Convocação da comunidade escolar para Consulta Pública realizada em 28 e 29/11/2023 com previsão de adesão em 2024.;CONFIRMADO;Convocação da comunidade escolar para consulta pública nos dias 28 e 29 de novembro de 2023.
41378580;41378580;FOZ DO IGUACU CATARATAS DO IGUACU, C E-EF M PROFIS;CATARATAS DO IGUACU C EEF M PROFIS;Foz do Iguaçu;2023;2023-11-10;2023-11-28;CONSULTA;CONVOCADA;edital1012023_gsseed_protocolo213100866_ccm_consulta_publica.pdf;3;Edital nº 101/2023 (p. 3) - Convocação da comunidade escolar para Consulta Pública realizada em 28 e 29/11/2023 com previsão de adesão em 2024.;CONFIRMADO;Convocação da comunidade escolar para consulta pública nos dias 28 e 29 de novembro de 2023.
41020286;41020286;MANDAGUACU FRANCISCO J PERIOTO, E E PROF-EF;FRANCISCO J PERIOTO E E CM PROFEF;Mandaguaçu;2023;2023-11-10;2023-11-28;CONSULTA;CONVOCADA;edital1012023_gsseed_protocolo213100866_ccm_consulta_publica.pdf;4;Edital nº 101/2023 (p. 4) - Convocação da comunidade escolar para Consulta Pública realizada em 28 e 29/11/2023 com previsão de adesão em 2024.;CONFIRMADO;Convocação da comunidade escolar para consulta pública nos dias 28 e 29 de novembro de 2023.
41021010;41021010;MANOEL F ALMEIDA, E E DR-EF;MANOEL F ALMEIDA E E CM DREF;Santo Inácio;2023;2023-11-10;2023-11-28;CONSULTA;CONVOCADA;edital1012023_gsseed_protocolo213100866_ccm_consulta_publica.pdf;4;Edital nº 101/2023 (p. 4) - Convocação da comunidade escolar para Consulta Pública realizada em 28 e 29/11/2023 com previsão de adesão em 2024.;CONFIRMADO;Convocação da comunidade escolar para consulta pública nos dias 28 e 29 de novembro de 2023.
41022750;41022750;FLORESTA ARTHUR C E SILVA, E E PRES-EF;ARTHUR C E SILVA E E CM PRESEF;Floresta;2023;2023-11-10;2023-11-28;CONSULTA;CONVOCADA;edital1012023_gsseed_protocolo213100866_ccm_consulta_publica.pdf;4;Edital nº 101/2023 (p. 4) - Convocação da comunidade escolar para Consulta Pública realizada em 28 e 29/11/2023 com previsão de adesão em 2024.;CONFIRMADO;Convocação da comunidade escolar para consulta pública nos dias 28 e 29 de novembro de 2023.
41024931;41024931;PAICANDU NEIDE BERTASSO BERALDO, C E-EF M PROFIS;NEIDE BERTASSO BERALDO C EEF M PROFIS;Paiçandu;2023;2023-11-10;2023-11-28;CONSULTA;CONVOCADA;edital1012023_gsseed_protocolo213100866_ccm_consulta_publica.pdf;4;Edital nº 101/2023 (p. 4) - Convocação da comunidade escolar para Consulta Pública realizada em 28 e 29/11/2023 com previsão de adesão em 2024.;CONFIRMADO;Convocação da comunidade escolar para consulta pública nos dias 28 e 29 de novembro de 2023.
41028406;41028406;CAMBE ANDREA NUZZI, C E MAESTRO-EF M PROFIS;ANDREA NUZZI C E CM MAESTROEF M P;Cambé;2023;2023-11-10;2023-11-28;CONSULTA;CONVOCADA;edital1012023_gsseed_protocolo213100866_ccm_consulta_publica.pdf;4;Edital nº 101/2023 (p. 4) - Convocação da comunidade escolar para Consulta Pública realizada em 28 e 29/11/2023 com previsão de adesão em 2024.;CONFIRMADO;Convocação da comunidade escolar para consulta pública nos dias 28 e 29 de novembro de 2023.
41028457;41028457;CAMBE ATTILIO CODATO, C E-EF M PROFIS;ATTILIO CODATO C E CMEF M;Cambé;2023;2023-11-10;2023-11-28;CONSULTA;CONVOCADA;edital1012023_gsseed_protocolo213100866_ccm_consulta_publica.pdf;4;Edital nº 101/2023 (p. 4) - Convocação da comunidade escolar para Consulta Pública realizada em 28 e 29/11/2023 com previsão de adesão em 2024.;CONFIRMADO;Convocação da comunidade escolar para consulta pública nos dias 28 e 29 de novembro de 2023.
41028732;41028732;CAMBE HELENA KOLODY, C E PROF-EF M;HELENA KOLODY C E CM PROFEF M;Cambé;2023;2023-11-10;2023-11-28;CONSULTA;CONVOCADA;edital1012023_gsseed_protocolo213100866_ccm_consulta_publica.pdf;4;Edital nº 101/2023 (p. 4) - Convocação da comunidade escolar para Consulta Pública realizada em 28 e 29/11/2023 com previsão de adesão em 2024.;CONFIRMADO;Convocação da comunidade escolar para consulta pública nos dias 28 e 29 de novembro de 2023.
41028902;41028902;CAMBE MANUEL BANDEIRA, C E-EF EM PROFIS;MANUEL BANDEIRA C E CMEF M PROFIS;Cambé;2023;2023-11-10;2023-11-28;CONSULTA;CONVOCADA;edital1012023_gsseed_protocolo213100866_ccm_consulta_publica.pdf;4;Edital nº 101/2023 (p. 4) - Convocação da comunidade escolar para Consulta Pública realizada em 28 e 29/11/2023 com previsão de adesão em 2024.;CONFIRMADO;Convocação da comunidade escolar para consulta pública nos dias 28 e 29 de novembro de 2023.
41030125;41030125;LONDRINA CARLOS DE ALMEIDA, C E-EF M PROFIS;CARLOS DE ALMEIDA C E CMEF M PROFIS;Londrina;2023;2023-11-10;2023-11-28;CONSULTA;CONVOCADA;edital1012023_gsseed_protocolo213100866_ccm_consulta_publica.pdf;4;Edital nº 101/2023 (p. 4) - Convocação da comunidade escolar para Consulta Pública realizada em 28 e 29/11/2023 com previsão de adesão em 2024.;CONFIRMADO;Convocação da comunidade escolar para consulta pública nos dias 28 e 29 de novembro de 2023.
41030265;41030265;LONDRINA CELIA MORAES DE OLIVEIRA,C E PROF- EF M P;CELIA M DE OLIVEIRA C E CM PROFEF M P;Londrina;2023;2023-11-10;2023-11-28;CONSULTA;CONVOCADA;edital1012023_gsseed_protocolo213100866_ccm_consulta_publica.pdf;4;Edital nº 101/2023 (p. 4) - Convocação da comunidade escolar para Consulta Pública realizada em 28 e 29/11/2023 com previsão de adesão em 2024.;CONFIRMADO;Convocação da comunidade escolar para consulta pública nos dias 28 e 29 de novembro de 2023.
41030486;41030486;LONDRINA WISTREMUNDO R P GARCIA, C E PE-EF M P;WISTREMUNDO R P GARCIA C E CM PEEFM P;Londrina;2023;2023-11-10;2023-11-28;CONSULTA;CONVOCADA;edital1012023_gsseed_protocolo213100866_ccm_consulta_publica.pdf;4;Edital nº 101/2023 (p. 4) - Convocação da comunidade escolar para Consulta Pública realizada em 28 e 29/11/2023 com previsão de adesão em 2024.;CONFIRMADO;Convocação da comunidade escolar para consulta pública nos dias 28 e 29 de novembro de 2023.
41030800;41030800;LONDRINA HEBER S VARGAS, C E PROF DR-EF M PROFIS;HEBER S VARGAS C E CM PROF DREF M P;Londrina;2023;2023-11-10;2023-11-28;CONSULTA;CONVOCADA;edital1012023_gsseed_protocolo213100866_ccm_consulta_publica.pdf;4;Edital nº 101/2023 (p. 4) - Convocação da comunidade escolar para Consulta Pública realizada em 28 e 29/11/2023 com previsão de adesão em 2024.;CONFIRMADO;Convocação da comunidade escolar para consulta pública nos dias 28 e 29 de novembro de 2023.
41031237;41031237;LONDRINA HUGO SIMAS, C E-EF M PROFIS;HUGO SIMAS C E CMEF M PROFIS;Londrina;2023;2023-11-10;2023-11-28;CONSULTA;CONVOCADA;edital1012023_gsseed_protocolo213100866_ccm_consulta_publica.pdf;4;Edital nº 101/2023 (p. 4) - Convocação da comunidade escolar para Consulta Pública realizada em 28 e 29/11/2023 com previsão de adesão em 2024.;CONFIRMADO;Convocação da comunidade escolar para consulta pública nos dias 28 e 29 de novembro de 2023.
41031253;41031253;LONDRINA HUMBERTO P COUTINHO, C E-EF M PROFIS;HUMBERTO P COUTINHO C E CMEF M PROFIS;Londrina;2023;2023-11-10;2023-11-28;CONSULTA;CONVOCADA;edital1012023_gsseed_protocolo213100866_ccm_consulta_publica.pdf;4;Edital nº 101/2023 (p. 4) - Convocação da comunidade escolar para Consulta Pública realizada em 28 e 29/11/2023 com previsão de adesão em 2024.;CONFIRMADO;Convocação da comunidade escolar para consulta pública nos dias 28 e 29 de novembro de 2023.
41031750;41031750;LONDRINA LUCIA B LISBOA, C E PROFA-EF M;LUCIA B LISBOA C E PROFAEF M;Londrina;2023;2023-11-10;2023-11-28;CONSULTA;CONVOCADA;edital1012023_gsseed_protocolo213100866_ccm_consulta_publica.pdf;4;Edital nº 101/2023 (p. 4) - Convocação da comunidade escolar para Consulta Pública realizada em 28 e 29/11/2023 com previsão de adesão em 2024.;CONFIRMADO;Convocação da comunidade escolar para consulta pública nos dias 28 e 29 de novembro de 2023.
41031873;41031873;LONDRINA MARGARIDA B LISBOA, C E PROFA-EF M;MARGARIDA B LISBOA C E CM PROFAEF M;Londrina;2023;2023-11-10;2023-11-28;CONSULTA;CONVOCADA;edital1012023_gsseed_protocolo213100866_ccm_consulta_publica.pdf;4;Edital nº 101/2023 (p. 4) - Convocação da comunidade escolar para Consulta Pública realizada em 28 e 29/11/2023 com previsão de adesão em 2024.;CONFIRMADO;Convocação da comunidade escolar para consulta pública nos dias 28 e 29 de novembro de 2023.
41032241;41032241;LONDRINA NILO PECANHA, C E-EF M PROFIS;NILO PECANHA C E CMEF M PROFIS;Londrina;2023;2023-11-10;2023-11-28;CONSULTA;CONVOCADA;edital1012023_gsseed_protocolo213100866_ccm_consulta_publica.pdf;4;Edital nº 101/2023 (p. 4) - Convocação da comunidade escolar para Consulta Pública realizada em 28 e 29/11/2023 com previsão de adesão em 2024.;CONFIRMADO;Convocação da comunidade escolar para consulta pública nos dias 28 e 29 de novembro de 2023.
41032446;41032446;LONDRINA OLYMPIA M TORMENTA, C E PROF-EF M PROFIS;OLYMPIA M TORMENTA C E CM PROFEF M P;Londrina;2023;2023-11-10;2023-11-28;CONSULTA;CONVOCADA;edital1012023_gsseed_protocolo213100866_ccm_consulta_publica.pdf;4;Edital nº 101/2023 (p. 4) - Convocação da comunidade escolar para Consulta Pública realizada em 28 e 29/11/2023 com previsão de adesão em 2024.;CONFIRMADO;Convocação da comunidade escolar para consulta pública nos dias 28 e 29 de novembro de 2023.
41033620;41033620;ROLANDIA LAURO P TAVARES, C E DR-EF M;LAURO P TAVARES C E CM DREF M;Rolândia;2023;2023-11-10;2023-11-28;CONSULTA;CONVOCADA;edital1012023_gsseed_protocolo213100866_ccm_consulta_publica.pdf;4;Edital nº 101/2023 (p. 4) - Convocação da comunidade escolar para Consulta Pública realizada em 28 e 29/11/2023 com previsão de adesão em 2024.;CONFIRMADO;Convocação da comunidade escolar para consulta pública nos dias 28 e 29 de novembro de 2023.
41060296;41060296;CARAMBEI JULIA WANDERLEY, C E-EF M PROFIS;JULIA WANDERLEY C EEF M PROFIS;Carambeí;2023;2023-11-10;2023-11-28;CONSULTA;CONVOCADA;edital1012023_gsseed_protocolo213100866_ccm_consulta_publica.pdf;4;Edital nº 101/2023 (p. 4) - Convocação da comunidade escolar para Consulta Pública realizada em 28 e 29/11/2023 com previsão de adesão em 2024.;CONFIRMADO;Convocação da comunidade escolar para consulta pública nos dias 28 e 29 de novembro de 2023.
41060466;41060466;CASTRO NICOLAU BALTASAR, C E PE-EF M;NICOLAU BALTASAR C E PEEF M;Castro;2023;2023-11-10;2023-11-28;CONSULTA;CONVOCADA;edital1012023_gsseed_protocolo213100866_ccm_consulta_publica.pdf;4;Edital nº 101/2023 (p. 4) - Convocação da comunidade escolar para Consulta Pública realizada em 28 e 29/11/2023 com previsão de adesão em 2024.;CONFIRMADO;Convocação da comunidade escolar para consulta pública nos dias 28 e 29 de novembro de 2023.
41062108;41062108;PONTA GROSSA BECKER E SILVA, C E PROF-EF M PROFIS;BECKER E SILVA C E CM PROFEF M PROFIS;Ponta Grossa;2023;2023-11-10;2023-11-28;CONSULTA;CONVOCADA;edital1012023_gsseed_protocolo213100866_ccm_consulta_publica.pdf;4;Edital nº 101/2023 (p. 4) - Convocação da comunidade escolar para Consulta Pública realizada em 28 e 29/11/2023 com previsão de adesão em 2024.;CONFIRMADO;Convocação da comunidade escolar para consulta pública nos dias 28 e 29 de novembro de 2023.
41062191;41062191;PONTA GROSSA CARLOS ZELESNY, C E PE-EF M;CARLOS ZELESNY C E CM PEEF M;Ponta Grossa;2023;2023-11-10;2023-11-28;CONSULTA;CONVOCADA;edital1012023_gsseed_protocolo213100866_ccm_consulta_publica.pdf;4;Edital nº 101/2023 (p. 4) - Convocação da comunidade escolar para Consulta Pública realizada em 28 e 29/11/2023 com previsão de adesão em 2024.;CONFIRMADO;Convocação da comunidade escolar para consulta pública nos dias 28 e 29 de novembro de 2023.
41062469;41062469;PONTA GROSSA EPAMINONDAS N RIBAS, C E DR-EF M PROFIS;EPAMINONDAS N RIBAS C E CM DREF M P;Ponta Grossa;2023;2023-11-10;2023-11-28;CONSULTA;CONVOCADA;edital1012023_gsseed_protocolo213100866_ccm_consulta_publica.pdf;4;Edital nº 101/2023 (p. 4) - Convocação da comunidade escolar para Consulta Pública realizada em 28 e 29/11/2023 com previsão de adesão em 2024.;CONFIRMADO;Convocação da comunidade escolar para consulta pública nos dias 28 e 29 de novembro de 2023.
41062914;41062914;PONTA GROSSA KENNEDY, C E PRES-EF M PROFIS 7;KENNEDY C E PRESEFMPN;Ponta Grossa;2023;2023-11-10;2023-11-28;CONSULTA;CONVOCADA;edital1012023_gsseed_protocolo213100866_ccm_consulta_publica.pdf;4;Edital nº 101/2023 (p. 4) - Convocação da comunidade escolar para Consulta Pública realizada em 28 e 29/11/2023 com previsão de adesão em 2024.;CONFIRMADO;Convocação da comunidade escolar para consulta pública nos dias 28 e 29 de novembro de 2023.
41092694;41092694;ITAPEJARA OESTE ISIDORO DUMONT, E E IR-EF;ISIDORO DUMONT E E CM IREF;Itapejara d'Oeste;2023;2023-11-10;2023-11-28;CONSULTA;CONVOCADA;edital1012023_gsseed_protocolo213100866_ccm_consulta_publica.pdf;4;Edital nº 101/2023 (p. 4) - Convocação da comunidade escolar para Consulta Pública realizada em 28 e 29/11/2023 com previsão de adesão em 2024.;CONFIRMADO;Convocação da comunidade escolar para consulta pública nos dias 28 e 29 de novembro de 2023.
41093666;41093666;PATO BRANCO SAO JOAO BOSCO, C E-EF M PROFIS;SAO JOAO BOSCO C E CMEF M P;Pato Branco;2023;2023-11-10;2023-11-28;CONSULTA;CONVOCADA;edital1012023_gsseed_protocolo213100866_ccm_consulta_publica.pdf;4;Edital nº 101/2023 (p. 4) - Convocação da comunidade escolar para Consulta Pública realizada em 28 e 29/11/2023 com previsão de adesão em 2024.;CONFIRMADO;Convocação da comunidade escolar para consulta pública nos dias 28 e 29 de novembro de 2023.
41140052;41140052;MATINHOS SERTAOZINHO, C E-E F M N PROFIS;SERTAOZINHO C E CMEF M N PROFIS;Matinhos;2023;2023-11-10;2023-11-28;CONSULTA;CONVOCADA;edital1012023_gsseed_protocolo213100866_ccm_consulta_publica.pdf;4;Edital nº 101/2023 (p. 4) - Convocação da comunidade escolar para Consulta Pública realizada em 28 e 29/11/2023 com previsão de adesão em 2024.;CONFIRMADO;Convocação da comunidade escolar para consulta pública nos dias 28 e 29 de novembro de 2023.
41141121;41141121;PARANAGUA REGINA M B DE MELLO, C E PROFA-EF M;REGINA M B DE MELLO C E PROFAEF M;Paranaguá;2023;2023-11-10;2023-11-28;CONSULTA;CONVOCADA;edital1012023_gsseed_protocolo213100866_ccm_consulta_publica.pdf;4;Edital nº 101/2023 (p. 4) - Convocação da comunidade escolar para Consulta Pública realizada em 28 e 29/11/2023 com previsão de adesão em 2024.;CONFIRMADO;Convocação da comunidade escolar para consulta pública nos dias 28 e 29 de novembro de 2023.
41354273;41354273;PONTA GROSSA EDISON PIETROBELLI, C E PROF-EF M;EDISON PIETROBELLI E E CM PROFEF;Ponta Grossa;2023;2023-11-10;2023-11-28;CONSULTA;CONVOCADA;edital1012023_gsseed_protocolo213100866_ccm_consulta_publica.pdf;4;Edital nº 101/2023 (p. 4) - Convocação da comunidade escolar para Consulta Pública realizada em 28 e 29/11/2023 com previsão de adesão em 2024.;CONFIRMADO;Convocação da comunidade escolar para consulta pública nos dias 28 e 29 de novembro de 2023.
41355156;41355156;LONDRINA THIAGO TERRA, C E-EF M PROF;THIAGO TERRA C E CMEF M PROF;Londrina;2023;2023-11-10;2023-11-28;CONSULTA;CONVOCADA;edital1012023_gsseed_protocolo213100866_ccm_consulta_publica.pdf;4;Edital nº 101/2023 (p. 4) - Convocação da comunidade escolar para Consulta Pública realizada em 28 e 29/11/2023 com previsão de adesão em 2024.;CONFIRMADO;Convocação da comunidade escolar para consulta pública nos dias 28 e 29 de novembro de 2023.
41356136;41356136;LONDRINA RINA M DE J FRANCOVIG, C E PROFA-EF M;RINA M DE J FRANCOVIG C E PROFAEF M;Londrina;2023;2023-11-10;2023-11-28;CONSULTA;CONVOCADA;edital1012023_gsseed_protocolo213100866_ccm_consulta_publica.pdf;4;Edital nº 101/2023 (p. 4) - Convocação da comunidade escolar para Consulta Pública realizada em 28 e 29/11/2023 com previsão de adesão em 2024.;CONFIRMADO;Convocação da comunidade escolar para consulta pública nos dias 28 e 29 de novembro de 2023.
41378962;41378962;PONTA GROSSA ANA DIVANIR BORATTO, C E-EFM;ANA DIVANIR BORATTO C EEFM;Ponta Grossa;2023;2023-11-10;2023-11-28;CONSULTA;CONVOCADA;edital1012023_gsseed_protocolo213100866_ccm_consulta_publica.pdf;4;Edital nº 101/2023 (p. 4) - Convocação da comunidade escolar para Consulta Pública realizada em 28 e 29/11/2023 com previsão de adesão em 2024.;CONFIRMADO;Convocação da comunidade escolar para consulta pública nos dias 28 e 29 de novembro de 2023.
41597915;41597915;LONDRINA PATRIMONIO REGINA, C E DO-EF M;PATRIMONIO REGINA C E CM DOEF M;Londrina;2023;2023-11-10;2023-11-28;CONSULTA;CONVOCADA;edital1012023_gsseed_protocolo213100866_ccm_consulta_publica.pdf;4;Edital nº 101/2023 (p. 4) - Convocação da comunidade escolar para Consulta Pública realizada em 28 e 29/11/2023 com previsão de adesão em 2024.;CONFIRMADO;Convocação da comunidade escolar para consulta pública nos dias 28 e 29 de novembro de 2023.
41004957;41004957;CRUZEIRO OESTE ANCHIETA, C E-E F M N;ANCHIETA C E CMEF M N;Cruzeiro do Oeste;2023;2023-11-10;2023-11-28;CONSULTA;CONVOCADA;edital1012023_gsseed_protocolo213100866_ccm_consulta_publica.pdf;5;Edital nº 101/2023 (p. 5) - Convocação da comunidade escolar para Consulta Pública realizada em 28 e 29/11/2023 com previsão de adesão em 2024.;CONFIRMADO;Convocação da comunidade escolar para consulta pública nos dias 28 e 29 de novembro de 2023.
41007280;41007280;TAPIRA CASTELO BRANCO, C E PRES-EF M;CASTELO BRANCO E E CM PRESEF;Tapira;2023;2023-11-10;2023-11-28;CONSULTA;CONVOCADA;edital1012023_gsseed_protocolo213100866_ccm_consulta_publica.pdf;5;Edital nº 101/2023 (p. 5) - Convocação da comunidade escolar para Consulta Pública realizada em 28 e 29/11/2023 com previsão de adesão em 2024.;CONFIRMADO;Convocação da comunidade escolar para consulta pública nos dias 28 e 29 de novembro de 2023.
41052250;41052250;S JOSE B VISTA NEWTON SAMPAIO, E E-EF;NEWTON SAMPAIO C E CMEF M;São José da Boa Vista;2023;2023-11-10;2023-11-28;CONSULTA;CONVOCADA;edital1012023_gsseed_protocolo213100866_ccm_consulta_publica.pdf;5;Edital nº 101/2023 (p. 5) - Convocação da comunidade escolar para Consulta Pública realizada em 28 e 29/11/2023 com previsão de adesão em 2024.;CONFIRMADO;Convocação da comunidade escolar para consulta pública nos dias 28 e 29 de novembro de 2023.
41053494;41053494;WENCESLAU BRAZ MIGUEL NASSIF MALUF, C E-EF M;MIGUEL NASSIF MALUF C E CMEF M;Wenceslau Braz;2023;2023-11-10;2023-11-28;CONSULTA;CONVOCADA;edital1012023_gsseed_protocolo213100866_ccm_consulta_publica.pdf;5;Edital nº 101/2023 (p. 5) - Convocação da comunidade escolar para Consulta Pública realizada em 28 e 29/11/2023 com previsão de adesão em 2024.;CONFIRMADO;Convocação da comunidade escolar para consulta pública nos dias 28 e 29 de novembro de 2023.
41062949;41062949;PONTA GROSSA LINDA S BACILA, C E PROFA-EF M PROFIS;LINDA S BACILA C E PROFAEF M PROFIS;Ponta Grossa;2023;2023-11-10;2023-11-28;CONSULTA;CONVOCADA;edital1012023_gsseed_protocolo213100866_ccm_consulta_publica.pdf;5;Edital nº 101/2023 (p. 5) - Convocação da comunidade escolar para Consulta Pública realizada em 28 e 29/11/2023 com previsão de adesão em 2024.;CONFIRMADO;Convocação da comunidade escolar para consulta pública nos dias 28 e 29 de novembro de 2023.
41063139;41063139;PONTA GROSSA NOSSA SRA DA GLORIA, C E-EF M;NOSSA SRA DA GLORIA C E CMEF M;Ponta Grossa;2023;2023-11-10;2023-11-28;CONSULTA;CONVOCADA;edital1012023_gsseed_protocolo213100866_ccm_consulta_publica.pdf;5;Edital nº 101/2023 (p. 5) - Convocação da comunidade escolar para Consulta Pública realizada em 28 e 29/11/2023 com previsão de adesão em 2024.;CONFIRMADO;Convocação da comunidade escolar para consulta pública nos dias 28 e 29 de novembro de 2023.
41063384;41063384;PONTA GROSSA SANTA MARIA, C E-EF M;SANTA MARIA C EEF M;Ponta Grossa;2023;2023-11-10;2023-11-28;CONSULTA;CONVOCADA;edital1012023_gsseed_protocolo213100866_ccm_consulta_publica.pdf;5;Edital nº 101/2023 (p. 5) - Convocação da comunidade escolar para Consulta Pública realizada em 28 e 29/11/2023 com previsão de adesão em 2024.;CONFIRMADO;Convocação da comunidade escolar para consulta pública nos dias 28 e 29 de novembro de 2023.
41068807;41068807;TOLEDO LUIZ AUGUSTO M REGO, C E-EF M PROFIS;LUIZ AUGUSTO M REGO C E CMEF M PROFIS;Toledo;2023;2023-11-10;2023-11-28;CONSULTA;CONVOCADA;edital1012023_gsseed_protocolo213100866_ccm_consulta_publica.pdf;5;Edital nº 101/2023 (p. 5) - Convocação da comunidade escolar para Consulta Pública realizada em 28 e 29/11/2023 com previsão de adesão em 2024.;CONFIRMADO;Convocação da comunidade escolar para consulta pública nos dias 28 e 29 de novembro de 2023.
;;Instituições de Ensino Cívico-Militares (Vagas de Diretores / Monitores);REDE ESTADUAL DO PARANÁ;Estado do Paraná;2023;2023-11-14;2023-11-14;OUTRO;PROCESSO_SELETIVO_GERAL;edital1022023_gsseed_ccm.pdf;1;edital1022023_gsseed_ccm.pdf (p. 1) - Processo seletivo de gestão/direção militar ou edital normativo de cronograma da rede estadual.;NORMATIVO_GERAL;Edital referente a credenciamento, homologação de saúde ou seleção de militares/diretores. Documento: edital1022023_gsseed_ccm.
41004051;41004051;CE SANTO INÁCIO DE LOYOLA;SANTO INACIO DE LOYOLA C E CMEF M;Terra Rica;2023;2023-11-24;2023-11-28;CONSULTA;CONVOCADA;edital1092023_gsseed_protocolo213100866_ccm_consulta_publica_novas_instituicoes.pdf;1;Edital nº 109/2023 (p. 1) - Edital complementar de Consulta Pública convocando novas instituições para votação em 28 e 29/11/2023.;CONFIRMADO;Inclusão de novas instituições na consulta pública.
41077776;41077776;CE PRESIDENTE KENEDY;KENNEDY C E C CM PRESEF M;Serranópolis do Iguaçu;2023;2023-11-24;2023-11-28;CONSULTA;CONVOCADA;edital1092023_gsseed_protocolo213100866_ccm_consulta_publica_novas_instituicoes.pdf;1;Edital nº 109/2023 (p. 1) - Edital complementar de Consulta Pública convocando novas instituições para votação em 28 e 29/11/2023.;CONFIRMADO;Inclusão de novas instituições na consulta pública.
41000021;41000021;AGOSTINHO STEFANELLO, E E-EF;AGOSTINHO STEFANELLO E E CMEF;Alto Paraná;2023;2023-11-30;2023-11-30;CONSULTA;PRORROGADA;edital1102023_gsseed.pdf;1;Edital nº 110/2023 (p. 1) - Prorrogação de Consulta Pública por falta de quórum na primeira rodada.;CONFIRMADO;Prorrogação da consulta pública nas instituições elencadas.
41010345;41010345;RONDON CASTRO ALVES, C E - EM PROFIS;CASTRO ALVES C E CMEM PROFIS;Rondon;2023;2023-11-30;2023-11-30;CONSULTA;PRORROGADA;edital1102023_gsseed.pdf;1;Edital nº 110/2023 (p. 1) - Prorrogação de Consulta Pública por falta de quórum na primeira rodada.;CONFIRMADO;Prorrogação da consulta pública nas instituições elencadas.
41020910;41020910;CECILIA MEIRELES, E E-EF;CECILIA MEIRELES E E CMEF;Santa Fé;2023;2023-11-30;2023-11-30;CONSULTA;PRORROGADA;edital1102023_gsseed.pdf;1;Edital nº 110/2023 (p. 1) - Prorrogação de Consulta Pública por falta de quórum na primeira rodada.;CONFIRMADO;Prorrogação da consulta pública nas instituições elencadas.
41026764;41026764;ARAPONGAS JULIA WANDERLEY, E E PROFA-EF;JULIA WANDERLEY E E PROFAEF;Arapongas;2023;2023-11-30;2023-11-30;CONSULTA;PRORROGADA;edital1102023_gsseed.pdf;1;Edital nº 110/2023 (p. 1) - Prorrogação de Consulta Pública por falta de quórum na primeira rodada.;CONFIRMADO;Prorrogação da consulta pública nas instituições elencadas.
41031709;41031709;LONDRINA LAURO G DA V PESSOA, E E PROF-EF;LAURO G DA V PESSOA E E CM PROFEF;Londrina;2023;2023-11-30;2023-11-30;CONSULTA;PRORROGADA;edital1102023_gsseed.pdf;1;Edital nº 110/2023 (p. 1) - Prorrogação de Consulta Pública por falta de quórum na primeira rodada.;CONFIRMADO;Prorrogação da consulta pública nas instituições elencadas.
41032225;41032225;LONDRINA NEWTON GUIMARAES, C E PROF-EF M;NEWTON GUIMARAES C E CM PROFEF M;Londrina;2023;2023-11-30;2023-11-30;CONSULTA;PRORROGADA;edital1102023_gsseed.pdf;1;Edital nº 110/2023 (p. 1) - Prorrogação de Consulta Pública por falta de quórum na primeira rodada.;CONFIRMADO;Prorrogação da consulta pública nas instituições elencadas.
41032853;41032853;LONDRINA RIO BRANCO, C E BAR DO-EF M;RIO BRANCO C E CM BAR DOEF M;Londrina;2023;2023-11-30;2023-11-30;CONSULTA;PRORROGADA;edital1102023_gsseed.pdf;1;Edital nº 110/2023 (p. 1) - Prorrogação de Consulta Pública por falta de quórum na primeira rodada.;CONFIRMADO;Prorrogação da consulta pública nas instituições elencadas.
41039068;41039068;NEREU RAMOS, E E-EF;NEREU RAMOS E E CMEF;Manoel Ribas;2023;2023-11-30;2023-11-30;CONSULTA;PRORROGADA;edital1102023_gsseed.pdf;1;Edital nº 110/2023 (p. 1) - Prorrogação de Consulta Pública por falta de quórum na primeira rodada.;CONFIRMADO;Prorrogação da consulta pública nas instituições elencadas.
41040694;41040694;S PEDRO DO IVAI VICENTE MACHADO, C E C-EF M;VICENTE MACHADO C E CMEF M;São Pedro do Ivaí;2023;2023-11-30;2023-11-30;CONSULTA;PRORROGADA;edital1102023_gsseed.pdf;1;Edital nº 110/2023 (p. 1) - Prorrogação de Consulta Pública por falta de quórum na primeira rodada.;CONFIRMADO;Prorrogação da consulta pública nas instituições elencadas.
41056264;41056264;TELEMACO BORBA JARDIM ALEGRE, C E-EF M PROFIS;JARDIM ALEGRE C E CMEF M PROFIS;Telêmaco Borba;2023;2023-11-30;2023-11-30;CONSULTA;PRORROGADA;edital1102023_gsseed.pdf;1;Edital nº 110/2023 (p. 1) - Prorrogação de Consulta Pública por falta de quórum na primeira rodada.;CONFIRMADO;Prorrogação da consulta pública nas instituições elencadas.
41056574;41056574;IMBAU TANCREDO NEVES, C E PRES-EF M PROFIS;TANCREDO NEVES C E PRESEF M PROFIS;Imbaú;2023;2023-11-30;2023-11-30;CONSULTA;PRORROGADA;edital1102023_gsseed.pdf;1;Edital nº 110/2023 (p. 1) - Prorrogação de Consulta Pública por falta de quórum na primeira rodada.;CONFIRMADO;Prorrogação da consulta pública nas instituições elencadas.
41063155;41063155;PONTA GROSSA OSORIO, C E GAL-EF M;OSORIO C E CM GALEF M PROFIS;Ponta Grossa;2023;2023-11-30;2023-11-30;CONSULTA;PRORROGADA;edital1102023_gsseed.pdf;1;Edital nº 110/2023 (p. 1) - Prorrogação de Consulta Pública por falta de quórum na primeira rodada.;CONFIRMADO;Prorrogação da consulta pública nas instituições elencadas.
41067029;41067029;GRACILIANO RAMOS, E E-EF;GRACILIANO RAMOS E E CMEF;Santa Helena;2023;2023-11-30;2023-11-30;CONSULTA;PRORROGADA;edital1102023_gsseed.pdf;1;Edital nº 110/2023 (p. 1) - Prorrogação de Consulta Pública por falta de quórum na primeira rodada.;CONFIRMADO;Prorrogação da consulta pública nas instituições elencadas.
41068688;41068688;TOLEDO JOAO ARNALDO RITT, C E-EF M;JOAO ARNALDO RITT C E CMEF M;Toledo;2023;2023-11-30;2023-11-30;CONSULTA;PRORROGADA;edital1102023_gsseed.pdf;1;Edital nº 110/2023 (p. 1) - Prorrogação de Consulta Pública por falta de quórum na primeira rodada.;CONFIRMADO;Prorrogação da consulta pública nas instituições elencadas.
41073037;41073037;DIAMANTE DO SUL OSORIO DUQUE ESTRADA, C E-EF M;OSORIO DUQUE ESTRADA C E CMEF M;Diamante do Sul;2023;2023-11-30;2023-11-30;CONSULTA;PRORROGADA;edital1102023_gsseed.pdf;1;Edital nº 110/2023 (p. 1) - Prorrogação de Consulta Pública por falta de quórum na primeira rodada.;CONFIRMADO;Prorrogação da consulta pública nas instituições elencadas.
41089006;41089006;SALTO LONTRA JORGE DE LIMA, E E-EF;JORGE DE LIMA E E CMEF;Salto do Lontra;2023;2023-11-30;2023-11-30;CONSULTA;PRORROGADA;edital1102023_gsseed.pdf;1;Edital nº 110/2023 (p. 1) - Prorrogação de Consulta Pública por falta de quórum na primeira rodada.;CONFIRMADO;Prorrogação da consulta pública nas instituições elencadas.
41100689;41100689;GUARAPUAVA LENI MARLENE JACOB, C E PROFA-EF M PROF;LENI MARLENE JACOB C E CM PROFAEF M P;Guarapuava;2023;2023-11-30;2023-11-30;CONSULTA;PRORROGADA;edital1102023_gsseed.pdf;1;Edital nº 110/2023 (p. 1) - Prorrogação de Consulta Pública por falta de quórum na primeira rodada.;CONFIRMADO;Prorrogação da consulta pública nas instituições elencadas.
41122836;41122836;EMILIA BUZATO, C E-EF M PROFIS;EMILIA BUZATO C E CM EF M PROFIS;Campo Magro;2023;2023-11-30;2023-11-30;CONSULTA;PRORROGADA;edital1102023_gsseed.pdf;1;Edital nº 110/2023 (p. 1) - Prorrogação de Consulta Pública por falta de quórum na primeira rodada.;CONFIRMADO;Prorrogação da consulta pública nas instituições elencadas.
41123212;41123212;ROSA F JOHNSON, E E PROFA-EF;ROSA F JOHNSON E E CM PROFA EF;Almirante Tamandaré;2023;2023-11-30;2023-11-30;CONSULTA;PRORROGADA;edital1102023_gsseed.pdf;1;Edital nº 110/2023 (p. 1) - Prorrogação de Consulta Pública por falta de quórum na primeira rodada.;CONFIRMADO;Prorrogação da consulta pública nas instituições elencadas.
41128885;41128885;CURITIBA DIRCE C DO AMARAL, C E PROFA-EF M PROFIS;DIRCE C DO AMARAL C E PROFAEF M PROFIS;Curitiba;2023;2023-11-30;2023-11-30;CONSULTA;PRORROGADA;edital1102023_gsseed.pdf;1;Edital nº 110/2023 (p. 1) - Prorrogação de Consulta Pública por falta de quórum na primeira rodada.;CONFIRMADO;Prorrogação da consulta pública nas instituições elencadas.
41141156;41141156;PARANAGUA ROQUE VERNALHA, E E DR-EF;ROQUE VERNALHA E E DREF;Paranaguá;2023;2023-11-30;2023-11-30;CONSULTA;PRORROGADA;edital1102023_gsseed.pdf;1;Edital nº 110/2023 (p. 1) - Prorrogação de Consulta Pública por falta de quórum na primeira rodada.;CONFIRMADO;Prorrogação da consulta pública nas instituições elencadas.
41358872;41358872;LONDRINA JOAO RODRIGUES DA SILVA, C E PROF-EF M;JOAO R DA SILVA E E CM PROFEF;Londrina;2023;2023-11-30;2023-11-30;CONSULTA;PRORROGADA;edital1102023_gsseed.pdf;1;Edital nº 110/2023 (p. 1) - Prorrogação de Consulta Pública por falta de quórum na primeira rodada.;CONFIRMADO;Prorrogação da consulta pública nas instituições elencadas.
41366620;41366620;PARANAGUA VIDAL VANHONI, C E PROF-EF M;VIDAL VANHONI C E PROFEF M;Paranaguá;2023;2023-11-30;2023-11-30;CONSULTA;PRORROGADA;edital1102023_gsseed.pdf;1;Edital nº 110/2023 (p. 1) - Prorrogação de Consulta Pública por falta de quórum na primeira rodada.;CONFIRMADO;Prorrogação da consulta pública nas instituições elencadas.
41018800;41018800;LEO KOHLER, E E PROF-EF;LEO KOHLER E E CM PROFEF;Terra Boa;2023;2023-12-01;2023-12-04;CONSULTA;CONVOCADA;edital1122023_gsseed_expansao.pdf;1;Edital nº 112/2023 (p. 1) - Edital de expansão de Consulta Pública para adesão ao Programa CCM.;CONFIRMADO;Convocação para consulta pública de expansão do programa.
41076354;41076354;FOZ DO IGUACU CARLOS DRUMMOND DE;CARLOS DRUM DE ANDRADE C E CMEF M P;Foz do Iguaçu;2023;2023-12-01;2023-12-04;CONSULTA;CONVOCADA;edital1122023_gsseed_expansao.pdf;1;Edital nº 112/2023 (p. 1) - Edital de expansão de Consulta Pública para adesão ao Programa CCM.;CONFIRMADO;Convocação para consulta pública de expansão do programa.
41136276;41136276;VILA MACEDO, C E-EF M PROFIS;VILA MACEDO C E CMEF M;Piraquara;2023;2023-12-01;2023-12-04;CONSULTA;CONVOCADA;edital1122023_gsseed_expansao.pdf;1;Edital nº 112/2023 (p. 1) - Edital de expansão de Consulta Pública para adesão ao Programa CCM.;CONFIRMADO;Convocação para consulta pública de expansão do programa.
41025318;41025318;ALBERTO SANTOS DUMONT, C E-EF M PROFIS;ALBERTO SANTOS DUMONT C E CMEF M P;Apucarana;2023;2023-12-06;2023-12-06;RESULTADO;APROVADO;edital1142023_gsseed_ccm.pdf;1;Edital nº 114/2023 (p. 1) - Divulgação oficial do resultado da Consulta Pública favorável à adesão, com cláusula expressa de vigência a partir de 01/01/2024.;CONFIRMADO;Instituições com adesão aprovada na consulta pública dos dias 28 e 29 de novembro de 2023.
41025806;41025806;JOSE DE ANCHIETA, C E PE-EF M PROFIS;JOSE DE ANCHIETA C E CM PEEF M PROFIS;Apucarana;2023;2023-12-06;2023-12-06;RESULTADO;APROVADO;edital1142023_gsseed_ccm.pdf;1;Edital nº 114/2023 (p. 1) - Divulgação oficial do resultado da Consulta Pública favorável à adesão, com cláusula expressa de vigência a partir de 01/01/2024.;CONFIRMADO;Instituições com adesão aprovada na consulta pública dos dias 28 e 29 de novembro de 2023.
41026055;41026055;OSMAR GUARACY FREIRE, C E-EF M P;OSMAR GUARACY FREIRE C E CMEF M P;Apucarana;2023;2023-12-06;2023-12-06;RESULTADO;APROVADO;edital1142023_gsseed_ccm.pdf;1;Edital nº 114/2023 (p. 1) - Divulgação oficial do resultado da Consulta Pública favorável à adesão, com cláusula expressa de vigência a partir de 01/01/2024.;CONFIRMADO;Instituições com adesão aprovada na consulta pública dos dias 28 e 29 de novembro de 2023.
41026152;41026152;POLIVALENTE C DOMINGOS SILVA,C E-EFMP;POLIVALENTE C D SILVA C E CMEF M P;Apucarana;2023;2023-12-06;2023-12-06;RESULTADO;APROVADO;edital1142023_gsseed_ccm.pdf;1;Edital nº 114/2023 (p. 1) - Divulgação oficial do resultado da Consulta Pública favorável à adesão, com cláusula expressa de vigência a partir de 01/01/2024.;CONFIRMADO;Instituições com adesão aprovada na consulta pública dos dias 28 e 29 de novembro de 2023.
41027370;41027370;ROSA D CALSAVARA, C E-EF M PROFIS;ROSA D CALSAVARA C E CMEF M PROFIS;Cambira;2023;2023-12-06;2023-12-06;RESULTADO;APROVADO;edital1142023_gsseed_ccm.pdf;1;Edital nº 114/2023 (p. 1) - Divulgação oficial do resultado da Consulta Pública favorável à adesão, com cláusula expressa de vigência a partir de 01/01/2024.;CONFIRMADO;Instituições com adesão aprovada na consulta pública dos dias 28 e 29 de novembro de 2023.
41122801;41122801;ALBERTO KRAUSE, C E PROF-EF M;ALBERTO KRAUSE C E CM PROFEF M P;Almirante Tamandaré;2023;2023-12-06;2023-12-06;RESULTADO;APROVADO;edital1142023_gsseed_ccm.pdf;1;Edital nº 114/2023 (p. 1) - Divulgação oficial do resultado da Consulta Pública favorável à adesão, com cláusula expressa de vigência a partir de 01/01/2024.;CONFIRMADO;Instituições com adesão aprovada na consulta pública dos dias 28 e 29 de novembro de 2023.
41124014;41124014;JUVENTUDE DE SANTO ANTONIO, C E-EF M;JUVENTUDE DE SANTO ANTONIO C E CMEF M;Balsa Nova;2023;2023-12-06;2023-12-06;RESULTADO;APROVADO;edital1142023_gsseed_ccm.pdf;1;Edital nº 114/2023 (p. 1) - Divulgação oficial do resultado da Consulta Pública favorável à adesão, com cláusula expressa de vigência a partir de 01/01/2024.;CONFIRMADO;Instituições com adesão aprovada na consulta pública dos dias 28 e 29 de novembro de 2023.
41124669;41124669;IVAN F DO AMARAL FILHO, C E-EF M PROF;IVAN F DO AMARAL FILHO C E CM EF M P;Campina Grande do Sul;2023;2023-12-06;2023-12-06;RESULTADO;APROVADO;edital1142023_gsseed_ccm.pdf;1;Edital nº 114/2023 (p. 1) - Divulgação oficial do resultado da Consulta Pública favorável à adesão, com cláusula expressa de vigência a partir de 01/01/2024.;CONFIRMADO;Instituições com adesão aprovada na consulta pública dos dias 28 e 29 de novembro de 2023.
41125053;41125053;DJALMA MARINHO, C E-EF M PROFIS 69;DJALMA MARINHO C E CMEF M PROFIS;Campo Largo;2023;2023-12-06;2023-12-06;RESULTADO;APROVADO;edital1142023_gsseed_ccm.pdf;1;Edital nº 114/2023 (p. 1) - Divulgação oficial do resultado da Consulta Pública favorável à adesão, com cláusula expressa de vigência a partir de 01/01/2024.;CONFIRMADO;Instituições com adesão aprovada na consulta pública dos dias 28 e 29 de novembro de 2023.
41126122;41126122;JOAO R DE CAMARGO, C E-EF M PROFIS;JOAO R DE CAMARGO C E CM EF M;Colombo;2023;2023-12-06;2023-12-06;RESULTADO;APROVADO;edital1142023_gsseed_ccm.pdf;1;Edital nº 114/2023 (p. 1) - Divulgação oficial do resultado da Consulta Pública favorável à adesão, com cláusula expressa de vigência a partir de 01/01/2024.;CONFIRMADO;Instituições com adesão aprovada na consulta pública dos dias 28 e 29 de novembro de 2023.
41150902;41150902;PLANTA DEODORO, C E-EF M;PLANTA DEODORO C E CM EF M;Piraquara;2023;2023-12-06;2023-12-06;RESULTADO;APROVADO;edital1142023_gsseed_ccm.pdf;1;Edital nº 114/2023 (p. 1) - Divulgação oficial do resultado da Consulta Pública favorável à adesão, com cláusula expressa de vigência a partir de 01/01/2024.;CONFIRMADO;Instituições com adesão aprovada na consulta pública dos dias 28 e 29 de novembro de 2023.
41158806;41158806;ROCHA POMBO, C E-EF M;ROCHA POMBO C E CMEF M;Araucária;2023;2023-12-06;2023-12-06;RESULTADO;APROVADO;edital1142023_gsseed_ccm.pdf;1;Edital nº 114/2023 (p. 1) - Divulgação oficial do resultado da Consulta Pública favorável à adesão, com cláusula expressa de vigência a partir de 01/01/2024.;CONFIRMADO;Instituições com adesão aprovada na consulta pública dos dias 28 e 29 de novembro de 2023.
41164920;41164920;IRONDI MANTOVANI PUGLIESI, C E-EF M;IRONDI MANTOVANI PUGLIESI C E CMEF M;Arapongas;2023;2023-12-06;2023-12-06;RESULTADO;APROVADO;edital1142023_gsseed_ccm.pdf;1;Edital nº 114/2023 (p. 1) - Divulgação oficial do resultado da Consulta Pública favorável à adesão, com cláusula expressa de vigência a partir de 01/01/2024.;CONFIRMADO;Instituições com adesão aprovada na consulta pública dos dias 28 e 29 de novembro de 2023.
41373456;41373456;OSCAR J D P E SILVA, C E-EF M;OSCAR J D P E SILVA C E CM EF M;Pinhais;2023;2023-12-06;2023-12-06;RESULTADO;APROVADO;edital1142023_gsseed_ccm.pdf;1;Edital nº 114/2023 (p. 1) - Divulgação oficial do resultado da Consulta Pública favorável à adesão, com cláusula expressa de vigência a partir de 01/01/2024.;CONFIRMADO;Instituições com adesão aprovada na consulta pública dos dias 28 e 29 de novembro de 2023.
41003292;41003292;SANTOS DUMONT, C E-EF M;SANTOS DUMONT C E CMEF M;Santa Cruz de Monte Castelo;2023;2023-12-06;2023-12-06;RESULTADO;APROVADO;edital1142023_gsseed_ccm.pdf;2;Edital nº 114/2023 (p. 2) - Divulgação oficial do resultado da Consulta Pública favorável à adesão, com cláusula expressa de vigência a partir de 01/01/2024.;CONFIRMADO;Instituições com adesão aprovada na consulta pública dos dias 28 e 29 de novembro de 2023.
41012631;41012631;RIBEIRO DE CAMPOS, E E-EF;RIBEIRO DE CAMPOS E E CMEF;Goioerê;2023;2023-12-06;2023-12-06;RESULTADO;APROVADO;edital1142023_gsseed_ccm.pdf;2;Edital nº 114/2023 (p. 2) - Divulgação oficial do resultado da Consulta Pública favorável à adesão, com cláusula expressa de vigência a partir de 01/01/2024.;CONFIRMADO;Instituições com adesão aprovada na consulta pública dos dias 28 e 29 de novembro de 2023.
41021100;41021100;ANASTACIO CEREZINE, E E-EF;ANASTACIO CEREZINE E E CMEF;Alvorada do Sul;2023;2023-12-06;2023-12-06;RESULTADO;APROVADO;edital1142023_gsseed_ccm.pdf;2;Edital nº 114/2023 (p. 2) - Divulgação oficial do resultado da Consulta Pública favorável à adesão, com cláusula expressa de vigência a partir de 01/01/2024.;CONFIRMADO;Instituições com adesão aprovada na consulta pública dos dias 28 e 29 de novembro de 2023.
41028406;41028406;ANDREA NUZZI, C E MAESTRO-EF M PROFIS;ANDREA NUZZI C E CM MAESTROEF M P;Cambé;2023;2023-12-06;2023-12-06;RESULTADO;APROVADO;edital1142023_gsseed_ccm.pdf;2;Edital nº 114/2023 (p. 2) - Divulgação oficial do resultado da Consulta Pública favorável à adesão, com cláusula expressa de vigência a partir de 01/01/2024.;CONFIRMADO;Instituições com adesão aprovada na consulta pública dos dias 28 e 29 de novembro de 2023.
41028457;41028457;ATTILIO CODATO, C E-EF M PROFIS;ATTILIO CODATO C E CMEF M;Cambé;2023;2023-12-06;2023-12-06;RESULTADO;APROVADO;edital1142023_gsseed_ccm.pdf;2;Edital nº 114/2023 (p. 2) - Divulgação oficial do resultado da Consulta Pública favorável à adesão, com cláusula expressa de vigência a partir de 01/01/2024.;CONFIRMADO;Instituições com adesão aprovada na consulta pública dos dias 28 e 29 de novembro de 2023.
41028732;41028732;HELENA KOLODY, C E PROF-EF M;HELENA KOLODY C E CM PROFEF M;Cambé;2023;2023-12-06;2023-12-06;RESULTADO;APROVADO;edital1142023_gsseed_ccm.pdf;2;Edital nº 114/2023 (p. 2) - Divulgação oficial do resultado da Consulta Pública favorável à adesão, com cláusula expressa de vigência a partir de 01/01/2024.;CONFIRMADO;Instituições com adesão aprovada na consulta pública dos dias 28 e 29 de novembro de 2023.
41028902;41028902;MANUEL BANDEIRA, C E-EF EM PROFIS;MANUEL BANDEIRA C E CMEF M PROFIS;Cambé;2023;2023-12-06;2023-12-06;RESULTADO;APROVADO;edital1142023_gsseed_ccm.pdf;2;Edital nº 114/2023 (p. 2) - Divulgação oficial do resultado da Consulta Pública favorável à adesão, com cláusula expressa de vigência a partir de 01/01/2024.;CONFIRMADO;Instituições com adesão aprovada na consulta pública dos dias 28 e 29 de novembro de 2023.
41030125;41030125;CARLOS DE ALMEIDA, C E-EF M PROFIS;CARLOS DE ALMEIDA C E CMEF M PROFIS;Londrina;2023;2023-12-06;2023-12-06;RESULTADO;APROVADO;edital1142023_gsseed_ccm.pdf;2;Edital nº 114/2023 (p. 2) - Divulgação oficial do resultado da Consulta Pública favorável à adesão, com cláusula expressa de vigência a partir de 01/01/2024.;CONFIRMADO;Instituições com adesão aprovada na consulta pública dos dias 28 e 29 de novembro de 2023.
41030265;41030265;CELIA MORAES DE OLIVEIRA,C E PROF-EF M P;CELIA M DE OLIVEIRA C E CM PROFEF M P;Londrina;2023;2023-12-06;2023-12-06;RESULTADO;APROVADO;edital1142023_gsseed_ccm.pdf;2;Edital nº 114/2023 (p. 2) - Divulgação oficial do resultado da Consulta Pública favorável à adesão, com cláusula expressa de vigência a partir de 01/01/2024.;CONFIRMADO;Instituições com adesão aprovada na consulta pública dos dias 28 e 29 de novembro de 2023.
41030800;41030800;HEBER S VARGAS, C E PROF DR-EF M PROFIS 70;HEBER S VARGAS C E CM PROF DREF M P;Londrina;2023;2023-12-06;2023-12-06;RESULTADO;APROVADO;edital1142023_gsseed_ccm.pdf;2;Edital nº 114/2023 (p. 2) - Divulgação oficial do resultado da Consulta Pública favorável à adesão, com cláusula expressa de vigência a partir de 01/01/2024.;CONFIRMADO;Instituições com adesão aprovada na consulta pública dos dias 28 e 29 de novembro de 2023.
41037324;41037324;ANTONIO DINIZ PEREIRA, C E-EF M PROFIS;ANTONIO DINIZ PEREIRA C E CMEF M;Ivaiporã;2023;2023-12-06;2023-12-06;RESULTADO;APROVADO;edital1142023_gsseed_ccm.pdf;2;Edital nº 114/2023 (p. 2) - Divulgação oficial do resultado da Consulta Pública favorável à adesão, com cláusula expressa de vigência a partir de 01/01/2024.;CONFIRMADO;Instituições com adesão aprovada na consulta pública dos dias 28 e 29 de novembro de 2023.
41040317;41040317;JOSE DE MATTOS LEAO, C E-EF M;JOSE DE MATTOS LEAO C E CMEF M;São João do Ivaí;2023;2023-12-06;2023-12-06;RESULTADO;APROVADO;edital1142023_gsseed_ccm.pdf;2;Edital nº 114/2023 (p. 2) - Divulgação oficial do resultado da Consulta Pública favorável à adesão, com cláusula expressa de vigência a partir de 01/01/2024.;CONFIRMADO;Instituições com adesão aprovada na consulta pública dos dias 28 e 29 de novembro de 2023.
41042778;41042778;STELLA MARIS, C E-EF M;STELLA MARIS C E CMEF M;Andirá;2023;2023-12-06;2023-12-06;RESULTADO;APROVADO;edital1142023_gsseed_ccm.pdf;2;Edital nº 114/2023 (p. 2) - Divulgação oficial do resultado da Consulta Pública favorável à adesão, com cláusula expressa de vigência a partir de 01/01/2024.;CONFIRMADO;Instituições com adesão aprovada na consulta pública dos dias 28 e 29 de novembro de 2023.
41043375;41043375;NOBREGA DA CUNHA, C E-EF M;NOBREGA DA CUNHA C E CMEF M;Bandeirantes;2023;2023-12-06;2023-12-06;RESULTADO;APROVADO;edital1142023_gsseed_ccm.pdf;2;Edital nº 114/2023 (p. 2) - Divulgação oficial do resultado da Consulta Pública favorável à adesão, com cláusula expressa de vigência a partir de 01/01/2024.;CONFIRMADO;Instituições com adesão aprovada na consulta pública dos dias 28 e 29 de novembro de 2023.
41046218;41046218;ANTONIO BITONTI, E E PROF-EF;ANTONIO BITONTI E E CM PROFEF;Sertaneja;2023;2023-12-06;2023-12-06;RESULTADO;APROVADO;edital1142023_gsseed_ccm.pdf;2;Edital nº 114/2023 (p. 2) - Divulgação oficial do resultado da Consulta Pública favorável à adesão, com cláusula expressa de vigência a partir de 01/01/2024.;CONFIRMADO;Instituições com adesão aprovada na consulta pública dos dias 28 e 29 de novembro de 2023.
41046552;41046552;CAROLINA LUPION, C E DONA-EF M;CAROLINA LUPION C E CM DONAEF M;Cambará;2023;2023-12-06;2023-12-06;RESULTADO;APROVADO;edital1142023_gsseed_ccm.pdf;2;Edital nº 114/2023 (p. 2) - Divulgação oficial do resultado da Consulta Pública favorável à adesão, com cláusula expressa de vigência a partir de 01/01/2024.;CONFIRMADO;Instituições com adesão aprovada na consulta pública dos dias 28 e 29 de novembro de 2023.
41046960;41046960;ANESIO DE A LEITE, C E-EF M PROFIS;ANESIO DE A LEITE C E CMEF M PROFIS;Jacarezinho;2023;2023-12-06;2023-12-06;RESULTADO;APROVADO;edital1142023_gsseed_ccm.pdf;2;Edital nº 114/2023 (p. 2) - Divulgação oficial do resultado da Consulta Pública favorável à adesão, com cláusula expressa de vigência a partir de 01/01/2024.;CONFIRMADO;Instituições com adesão aprovada na consulta pública dos dias 28 e 29 de novembro de 2023.
41070585;41070585;CARLOS A CAMARGO, C E-EF M PROFIS;CARLOS A CAMARGO C E CMEF M PROFIS;Capitão Leônidas Marques;2023;2023-12-06;2023-12-06;RESULTADO;APROVADO;edital1142023_gsseed_ccm.pdf;2;Edital nº 114/2023 (p. 2) - Divulgação oficial do resultado da Consulta Pública favorável à adesão, com cláusula expressa de vigência a partir de 01/01/2024.;CONFIRMADO;Instituições com adesão aprovada na consulta pública dos dias 28 e 29 de novembro de 2023.
41071018;41071018;XIV DE NOVEMBRO, C E -EF M;XIV DE NOVEMBRO C E CMEF M;Cascavel;2023;2023-12-06;2023-12-06;RESULTADO;APROVADO;edital1142023_gsseed_ccm.pdf;2;Edital nº 114/2023 (p. 2) - Divulgação oficial do resultado da Consulta Pública favorável à adesão, com cláusula expressa de vigência a partir de 01/01/2024.;CONFIRMADO;Instituições com adesão aprovada na consulta pública dos dias 28 e 29 de novembro de 2023.
41071409;41071409;HUMBERTO A C BRANCO, C E MAL-EF M PROF;HUMBERTO A C BRANCO C E CM MALEF M P;Cascavel;2023;2023-12-06;2023-12-06;RESULTADO;APROVADO;edital1142023_gsseed_ccm.pdf;2;Edital nº 114/2023 (p. 2) - Divulgação oficial do resultado da Consulta Pública favorável à adesão, com cláusula expressa de vigência a partir de 01/01/2024.;CONFIRMADO;Instituições com adesão aprovada na consulta pública dos dias 28 e 29 de novembro de 2023.
41071590;41071590;JOSE A B ORSO, C E-EF M;JOSE A B ORSO C E CMEF M PROF;Cascavel;2023;2023-12-06;2023-12-06;RESULTADO;APROVADO;edital1142023_gsseed_ccm.pdf;2;Edital nº 114/2023 (p. 2) - Divulgação oficial do resultado da Consulta Pública favorável à adesão, com cláusula expressa de vigência a partir de 01/01/2024.;CONFIRMADO;Instituições com adesão aprovada na consulta pública dos dias 28 e 29 de novembro de 2023.
41072626;41072626;AMANCIO MORO, C E-EF M N PROFIS;AMANCIO MORO C E CM EF M N PROFIS;Corbélia;2023;2023-12-06;2023-12-06;RESULTADO;APROVADO;edital1142023_gsseed_ccm.pdf;2;Edital nº 114/2023 (p. 2) - Divulgação oficial do resultado da Consulta Pública favorável à adesão, com cláusula expressa de vigência a partir de 01/01/2024.;CONFIRMADO;Instituições com adesão aprovada na consulta pública dos dias 28 e 29 de novembro de 2023.
41077512;41077512;ARTHUR DA C SILVA, C E MAL-EF M PROFIS;ARTHUR DA C SILVA C E CM MALEF M P;Medianeira;2023;2023-12-06;2023-12-06;RESULTADO;APROVADO;edital1142023_gsseed_ccm.pdf;2;Edital nº 114/2023 (p. 2) - Divulgação oficial do resultado da Consulta Pública favorável à adesão, com cláusula expressa de vigência a partir de 01/01/2024.;CONFIRMADO;Instituições com adesão aprovada na consulta pública dos dias 28 e 29 de novembro de 2023.
41081340;41081340;JOAO ZACCO PARANA, C E-EF M PROFIS;JOAO ZACCO PARANA C E CMEF M;Planalto;2023;2023-12-06;2023-12-06;RESULTADO;APROVADO;edital1142023_gsseed_ccm.pdf;2;Edital nº 114/2023 (p. 2) - Divulgação oficial do resultado da Consulta Pública favorável à adesão, com cláusula expressa de vigência a partir de 01/01/2024.;CONFIRMADO;Instituições com adesão aprovada na consulta pública dos dias 28 e 29 de novembro de 2023.
41084772;41084772;LEONARDO DA VINCI, C E-EF M N PROFIS;LEONARDO DA VINCI C E CMEF M N PROFIS;Dois Vizinhos;2023;2023-12-06;2023-12-06;RESULTADO;APROVADO;edital1142023_gsseed_ccm.pdf;2;Edital nº 114/2023 (p. 2) - Divulgação oficial do resultado da Consulta Pública favorável à adesão, com cláusula expressa de vigência a partir de 01/01/2024.;CONFIRMADO;Instituições com adesão aprovada na consulta pública dos dias 28 e 29 de novembro de 2023.
41105176;41105176;ALTO RECREIO, C E-EF M LOANDA SANTA CRUZ DE MONTE;ALTO RECREIO C E CMEF M;Quedas do Iguaçu;2023;2023-12-06;2023-12-06;RESULTADO;APROVADO;edital1142023_gsseed_ccm.pdf;2;Edital nº 114/2023 (p. 2) - Divulgação oficial do resultado da Consulta Pública favorável à adesão, com cláusula expressa de vigência a partir de 01/01/2024.;CONFIRMADO;Instituições com adesão aprovada na consulta pública dos dias 28 e 29 de novembro de 2023.
41125193;41125193;JOAO XXIII, C E-E F M;JOAO XXIII C E CMEF M;Campo Largo;2023;2023-12-06;2023-12-06;RESULTADO;APROVADO;edital1142023_gsseed_ccm.pdf;2;Edital nº 114/2023 (p. 2) - Divulgação oficial do resultado da Consulta Pública favorável à adesão, com cláusula expressa de vigência a partir de 01/01/2024.;CONFIRMADO;Instituições com adesão aprovada na consulta pública dos dias 28 e 29 de novembro de 2023.
41125304;41125304;MACEDO SOARES, C E-EF M PROFIS;MACEDO SOARES C E CMEF M PROFIS;Campo Largo;2023;2023-12-06;2023-12-06;RESULTADO;APROVADO;edital1142023_gsseed_ccm.pdf;2;Edital nº 114/2023 (p. 2) - Divulgação oficial do resultado da Consulta Pública favorável à adesão, com cláusula expressa de vigência a partir de 01/01/2024.;CONFIRMADO;Instituições com adesão aprovada na consulta pública dos dias 28 e 29 de novembro de 2023.
41126670;41126670;MIGUEL FRANCO FILHO, C E-EF M PROFIS;MIGUEL FRANCO FILHO C E CMEF M PROFIS;Contenda;2023;2023-12-06;2023-12-06;RESULTADO;APROVADO;edital1142023_gsseed_ccm.pdf;2;Edital nº 114/2023 (p. 2) - Divulgação oficial do resultado da Consulta Pública favorável à adesão, com cláusula expressa de vigência a partir de 01/01/2024.;CONFIRMADO;Instituições com adesão aprovada na consulta pública dos dias 28 e 29 de novembro de 2023.
41128664;41128664;CRUZEIRO DO SUL, C E-EF M PROFIS;CRUZEIRO DO SUL C E CMEF M P;Curitiba;2023;2023-12-06;2023-12-06;RESULTADO;APROVADO;edital1142023_gsseed_ccm.pdf;2;Edital nº 114/2023 (p. 2) - Divulgação oficial do resultado da Consulta Pública favorável à adesão, com cláusula expressa de vigência a partir de 01/01/2024.;CONFIRMADO;Instituições com adesão aprovada na consulta pública dos dias 28 e 29 de novembro de 2023.
41130065;41130065;JAYME CANET, C E-EF M PROFIS;JAYME CANET C E CMEF M P;Curitiba;2023;2023-12-06;2023-12-06;RESULTADO;APROVADO;edital1142023_gsseed_ccm.pdf;2;Edital nº 114/2023 (p. 2) - Divulgação oficial do resultado da Consulta Pública favorável à adesão, com cláusula expressa de vigência a partir de 01/01/2024.;CONFIRMADO;Instituições com adesão aprovada na consulta pública dos dias 28 e 29 de novembro de 2023.
41130146;41130146;JOAO LOYOLA, C E PROF-EF M;JOAO LOYOLA C E CM PROFEF M P;Curitiba;2023;2023-12-06;2023-12-06;RESULTADO;APROVADO;edital1142023_gsseed_ccm.pdf;2;Edital nº 114/2023 (p. 2) - Divulgação oficial do resultado da Consulta Pública favorável à adesão, com cláusula expressa de vigência a partir de 01/01/2024.;CONFIRMADO;Instituições com adesão aprovada na consulta pública dos dias 28 e 29 de novembro de 2023.
41130170;41130170;JOAO PAULO I, C E PAPA-EF M PROFIS;JOAO PAULO I C E CM PAPAEF M P;Curitiba;2023;2023-12-06;2023-12-06;RESULTADO;APROVADO;edital1142023_gsseed_ccm.pdf;2;Edital nº 114/2023 (p. 2) - Divulgação oficial do resultado da Consulta Pública favorável à adesão, com cláusula expressa de vigência a partir de 01/01/2024.;CONFIRMADO;Instituições com adesão aprovada na consulta pública dos dias 28 e 29 de novembro de 2023.
41130200;41130200;JOAO WISLINSKI, C E PE-EF M N;JOAO WISLINSKI C E CM PEEF M N P;Curitiba;2023;2023-12-06;2023-12-06;RESULTADO;APROVADO;edital1142023_gsseed_ccm.pdf;2;Edital nº 114/2023 (p. 2) - Divulgação oficial do resultado da Consulta Pública favorável à adesão, com cláusula expressa de vigência a partir de 01/01/2024.;CONFIRMADO;Instituições com adesão aprovada na consulta pública dos dias 28 e 29 de novembro de 2023.
41130359;41130359;JULIO MESQUITA, C E PROF-EF M PROFIS;JULIO MESQUITA C E CM PROFEF M PROFIS;Curitiba;2023;2023-12-06;2023-12-06;RESULTADO;APROVADO;edital1142023_gsseed_ccm.pdf;2;Edital nº 114/2023 (p. 2) - Divulgação oficial do resultado da Consulta Pública favorável à adesão, com cláusula expressa de vigência a partir de 01/01/2024.;CONFIRMADO;Instituições com adesão aprovada na consulta pública dos dias 28 e 29 de novembro de 2023.
41130421;41130421;LAMENHA LINS, C E PRES-EF M PROFIS;LAMENHA LINS C E CM PRESEF M P;Curitiba;2023;2023-12-06;2023-12-06;RESULTADO;APROVADO;edital1142023_gsseed_ccm.pdf;2;Edital nº 114/2023 (p. 2) - Divulgação oficial do resultado da Consulta Pública favorável à adesão, com cláusula expressa de vigência a partir de 01/01/2024.;CONFIRMADO;Instituições com adesão aprovada na consulta pública dos dias 28 e 29 de novembro de 2023.
41130685;41130685;LUIZA ROSS, C E PROFA-EF M PROFIS;LUIZA ROSS C E CM PROFAEF M P;Curitiba;2023;2023-12-06;2023-12-06;RESULTADO;APROVADO;edital1142023_gsseed_ccm.pdf;2;Edital nº 114/2023 (p. 2) - Divulgação oficial do resultado da Consulta Pública favorável à adesão, com cláusula expressa de vigência a partir de 01/01/2024.;CONFIRMADO;Instituições com adesão aprovada na consulta pública dos dias 28 e 29 de novembro de 2023.
41131223;41131223;MILTON CARNEIRO, C E-EF M PROFIS;MILTON CARNEIRO C E CMEF M P;Curitiba;2023;2023-12-06;2023-12-06;RESULTADO;APROVADO;edital1142023_gsseed_ccm.pdf;2;Edital nº 114/2023 (p. 2) - Divulgação oficial do resultado da Consulta Pública favorável à adesão, com cláusula expressa de vigência a partir de 01/01/2024.;CONFIRMADO;Instituições com adesão aprovada na consulta pública dos dias 28 e 29 de novembro de 2023.
41132475;41132475;PINHEIRO DO PARANA, C E-EF M PROFIS;PINHEIRO DO PARANA C E CMEF M P;Curitiba;2023;2023-12-06;2023-12-06;RESULTADO;APROVADO;edital1142023_gsseed_ccm.pdf;2;Edital nº 114/2023 (p. 2) - Divulgação oficial do resultado da Consulta Pública favorável à adesão, com cláusula expressa de vigência a partir de 01/01/2024.;CONFIRMADO;Instituições com adesão aprovada na consulta pública dos dias 28 e 29 de novembro de 2023.
41133137;41133137;SANTA FELICIDADE, C E-EF M PROFIS;SANTA FELICIDADE C E CMEF M P;Curitiba;2023;2023-12-06;2023-12-06;RESULTADO;APROVADO;edital1142023_gsseed_ccm.pdf;2;Edital nº 114/2023 (p. 2) - Divulgação oficial do resultado da Consulta Pública favorável à adesão, com cláusula expressa de vigência a partir de 01/01/2024.;CONFIRMADO;Instituições com adesão aprovada na consulta pública dos dias 28 e 29 de novembro de 2023.
41133200;41133200;SANTO ANTONIO, E E-EF;SANTO ANTONIO C E CMEF M;Curitiba;2023;2023-12-06;2023-12-06;RESULTADO;APROVADO;edital1142023_gsseed_ccm.pdf;2;Edital nº 114/2023 (p. 2) - Divulgação oficial do resultado da Consulta Pública favorável à adesão, com cláusula expressa de vigência a partir de 01/01/2024.;CONFIRMADO;Instituições com adesão aprovada na consulta pública dos dias 28 e 29 de novembro de 2023.
41137361;41137361;ARNALDO JANSEN, C E PE-EF M PROF CASCAVEL CAPITÃO LEÔNIDAS;ARNALDO JANSEN C E CM PEEF M PROFIS;São José dos Pinhais;2023;2023-12-06;2023-12-06;RESULTADO;APROVADO;edital1142023_gsseed_ccm.pdf;2;Edital nº 114/2023 (p. 2) - Divulgação oficial do resultado da Consulta Pública favorável à adesão, com cláusula expressa de vigência a partir de 01/01/2024.;CONFIRMADO;Instituições com adesão aprovada na consulta pública dos dias 28 e 29 de novembro de 2023.
41148550;41148550;SANTA RITA, E E-EF;SANTA RITA E E CMEF;Foz do Iguaçu;2023;2023-12-06;2023-12-06;RESULTADO;APROVADO;edital1142023_gsseed_ccm.pdf;2;Edital nº 114/2023 (p. 2) - Divulgação oficial do resultado da Consulta Pública favorável à adesão, com cláusula expressa de vigência a partir de 01/01/2024.;CONFIRMADO;Instituições com adesão aprovada na consulta pública dos dias 28 e 29 de novembro de 2023.
41531876;41531876;GUIDO ARZUA, C E PROF-EF M PROFIS;GUIDO ARZUA C E CMEF M P;Curitiba;2023;2023-12-06;2023-12-06;RESULTADO;APROVADO;edital1142023_gsseed_ccm.pdf;2;Edital nº 114/2023 (p. 2) - Divulgação oficial do resultado da Consulta Pública favorável à adesão, com cláusula expressa de vigência a partir de 01/01/2024.;CONFIRMADO;Instituições com adesão aprovada na consulta pública dos dias 28 e 29 de novembro de 2023.
41004957;41004957;ANCHIETA, C E-E F M N;ANCHIETA C E CMEF M N;Cruzeiro do Oeste;2023;2023-12-06;2023-12-06;RESULTADO;APROVADO;edital1142023_gsseed_ccm.pdf;3;Edital nº 114/2023 (p. 3) - Divulgação oficial do resultado da Consulta Pública favorável à adesão, com cláusula expressa de vigência a partir de 01/01/2024.;CONFIRMADO;Instituições com adesão aprovada na consulta pública dos dias 28 e 29 de novembro de 2023.
41007280;41007280;CASTELO BRANCO, C E PRES-EF M;CASTELO BRANCO E E CM PRESEF;Tapira;2023;2023-12-06;2023-12-06;RESULTADO;APROVADO;edital1142023_gsseed_ccm.pdf;3;Edital nº 114/2023 (p. 3) - Divulgação oficial do resultado da Consulta Pública favorável à adesão, com cláusula expressa de vigência a partir de 01/01/2024.;CONFIRMADO;Instituições com adesão aprovada na consulta pública dos dias 28 e 29 de novembro de 2023.
41020286;41020286;FRANCISCO J PERIOTO, E E PROF-EF;FRANCISCO J PERIOTO E E CM PROFEF;Mandaguaçu;2023;2023-12-06;2023-12-06;RESULTADO;APROVADO;edital1142023_gsseed_ccm.pdf;3;Edital nº 114/2023 (p. 3) - Divulgação oficial do resultado da Consulta Pública favorável à adesão, com cláusula expressa de vigência a partir de 01/01/2024.;CONFIRMADO;Instituições com adesão aprovada na consulta pública dos dias 28 e 29 de novembro de 2023.
41021010;41021010;MANOEL F ALMEIDA, E E DR-EF;MANOEL F ALMEIDA E E CM DREF;Santo Inácio;2023;2023-12-06;2023-12-06;RESULTADO;APROVADO;edital1142023_gsseed_ccm.pdf;3;Edital nº 114/2023 (p. 3) - Divulgação oficial do resultado da Consulta Pública favorável à adesão, com cláusula expressa de vigência a partir de 01/01/2024.;CONFIRMADO;Instituições com adesão aprovada na consulta pública dos dias 28 e 29 de novembro de 2023.
41022750;41022750;ARTHUR C E SILVA, E E PRES-EF;ARTHUR C E SILVA E E CM PRESEF;Floresta;2023;2023-12-06;2023-12-06;RESULTADO;APROVADO;edital1142023_gsseed_ccm.pdf;3;Edital nº 114/2023 (p. 3) - Divulgação oficial do resultado da Consulta Pública favorável à adesão, com cláusula expressa de vigência a partir de 01/01/2024.;CONFIRMADO;Instituições com adesão aprovada na consulta pública dos dias 28 e 29 de novembro de 2023.
41030486;41030486;WISTREMUNDO R P GARCIA, C E PE-EF M P;WISTREMUNDO R P GARCIA C E CM PEEFM P;Londrina;2023;2023-12-06;2023-12-06;RESULTADO;APROVADO;edital1142023_gsseed_ccm.pdf;3;Edital nº 114/2023 (p. 3) - Divulgação oficial do resultado da Consulta Pública favorável à adesão, com cláusula expressa de vigência a partir de 01/01/2024.;CONFIRMADO;Instituições com adesão aprovada na consulta pública dos dias 28 e 29 de novembro de 2023.
41031237;41031237;HUGO SIMAS, C E-EF M PROFIS;HUGO SIMAS C E CMEF M PROFIS;Londrina;2023;2023-12-06;2023-12-06;RESULTADO;APROVADO;edital1142023_gsseed_ccm.pdf;3;Edital nº 114/2023 (p. 3) - Divulgação oficial do resultado da Consulta Pública favorável à adesão, com cláusula expressa de vigência a partir de 01/01/2024.;CONFIRMADO;Instituições com adesão aprovada na consulta pública dos dias 28 e 29 de novembro de 2023.
41031253;41031253;HUMBERTO P COUTINHO, C E-EF M PROFIS;HUMBERTO P COUTINHO C E CMEF M PROFIS;Londrina;2023;2023-12-06;2023-12-06;RESULTADO;APROVADO;edital1142023_gsseed_ccm.pdf;3;Edital nº 114/2023 (p. 3) - Divulgação oficial do resultado da Consulta Pública favorável à adesão, com cláusula expressa de vigência a partir de 01/01/2024.;CONFIRMADO;Instituições com adesão aprovada na consulta pública dos dias 28 e 29 de novembro de 2023.
41031873;41031873;MARGARIDA B LISBOA, C E PROFA-EF M;MARGARIDA B LISBOA C E CM PROFAEF M;Londrina;2023;2023-12-06;2023-12-06;RESULTADO;APROVADO;edital1142023_gsseed_ccm.pdf;3;Edital nº 114/2023 (p. 3) - Divulgação oficial do resultado da Consulta Pública favorável à adesão, com cláusula expressa de vigência a partir de 01/01/2024.;CONFIRMADO;Instituições com adesão aprovada na consulta pública dos dias 28 e 29 de novembro de 2023.
41032241;41032241;NILO PECANHA, C E-EF M PROFIS;NILO PECANHA C E CMEF M PROFIS;Londrina;2023;2023-12-06;2023-12-06;RESULTADO;APROVADO;edital1142023_gsseed_ccm.pdf;3;Edital nº 114/2023 (p. 3) - Divulgação oficial do resultado da Consulta Pública favorável à adesão, com cláusula expressa de vigência a partir de 01/01/2024.;CONFIRMADO;Instituições com adesão aprovada na consulta pública dos dias 28 e 29 de novembro de 2023.
41032446;41032446;OLYMPIA M TORMENTA, C E PROF-EF M PROFIS;OLYMPIA M TORMENTA C E CM PROFEF M P;Londrina;2023;2023-12-06;2023-12-06;RESULTADO;APROVADO;edital1142023_gsseed_ccm.pdf;3;Edital nº 114/2023 (p. 3) - Divulgação oficial do resultado da Consulta Pública favorável à adesão, com cláusula expressa de vigência a partir de 01/01/2024.;CONFIRMADO;Instituições com adesão aprovada na consulta pública dos dias 28 e 29 de novembro de 2023.
41033620;41033620;LAURO P TAVARES, C E DR-EF M;LAURO P TAVARES C E CM DREF M;Rolândia;2023;2023-12-06;2023-12-06;RESULTADO;APROVADO;edital1142023_gsseed_ccm.pdf;3;Edital nº 114/2023 (p. 3) - Divulgação oficial do resultado da Consulta Pública favorável à adesão, com cláusula expressa de vigência a partir de 01/01/2024.;CONFIRMADO;Instituições com adesão aprovada na consulta pública dos dias 28 e 29 de novembro de 2023.
41052250;41052250;NEWTON SAMPAIO, E E-EF;NEWTON SAMPAIO C E CMEF M;São José da Boa Vista;2023;2023-12-06;2023-12-06;RESULTADO;APROVADO;edital1142023_gsseed_ccm.pdf;3;Edital nº 114/2023 (p. 3) - Divulgação oficial do resultado da Consulta Pública favorável à adesão, com cláusula expressa de vigência a partir de 01/01/2024.;CONFIRMADO;Instituições com adesão aprovada na consulta pública dos dias 28 e 29 de novembro de 2023.
41053494;41053494;MIGUEL NASSIF MALUF, C E-EF M;MIGUEL NASSIF MALUF C E CMEF M;Wenceslau Braz;2023;2023-12-06;2023-12-06;RESULTADO;APROVADO;edital1142023_gsseed_ccm.pdf;3;Edital nº 114/2023 (p. 3) - Divulgação oficial do resultado da Consulta Pública favorável à adesão, com cláusula expressa de vigência a partir de 01/01/2024.;CONFIRMADO;Instituições com adesão aprovada na consulta pública dos dias 28 e 29 de novembro de 2023.
41062108;41062108;BECKER E SILVA, C E PROF-EF M PROFIS;BECKER E SILVA C E CM PROFEF M PROFIS;Ponta Grossa;2023;2023-12-06;2023-12-06;RESULTADO;APROVADO;edital1142023_gsseed_ccm.pdf;3;Edital nº 114/2023 (p. 3) - Divulgação oficial do resultado da Consulta Pública favorável à adesão, com cláusula expressa de vigência a partir de 01/01/2024.;CONFIRMADO;Instituições com adesão aprovada na consulta pública dos dias 28 e 29 de novembro de 2023.
41062191;41062191;CARLOS ZELESNY, C E PE-EF M;CARLOS ZELESNY C E CM PEEF M;Ponta Grossa;2023;2023-12-06;2023-12-06;RESULTADO;APROVADO;edital1142023_gsseed_ccm.pdf;3;Edital nº 114/2023 (p. 3) - Divulgação oficial do resultado da Consulta Pública favorável à adesão, com cláusula expressa de vigência a partir de 01/01/2024.;CONFIRMADO;Instituições com adesão aprovada na consulta pública dos dias 28 e 29 de novembro de 2023.
41062469;41062469;EPAMINONDAS N RIBAS, C E DR-EF M PROFIS;EPAMINONDAS N RIBAS C E CM DREF M P;Ponta Grossa;2023;2023-12-06;2023-12-06;RESULTADO;APROVADO;edital1142023_gsseed_ccm.pdf;3;Edital nº 114/2023 (p. 3) - Divulgação oficial do resultado da Consulta Pública favorável à adesão, com cláusula expressa de vigência a partir de 01/01/2024.;CONFIRMADO;Instituições com adesão aprovada na consulta pública dos dias 28 e 29 de novembro de 2023.
41063139;41063139;NOSSA SRA DA GLORIA, C E-EF M;NOSSA SRA DA GLORIA C E CMEF M;Ponta Grossa;2023;2023-12-06;2023-12-06;RESULTADO;APROVADO;edital1142023_gsseed_ccm.pdf;3;Edital nº 114/2023 (p. 3) - Divulgação oficial do resultado da Consulta Pública favorável à adesão, com cláusula expressa de vigência a partir de 01/01/2024.;CONFIRMADO;Instituições com adesão aprovada na consulta pública dos dias 28 e 29 de novembro de 2023.
41068807;41068807;LUIZ AUGUSTO M REGO, C E-EF M PROFIS;LUIZ AUGUSTO M REGO C E CMEF M PROFIS;Toledo;2023;2023-12-06;2023-12-06;RESULTADO;APROVADO;edital1142023_gsseed_ccm.pdf;3;Edital nº 114/2023 (p. 3) - Divulgação oficial do resultado da Consulta Pública favorável à adesão, com cláusula expressa de vigência a partir de 01/01/2024.;CONFIRMADO;Instituições com adesão aprovada na consulta pública dos dias 28 e 29 de novembro de 2023.
41092694;41092694;ISIDORO DUMONT, E E IR-EF;ISIDORO DUMONT E E CM IREF;Itapejara d'Oeste;2023;2023-12-06;2023-12-06;RESULTADO;APROVADO;edital1142023_gsseed_ccm.pdf;3;Edital nº 114/2023 (p. 3) - Divulgação oficial do resultado da Consulta Pública favorável à adesão, com cláusula expressa de vigência a partir de 01/01/2024.;CONFIRMADO;Instituições com adesão aprovada na consulta pública dos dias 28 e 29 de novembro de 2023.
41093666;41093666;SAO JOAO BOSCO, C E-EF M PROFIS;SAO JOAO BOSCO C E CMEF M P;Pato Branco;2023;2023-12-06;2023-12-06;RESULTADO;APROVADO;edital1142023_gsseed_ccm.pdf;3;Edital nº 114/2023 (p. 3) - Divulgação oficial do resultado da Consulta Pública favorável à adesão, com cláusula expressa de vigência a partir de 01/01/2024.;CONFIRMADO;Instituições com adesão aprovada na consulta pública dos dias 28 e 29 de novembro de 2023.
41140052;41140052;SERTAOZINHO, C E-E F M N PROFIS;SERTAOZINHO C E CMEF M N PROFIS;Matinhos;2023;2023-12-06;2023-12-06;RESULTADO;APROVADO;edital1142023_gsseed_ccm.pdf;3;Edital nº 114/2023 (p. 3) - Divulgação oficial do resultado da Consulta Pública favorável à adesão, com cláusula expressa de vigência a partir de 01/01/2024.;CONFIRMADO;Instituições com adesão aprovada na consulta pública dos dias 28 e 29 de novembro de 2023.
41354273;41354273;EDISON PIETROBELLI, C E PROF-EF M;EDISON PIETROBELLI E E CM PROFEF;Ponta Grossa;2023;2023-12-06;2023-12-06;RESULTADO;APROVADO;edital1142023_gsseed_ccm.pdf;3;Edital nº 114/2023 (p. 3) - Divulgação oficial do resultado da Consulta Pública favorável à adesão, com cláusula expressa de vigência a partir de 01/01/2024.;CONFIRMADO;Instituições com adesão aprovada na consulta pública dos dias 28 e 29 de novembro de 2023.
41355156;41355156;THIAGO TERRA, C E-EF M PROF;THIAGO TERRA C E CMEF M PROF;Londrina;2023;2023-12-06;2023-12-06;RESULTADO;APROVADO;edital1142023_gsseed_ccm.pdf;3;Edital nº 114/2023 (p. 3) - Divulgação oficial do resultado da Consulta Pública favorável à adesão, com cláusula expressa de vigência a partir de 01/01/2024.;CONFIRMADO;Instituições com adesão aprovada na consulta pública dos dias 28 e 29 de novembro de 2023.
41597915;41597915;PATRIMONIO REGINA, C E DO-EF M;PATRIMONIO REGINA C E CM DOEF M;Londrina;2023;2023-12-06;2023-12-06;RESULTADO;APROVADO;edital1142023_gsseed_ccm.pdf;3;Edital nº 114/2023 (p. 3) - Divulgação oficial do resultado da Consulta Pública favorável à adesão, com cláusula expressa de vigência a partir de 01/01/2024.;CONFIRMADO;Instituições com adesão aprovada na consulta pública dos dias 28 e 29 de novembro de 2023.
;;Instituições de Ensino Cívico-Militares (Vagas de Diretores / Monitores);REDE ESTADUAL DO PARANÁ;Estado do Paraná;2023;2023-12-11;2023-12-11;OUTRO;PROCESSO_SELETIVO_GERAL;edital1152023_gsseed_ccm.pdf;1;edital1152023_gsseed_ccm.pdf (p. 1) - Processo seletivo de gestão/direção militar ou edital normativo de cronograma da rede estadual.;NORMATIVO_GERAL;Edital referente a credenciamento, homologação de saúde ou seleção de militares/diretores. Documento: edital1152023_gsseed_ccm.
41004051;41004051;SANTO INACIO DE LOYOLA, C E-EF M;SANTO INACIO DE LOYOLA C E CMEF M;Terra Rica;2023;2023-12-18;2023-12-18;HOMOLOGACAO;HOMOLOGADO;edital1212023_gsseed_prot213100866_ccm.pdf;1;"Edital nº 121/2023 - GS/SEED (p. 1) publicado no Diário Oficial Executivo nº 11566 em 20/12/2023 - Homologação oficial do resultado favorável da Consulta Pública realizada em 11 e 12/12/2023; vigência expressa a partir de 01/01/2024.";CONFIRMADO;Prorrogação de consulta pública complementar. [NOTA AUDITORIA: Ato homologatório com vigência a partir de 01/01/2024 publicado no DIOE Edição nº 11566 em 20/12/2023].
41077776;41077776;KENNEDY, C E C PRES - E F M;KENNEDY C E C CM PRESEF M;Serranópolis do Iguaçu;2023;2023-12-18;2023-12-18;HOMOLOGACAO;HOMOLOGADO;edital1212023_gsseed_prot213100866_ccm.pdf;1;"Edital nº 121/2023 - GS/SEED (p. 1) publicado no Diário Oficial Executivo nº 11566 em 20/12/2023 - Homologação oficial do resultado favorável da Consulta Pública realizada em 11 e 12/12/2023; vigência expressa a partir de 01/01/2024.";CONFIRMADO;Prorrogação de consulta pública complementar. [NOTA AUDITORIA: Ato homologatório com vigência a partir de 01/01/2024 publicado no DIOE Edição nº 11566 em 20/12/2023].
41000021;41000021;AGOSTINHO STEFANELLO, E E-EF;AGOSTINHO STEFANELLO E E CMEF;Alto Paraná;2023;2023-12-20;2023-12-20;HOMOLOGACAO;HOMOLOGADO;edital1222023_gsseed_prot214105004_ccm_resultado_processo_consulta_publica.pdf;1;"Edital nº 122/2023 (p. 1) - Homologação oficial do resultado da Consulta Pública com parecer favorável; vigência expressa a partir de 01/01/2024.";CONFIRMADO;Adesão aprovada na consulta de 14-19 dez/2023 com início do modelo a partir de 01/01/2024.
41010345;41010345;CASTRO ALVES, CE- EM PROFIS;CASTRO ALVES C E CMEM PROFIS;Rondon;2023;2023-12-20;2023-12-20;HOMOLOGACAO;HOMOLOGADO;edital1222023_gsseed_prot214105004_ccm_resultado_processo_consulta_publica.pdf;1;"Edital nº 122/2023 (p. 1) - Homologação oficial do resultado da Consulta Pública com parecer favorável; vigência expressa a partir de 01/01/2024.";CONFIRMADO;Adesão aprovada na consulta de 14-19 dez/2023 com início do modelo a partir de 01/01/2024.
41020910;41020910;CECILIA MEIRELES, E E-EF;CECILIA MEIRELES E E CMEF;Santa Fé;2023;2023-12-20;2023-12-20;HOMOLOGACAO;HOMOLOGADO;edital1222023_gsseed_prot214105004_ccm_resultado_processo_consulta_publica.pdf;1;"Edital nº 122/2023 (p. 1) - Homologação oficial do resultado da Consulta Pública com parecer favorável; vigência expressa a partir de 01/01/2024.";CONFIRMADO;Adesão aprovada na consulta de 14-19 dez/2023 com início do modelo a partir de 01/01/2024.
41031709;41031709;LAURO G DA V PESSOA, E E PROF-EF;LAURO G DA V PESSOA E E CM PROFEF;Londrina;2023;2023-12-20;2023-12-20;HOMOLOGACAO;HOMOLOGADO;edital1222023_gsseed_prot214105004_ccm_resultado_processo_consulta_publica.pdf;1;"Edital nº 122/2023 (p. 1) - Homologação oficial do resultado da Consulta Pública com parecer favorável; vigência expressa a partir de 01/01/2024.";CONFIRMADO;Adesão aprovada na consulta de 14-19 dez/2023 com início do modelo a partir de 01/01/2024.
41032225;41032225;NEWTON GUIMARÃES,C E PROF-EF M;NEWTON GUIMARAES C E CM PROFEF M;Londrina;2023;2023-12-20;2023-12-20;HOMOLOGACAO;HOMOLOGADO;edital1222023_gsseed_prot214105004_ccm_resultado_processo_consulta_publica.pdf;1;"Edital nº 122/2023 (p. 1) - Homologação oficial do resultado da Consulta Pública com parecer favorável; vigência expressa a partir de 01/01/2024.";CONFIRMADO;Adesão aprovada na consulta de 14-19 dez/2023 com início do modelo a partir de 01/01/2024.
41032853;41032853;RIO BRANCO, C E BAR DO-EF M;RIO BRANCO C E CM BAR DOEF M;Londrina;2023;2023-12-20;2023-12-20;HOMOLOGACAO;HOMOLOGADO;edital1222023_gsseed_prot214105004_ccm_resultado_processo_consulta_publica.pdf;1;"Edital nº 122/2023 (p. 1) - Homologação oficial do resultado da Consulta Pública com parecer favorável; vigência expressa a partir de 01/01/2024.";CONFIRMADO;Adesão aprovada na consulta de 14-19 dez/2023 com início do modelo a partir de 01/01/2024.
41039068;41039068;NEREU RAMOS, E E- EF;NEREU RAMOS E E CMEF;Manoel Ribas;2023;2023-12-20;2023-12-20;HOMOLOGACAO;HOMOLOGADO;edital1222023_gsseed_prot214105004_ccm_resultado_processo_consulta_publica.pdf;1;"Edital nº 122/2023 (p. 1) - Homologação oficial do resultado da Consulta Pública com parecer favorável; vigência expressa a partir de 01/01/2024.";CONFIRMADO;Adesão aprovada na consulta de 14-19 dez/2023 com início do modelo a partir de 01/01/2024.
41040694;41040694;VICENTE MACHADO, C E C-EF M LARANJEIRAS DO;VICENTE MACHADO C E CMEF M;São Pedro do Ivaí;2023;2023-12-20;2023-12-20;HOMOLOGACAO;HOMOLOGADO;edital1222023_gsseed_prot214105004_ccm_resultado_processo_consulta_publica.pdf;1;"Edital nº 122/2023 (p. 1) - Homologação oficial do resultado da Consulta Pública com parecer favorável; vigência expressa a partir de 01/01/2024.";CONFIRMADO;Adesão aprovada na consulta de 14-19 dez/2023 com início do modelo a partir de 01/01/2024.
41056264;41056264;JARDIM ALEGRE, C E-EF M PROFIS;JARDIM ALEGRE C E CMEF M PROFIS;Telêmaco Borba;2023;2023-12-20;2023-12-20;HOMOLOGACAO;HOMOLOGADO;edital1222023_gsseed_prot214105004_ccm_resultado_processo_consulta_publica.pdf;1;"Edital nº 122/2023 (p. 1) - Homologação oficial do resultado da Consulta Pública com parecer favorável; vigência expressa a partir de 01/01/2024.";CONFIRMADO;Adesão aprovada na consulta de 14-19 dez/2023 com início do modelo a partir de 01/01/2024.
41063155;41063155;OSORIO, C E GAL-EF M TELÊMACO;OSORIO C E CM GALEF M PROFIS;Ponta Grossa;2023;2023-12-20;2023-12-20;HOMOLOGACAO;HOMOLOGADO;edital1222023_gsseed_prot214105004_ccm_resultado_processo_consulta_publica.pdf;1;"Edital nº 122/2023 (p. 1) - Homologação oficial do resultado da Consulta Pública com parecer favorável; vigência expressa a partir de 01/01/2024.";CONFIRMADO;Adesão aprovada na consulta de 14-19 dez/2023 com início do modelo a partir de 01/01/2024.
41067029;41067029;GRACILIANO RAMOS, E E-EF;GRACILIANO RAMOS E E CMEF;Santa Helena;2023;2023-12-20;2023-12-20;HOMOLOGACAO;HOMOLOGADO;edital1222023_gsseed_prot214105004_ccm_resultado_processo_consulta_publica.pdf;1;"Edital nº 122/2023 (p. 1) - Homologação oficial do resultado da Consulta Pública com parecer favorável; vigência expressa a partir de 01/01/2024.";CONFIRMADO;Adesão aprovada na consulta de 14-19 dez/2023 com início do modelo a partir de 01/01/2024.
41068688;41068688;JOÃO ARNALDO RITT, C E-EF M;JOAO ARNALDO RITT C E CMEF M;Toledo;2023;2023-12-20;2023-12-20;HOMOLOGACAO;HOMOLOGADO;edital1222023_gsseed_prot214105004_ccm_resultado_processo_consulta_publica.pdf;1;"Edital nº 122/2023 (p. 1) - Homologação oficial do resultado da Consulta Pública com parecer favorável; vigência expressa a partir de 01/01/2024.";CONFIRMADO;Adesão aprovada na consulta de 14-19 dez/2023 com início do modelo a partir de 01/01/2024.
41073037;41073037;OSÓRIO DUQUE ESTRADA, C E-EF M;OSORIO DUQUE ESTRADA C E CMEF M;Diamante do Sul;2023;2023-12-20;2023-12-20;HOMOLOGACAO;HOMOLOGADO;edital1222023_gsseed_prot214105004_ccm_resultado_processo_consulta_publica.pdf;1;"Edital nº 122/2023 (p. 1) - Homologação oficial do resultado da Consulta Pública com parecer favorável; vigência expressa a partir de 01/01/2024.";CONFIRMADO;Adesão aprovada na consulta de 14-19 dez/2023 com início do modelo a partir de 01/01/2024.
41089006;41089006;JORGE DE LIMA, E E- EF;JORGE DE LIMA E E CMEF;Salto do Lontra;2023;2023-12-20;2023-12-20;HOMOLOGACAO;HOMOLOGADO;edital1222023_gsseed_prot214105004_ccm_resultado_processo_consulta_publica.pdf;1;"Edital nº 122/2023 (p. 1) - Homologação oficial do resultado da Consulta Pública com parecer favorável; vigência expressa a partir de 01/01/2024.";CONFIRMADO;Adesão aprovada na consulta de 14-19 dez/2023 com início do modelo a partir de 01/01/2024.
41100689;41100689;LENI MARLENE JACOB, C E PROFA-EF M PROF;LENI MARLENE JACOB C E CM PROFAEF M P;Guarapuava;2023;2023-12-20;2023-12-20;HOMOLOGACAO;HOMOLOGADO;edital1222023_gsseed_prot214105004_ccm_resultado_processo_consulta_publica.pdf;1;"Edital nº 122/2023 (p. 1) - Homologação oficial do resultado da Consulta Pública com parecer favorável; vigência expressa a partir de 01/01/2024.";CONFIRMADO;Adesão aprovada na consulta de 14-19 dez/2023 com início do modelo a partir de 01/01/2024.
41122836;41122836;EMILIA BUZATO, CE- EF M PROFIS;EMILIA BUZATO C E CM EF M PROFIS;Campo Magro;2023;2023-12-20;2023-12-20;HOMOLOGACAO;HOMOLOGADO;edital1222023_gsseed_prot214105004_ccm_resultado_processo_consulta_publica.pdf;1;"Edital nº 122/2023 (p. 1) - Homologação oficial do resultado da Consulta Pública com parecer favorável; vigência expressa a partir de 01/01/2024.";CONFIRMADO;Adesão aprovada na consulta de 14-19 dez/2023 com início do modelo a partir de 01/01/2024.
41123212;41123212;ROSA F JOHNSON, E E PROFA-EF;ROSA F JOHNSON E E CM PROFA EF;Almirante Tamandaré;2023;2023-12-20;2023-12-20;HOMOLOGACAO;HOMOLOGADO;edital1222023_gsseed_prot214105004_ccm_resultado_processo_consulta_publica.pdf;1;"Edital nº 122/2023 (p. 1) - Homologação oficial do resultado da Consulta Pública com parecer favorável; vigência expressa a partir de 01/01/2024.";CONFIRMADO;Adesão aprovada na consulta de 14-19 dez/2023 com início do modelo a partir de 01/01/2024.
41358872;41358872;JOÃO RODRIGUES DA SILVA, CE PROF-EF M;JOAO R DA SILVA E E CM PROFEF;Londrina;2023;2023-12-20;2023-12-20;HOMOLOGACAO;HOMOLOGADO;edital1222023_gsseed_prot214105004_ccm_resultado_processo_consulta_publica.pdf;1;"Edital nº 122/2023 (p. 1) - Homologação oficial do resultado da Consulta Pública com parecer favorável; vigência expressa a partir de 01/01/2024.";CONFIRMADO;Adesão aprovada na consulta de 14-19 dez/2023 com início do modelo a partir de 01/01/2024.
41018800;41018800;LEO KOHLER, E E PROF-EF;LEO KOHLER E E CM PROFEF;Terra Boa;2023;2023-12-20;2023-12-20;HOMOLOGACAO;HOMOLOGADO;edital1232023_gsseed_prot 214151065_ccm_resultado_processo_consulta_publica1.pdf;1;"Edital nº 123/2023 (p. 1) - Homologação oficial do resultado da Consulta Pública com parecer favorável; vigência expressa a partir de 01/01/2024.";CONFIRMADO;Adesão aprovada na consulta de 15-19 dez/2023 com início do modelo a partir de 01/01/2024.
41076354;41076354;CARLOS DRUMMOND DE ANDRADE, C E-EF M;CARLOS DRUM DE ANDRADE C E CMEF M P;Foz do Iguaçu;2023;2023-12-20;2023-12-20;HOMOLOGACAO;HOMOLOGADO;edital1232023_gsseed_prot 214151065_ccm_resultado_processo_consulta_publica1.pdf;1;"Edital nº 123/2023 (p. 1) - Homologação oficial do resultado da Consulta Pública com parecer favorável; vigência expressa a partir de 01/01/2024.";CONFIRMADO;Adesão aprovada na consulta de 15-19 dez/2023 com início do modelo a partir de 01/01/2024.
41136276;41136276;VILA MACEDO, C E-EF M;VILA MACEDO C E CMEF M;Piraquara;2023;2023-12-20;2023-12-20;HOMOLOGACAO;HOMOLOGADO;edital1232023_gsseed_prot 214151065_ccm_resultado_processo_consulta_publica1.pdf;1;"Edital nº 123/2023 (p. 1) - Homologação oficial do resultado da Consulta Pública com parecer favorável; vigência expressa a partir de 01/01/2024.";CONFIRMADO;Adesão aprovada na consulta de 15-19 dez/2023 com início do modelo a partir de 01/01/2024.
;;Instituições de Ensino Cívico-Militares (Vagas de Diretores / Monitores);REDE ESTADUAL DO PARANÁ;Estado do Paraná;2024;2024-01-08;2024-01-08;OUTRO;PROCESSO_SELETIVO_GERAL;edital12024_gsseed_prot203330650_ccm.pdf;1;edital12024_gsseed_prot203330650_ccm.pdf (p. 1) - Processo seletivo de gestão/direção militar ou edital normativo de cronograma da rede estadual.;NORMATIVO_GERAL;Edital referente a credenciamento, homologação de saúde ou seleção de militares/diretores. Documento: edital12024_gsseed_prot203330650_ccm.
;;Instituições de Ensino Cívico-Militares (Vagas de Diretores / Monitores);REDE ESTADUAL DO PARANÁ;Estado do Paraná;2024;2024-01-12;2024-01-12;OUTRO;PROCESSO_SELETIVO_GERAL;edital22024_gsseed_prot213553291_ccm_processo_seletivo.pdf;1;edital22024_gsseed_prot213553291_ccm_processo_seletivo.pdf (p. 1) - Processo seletivo de gestão/direção militar ou edital normativo de cronograma da rede estadual.;NORMATIVO_GERAL;Edital referente a credenciamento, homologação de saúde ou seleção de militares/diretores. Documento: edital22024_gsseed_prot213553291_ccm_processo_seletivo.
;;Instituições de Ensino Cívico-Militares (Vagas de Diretores / Monitores);REDE ESTADUAL DO PARANÁ;Estado do Paraná;2024;2024-01-12;2024-01-12;OUTRO;PROCESSO_SELETIVO_GERAL;edital42024_gsseed_prot215382559_ccm_convocacao_sergio_marcelo_machado.pdf;1;edital42024_gsseed_prot215382559_ccm_convocacao_sergio_marcelo_machado.pdf (p. 1) - Processo seletivo de gestão/direção militar ou edital normativo de cronograma da rede estadual.;NORMATIVO_GERAL;Edital referente a credenciamento, homologação de saúde ou seleção de militares/diretores. Documento: edital42024_gsseed_prot215382559_ccm_convocacao_sergio_marcelo_machado.
;;Instituições de Ensino Cívico-Militares (Vagas de Diretores / Monitores);REDE ESTADUAL DO PARANÁ;Estado do Paraná;2024;2024-01-12;2024-01-12;OUTRO;PROCESSO_SELETIVO_GERAL;edital52024_gsseed_prot203330650_ccm_listagem_retificada.pdf;1;edital52024_gsseed_prot203330650_ccm_listagem_retificada.pdf (p. 1) - Processo seletivo de gestão/direção militar ou edital normativo de cronograma da rede estadual.;NORMATIVO_GERAL;Edital referente a credenciamento, homologação de saúde ou seleção de militares/diretores. Documento: edital52024_gsseed_prot203330650_ccm_listagem_retificada.
;;Instituições de Ensino Cívico-Militares (Vagas de Diretores / Monitores);REDE ESTADUAL DO PARANÁ;Estado do Paraná;2024;2024-01-30;2024-01-30;OUTRO;PROCESSO_SELETIVO_GERAL;edital92024_gsseed_prot213553291_ccm.pdf;1;edital92024_gsseed_prot213553291_ccm.pdf (p. 1) - Processo seletivo de gestão/direção militar ou edital normativo de cronograma da rede estadual.;NORMATIVO_GERAL;Edital referente a credenciamento, homologação de saúde ou seleção de militares/diretores. Documento: edital92024_gsseed_prot213553291_ccm.
;;Instituições de Ensino Cívico-Militares (Vagas de Diretores / Monitores);REDE ESTADUAL DO PARANÁ;Estado do Paraná;2024;2024-02-26;2024-02-26;OUTRO;PROCESSO_SELETIVO_GERAL;edital122024_gsseed_prot213553291_processo_seletivo_cmeiv_ccm.pdf;1;edital122024_gsseed_prot213553291_processo_seletivo_cmeiv_ccm.pdf (p. 1) - Processo seletivo de gestão/direção militar ou edital normativo de cronograma da rede estadual.;NORMATIVO_GERAL;Edital referente a credenciamento, homologação de saúde ou seleção de militares/diretores. Documento: edital122024_gsseed_prot213553291_processo_seletivo_cmeiv_ccm.
;;Instituições de Ensino Cívico-Militares (Vagas de Diretores / Monitores);REDE ESTADUAL DO PARANÁ;Estado do Paraná;2024;2024-03-07;2024-03-07;OUTRO;PROCESSO_SELETIVO_GERAL;edital152024_gsseed_prot213553291_cmeiv_pss_edital022024.pdf;1;edital152024_gsseed_prot213553291_cmeiv_pss_edital022024.pdf (p. 1) - Processo seletivo de gestão/direção militar ou edital normativo de cronograma da rede estadual.;NORMATIVO_GERAL;Edital referente a credenciamento, homologação de saúde ou seleção de militares/diretores. Documento: edital152024_gsseed_prot213553291_cmeiv_pss_edital022024.
;;Instituições de Ensino Cívico-Militares (Vagas de Diretores / Monitores);REDE ESTADUAL DO PARANÁ;Estado do Paraná;2024;2024-03-26;2024-03-26;OUTRO;PROCESSO_SELETIVO_GERAL;edital212024_gsseed_prot213553291_processo_seletivo_cmeiv.pdf;1;edital212024_gsseed_prot213553291_processo_seletivo_cmeiv.pdf (p. 1) - Processo seletivo de gestão/direção militar ou edital normativo de cronograma da rede estadual.;NORMATIVO_GERAL;Edital referente a credenciamento, homologação de saúde ou seleção de militares/diretores. Documento: edital212024_gsseed_prot213553291_processo_seletivo_cmeiv.
;;Instituições de Ensino Cívico-Militares (Vagas de Diretores / Monitores);REDE ESTADUAL DO PARANÁ;Estado do Paraná;2024;2024-04-10;2024-04-10;OUTRO;PROCESSO_SELETIVO_GERAL;edital232024_gsseed_prot213553291_cmeiv_cronograma_edital022024.pdf;1;edital232024_gsseed_prot213553291_cmeiv_cronograma_edital022024.pdf (p. 1) - Processo seletivo de gestão/direção militar ou edital normativo de cronograma da rede estadual.;NORMATIVO_GERAL;Edital referente a credenciamento, homologação de saúde ou seleção de militares/diretores. Documento: edital232024_gsseed_prot213553291_cmeiv_cronograma_edital022024.
;;Instituições de Ensino Cívico-Militares (Vagas de Diretores / Monitores);REDE ESTADUAL DO PARANÁ;Estado do Paraná;2024;2024-04-10;2024-04-10;OUTRO;PROCESSO_SELETIVO_GERAL;edital242024_gsseed_prot213553291_processo_seletivo_cmeiv.pdf;1;edital242024_gsseed_prot213553291_processo_seletivo_cmeiv.pdf (p. 1) - Processo seletivo de gestão/direção militar ou edital normativo de cronograma da rede estadual.;NORMATIVO_GERAL;Edital referente a credenciamento, homologação de saúde ou seleção de militares/diretores. Documento: edital242024_gsseed_prot213553291_processo_seletivo_cmeiv.
;;Instituições de Ensino Cívico-Militares (Vagas de Diretores / Monitores);REDE ESTADUAL DO PARANÁ;Estado do Paraná;2024;2024-05-02;2024-05-02;OUTRO;PROCESSO_SELETIVO_GERAL;edital312024_gsseed_prot213553291_cronograma_processo_seletivo_cmeiv.pdf;1;edital312024_gsseed_prot213553291_cronograma_processo_seletivo_cmeiv.pdf (p. 1) - Processo seletivo de gestão/direção militar ou edital normativo de cronograma da rede estadual.;NORMATIVO_GERAL;Edital referente a credenciamento, homologação de saúde ou seleção de militares/diretores. Documento: edital312024_gsseed_prot213553291_cronograma_processo_seletivo_cmeiv.
;;Instituições de Ensino Cívico-Militares (Vagas de Diretores / Monitores);REDE ESTADUAL DO PARANÁ;Estado do Paraná;2024;2024-05-06;2024-05-06;OUTRO;PROCESSO_SELETIVO_GERAL;edital342024_gsseed_prot220140253_ccm.pdf;1;edital342024_gsseed_prot220140253_ccm.pdf (p. 1) - Processo seletivo de gestão/direção militar ou edital normativo de cronograma da rede estadual.;NORMATIVO_GERAL;Edital referente a credenciamento, homologação de saúde ou seleção de militares/diretores. Documento: edital342024_gsseed_prot220140253_ccm.
;;Instituições de Ensino Cívico-Militares (Vagas de Diretores / Monitores);REDE ESTADUAL DO PARANÁ;Estado do Paraná;2024;2024-05-06;2024-05-06;OUTRO;PROCESSO_SELETIVO_GERAL;edital352024_gsseed_prot213553291_ccm.pdf;1;edital352024_gsseed_prot213553291_ccm.pdf (p. 1) - Processo seletivo de gestão/direção militar ou edital normativo de cronograma da rede estadual.;NORMATIVO_GERAL;Edital referente a credenciamento, homologação de saúde ou seleção de militares/diretores. Documento: edital352024_gsseed_prot213553291_ccm.
;;Instituições de Ensino Cívico-Militares (Vagas de Diretores / Monitores);REDE ESTADUAL DO PARANÁ;Estado do Paraná;2024;2024-05-07;2024-05-07;OUTRO;PROCESSO_SELETIVO_GERAL;edital362024_gsseed_prot216757599_ccm.pdf;1;edital362024_gsseed_prot216757599_ccm.pdf (p. 1) - Processo seletivo de gestão/direção militar ou edital normativo de cronograma da rede estadual.;NORMATIVO_GERAL;Edital referente a credenciamento, homologação de saúde ou seleção de militares/diretores. Documento: edital362024_gsseed_prot216757599_ccm.
;;Instituições de Ensino Cívico-Militares (Vagas de Diretores / Monitores);REDE ESTADUAL DO PARANÁ;Estado do Paraná;2024;2024-05-08;2024-05-08;OUTRO;PROCESSO_SELETIVO_GERAL;edital372024_gsseed_prot207899054_ccm.pdf;1;edital372024_gsseed_prot207899054_ccm.pdf (p. 1) - Processo seletivo de gestão/direção militar ou edital normativo de cronograma da rede estadual.;NORMATIVO_GERAL;Edital referente a credenciamento, homologação de saúde ou seleção de militares/diretores. Documento: edital372024_gsseed_prot207899054_ccm.
;;Instituições de Ensino Cívico-Militares (Vagas de Diretores / Monitores);REDE ESTADUAL DO PARANÁ;Estado do Paraná;2024;2024-05-28;2024-05-28;OUTRO;PROCESSO_SELETIVO_GERAL;edital422024_gsseed_prot221350693_ccm.pdf;1;edital422024_gsseed_prot221350693_ccm.pdf (p. 1) - Processo seletivo de gestão/direção militar ou edital normativo de cronograma da rede estadual.;NORMATIVO_GERAL;Edital referente a credenciamento, homologação de saúde ou seleção de militares/diretores. Documento: edital422024_gsseed_prot221350693_ccm.
;;Instituições de Ensino Cívico-Militares (Vagas de Diretores / Monitores);REDE ESTADUAL DO PARANÁ;Estado do Paraná;2024;2024-07-10;2024-07-10;OUTRO;PROCESSO_SELETIVO_GERAL;edital662024_gsseed_prot203330650_ccm_prorrogar.pdf;1;edital662024_gsseed_prot203330650_ccm_prorrogar.pdf (p. 1) - Processo seletivo de gestão/direção militar ou edital normativo de cronograma da rede estadual.;NORMATIVO_GERAL;Edital referente a credenciamento, homologação de saúde ou seleção de militares/diretores. Documento: edital662024_gsseed_prot203330650_ccm_prorrogar.
;;Instituições de Ensino Cívico-Militares (Vagas de Diretores / Monitores);REDE ESTADUAL DO PARANÁ;Estado do Paraná;2024;2024-07-12;2024-07-12;OUTRO;PROCESSO_SELETIVO_GERAL;edital672024_gsseed_prot_224349033_ccm.pdf;1;edital672024_gsseed_prot_224349033_ccm.pdf (p. 1) - Processo seletivo de gestão/direção militar ou edital normativo de cronograma da rede estadual.;NORMATIVO_GERAL;Edital referente a credenciamento, homologação de saúde ou seleção de militares/diretores. Documento: edital672024_gsseed_prot_224349033_ccm.
;;Instituições de Ensino Cívico-Militares (Vagas de Diretores / Monitores);REDE ESTADUAL DO PARANÁ;Estado do Paraná;2024;2024-08-15;2024-08-15;OUTRO;PROCESSO_SELETIVO_GERAL;edital872024_gsseed_prot225143366_ccm.pdf;1;edital872024_gsseed_prot225143366_ccm.pdf (p. 1) - Processo seletivo de gestão/direção militar ou edital normativo de cronograma da rede estadual.;NORMATIVO_GERAL;Edital referente a credenciamento, homologação de saúde ou seleção de militares/diretores. Documento: edital872024_gsseed_prot225143366_ccm.
;;Instituições de Ensino Cívico-Militares (Vagas de Diretores / Monitores);REDE ESTADUAL DO PARANÁ;Estado do Paraná;2025;2025-10-24;2025-10-24;OUTRO;PROCESSO_SELETIVO_GERAL;edital1192025_gsseed_prot245564546_ccm_resultado_final_inapto.pdf;1;edital1192025_gsseed_prot245564546_ccm_resultado_final_inapto.pdf (p. 1) - Processo seletivo de gestão/direção militar ou edital normativo de cronograma da rede estadual.;NORMATIVO_GERAL;Edital referente a credenciamento, homologação de saúde ou seleção de militares/diretores. Documento: edital1192025_gsseed_prot245564546_ccm_resultado_final_inapto.
41000978;41000978;MACHADO DE ASSIS, E E E-F;MACHADO DE ASSIS E EEF;Itaúna do Sul;2025;2025-10-31;2025-11-17;CONSULTA;CONVOCADA;edital1252025_gsseed_prot249175889_ccm_consulta_publica.pdf;2;Edital nº 125/2025 (p. 2) - Convocação da comunidade escolar para Consulta Pública para o ano letivo de 2026.;CONFIRMADO;Convocação da comunidade escolar para consulta pública nos dias 17-19 nov/2025.
41001222;41001222;LOANDA LAMARTINE R SOARES, C E DR - EF M;LAMARTINE R SOARES C E DREF M;Loanda;2025;2025-10-31;2025-11-17;CONSULTA;CONVOCADA;edital1252025_gsseed_prot249175889_ccm_consulta_publica.pdf;2;Edital nº 125/2025 (p. 2) - Convocação da comunidade escolar para Consulta Pública para o ano letivo de 2026.;CONFIRMADO;Convocação da comunidade escolar para consulta pública nos dias 17-19 nov/2025.
41010132;41010132;JAPURÁ RUI BARBOSA, C E-EF EM PROFIS;RUI BARBOSA C EEF EM PROFIS;Japurá;2025;2025-10-31;2025-11-17;CONSULTA;CONVOCADA;edital1252025_gsseed_prot249175889_ccm_consulta_publica.pdf;2;Edital nº 125/2025 (p. 2) - Convocação da comunidade escolar para Consulta Pública para o ano letivo de 2026.;CONFIRMADO;Convocação da comunidade escolar para consulta pública nos dias 17-19 nov/2025.
41010540;41010540;SANTOS DUMONT, C E-EM N;SANTOS DUMONT C EEF M N;São Tomé;2025;2025-10-31;2025-11-17;CONSULTA;CONVOCADA;edital1252025_gsseed_prot249175889_ccm_consulta_publica.pdf;2;Edital nº 125/2025 (p. 2) - Convocação da comunidade escolar para Consulta Pública para o ano letivo de 2026.;CONFIRMADO;Convocação da comunidade escolar para consulta pública nos dias 17-19 nov/2025.
41020189;41020189;LOBATO OSVALDO ARANHA, E E - EF;OSVALDO ARANHA E EEF;Lobato;2025;2025-10-31;2025-11-17;CONSULTA;CONVOCADA;edital1252025_gsseed_prot249175889_ccm_consulta_publica.pdf;2;Edital nº 125/2025 (p. 2) - Convocação da comunidade escolar para Consulta Pública para o ano letivo de 2026.;CONFIRMADO;Convocação da comunidade escolar para consulta pública nos dias 17-19 nov/2025.
41024281;41024281;MARINGÁ MARCO A PIMENTA, C E-EF M;MARCO A PIMENTA C EEF M;Maringá;2025;2025-10-31;2025-11-17;CONSULTA;CONVOCADA;edital1252025_gsseed_prot249175889_ccm_consulta_publica.pdf;2;Edital nº 125/2025 (p. 2) - Convocação da comunidade escolar para Consulta Pública para o ano letivo de 2026.;CONFIRMADO;Convocação da comunidade escolar para consulta pública nos dias 17-19 nov/2025.
41024923;41024923;PAIÇANDU IZABEL, C E PRINC-EF-M;IZABEL C E PRINCEF M;Paiçandu;2025;2025-10-31;2025-11-17;CONSULTA;CONVOCADA;edital1252025_gsseed_prot249175889_ccm_consulta_publica.pdf;2;Edital nº 125/2025 (p. 2) - Convocação da comunidade escolar para Consulta Pública para o ano letivo de 2026.;CONFIRMADO;Convocação da comunidade escolar para consulta pública nos dias 17-19 nov/2025.
41025636;41025636;APUCARANA FRANCISCO A SOUSA, E E PROF-EF;FRANCISCO A SOUSA E E PROFEF;Apucarana;2025;2025-10-31;2025-11-17;CONSULTA;CONVOCADA;edital1252025_gsseed_prot249175889_ccm_consulta_publica.pdf;2;Edital nº 125/2025 (p. 2) - Convocação da comunidade escolar para Consulta Pública para o ano letivo de 2026.;CONFIRMADO;Convocação da comunidade escolar para consulta pública nos dias 17-19 nov/2025.
41026705;41026705;ARAPONGAS IVANILDE DE NORONHA, C E-EF M PROFID;IVANILDE DE NORONHA C EEF M;Arapongas;2025;2025-10-31;2025-11-17;CONSULTA;CONVOCADA;edital1252025_gsseed_prot249175889_ccm_consulta_publica.pdf;2;Edital nº 125/2025 (p. 2) - Convocação da comunidade escolar para Consulta Pública para o ano letivo de 2026.;CONFIRMADO;Convocação da comunidade escolar para consulta pública nos dias 17-19 nov/2025.
41028279;41028279;SABÁUDIA HERMINIA R. LUPION, CE-EF M PROFIS;HERMINIA R LUPION C EEF M PROFIS;Sabáudia;2025;2025-10-31;2025-11-17;CONSULTA;CONVOCADA;edital1252025_gsseed_prot249175889_ccm_consulta_publica.pdf;2;Edital nº 125/2025 (p. 2) - Convocação da comunidade escolar para Consulta Pública para o ano letivo de 2026.;CONFIRMADO;Convocação da comunidade escolar para consulta pública nos dias 17-19 nov/2025.
41037413;41037413;IVAIPORÃ BENTO MUSSURUNGA, C E - EF M;BENTO MOSSURUNGA C EEF M;Ivaiporã;2025;2025-10-31;2025-11-17;CONSULTA;CONVOCADA;edital1252025_gsseed_prot249175889_ccm_consulta_publica.pdf;2;Edital nº 125/2025 (p. 2) - Convocação da comunidade escolar para Consulta Pública para o ano letivo de 2026.;CONFIRMADO;Convocação da comunidade escolar para consulta pública nos dias 17-19 nov/2025.
41040759;41040759;ASSAÍ CARRAO, C E CONS-EF M;CARRAO C E CONSEF M;Assaí;2025;2025-10-31;2025-11-17;CONSULTA;CONVOCADA;edital1252025_gsseed_prot249175889_ccm_consulta_publica.pdf;2;Edital nº 125/2025 (p. 2) - Convocação da comunidade escolar para Consulta Pública para o ano letivo de 2026.;CONFIRMADO;Convocação da comunidade escolar para consulta pública nos dias 17-19 nov/2025.
41042670;41042670;ABATIA RUI BARBOSA, C E - E F M PROF;RUI BARBOSA C E EF M N PROFIS;Abatiá;2025;2025-10-31;2025-11-17;CONSULTA;CONVOCADA;edital1252025_gsseed_prot249175889_ccm_consulta_publica.pdf;2;Edital nº 125/2025 (p. 2) - Convocação da comunidade escolar para Consulta Pública para o ano letivo de 2026.;CONFIRMADO;Convocação da comunidade escolar para consulta pública nos dias 17-19 nov/2025.
41051351;41051351;MIGUEL DIAS, C E-EF M PROFIS;MIGUEL DIAS C EEF M PROFIS;Joaquim Távora;2025;2025-10-31;2025-11-17;CONSULTA;CONVOCADA;edital1252025_gsseed_prot249175889_ccm_consulta_publica.pdf;2;Edital nº 125/2025 (p. 2) - Convocação da comunidade escolar para Consulta Pública para o ano letivo de 2026.;CONFIRMADO;Convocação da comunidade escolar para consulta pública nos dias 17-19 nov/2025.
41070224;41070224;CAFELÂNDIA ALBERTO S DUMONT, C E-EF M N PROFIS;ALBERTO S DUMONT C EEF M N PROFIS;Cafelândia;2025;2025-10-31;2025-11-17;CONSULTA;CONVOCADA;edital1252025_gsseed_prot249175889_ccm_consulta_publica.pdf;2;Edital nº 125/2025 (p. 2) - Convocação da comunidade escolar para Consulta Pública para o ano letivo de 2026.;CONFIRMADO;Convocação da comunidade escolar para consulta pública nos dias 17-19 nov/2025.
41078586;41078586;41078586 FOZ DO IGUAÇU SANTA TEREZINHA DE ITAIPU;ARCANGELO NANDI C EE F M;Santa Terezinha de Itaipu;2025;2025-10-31;2025-11-17;CONSULTA;CONVOCADA;edital1252025_gsseed_prot249175889_ccm_consulta_publica.pdf;2;Edital nº 125/2025 (p. 2) - Convocação da comunidade escolar para Consulta Pública para o ano letivo de 2026.;CONFIRMADO;Convocação da comunidade escolar para consulta pública nos dias 17-19 nov/2025.
41079469;41079469;PARANAGUÁ, C E MQ DE - EF M PROFIS;PARANAGUA C E MQ DEEF M PROFIS;Vera Cruz do Oeste;2025;2025-10-31;2025-11-17;CONSULTA;CONVOCADA;edital1252025_gsseed_prot249175889_ccm_consulta_publica.pdf;2;Edital nº 125/2025 (p. 2) - Convocação da comunidade escolar para Consulta Pública para o ano letivo de 2026.;CONFIRMADO;Convocação da comunidade escolar para consulta pública nos dias 17-19 nov/2025.
41084721;41084721;DOIS VIZINHOS JOSÉ DE ANCHIETA, C E - EF M;JOSE DE ANCHIETA C EEF M;Dois Vizinhos;2025;2025-10-31;2025-11-17;CONSULTA;CONVOCADA;edital1252025_gsseed_prot249175889_ccm_consulta_publica.pdf;2;Edital nº 125/2025 (p. 2) - Convocação da comunidade escolar para Consulta Pública para o ano letivo de 2026.;CONFIRMADO;Convocação da comunidade escolar para consulta pública nos dias 17-19 nov/2025.
41086945;41086945;MARMELEIRO MARMELEIRO, C E DE-EF M PROFIS;MARMELEIRO C E DEEF M;Marmeleiro;2025;2025-10-31;2025-11-17;CONSULTA;CONVOCADA;edital1252025_gsseed_prot249175889_ccm_consulta_publica.pdf;2;Edital nº 125/2025 (p. 2) - Convocação da comunidade escolar para Consulta Pública para o ano letivo de 2026.;CONFIRMADO;Convocação da comunidade escolar para consulta pública nos dias 17-19 nov/2025.
41101006;41101006;GUARAPUAVA PALMEIRINHA, C E DO C DE-EF M PROF;PALMEIRINHA C E DO C DEEF M PROF;Guarapuava;2025;2025-10-31;2025-11-17;CONSULTA;CONVOCADA;edital1252025_gsseed_prot249175889_ccm_consulta_publica.pdf;2;Edital nº 125/2025 (p. 2) - Convocação da comunidade escolar para Consulta Pública para o ano letivo de 2026.;CONFIRMADO;Convocação da comunidade escolar para consulta pública nos dias 17-19 nov/2025.
41127668;41127668;CURITIBA BENTO MUNHOZ DA ROCHA, C E - EF M PROFIS;BENTO M DA ROCHA NETO C EEF M PROFIS;Curitiba;2025;2025-10-31;2025-11-17;CONSULTA;CONVOCADA;edital1252025_gsseed_prot249175889_ccm_consulta_publica.pdf;2;Edital nº 125/2025 (p. 2) - Convocação da comunidade escolar para Consulta Pública para o ano letivo de 2026.;CONFIRMADO;Convocação da comunidade escolar para consulta pública nos dias 17-19 nov/2025.
41128915;41128915;CURITIBA DOMINGOS ZANLORENZI, C E - EF M PROFIS;DOMINGOS ZANLORENZI C EEF M PROFIS;Curitiba;2025;2025-10-31;2025-11-17;CONSULTA;CONVOCADA;edital1252025_gsseed_prot249175889_ccm_consulta_publica.pdf;2;Edital nº 125/2025 (p. 2) - Convocação da comunidade escolar para Consulta Pública para o ano letivo de 2026.;CONFIRMADO;Convocação da comunidade escolar para consulta pública nos dias 17-19 nov/2025.
41129512;41129512;CURITIBA GABRIELA MISTRAL, C E-EF M;GABRIELA MISTRAL C EEF M PROFIS;Curitiba;2025;2025-10-31;2025-11-17;CONSULTA;CONVOCADA;edital1252025_gsseed_prot249175889_ccm_consulta_publica.pdf;2;Edital nº 125/2025 (p. 2) - Convocação da comunidade escolar para Consulta Pública para o ano letivo de 2026.;CONFIRMADO;Convocação da comunidade escolar para consulta pública nos dias 17-19 nov/2025.
41129687;41129687;CURITIBA GUIDO STRAUBE, C E PROF-EF M PROFIS;GUIDO STRAUBE C E PROFEF M PROFIS;Curitiba;2025;2025-10-31;2025-11-17;CONSULTA;CONVOCADA;edital1252025_gsseed_prot249175889_ccm_consulta_publica.pdf;2;Edital nº 125/2025 (p. 2) - Convocação da comunidade escolar para Consulta Pública para o ano letivo de 2026.;CONFIRMADO;Convocação da comunidade escolar para consulta pública nos dias 17-19 nov/2025.
41129989;41129989;CURITIBA IVO ZANLORENZI, E E MONS-EF;IVO ZANLORENZI E E MONSEF;Curitiba;2025;2025-10-31;2025-11-17;CONSULTA;CONVOCADA;edital1252025_gsseed_prot249175889_ccm_consulta_publica.pdf;2;Edital nº 125/2025 (p. 2) - Convocação da comunidade escolar para Consulta Pública para o ano letivo de 2026.;CONFIRMADO;Convocação da comunidade escolar para consulta pública nos dias 17-19 nov/2025.
41130189;41130189;CURITIBA JOAO PAULO II, C E-EF M;JOAO PAULO II C EEF M PROFIS;Curitiba;2025;2025-10-31;2025-11-17;CONSULTA;CONVOCADA;edital1252025_gsseed_prot249175889_ccm_consulta_publica.pdf;2;Edital nº 125/2025 (p. 2) - Convocação da comunidade escolar para Consulta Pública para o ano letivo de 2026.;CONFIRMADO;Convocação da comunidade escolar para consulta pública nos dias 17-19 nov/2025.
41130243;41130243;CURITIBA JOSE BUSNARDO, C E - EF M;JOSE BUSNARDO C E EF M;Curitiba;2025;2025-10-31;2025-11-17;CONSULTA;CONVOCADA;edital1252025_gsseed_prot249175889_ccm_consulta_publica.pdf;2;Edital nº 125/2025 (p. 2) - Convocação da comunidade escolar para Consulta Pública para o ano letivo de 2026.;CONFIRMADO;Convocação da comunidade escolar para consulta pública nos dias 17-19 nov/2025.
41130308;41130308;CURITIBA JOSÉ GUIMARÃES, C E PROF - EM PROFIS;JOSE GUIMARAES C E PROFEM PROFIS;Curitiba;2025;2025-10-31;2025-11-17;CONSULTA;CONVOCADA;edital1252025_gsseed_prot249175889_ccm_consulta_publica.pdf;2;Edital nº 125/2025 (p. 2) - Convocação da comunidade escolar para Consulta Pública para o ano letivo de 2026.;CONFIRMADO;Convocação da comunidade escolar para consulta pública nos dias 17-19 nov/2025.
41130618;41130618;CURITIBA LOUREIRO FERNANDES, C E PROF - EF M PROFIS;LOUREIRO FERNANDES C E PROFEF M PROFIS;Curitiba;2025;2025-10-31;2025-11-17;CONSULTA;CONVOCADA;edital1252025_gsseed_prot249175889_ccm_consulta_publica.pdf;2;Edital nº 125/2025 (p. 2) - Convocação da comunidade escolar para Consulta Pública para o ano letivo de 2026.;CONFIRMADO;Convocação da comunidade escolar para consulta pública nos dias 17-19 nov/2025.
41130952;41130952;CURITIBA MARIA PEREIRA MARTINS, E E - EF;MARIA P MARTINS E EEF;Curitiba;2025;2025-10-31;2025-11-17;CONSULTA;CONVOCADA;edital1252025_gsseed_prot249175889_ccm_consulta_publica.pdf;2;Edital nº 125/2025 (p. 2) - Convocação da comunidade escolar para Consulta Pública para o ano letivo de 2026.;CONFIRMADO;Convocação da comunidade escolar para consulta pública nos dias 17-19 nov/2025.
41133226;41133226;CURITIBA SANTOS DUMONT, C E - EF M;SANTOS DUMONT C EEF M;Curitiba;2025;2025-10-31;2025-11-17;CONSULTA;CONVOCADA;edital1252025_gsseed_prot249175889_ccm_consulta_publica.pdf;2;Edital nº 125/2025 (p. 2) - Convocação da comunidade escolar para Consulta Pública para o ano letivo de 2026.;CONFIRMADO;Convocação da comunidade escolar para consulta pública nos dias 17-19 nov/2025.
41138937;41138937;ANTONINA ROCHA POMBO, C E - EF M P 19;ROCHA POMBO C EEF M P;Antonina;2025;2025-10-31;2025-11-17;CONSULTA;CONVOCADA;edital1252025_gsseed_prot249175889_ccm_consulta_publica.pdf;2;Edital nº 125/2025 (p. 2) - Convocação da comunidade escolar para Consulta Pública para o ano letivo de 2026.;CONFIRMADO;Convocação da comunidade escolar para consulta pública nos dias 17-19 nov/2025.
41144201;41144201;GUARAPUAVA MARIA DE J P GUIMARÃES, C E PROFA, EF M;MARIA DE J P GUIMARAES C E C PROFAEF M;Guarapuava;2025;2025-10-31;2025-11-17;CONSULTA;CONVOCADA;edital1252025_gsseed_prot249175889_ccm_consulta_publica.pdf;2;Edital nº 125/2025 (p. 2) - Convocação da comunidade escolar para Consulta Pública para o ano letivo de 2026.;CONFIRMADO;Convocação da comunidade escolar para consulta pública nos dias 17-19 nov/2025.
41144929;41144929;LARANJEIRAS DO SUL JOSÉ MARCONDES SOBRINHO;JOSE MARCONDES SOBRINHO C EEF M;Laranjeiras do Sul;2025;2025-10-31;2025-11-17;CONSULTA;CONVOCADA;edital1252025_gsseed_prot249175889_ccm_consulta_publica.pdf;2;Edital nº 125/2025 (p. 2) - Convocação da comunidade escolar para Consulta Pública para o ano letivo de 2026.;CONFIRMADO;Convocação da comunidade escolar para consulta pública nos dias 17-19 nov/2025.
41146093;41146093;ENGENHEIRO BELTRÃO ANTONIO VIEIRA, C E PE-EF M;ANTONIO VIEIRA C E CM PEEF M;São José dos Pinhais;2025;2025-10-31;2025-11-17;CONSULTA;CONVOCADA_ERRO_MATERIAL;edital1252025_gsseed_prot249175889_ccm_consulta_publica.pdf;2;Edital nº 125/2025 (p. 2) - Convocação para Consulta Pública em Engenheiro Beltrão com erro material no código (publicado 41146093 em vez de 41016254).;AMBÍGUO;"Convocação da comunidade escolar para consulta pública nos dias 17-19 nov/2025. [NOTA: Erro material no Edital 125/2025; código refere-se ao CE Antonio Vieira de Engenheiro Beltrão, retificado no Edital 136/2025 para 41016254]."
41167090;41167090;CASCAVEL ANDREIA NERES DOS SANTOS, C E PROFA-EFM;ANDREIA NERES DOS SANTOS C E PROFAEFM;Cascavel;2025;2025-10-31;2025-11-17;CONSULTA;CONVOCADA;edital1252025_gsseed_prot249175889_ccm_consulta_publica.pdf;2;Edital nº 125/2025 (p. 2) - Convocação da comunidade escolar para Consulta Pública para o ano letivo de 2026.;CONFIRMADO;Convocação da comunidade escolar para consulta pública nos dias 17-19 nov/2025.
41378580;41378580;FOZ DO IGUAÇU CATARATAS DO IGUAÇU, C E - EF M;CATARATAS DO IGUACU C EEF M PROFIS;Foz do Iguaçu;2025;2025-10-31;2025-11-17;CONSULTA;CONVOCADA;edital1252025_gsseed_prot249175889_ccm_consulta_publica.pdf;2;Edital nº 125/2025 (p. 2) - Convocação da comunidade escolar para Consulta Pública para o ano letivo de 2026.;CONFIRMADO;Convocação da comunidade escolar para consulta pública nos dias 17-19 nov/2025.
41007131;41007131;PEROLA NESTOR VICTOR, C E-EF M N PROFIS;NESTOR VICTOR C EEF M N PROFIS;Pérola;2025;2025-10-31;2025-11-17;CONSULTA;CONVOCADA;edital1252025_gsseed_prot249175889_ccm_consulta_publica.pdf;3;Edital nº 125/2025 (p. 3) - Convocação da comunidade escolar para Consulta Pública para o ano letivo de 2026.;CONFIRMADO;Convocação da comunidade escolar para consulta pública nos dias 17-19 nov/2025.
41008111;41008111;UMUARAMA NEIVA PAVAN M GARCIA, C E-EF M PROFA;NEIVA PAVAN M GARCIA C E PROFA EF M;Umuarama;2025;2025-10-31;2025-11-17;CONSULTA;CONVOCADA;edital1252025_gsseed_prot249175889_ccm_consulta_publica.pdf;3;Edital nº 125/2025 (p. 3) - Convocação da comunidade escolar para Consulta Pública para o ano letivo de 2026.;CONFIRMADO;Convocação da comunidade escolar para consulta pública nos dias 17-19 nov/2025.
41020685;41020685;FRANCISCO P X LOPES, E E CON- EF;FRANCISCO P X LOPES E E CONEF;Nova Esperança;2025;2025-10-31;2025-11-17;CONSULTA;CONVOCADA;edital1252025_gsseed_prot249175889_ccm_consulta_publica.pdf;3;Edital nº 125/2025 (p. 3) - Convocação da comunidade escolar para Consulta Pública para o ano letivo de 2026.;CONFIRMADO;Convocação da comunidade escolar para consulta pública nos dias 17-19 nov/2025.
41062272;41062272;PONTA GROSSA INSTITUTO ED. E. PROF. CESAR P MARTINEZ EF M;INST ED E PROF CESAR P MARTINEZF M N P;Ponta Grossa;2025;2025-10-31;2025-11-17;CONSULTA;CONVOCADA;edital1252025_gsseed_prot249175889_ccm_consulta_publica.pdf;3;Edital nº 125/2025 (p. 3) - Convocação da comunidade escolar para Consulta Pública para o ano letivo de 2026.;CONFIRMADO;Convocação da comunidade escolar para consulta pública nos dias 17-19 nov/2025.
41062914;41062914;PONTA GROSSA KENNEDY, C E PRES-EF M PROFIS;KENNEDY C E PRESEFMPN;Ponta Grossa;2025;2025-10-31;2025-11-17;CONSULTA;CONVOCADA;edital1252025_gsseed_prot249175889_ccm_consulta_publica.pdf;3;Edital nº 125/2025 (p. 3) - Convocação da comunidade escolar para Consulta Pública para o ano letivo de 2026.;CONFIRMADO;Convocação da comunidade escolar para consulta pública nos dias 17-19 nov/2025.
41063031;41063031;PONTA GROSSA MENELEU DE ALMEIDA TORRES, C C E PROF EF M PROFI;MENELEU A TORRES C E PROFEF M PROFIS;Ponta Grossa;2025;2025-10-31;2025-11-17;CONSULTA;CONVOCADA;edital1252025_gsseed_prot249175889_ccm_consulta_publica.pdf;3;Edital nº 125/2025 (p. 3) - Convocação da comunidade escolar para Consulta Pública para o ano letivo de 2026.;CONFIRMADO;Convocação da comunidade escolar para consulta pública nos dias 17-19 nov/2025.
41063058;41063058;PONTA GROSSA MONTEIRO LOBATO, E E-EF;MONTEIRO LOBATO E EEF;Ponta Grossa;2025;2025-10-31;2025-11-17;CONSULTA;CONVOCADA;edital1252025_gsseed_prot249175889_ccm_consulta_publica.pdf;3;Edital nº 125/2025 (p. 3) - Convocação da comunidade escolar para Consulta Pública para o ano letivo de 2026.;CONFIRMADO;Convocação da comunidade escolar para consulta pública nos dias 17-19 nov/2025.
41068998;41068998;TOLEDO NOVO SARANDI, C E EF M;NOVO SARANDI C E CEF M;Toledo;2025;2025-10-31;2025-11-17;CONSULTA;CONVOCADA;edital1252025_gsseed_prot249175889_ccm_consulta_publica.pdf;3;Edital nº 125/2025 (p. 3) - Convocação da comunidade escolar para Consulta Pública para o ano letivo de 2026.;CONFIRMADO;Convocação da comunidade escolar para consulta pública nos dias 17-19 nov/2025.
41140788;41140788;PARANAGUÁ JOSE BONIFÁCIO, C E - EF M PROFIS;JOSE BONIFACIO C EEF M PROFIS;Paranaguá;2025;2025-10-31;2025-11-17;CONSULTA;CONVOCADA;edital1252025_gsseed_prot249175889_ccm_consulta_publica.pdf;3;Edital nº 125/2025 (p. 3) - Convocação da comunidade escolar para Consulta Pública para o ano letivo de 2026.;CONFIRMADO;Convocação da comunidade escolar para consulta pública nos dias 17-19 nov/2025.
41141288;41141288;PARANAGUÁ ZILAH DOS S BATISTA, C E PROFA- EF M P;ZILAH DOS S BATISTA C E PROFAEF M P;Paranaguá;2025;2025-10-31;2025-11-17;CONSULTA;CONVOCADA;edital1252025_gsseed_prot249175889_ccm_consulta_publica.pdf;3;Edital nº 125/2025 (p. 3) - Convocação da comunidade escolar para Consulta Pública para o ano letivo de 2026.;CONFIRMADO;Convocação da comunidade escolar para consulta pública nos dias 17-19 nov/2025.
41366620;41366620;PARANAGUÁ VIDAL VANHONI, C E PROF-EF M;VIDAL VANHONI C E PROFEF M;Paranaguá;2025;2025-10-31;2025-11-17;CONSULTA;CONVOCADA;edital1252025_gsseed_prot249175889_ccm_consulta_publica.pdf;3;Edital nº 125/2025 (p. 3) - Convocação da comunidade escolar para Consulta Pública para o ano letivo de 2026.;CONFIRMADO;Convocação da comunidade escolar para consulta pública nos dias 17-19 nov/2025.
41373375;41373375;MARIA HELENA T. LUCIANO, C E PROF EF M P;MARIA HELENA T LUCIANO C E PROFEF MNP;Pontal do Paraná;2025;2025-10-31;2025-11-17;CONSULTA;CONVOCADA;edital1252025_gsseed_prot249175889_ccm_consulta_publica.pdf;3;Edital nº 125/2025 (p. 3) - Convocação da comunidade escolar para Consulta Pública para o ano letivo de 2026.;CONFIRMADO;Convocação da comunidade escolar para consulta pública nos dias 17-19 nov/2025.
41373936;41373936;GUARATUBA ANIBAL KHURY, E E DEP-EF;ANIBAL KHURY C E DEPE F M P;Guaratuba;2025;2025-10-31;2025-11-17;CONSULTA;CONVOCADA;edital1252025_gsseed_prot249175889_ccm_consulta_publica.pdf;3;Edital nº 125/2025 (p. 3) - Convocação da comunidade escolar para Consulta Pública para o ano letivo de 2026.;CONFIRMADO;Convocação da comunidade escolar para consulta pública nos dias 17-19 nov/2025.
41000978;41000978;MACHADO DE ASSIS, E E E-F;MACHADO DE ASSIS E EEF;Itaúna do Sul;2025;2025-11-19;2025-11-19;HOMOLOGACAO;HOMOLOGADO;edital1362025_gsseed_prot249175889_ccm_consulta_publica_resultado.pdf;2;"Edital nº 136/2025 - Anexo I (p. 2) - Homologação oficial do resultado favorável da Consulta Pública para o ano letivo de 2026; vigência a partir de 01/01/2026.";CONFIRMADO;"Adesão a partir de 01/01/2026 (Anexo I: Consulta Pública; Anexo II: Critérios objetivos)."
41001222;41001222;LOANDA LAMARTINE R SOARES, C E DR - EF M;LAMARTINE R SOARES C E DREF M;Loanda;2025;2025-11-19;2025-11-19;HOMOLOGACAO;HOMOLOGADO;edital1362025_gsseed_prot249175889_ccm_consulta_publica_resultado.pdf;2;"Edital nº 136/2025 - Anexo I (p. 2) - Homologação oficial do resultado favorável da Consulta Pública para o ano letivo de 2026; vigência a partir de 01/01/2026.";CONFIRMADO;"Adesão a partir de 01/01/2026 (Anexo I: Consulta Pública; Anexo II: Critérios objetivos)."
41007131;41007131;PEROLA NESTOR VICTOR, C E-EF M N PROFIS;NESTOR VICTOR C EEF M N PROFIS;Pérola;2025;2025-11-19;2025-11-19;HOMOLOGACAO;HOMOLOGADO;edital1362025_gsseed_prot249175889_ccm_consulta_publica_resultado.pdf;2;"Edital nº 136/2025 - Anexo I (p. 2) - Homologação oficial do resultado favorável da Consulta Pública para o ano letivo de 2026; vigência a partir de 01/01/2026.";CONFIRMADO;"Adesão a partir de 01/01/2026 (Anexo I: Consulta Pública; Anexo II: Critérios objetivos)."
41010132;41010132;JAPURÁ RUI BARBOSA, C E-EF EM PROFIS;RUI BARBOSA C EEF EM PROFIS;Japurá;2025;2025-11-19;2025-11-19;HOMOLOGACAO;HOMOLOGADO;edital1362025_gsseed_prot249175889_ccm_consulta_publica_resultado.pdf;2;"Edital nº 136/2025 - Anexo I (p. 2) - Homologação oficial do resultado favorável da Consulta Pública para o ano letivo de 2026; vigência a partir de 01/01/2026.";CONFIRMADO;"Adesão a partir de 01/01/2026 (Anexo I: Consulta Pública; Anexo II: Critérios objetivos)."
41010540;41010540;SANTOS DUMONT, C E-EM N;SANTOS DUMONT C EEF M N;São Tomé;2025;2025-11-19;2025-11-19;HOMOLOGACAO;HOMOLOGADO;edital1362025_gsseed_prot249175889_ccm_consulta_publica_resultado.pdf;2;"Edital nº 136/2025 - Anexo I (p. 2) - Homologação oficial do resultado favorável da Consulta Pública para o ano letivo de 2026; vigência a partir de 01/01/2026.";CONFIRMADO;"Adesão a partir de 01/01/2026 (Anexo I: Consulta Pública; Anexo II: Critérios objetivos)."
41016254;41016254;ENGENHEIRO BELTRÃO;ANTONIO VIEIRA C E PEEF M PROF NORMAL;Engenheiro Beltrão;2025;2025-11-19;2025-11-19;HOMOLOGACAO;HOMOLOGADO;edital1362025_gsseed_prot249175889_ccm_consulta_publica_resultado.pdf;2;"Edital nº 136/2025 - Anexo I (p. 2) - Homologação oficial do resultado favorável da Consulta Pública para o ano letivo de 2026; vigência a partir de 01/01/2026.";CONFIRMADO;"Adesão a partir de 01/01/2026 (Anexo I: Consulta Pública; Anexo II: Critérios objetivos). [NOTA: Retificação oficial do Edital 125/2025 (código publicado erroneamente como 41146093) consolidada no Edital 136/2025]."
41020189;41020189;LOBATO OSVALDO ARANHA, E E - EF;OSVALDO ARANHA E EEF;Lobato;2025;2025-11-19;2025-11-19;HOMOLOGACAO;HOMOLOGADO;edital1362025_gsseed_prot249175889_ccm_consulta_publica_resultado.pdf;2;"Edital nº 136/2025 - Anexo I (p. 2) - Homologação oficial do resultado favorável da Consulta Pública para o ano letivo de 2026; vigência a partir de 01/01/2026.";CONFIRMADO;"Adesão a partir de 01/01/2026 (Anexo I: Consulta Pública; Anexo II: Critérios objetivos)."
41024281;41024281;MARINGÁ MARCO A PIMENTA, C E-EF M;MARCO A PIMENTA C EEF M;Maringá;2025;2025-11-19;2025-11-19;HOMOLOGACAO;HOMOLOGADO;edital1362025_gsseed_prot249175889_ccm_consulta_publica_resultado.pdf;2;"Edital nº 136/2025 - Anexo I (p. 2) - Homologação oficial do resultado favorável da Consulta Pública para o ano letivo de 2026; vigência a partir de 01/01/2026.";CONFIRMADO;"Adesão a partir de 01/01/2026 (Anexo I: Consulta Pública; Anexo II: Critérios objetivos)."
41025636;41025636;APUCARANA FRANCISCO A SOUSA, E E PROF-EF;FRANCISCO A SOUSA E E PROFEF;Apucarana;2025;2025-11-19;2025-11-19;HOMOLOGACAO;HOMOLOGADO;edital1362025_gsseed_prot249175889_ccm_consulta_publica_resultado.pdf;2;"Edital nº 136/2025 - Anexo I (p. 2) - Homologação oficial do resultado favorável da Consulta Pública para o ano letivo de 2026; vigência a partir de 01/01/2026.";CONFIRMADO;"Adesão a partir de 01/01/2026 (Anexo I: Consulta Pública; Anexo II: Critérios objetivos)."
41026705;41026705;ARAPONGAS IVANILDE DE NORONHA, C E-EF M PROFID;IVANILDE DE NORONHA C EEF M;Arapongas;2025;2025-11-19;2025-11-19;HOMOLOGACAO;HOMOLOGADO;edital1362025_gsseed_prot249175889_ccm_consulta_publica_resultado.pdf;2;"Edital nº 136/2025 - Anexo I (p. 2) - Homologação oficial do resultado favorável da Consulta Pública para o ano letivo de 2026; vigência a partir de 01/01/2026.";CONFIRMADO;"Adesão a partir de 01/01/2026 (Anexo I: Consulta Pública; Anexo II: Critérios objetivos)."
41028279;41028279;SABÁUDIA HERMINIA R. LUPION, CE-EF M PROFIS;HERMINIA R LUPION C EEF M PROFIS;Sabáudia;2025;2025-11-19;2025-11-19;HOMOLOGACAO;HOMOLOGADO;edital1362025_gsseed_prot249175889_ccm_consulta_publica_resultado.pdf;2;"Edital nº 136/2025 - Anexo I (p. 2) - Homologação oficial do resultado favorável da Consulta Pública para o ano letivo de 2026; vigência a partir de 01/01/2026.";CONFIRMADO;"Adesão a partir de 01/01/2026 (Anexo I: Consulta Pública; Anexo II: Critérios objetivos)."
41037413;41037413;IVAIPORÃ BENTO MUSSURUNGA, C E - EF M;BENTO MOSSURUNGA C EEF M;Ivaiporã;2025;2025-11-19;2025-11-19;HOMOLOGACAO;HOMOLOGADO;edital1362025_gsseed_prot249175889_ccm_consulta_publica_resultado.pdf;2;"Edital nº 136/2025 - Anexo I (p. 2) - Homologação oficial do resultado favorável da Consulta Pública para o ano letivo de 2026; vigência a partir de 01/01/2026.";CONFIRMADO;"Adesão a partir de 01/01/2026 (Anexo I: Consulta Pública; Anexo II: Critérios objetivos)."
41040759;41040759;41040759 CORNÉLIO PROCÓPIO;CARRAO C E CONSEF M;Assaí;2025;2025-11-19;2025-11-19;HOMOLOGACAO;HOMOLOGADO;edital1362025_gsseed_prot249175889_ccm_consulta_publica_resultado.pdf;2;"Edital nº 136/2025 - Anexo I (p. 2) - Homologação oficial do resultado favorável da Consulta Pública para o ano letivo de 2026; vigência a partir de 01/01/2026.";CONFIRMADO;"Adesão a partir de 01/01/2026 (Anexo I: Consulta Pública; Anexo II: Critérios objetivos)."
41042670;41042670;ABATIA RUI BARBOSA, C E - E F M PROF;RUI BARBOSA C E EF M N PROFIS;Abatiá;2025;2025-11-19;2025-11-19;HOMOLOGACAO;HOMOLOGADO;edital1362025_gsseed_prot249175889_ccm_consulta_publica_resultado.pdf;2;"Edital nº 136/2025 - Anexo I (p. 2) - Homologação oficial do resultado favorável da Consulta Pública para o ano letivo de 2026; vigência a partir de 01/01/2026.";CONFIRMADO;"Adesão a partir de 01/01/2026 (Anexo I: Consulta Pública; Anexo II: Critérios objetivos)."
41051351;41051351;MIGUEL DIAS, C E-EF M PROFIS;MIGUEL DIAS C EEF M PROFIS;Joaquim Távora;2025;2025-11-19;2025-11-19;HOMOLOGACAO;HOMOLOGADO;edital1362025_gsseed_prot249175889_ccm_consulta_publica_resultado.pdf;2;"Edital nº 136/2025 - Anexo I (p. 2) - Homologação oficial do resultado favorável da Consulta Pública para o ano letivo de 2026; vigência a partir de 01/01/2026.";CONFIRMADO;"Adesão a partir de 01/01/2026 (Anexo I: Consulta Pública; Anexo II: Critérios objetivos)."
41068998;41068998;TOLEDO NOVO SARANDI, C E EF M;NOVO SARANDI C E CEF M;Toledo;2025;2025-11-19;2025-11-19;HOMOLOGACAO;HOMOLOGADO;edital1362025_gsseed_prot249175889_ccm_consulta_publica_resultado.pdf;2;"Edital nº 136/2025 - Anexo I (p. 2) - Homologação oficial do resultado favorável da Consulta Pública para o ano letivo de 2026; vigência a partir de 01/01/2026.";CONFIRMADO;"Adesão a partir de 01/01/2026 (Anexo I: Consulta Pública; Anexo II: Critérios objetivos)."
41070224;41070224;CAFELÂNDIA ALBERTO S DUMONT, C E-EF M N PROFIS;ALBERTO S DUMONT C EEF M N PROFIS;Cafelândia;2025;2025-11-19;2025-11-19;HOMOLOGACAO;HOMOLOGADO;edital1362025_gsseed_prot249175889_ccm_consulta_publica_resultado.pdf;2;"Edital nº 136/2025 - Anexo I (p. 2) - Homologação oficial do resultado favorável da Consulta Pública para o ano letivo de 2026; vigência a partir de 01/01/2026.";CONFIRMADO;"Adesão a partir de 01/01/2026 (Anexo I: Consulta Pública; Anexo II: Critérios objetivos)."
41078586;41078586;41078586 FOZ DO IGUAÇU SANTA TEREZINHA DE ITAIPU;ARCANGELO NANDI C EE F M;Santa Terezinha de Itaipu;2025;2025-11-19;2025-11-19;HOMOLOGACAO;HOMOLOGADO;edital1362025_gsseed_prot249175889_ccm_consulta_publica_resultado.pdf;2;"Edital nº 136/2025 - Anexo I (p. 2) - Homologação oficial do resultado favorável da Consulta Pública para o ano letivo de 2026; vigência a partir de 01/01/2026.";CONFIRMADO;"Adesão a partir de 01/01/2026 (Anexo I: Consulta Pública; Anexo II: Critérios objetivos)."
41084721;41084721;DOIS VIZINHOS JOSÉ DE ANCHIETA, C E - EF M;JOSE DE ANCHIETA C EEF M;Dois Vizinhos;2025;2025-11-19;2025-11-19;HOMOLOGACAO;HOMOLOGADO;edital1362025_gsseed_prot249175889_ccm_consulta_publica_resultado.pdf;2;"Edital nº 136/2025 - Anexo I (p. 2) - Homologação oficial do resultado favorável da Consulta Pública para o ano letivo de 2026; vigência a partir de 01/01/2026.";CONFIRMADO;"Adesão a partir de 01/01/2026 (Anexo I: Consulta Pública; Anexo II: Critérios objetivos)."
41101006;41101006;GUARAPUAVA PALMEIRINHA, C E DO C DE-EF M PROF;PALMEIRINHA C E DO C DEEF M PROF;Guarapuava;2025;2025-11-19;2025-11-19;HOMOLOGACAO;HOMOLOGADO;edital1362025_gsseed_prot249175889_ccm_consulta_publica_resultado.pdf;2;"Edital nº 136/2025 - Anexo I (p. 2) - Homologação oficial do resultado favorável da Consulta Pública para o ano letivo de 2026; vigência a partir de 01/01/2026.";CONFIRMADO;"Adesão a partir de 01/01/2026 (Anexo I: Consulta Pública; Anexo II: Critérios objetivos)."
41128915;41128915;CURITIBA DOMINGOS ZANLORENZI, C E - EF M PROFIS;DOMINGOS ZANLORENZI C EEF M PROFIS;Curitiba;2025;2025-11-19;2025-11-19;HOMOLOGACAO;HOMOLOGADO;edital1362025_gsseed_prot249175889_ccm_consulta_publica_resultado.pdf;2;"Edital nº 136/2025 - Anexo I (p. 2) - Homologação oficial do resultado favorável da Consulta Pública para o ano letivo de 2026; vigência a partir de 01/01/2026.";CONFIRMADO;"Adesão a partir de 01/01/2026 (Anexo I: Consulta Pública; Anexo II: Critérios objetivos)."
41129989;41129989;CURITIBA IVO ZANLORENZI, E E MONS-EF;IVO ZANLORENZI E E MONSEF;Curitiba;2025;2025-11-19;2025-11-19;HOMOLOGACAO;HOMOLOGADO;edital1362025_gsseed_prot249175889_ccm_consulta_publica_resultado.pdf;2;"Edital nº 136/2025 - Anexo I (p. 2) - Homologação oficial do resultado favorável da Consulta Pública para o ano letivo de 2026; vigência a partir de 01/01/2026.";CONFIRMADO;"Adesão a partir de 01/01/2026 (Anexo I: Consulta Pública; Anexo II: Critérios objetivos)."
41130243;41130243;CURITIBA JOSE BUSNARDO, C E - EF M;JOSE BUSNARDO C E EF M;Curitiba;2025;2025-11-19;2025-11-19;HOMOLOGACAO;HOMOLOGADO;edital1362025_gsseed_prot249175889_ccm_consulta_publica_resultado.pdf;2;"Edital nº 136/2025 - Anexo I (p. 2) - Homologação oficial do resultado favorável da Consulta Pública para o ano letivo de 2026; vigência a partir de 01/01/2026.";CONFIRMADO;"Adesão a partir de 01/01/2026 (Anexo I: Consulta Pública; Anexo II: Critérios objetivos)."
41130952;41130952;CURITIBA MARIA PEREIRA MARTINS, E E - EF;MARIA P MARTINS E EEF;Curitiba;2025;2025-11-19;2025-11-19;HOMOLOGACAO;HOMOLOGADO;edital1362025_gsseed_prot249175889_ccm_consulta_publica_resultado.pdf;2;"Edital nº 136/2025 - Anexo I (p. 2) - Homologação oficial do resultado favorável da Consulta Pública para o ano letivo de 2026; vigência a partir de 01/01/2026.";CONFIRMADO;"Adesão a partir de 01/01/2026 (Anexo I: Consulta Pública; Anexo II: Critérios objetivos)."
41140788;41140788;PARANAGUÁ JOSE BONIFÁCIO, C E - EF M PROFIS;JOSE BONIFACIO C EEF M PROFIS;Paranaguá;2025;2025-11-19;2025-11-19;HOMOLOGACAO;HOMOLOGADO;edital1362025_gsseed_prot249175889_ccm_consulta_publica_resultado.pdf;2;"Edital nº 136/2025 - Anexo I (p. 2) - Homologação oficial do resultado favorável da Consulta Pública para o ano letivo de 2026; vigência a partir de 01/01/2026.";CONFIRMADO;"Adesão a partir de 01/01/2026 (Anexo I: Consulta Pública; Anexo II: Critérios objetivos)."
41141288;41141288;PARANAGUÁ ZILAH DOS S BATISTA, C E PROFA-EF M P;ZILAH DOS S BATISTA C E PROFAEF M P;Paranaguá;2025;2025-11-19;2025-11-19;HOMOLOGACAO;HOMOLOGADO;edital1362025_gsseed_prot249175889_ccm_consulta_publica_resultado.pdf;2;"Edital nº 136/2025 - Anexo I (p. 2) - Homologação oficial do resultado favorável da Consulta Pública para o ano letivo de 2026; vigência a partir de 01/01/2026.";CONFIRMADO;"Adesão a partir de 01/01/2026 (Anexo I: Consulta Pública; Anexo II: Critérios objetivos)."
41144201;41144201;GUARAPUAVA MARIA DE J P GUIMARÃES, C E PROFA, EF M;MARIA DE J P GUIMARAES C E C PROFAEF M;Guarapuava;2025;2025-11-19;2025-11-19;HOMOLOGACAO;HOMOLOGADO;edital1362025_gsseed_prot249175889_ccm_consulta_publica_resultado.pdf;2;"Edital nº 136/2025 - Anexo I (p. 2) - Homologação oficial do resultado favorável da Consulta Pública para o ano letivo de 2026; vigência a partir de 01/01/2026.";CONFIRMADO;"Adesão a partir de 01/01/2026 (Anexo I: Consulta Pública; Anexo II: Critérios objetivos)."
41366620;41366620;PARANAGUÁ VIDAL VANHONI, C E PROF-EF M;VIDAL VANHONI C E PROFEF M;Paranaguá;2025;2025-11-19;2025-11-19;HOMOLOGACAO;HOMOLOGADO;edital1362025_gsseed_prot249175889_ccm_consulta_publica_resultado.pdf;2;"Edital nº 136/2025 - Anexo I (p. 2) - Homologação oficial do resultado favorável da Consulta Pública para o ano letivo de 2026; vigência a partir de 01/01/2026.";CONFIRMADO;"Adesão a partir de 01/01/2026 (Anexo I: Consulta Pública; Anexo II: Critérios objetivos)."
41373375;41373375;41373375 PARANAGUÁ PONTAL DO PARANÁ;MARIA HELENA T LUCIANO C E PROFEF MNP;Pontal do Paraná;2025;2025-11-19;2025-11-19;HOMOLOGACAO;HOMOLOGADO;edital1362025_gsseed_prot249175889_ccm_consulta_publica_resultado.pdf;2;"Edital nº 136/2025 - Anexo I (p. 2) - Homologação oficial do resultado favorável da Consulta Pública para o ano letivo de 2026; vigência a partir de 01/01/2026.";CONFIRMADO;"Adesão a partir de 01/01/2026 (Anexo I: Consulta Pública; Anexo II: Critérios objetivos)."
41024923;41024923;PAIÇANDU IZABEL, C E PRINC-EF-M X;IZABEL C E PRINCEF M;Paiçandu;2025;2025-11-19;2025-11-19;INCLUSAO;INCLUIDO;edital1362025_gsseed_prot249175889_ccm_consulta_publica_resultado.pdf;3;"Edital nº 136/2025 - Anexo II (p. 3) - Adesão ao Programa CCM por critérios objetivos nos termos da lei estadual; vigência expressa a partir de 01/01/2026.";CONFIRMADO;Anexo II: Critérios objetivos (queda de IDEB e frequência abaixo da média estadual de 88,91%).
41127668;41127668;BENTO MUNHOZ DA ROCHA, C E-EF M PROFIS;BENTO M DA ROCHA NETO C EEF M PROFIS;Curitiba;2025;2025-11-19;2025-11-19;INCLUSAO;INCLUIDO;edital1362025_gsseed_prot249175889_ccm_consulta_publica_resultado.pdf;3;"Edital nº 136/2025 - Anexo II (p. 3) - Adesão ao Programa CCM por critérios objetivos nos termos da lei estadual; vigência expressa a partir de 01/01/2026.";CONFIRMADO;Anexo II: Critérios objetivos (queda de IDEB e frequência abaixo da média estadual de 88,91%).
41130189;41130189;CURITIBA JOÃO PAULO II, C E-EF M;JOAO PAULO II C EEF M PROFIS;Curitiba;2025;2025-11-19;2025-11-19;INCLUSAO;INCLUIDO;edital1362025_gsseed_prot249175889_ccm_consulta_publica_resultado.pdf;3;"Edital nº 136/2025 - Anexo II (p. 3) - Adesão ao Programa CCM por critérios objetivos nos termos da lei estadual; vigência expressa a partir de 01/01/2026.";CONFIRMADO;Anexo II: Critérios objetivos (queda de IDEB e frequência abaixo da média estadual de 88,91%).
41167090;41167090;ANDREIA NERES DOS SANTOS, C E PROFA-EFM;ANDREIA NERES DOS SANTOS C E PROFAEFM;Cascavel;2025;2025-11-19;2025-11-19;INCLUSAO;INCLUIDO;edital1362025_gsseed_prot249175889_ccm_consulta_publica_resultado.pdf;3;"Edital nº 136/2025 - Anexo II (p. 3) - Adesão ao Programa CCM por critérios objetivos nos termos da lei estadual; vigência expressa a partir de 01/01/2026.";CONFIRMADO;Anexo II: Critérios objetivos (queda de IDEB e frequência abaixo da média estadual de 88,91%).
;;Instituições de Ensino Cívico-Militares (Vagas de Diretores / Monitores);REDE ESTADUAL DO PARANÁ;Estado do Paraná;2024;NAO_INFORMADA;NAO_INFORMADA;OUTRO;PROCESSO_SELETIVO_GERAL;edital442023_gsseed_protocolo203330650_ccm_processo_seletivo.pdf;1;edital442023_gsseed_protocolo203330650_ccm_processo_seletivo.pdf (p. 1) - Processo seletivo de gestão/direção militar ou edital normativo de cronograma da rede estadual.;NORMATIVO_GERAL;Edital referente a credenciamento, homologação de saúde ou seleção de militares/diretores. Documento: edital442023_gsseed_protocolo203330650_ccm_processo_seletivo.
;;Instituições de Ensino Cívico-Militares (Vagas de Diretores / Monitores);REDE ESTADUAL DO PARANÁ;Estado do Paraná;2024;NAO_INFORMADA;NAO_INFORMADA;OUTRO;PROCESSO_SELETIVO_GERAL;edital572023_gsseed_protocolo209006375_ccm_processo_seletivo_inscricoes_validadas_retificado.pdf;1;edital572023_gsseed_protocolo209006375_ccm_processo_seletivo_inscricoes_validadas_retificado.pdf (p. 1) - Processo seletivo de gestão/direção militar ou edital normativo de cronograma da rede estadual.;NORMATIVO_GERAL;Edital referente a credenciamento, homologação de saúde ou seleção de militares/diretores. Documento: edital572023_gsseed_protocolo209006375_ccm_processo_seletivo_inscricoes_validadas_retificado.
;;Instituições de Ensino Cívico-Militares (Vagas de Diretores / Monitores);REDE ESTADUAL DO PARANÁ;Estado do Paraná;2024;NAO_INFORMADA;NAO_INFORMADA;OUTRO;PROCESSO_SELETIVO_GERAL;edital582023_gsseed_protocolo203330650_ccm_processo_seletivo_retificado.pdf;1;edital582023_gsseed_protocolo203330650_ccm_processo_seletivo_retificado.pdf (p. 1) - Processo seletivo de gestão/direção militar ou edital normativo de cronograma da rede estadual.;NORMATIVO_GERAL;Edital referente a credenciamento, homologação de saúde ou seleção de militares/diretores. Documento: edital582023_gsseed_protocolo203330650_ccm_processo_seletivo_retificado.
;;Instituições de Ensino Cívico-Militares (Vagas de Diretores / Monitores);REDE ESTADUAL DO PARANÁ;Estado do Paraná;2024;NAO_INFORMADA;NAO_INFORMADA;OUTRO;PROCESSO_SELETIVO_GERAL;edital762024_gsseed_prot225143666_ccm_resultado_final.pdf;1;edital762024_gsseed_prot225143666_ccm_resultado_final.pdf (p. 1) - Processo seletivo de gestão/direção militar ou edital normativo de cronograma da rede estadual.;NORMATIVO_GERAL;Edital referente a credenciamento, homologação de saúde ou seleção de militares/diretores. Documento: edital762024_gsseed_prot225143666_ccm_resultado_final.
;;Instituições de Ensino Cívico-Militares (Vagas de Diretores / Monitores);REDE ESTADUAL DO PARANÁ;Estado do Paraná;2024;NAO_INFORMADA;NAO_INFORMADA;OUTRO;PROCESSO_SELETIVO_GERAL;edital902023_gsseed_protocolo203330650_ccm_resultado_aptidao_saude.pdf;1;edital902023_gsseed_protocolo203330650_ccm_resultado_aptidao_saude.pdf (p. 1) - Processo seletivo de gestão/direção militar ou edital normativo de cronograma da rede estadual.;NORMATIVO_GERAL;Edital referente a credenciamento, homologação de saúde ou seleção de militares/diretores. Documento: edital902023_gsseed_protocolo203330650_ccm_resultado_aptidao_saude.
