codigo_inep;nome_escola;municipio;ano;civico_militar;status_historico;ano_inicio_ccm;ano_fim_ccm;evidencia_inicio;evidencia_status;nivel_confianca;observacao
41000021;AGOSTINHO STEFANELLO E E CMEF;Alto Paraná;2020;INDETERMINADO;INDETERMINADO_SEM_DOCUMENTO_NO_PERIODO;2024;NAO_CONSTA;edital1222023_gsseed_prot214105004_ccm_resultado_processo_consulta_publica.pdf, p. 1 (Vigência expressa fixada a partir de 01/01/2024);Sem menção em editais nos autos para o ano de 2020. Conservadoramente mantido como INDETERMINADO conforme diretriz metodológica.;CONFIRMADO;
41000021;AGOSTINHO STEFANELLO E E CMEF;Alto Paraná;2021;INDETERMINADO;INDETERMINADO_SEM_DOCUMENTO_NO_PERIODO;2024;NAO_CONSTA;edital1222023_gsseed_prot214105004_ccm_resultado_processo_consulta_publica.pdf, p. 1 (Vigência expressa fixada a partir de 01/01/2024);Sem menção em editais nos autos para o ano de 2021. Conservadoramente mantido como INDETERMINADO conforme diretriz metodológica.;CONFIRMADO;
41000021;AGOSTINHO STEFANELLO E E CMEF;Alto Paraná;2022;INDETERMINADO;INDETERMINADO_SEM_DOCUMENTO_NO_PERIODO;2024;NAO_CONSTA;edital1222023_gsseed_prot214105004_ccm_resultado_processo_consulta_publica.pdf, p. 1 (Vigência expressa fixada a partir de 01/01/2024);Sem menção em editais nos autos para o ano de 2022. Conservadoramente mantido como INDETERMINADO conforme diretriz metodológica.;CONFIRMADO;
41000021;AGOSTINHO STEFANELLO E E CMEF;Alto Paraná;2023;NAO;NAO_CCM_EM_CONSULTA_PREPARATORIA;2024;NAO_CONSTA;edital1222023_gsseed_prot214105004_ccm_resultado_processo_consulta_publica.pdf, p. 1 (Vigência expressa fixada a partir de 01/01/2024);"Escola operando na rede regular estadual; participou de consulta pública de adesão em 2023 cuja vigência foi fixada apenas a partir de 01/01/2024.";CONFIRMADO;
41000021;AGOSTINHO STEFANELLO E E CMEF;Alto Paraná;2024;SIM;CCM_ATIVO_IMPLEMENTADO;2024;NAO_CONSTA;edital1222023_gsseed_prot214105004_ccm_resultado_processo_consulta_publica.pdf, p. 1 (Vigência expressa fixada a partir de 01/01/2024);Início formal da gestão cívico-militar em 01/01/2024 conforme edital1222023_gsseed_prot214105004_ccm_resultado_processo_consulta_publica.pdf, p. 1 (Vigência expressa fixada a partir de 01/01/2024).;CONFIRMADO;
41000021;AGOSTINHO STEFANELLO E E CMEF;Alto Paraná;2025;SIM;CCM_ATIVO_CONTINUIDADE;2024;NAO_CONSTA;edital1222023_gsseed_prot214105004_ccm_resultado_processo_consulta_publica.pdf, p. 1 (Vigência expressa fixada a partir de 01/01/2024);"Gestão cívico-militar em continuidade regular; sem publicação de ato de revogação, exclusão ou encerramento.";CONFIRMADO;
41000021;AGOSTINHO STEFANELLO E E CMEF;Alto Paraná;2026;SIM;CCM_ATIVO_CONTINUIDADE;2024;NAO_CONSTA;edital1222023_gsseed_prot214105004_ccm_resultado_processo_consulta_publica.pdf, p. 1 (Vigência expressa fixada a partir de 01/01/2024);"Gestão cívico-militar em continuidade regular; sem publicação de ato de revogação, exclusão ou encerramento.";CONFIRMADO;
41000978;MACHADO DE ASSIS E EEF;Itaúna do Sul;2020;INDETERMINADO;INDETERMINADO_SEM_DOCUMENTO_NO_PERIODO;2026;NAO_CONSTA;edital1362025_gsseed_prot249175889_ccm_consulta_publica_resultado.pdf, p. 2 (Vigência expressa fixada a partir de 01/01/2026);Sem menção em editais nos autos para o ano de 2020. Conservadoramente mantido como INDETERMINADO conforme diretriz metodológica.;CONFIRMADO;
41000978;MACHADO DE ASSIS E EEF;Itaúna do Sul;2021;INDETERMINADO;INDETERMINADO_SEM_DOCUMENTO_NO_PERIODO;2026;NAO_CONSTA;edital1362025_gsseed_prot249175889_ccm_consulta_publica_resultado.pdf, p. 2 (Vigência expressa fixada a partir de 01/01/2026);Sem menção em editais nos autos para o ano de 2021. Conservadoramente mantido como INDETERMINADO conforme diretriz metodológica.;CONFIRMADO;
41000978;MACHADO DE ASSIS E EEF;Itaúna do Sul;2022;INDETERMINADO;INDETERMINADO_SEM_DOCUMENTO_NO_PERIODO;2026;NAO_CONSTA;edital1362025_gsseed_prot249175889_ccm_consulta_publica_resultado.pdf, p. 2 (Vigência expressa fixada a partir de 01/01/2026);Sem menção em editais nos autos para o ano de 2022. Conservadoramente mantido como INDETERMINADO conforme diretriz metodológica.;CONFIRMADO;
41000978;MACHADO DE ASSIS E EEF;Itaúna do Sul;2023;INDETERMINADO;INDETERMINADO_SEM_DOCUMENTO_NO_PERIODO;2026;NAO_CONSTA;edital1362025_gsseed_prot249175889_ccm_consulta_publica_resultado.pdf, p. 2 (Vigência expressa fixada a partir de 01/01/2026);Sem menção em editais nos autos para o ano de 2023. Conservadoramente mantido como INDETERMINADO conforme diretriz metodológica.;CONFIRMADO;
41000978;MACHADO DE ASSIS E EEF;Itaúna do Sul;2024;INDETERMINADO;INDETERMINADO_SEM_DOCUMENTO_NO_PERIODO;2026;NAO_CONSTA;edital1362025_gsseed_prot249175889_ccm_consulta_publica_resultado.pdf, p. 2 (Vigência expressa fixada a partir de 01/01/2026);Sem menção em editais nos autos para o ano de 2024. Conservadoramente mantido como INDETERMINADO conforme diretriz metodológica.;CONFIRMADO;
41000978;MACHADO DE ASSIS E EEF;Itaúna do Sul;2025;NAO;NAO_CCM_EM_CONSULTA_PREPARATORIA;2026;NAO_CONSTA;edital1362025_gsseed_prot249175889_ccm_consulta_publica_resultado.pdf, p. 2 (Vigência expressa fixada a partir de 01/01/2026);"Escola operando na rede regular estadual; participou de consulta pública de adesão em 2025 cuja vigência foi fixada apenas a partir de 01/01/2026.";CONFIRMADO;
41000978;MACHADO DE ASSIS E EEF;Itaúna do Sul;2026;SIM;CCM_ATIVO_IMPLEMENTADO;2026;NAO_CONSTA;edital1362025_gsseed_prot249175889_ccm_consulta_publica_resultado.pdf, p. 2 (Vigência expressa fixada a partir de 01/01/2026);Início formal da gestão cívico-militar em 01/01/2026 conforme edital1362025_gsseed_prot249175889_ccm_consulta_publica_resultado.pdf, p. 2 (Vigência expressa fixada a partir de 01/01/2026).;CONFIRMADO;
41001222;LAMARTINE R SOARES C E DREF M;Loanda;2020;INDETERMINADO;INDETERMINADO_SEM_DOCUMENTO_NO_PERIODO;2026;NAO_CONSTA;edital1362025_gsseed_prot249175889_ccm_consulta_publica_resultado.pdf, p. 2 (Vigência expressa fixada a partir de 01/01/2026);Sem menção em editais nos autos para o ano de 2020. Conservadoramente mantido como INDETERMINADO conforme diretriz metodológica.;CONFIRMADO;
41001222;LAMARTINE R SOARES C E DREF M;Loanda;2021;INDETERMINADO;INDETERMINADO_SEM_DOCUMENTO_NO_PERIODO;2026;NAO_CONSTA;edital1362025_gsseed_prot249175889_ccm_consulta_publica_resultado.pdf, p. 2 (Vigência expressa fixada a partir de 01/01/2026);Sem menção em editais nos autos para o ano de 2021. Conservadoramente mantido como INDETERMINADO conforme diretriz metodológica.;CONFIRMADO;
41001222;LAMARTINE R SOARES C E DREF M;Loanda;2022;INDETERMINADO;INDETERMINADO_SEM_DOCUMENTO_NO_PERIODO;2026;NAO_CONSTA;edital1362025_gsseed_prot249175889_ccm_consulta_publica_resultado.pdf, p. 2 (Vigência expressa fixada a partir de 01/01/2026);Sem menção em editais nos autos para o ano de 2022. Conservadoramente mantido como INDETERMINADO conforme diretriz metodológica.;CONFIRMADO;
41001222;LAMARTINE R SOARES C E DREF M;Loanda;2023;INDETERMINADO;INDETERMINADO_SEM_DOCUMENTO_NO_PERIODO;2026;NAO_CONSTA;edital1362025_gsseed_prot249175889_ccm_consulta_publica_resultado.pdf, p. 2 (Vigência expressa fixada a partir de 01/01/2026);Sem menção em editais nos autos para o ano de 2023. Conservadoramente mantido como INDETERMINADO conforme diretriz metodológica.;CONFIRMADO;
41001222;LAMARTINE R SOARES C E DREF M;Loanda;2024;INDETERMINADO;INDETERMINADO_SEM_DOCUMENTO_NO_PERIODO;2026;NAO_CONSTA;edital1362025_gsseed_prot249175889_ccm_consulta_publica_resultado.pdf, p. 2 (Vigência expressa fixada a partir de 01/01/2026);Sem menção em editais nos autos para o ano de 2024. Conservadoramente mantido como INDETERMINADO conforme diretriz metodológica.;CONFIRMADO;
41001222;LAMARTINE R SOARES C E DREF M;Loanda;2025;NAO;NAO_CCM_EM_CONSULTA_PREPARATORIA;2026;NAO_CONSTA;edital1362025_gsseed_prot249175889_ccm_consulta_publica_resultado.pdf, p. 2 (Vigência expressa fixada a partir de 01/01/2026);"Escola operando na rede regular estadual; participou de consulta pública de adesão em 2025 cuja vigência foi fixada apenas a partir de 01/01/2026.";CONFIRMADO;
41001222;LAMARTINE R SOARES C E DREF M;Loanda;2026;SIM;CCM_ATIVO_IMPLEMENTADO;2026;NAO_CONSTA;edital1362025_gsseed_prot249175889_ccm_consulta_publica_resultado.pdf, p. 2 (Vigência expressa fixada a partir de 01/01/2026);Início formal da gestão cívico-militar em 01/01/2026 conforme edital1362025_gsseed_prot249175889_ccm_consulta_publica_resultado.pdf, p. 2 (Vigência expressa fixada a partir de 01/01/2026).;CONFIRMADO;
41003292;SANTOS DUMONT C E CMEF M;Santa Cruz de Monte Castelo;2020;INDETERMINADO;INDETERMINADO_SEM_DOCUMENTO_NO_PERIODO;2024;NAO_CONSTA;edital1142023_gsseed_ccm.pdf, p. 2 (Vigência expressa fixada a partir de 01/01/2024);Sem menção em editais nos autos para o ano de 2020. Conservadoramente mantido como INDETERMINADO conforme diretriz metodológica.;CONFIRMADO;
41003292;SANTOS DUMONT C E CMEF M;Santa Cruz de Monte Castelo;2021;INDETERMINADO;INDETERMINADO_SEM_DOCUMENTO_NO_PERIODO;2024;NAO_CONSTA;edital1142023_gsseed_ccm.pdf, p. 2 (Vigência expressa fixada a partir de 01/01/2024);Sem menção em editais nos autos para o ano de 2021. Conservadoramente mantido como INDETERMINADO conforme diretriz metodológica.;CONFIRMADO;
41003292;SANTOS DUMONT C E CMEF M;Santa Cruz de Monte Castelo;2022;INDETERMINADO;INDETERMINADO_SEM_DOCUMENTO_NO_PERIODO;2024;NAO_CONSTA;edital1142023_gsseed_ccm.pdf, p. 2 (Vigência expressa fixada a partir de 01/01/2024);Sem menção em editais nos autos para o ano de 2022. Conservadoramente mantido como INDETERMINADO conforme diretriz metodológica.;CONFIRMADO;
41003292;SANTOS DUMONT C E CMEF M;Santa Cruz de Monte Castelo;2023;NAO;NAO_CCM_EM_CONSULTA_PREPARATORIA;2024;NAO_CONSTA;edital1142023_gsseed_ccm.pdf, p. 2 (Vigência expressa fixada a partir de 01/01/2024);"Escola operando na rede regular estadual; participou de consulta pública de adesão em 2023 cuja vigência foi fixada apenas a partir de 01/01/2024.";CONFIRMADO;
41003292;SANTOS DUMONT C E CMEF M;Santa Cruz de Monte Castelo;2024;SIM;CCM_ATIVO_IMPLEMENTADO;2024;NAO_CONSTA;edital1142023_gsseed_ccm.pdf, p. 2 (Vigência expressa fixada a partir de 01/01/2024);Início formal da gestão cívico-militar em 01/01/2024 conforme edital1142023_gsseed_ccm.pdf, p. 2 (Vigência expressa fixada a partir de 01/01/2024).;CONFIRMADO;
41003292;SANTOS DUMONT C E CMEF M;Santa Cruz de Monte Castelo;2025;SIM;CCM_ATIVO_CONTINUIDADE;2024;NAO_CONSTA;edital1142023_gsseed_ccm.pdf, p. 2 (Vigência expressa fixada a partir de 01/01/2024);"Gestão cívico-militar em continuidade regular; sem publicação de ato de revogação, exclusão ou encerramento.";CONFIRMADO;
41003292;SANTOS DUMONT C E CMEF M;Santa Cruz de Monte Castelo;2026;SIM;CCM_ATIVO_CONTINUIDADE;2024;NAO_CONSTA;edital1142023_gsseed_ccm.pdf, p. 2 (Vigência expressa fixada a partir de 01/01/2024);"Gestão cívico-militar em continuidade regular; sem publicação de ato de revogação, exclusão ou encerramento.";CONFIRMADO;
41004051;SANTO INACIO DE LOYOLA C E CMEF M;Terra Rica;2020;INDETERMINADO;INDETERMINADO_SEM_DOCUMENTO_NO_PERIODO;2024;NAO_CONSTA;edital1212023_gsseed_prot213100866_ccm.pdf, p. 1 (Vigência expressa fixada a partir de 01/01/2024);Sem menção em editais nos autos para o ano de 2020. Conservadoramente mantido como INDETERMINADO conforme diretriz metodológica.;CONFIRMADO;Homologação de adesão com início em 01/01/2024 publicada no Edital nº 121/2023 - GS/SEED (DIOE 11566 em 20/12/2023).
41004051;SANTO INACIO DE LOYOLA C E CMEF M;Terra Rica;2021;INDETERMINADO;INDETERMINADO_SEM_DOCUMENTO_NO_PERIODO;2024;NAO_CONSTA;edital1212023_gsseed_prot213100866_ccm.pdf, p. 1 (Vigência expressa fixada a partir de 01/01/2024);Sem menção em editais nos autos para o ano de 2021. Conservadoramente mantido como INDETERMINADO conforme diretriz metodológica.;CONFIRMADO;Homologação de adesão com início em 01/01/2024 publicada no Edital nº 121/2023 - GS/SEED (DIOE 11566 em 20/12/2023).
41004051;SANTO INACIO DE LOYOLA C E CMEF M;Terra Rica;2022;INDETERMINADO;INDETERMINADO_SEM_DOCUMENTO_NO_PERIODO;2024;NAO_CONSTA;edital1212023_gsseed_prot213100866_ccm.pdf, p. 1 (Vigência expressa fixada a partir de 01/01/2024);Sem menção em editais nos autos para o ano de 2022. Conservadoramente mantido como INDETERMINADO conforme diretriz metodológica.;CONFIRMADO;Homologação de adesão com início em 01/01/2024 publicada no Edital nº 121/2023 - GS/SEED (DIOE 11566 em 20/12/2023).
41004051;SANTO INACIO DE LOYOLA C E CMEF M;Terra Rica;2023;NAO;NAO_CCM_EM_CONSULTA_PREPARATORIA;2024;NAO_CONSTA;edital1212023_gsseed_prot213100866_ccm.pdf, p. 1 (Vigência expressa fixada a partir de 01/01/2024);"Escola operando na rede regular estadual; participou de consulta pública de adesão em 2023 cuja vigência foi fixada apenas a partir de 01/01/2024.";CONFIRMADO;Homologação de adesão com início em 01/01/2024 publicada no Edital nº 121/2023 - GS/SEED (DIOE 11566 em 20/12/2023).
41004051;SANTO INACIO DE LOYOLA C E CMEF M;Terra Rica;2024;SIM;CCM_ATIVO_IMPLEMENTADO;2024;NAO_CONSTA;edital1212023_gsseed_prot213100866_ccm.pdf, p. 1 (Vigência expressa fixada a partir de 01/01/2024);Início formal da gestão cívico-militar em 01/01/2024 conforme edital1212023_gsseed_prot213100866_ccm.pdf, p. 1 (Vigência expressa fixada a partir de 01/01/2024).;CONFIRMADO;Homologação de adesão com início em 01/01/2024 publicada no Edital nº 121/2023 - GS/SEED (DIOE 11566 em 20/12/2023).
41004051;SANTO INACIO DE LOYOLA C E CMEF M;Terra Rica;2025;SIM;CCM_ATIVO_CONTINUIDADE;2024;NAO_CONSTA;edital1212023_gsseed_prot213100866_ccm.pdf, p. 1 (Vigência expressa fixada a partir de 01/01/2024);"Gestão cívico-militar em continuidade regular; sem publicação de ato de revogação, exclusão ou encerramento.";CONFIRMADO;Homologação de adesão com início em 01/01/2024 publicada no Edital nº 121/2023 - GS/SEED (DIOE 11566 em 20/12/2023).
41004051;SANTO INACIO DE LOYOLA C E CMEF M;Terra Rica;2026;SIM;CCM_ATIVO_CONTINUIDADE;2024;NAO_CONSTA;edital1212023_gsseed_prot213100866_ccm.pdf, p. 1 (Vigência expressa fixada a partir de 01/01/2024);"Gestão cívico-militar em continuidade regular; sem publicação de ato de revogação, exclusão ou encerramento.";CONFIRMADO;Homologação de adesão com início em 01/01/2024 publicada no Edital nº 121/2023 - GS/SEED (DIOE 11566 em 20/12/2023).
41004957;ANCHIETA C E CMEF M N;Cruzeiro do Oeste;2020;INDETERMINADO;INDETERMINADO_SEM_DOCUMENTO_NO_PERIODO;2024;NAO_CONSTA;edital1142023_gsseed_ccm.pdf, p. 3 (Vigência expressa fixada a partir de 01/01/2024);Sem menção em editais nos autos para o ano de 2020. Conservadoramente mantido como INDETERMINADO conforme diretriz metodológica.;CONFIRMADO;
41004957;ANCHIETA C E CMEF M N;Cruzeiro do Oeste;2021;INDETERMINADO;INDETERMINADO_SEM_DOCUMENTO_NO_PERIODO;2024;NAO_CONSTA;edital1142023_gsseed_ccm.pdf, p. 3 (Vigência expressa fixada a partir de 01/01/2024);Sem menção em editais nos autos para o ano de 2021. Conservadoramente mantido como INDETERMINADO conforme diretriz metodológica.;CONFIRMADO;
41004957;ANCHIETA C E CMEF M N;Cruzeiro do Oeste;2022;INDETERMINADO;INDETERMINADO_SEM_DOCUMENTO_NO_PERIODO;2024;NAO_CONSTA;edital1142023_gsseed_ccm.pdf, p. 3 (Vigência expressa fixada a partir de 01/01/2024);Sem menção em editais nos autos para o ano de 2022. Conservadoramente mantido como INDETERMINADO conforme diretriz metodológica.;CONFIRMADO;
41004957;ANCHIETA C E CMEF M N;Cruzeiro do Oeste;2023;NAO;NAO_CCM_EM_CONSULTA_PREPARATORIA;2024;NAO_CONSTA;edital1142023_gsseed_ccm.pdf, p. 3 (Vigência expressa fixada a partir de 01/01/2024);"Escola operando na rede regular estadual; participou de consulta pública de adesão em 2023 cuja vigência foi fixada apenas a partir de 01/01/2024.";CONFIRMADO;
41004957;ANCHIETA C E CMEF M N;Cruzeiro do Oeste;2024;SIM;CCM_ATIVO_IMPLEMENTADO;2024;NAO_CONSTA;edital1142023_gsseed_ccm.pdf, p. 3 (Vigência expressa fixada a partir de 01/01/2024);Início formal da gestão cívico-militar em 01/01/2024 conforme edital1142023_gsseed_ccm.pdf, p. 3 (Vigência expressa fixada a partir de 01/01/2024).;CONFIRMADO;
41004957;ANCHIETA C E CMEF M N;Cruzeiro do Oeste;2025;SIM;CCM_ATIVO_CONTINUIDADE;2024;NAO_CONSTA;edital1142023_gsseed_ccm.pdf, p. 3 (Vigência expressa fixada a partir de 01/01/2024);"Gestão cívico-militar em continuidade regular; sem publicação de ato de revogação, exclusão ou encerramento.";CONFIRMADO;
41004957;ANCHIETA C E CMEF M N;Cruzeiro do Oeste;2026;SIM;CCM_ATIVO_CONTINUIDADE;2024;NAO_CONSTA;edital1142023_gsseed_ccm.pdf, p. 3 (Vigência expressa fixada a partir de 01/01/2024);"Gestão cívico-militar em continuidade regular; sem publicação de ato de revogação, exclusão ou encerramento.";CONFIRMADO;
41007131;NESTOR VICTOR C EEF M N PROFIS;Pérola;2020;INDETERMINADO;INDETERMINADO_SEM_DOCUMENTO_NO_PERIODO;2026;NAO_CONSTA;edital1362025_gsseed_prot249175889_ccm_consulta_publica_resultado.pdf, p. 2 (Vigência expressa fixada a partir de 01/01/2026);Sem menção em editais nos autos para o ano de 2020. Conservadoramente mantido como INDETERMINADO conforme diretriz metodológica.;CONFIRMADO;
41007131;NESTOR VICTOR C EEF M N PROFIS;Pérola;2021;INDETERMINADO;INDETERMINADO_SEM_DOCUMENTO_NO_PERIODO;2026;NAO_CONSTA;edital1362025_gsseed_prot249175889_ccm_consulta_publica_resultado.pdf, p. 2 (Vigência expressa fixada a partir de 01/01/2026);Sem menção em editais nos autos para o ano de 2021. Conservadoramente mantido como INDETERMINADO conforme diretriz metodológica.;CONFIRMADO;
41007131;NESTOR VICTOR C EEF M N PROFIS;Pérola;2022;INDETERMINADO;INDETERMINADO_SEM_DOCUMENTO_NO_PERIODO;2026;NAO_CONSTA;edital1362025_gsseed_prot249175889_ccm_consulta_publica_resultado.pdf, p. 2 (Vigência expressa fixada a partir de 01/01/2026);Sem menção em editais nos autos para o ano de 2022. Conservadoramente mantido como INDETERMINADO conforme diretriz metodológica.;CONFIRMADO;
41007131;NESTOR VICTOR C EEF M N PROFIS;Pérola;2023;INDETERMINADO;INDETERMINADO_SEM_DOCUMENTO_NO_PERIODO;2026;NAO_CONSTA;edital1362025_gsseed_prot249175889_ccm_consulta_publica_resultado.pdf, p. 2 (Vigência expressa fixada a partir de 01/01/2026);Sem menção em editais nos autos para o ano de 2023. Conservadoramente mantido como INDETERMINADO conforme diretriz metodológica.;CONFIRMADO;
41007131;NESTOR VICTOR C EEF M N PROFIS;Pérola;2024;INDETERMINADO;INDETERMINADO_SEM_DOCUMENTO_NO_PERIODO;2026;NAO_CONSTA;edital1362025_gsseed_prot249175889_ccm_consulta_publica_resultado.pdf, p. 2 (Vigência expressa fixada a partir de 01/01/2026);Sem menção em editais nos autos para o ano de 2024. Conservadoramente mantido como INDETERMINADO conforme diretriz metodológica.;CONFIRMADO;
41007131;NESTOR VICTOR C EEF M N PROFIS;Pérola;2025;NAO;NAO_CCM_EM_CONSULTA_PREPARATORIA;2026;NAO_CONSTA;edital1362025_gsseed_prot249175889_ccm_consulta_publica_resultado.pdf, p. 2 (Vigência expressa fixada a partir de 01/01/2026);"Escola operando na rede regular estadual; participou de consulta pública de adesão em 2025 cuja vigência foi fixada apenas a partir de 01/01/2026.";CONFIRMADO;
41007131;NESTOR VICTOR C EEF M N PROFIS;Pérola;2026;SIM;CCM_ATIVO_IMPLEMENTADO;2026;NAO_CONSTA;edital1362025_gsseed_prot249175889_ccm_consulta_publica_resultado.pdf, p. 2 (Vigência expressa fixada a partir de 01/01/2026);Início formal da gestão cívico-militar em 01/01/2026 conforme edital1362025_gsseed_prot249175889_ccm_consulta_publica_resultado.pdf, p. 2 (Vigência expressa fixada a partir de 01/01/2026).;CONFIRMADO;
41007280;CASTELO BRANCO E E CM PRESEF;Tapira;2020;INDETERMINADO;INDETERMINADO_SEM_DOCUMENTO_NO_PERIODO;2024;NAO_CONSTA;edital1142023_gsseed_ccm.pdf, p. 3 (Vigência expressa fixada a partir de 01/01/2024);Sem menção em editais nos autos para o ano de 2020. Conservadoramente mantido como INDETERMINADO conforme diretriz metodológica.;CONFIRMADO;
41007280;CASTELO BRANCO E E CM PRESEF;Tapira;2021;INDETERMINADO;INDETERMINADO_SEM_DOCUMENTO_NO_PERIODO;2024;NAO_CONSTA;edital1142023_gsseed_ccm.pdf, p. 3 (Vigência expressa fixada a partir de 01/01/2024);Sem menção em editais nos autos para o ano de 2021. Conservadoramente mantido como INDETERMINADO conforme diretriz metodológica.;CONFIRMADO;
41007280;CASTELO BRANCO E E CM PRESEF;Tapira;2022;INDETERMINADO;INDETERMINADO_SEM_DOCUMENTO_NO_PERIODO;2024;NAO_CONSTA;edital1142023_gsseed_ccm.pdf, p. 3 (Vigência expressa fixada a partir de 01/01/2024);Sem menção em editais nos autos para o ano de 2022. Conservadoramente mantido como INDETERMINADO conforme diretriz metodológica.;CONFIRMADO;
41007280;CASTELO BRANCO E E CM PRESEF;Tapira;2023;NAO;NAO_CCM_EM_CONSULTA_PREPARATORIA;2024;NAO_CONSTA;edital1142023_gsseed_ccm.pdf, p. 3 (Vigência expressa fixada a partir de 01/01/2024);"Escola operando na rede regular estadual; participou de consulta pública de adesão em 2023 cuja vigência foi fixada apenas a partir de 01/01/2024.";CONFIRMADO;
41007280;CASTELO BRANCO E E CM PRESEF;Tapira;2024;SIM;CCM_ATIVO_IMPLEMENTADO;2024;NAO_CONSTA;edital1142023_gsseed_ccm.pdf, p. 3 (Vigência expressa fixada a partir de 01/01/2024);Início formal da gestão cívico-militar em 01/01/2024 conforme edital1142023_gsseed_ccm.pdf, p. 3 (Vigência expressa fixada a partir de 01/01/2024).;CONFIRMADO;
41007280;CASTELO BRANCO E E CM PRESEF;Tapira;2025;SIM;CCM_ATIVO_CONTINUIDADE;2024;NAO_CONSTA;edital1142023_gsseed_ccm.pdf, p. 3 (Vigência expressa fixada a partir de 01/01/2024);"Gestão cívico-militar em continuidade regular; sem publicação de ato de revogação, exclusão ou encerramento.";CONFIRMADO;
41007280;CASTELO BRANCO E E CM PRESEF;Tapira;2026;SIM;CCM_ATIVO_CONTINUIDADE;2024;NAO_CONSTA;edital1142023_gsseed_ccm.pdf, p. 3 (Vigência expressa fixada a partir de 01/01/2024);"Gestão cívico-militar em continuidade regular; sem publicação de ato de revogação, exclusão ou encerramento.";CONFIRMADO;
41008111;NEIVA PAVAN M GARCIA C E PROFA EF M;Umuarama;2020;INDETERMINADO;INDETERMINADO_SEM_DOCUMENTO_NO_PERIODO;INDETERMINADO;NAO_CONSTA;NENHUMA_APROVACAO_DOCUMENTADA;Sem documentos nos autos para o ano de 2020.;CONFIRMADO;
41008111;NEIVA PAVAN M GARCIA C E PROFA EF M;Umuarama;2021;INDETERMINADO;INDETERMINADO_SEM_DOCUMENTO_NO_PERIODO;INDETERMINADO;NAO_CONSTA;NENHUMA_APROVACAO_DOCUMENTADA;Sem documentos nos autos para o ano de 2021.;CONFIRMADO;
41008111;NEIVA PAVAN M GARCIA C E PROFA EF M;Umuarama;2022;INDETERMINADO;INDETERMINADO_SEM_DOCUMENTO_NO_PERIODO;INDETERMINADO;NAO_CONSTA;NENHUMA_APROVACAO_DOCUMENTADA;Sem documentos nos autos para o ano de 2022.;CONFIRMADO;
41008111;NEIVA PAVAN M GARCIA C E PROFA EF M;Umuarama;2023;INDETERMINADO;INDETERMINADO_SEM_DOCUMENTO_NO_PERIODO;INDETERMINADO;NAO_CONSTA;NENHUMA_APROVACAO_DOCUMENTADA;Sem documentos nos autos para o ano de 2023.;CONFIRMADO;
41008111;NEIVA PAVAN M GARCIA C E PROFA EF M;Umuarama;2024;INDETERMINADO;INDETERMINADO_CONSULTA_SEM_HOMOLOGACAO;INDETERMINADO;NAO_CONSTA;NENHUMA_APROVACAO_DOCUMENTADA;"Consulta pública realizada não foi homologada nos editais oficiais analisados; comunidade escolar rejeitou o modelo ou quórum não foi atingido.";CONFIRMADO;
41008111;NEIVA PAVAN M GARCIA C E PROFA EF M;Umuarama;2025;NAO;NAO_CCM_EM_CONSULTA;INDETERMINADO;NAO_CONSTA;NENHUMA_APROVACAO_DOCUMENTADA;Escola convocada para consulta pública no ano de 2025, porém sem homologação de resultado favorável nos editais oficiais analisados (comunidade votou pela manutenção do modelo tradicional).;CONFIRMADO;
41008111;NEIVA PAVAN M GARCIA C E PROFA EF M;Umuarama;2026;INDETERMINADO;INDETERMINADO_CONSULTA_SEM_HOMOLOGACAO;INDETERMINADO;NAO_CONSTA;NENHUMA_APROVACAO_DOCUMENTADA;"Consulta pública realizada não foi homologada nos editais oficiais analisados; comunidade escolar rejeitou o modelo ou quórum não foi atingido.";CONFIRMADO;
41010132;RUI BARBOSA C EEF EM PROFIS;Japurá;2020;INDETERMINADO;INDETERMINADO_SEM_DOCUMENTO_NO_PERIODO;2026;NAO_CONSTA;edital1362025_gsseed_prot249175889_ccm_consulta_publica_resultado.pdf, p. 2 (Vigência expressa fixada a partir de 01/01/2026);Sem menção em editais nos autos para o ano de 2020. Conservadoramente mantido como INDETERMINADO conforme diretriz metodológica.;CONFIRMADO;
41010132;RUI BARBOSA C EEF EM PROFIS;Japurá;2021;INDETERMINADO;INDETERMINADO_SEM_DOCUMENTO_NO_PERIODO;2026;NAO_CONSTA;edital1362025_gsseed_prot249175889_ccm_consulta_publica_resultado.pdf, p. 2 (Vigência expressa fixada a partir de 01/01/2026);Sem menção em editais nos autos para o ano de 2021. Conservadoramente mantido como INDETERMINADO conforme diretriz metodológica.;CONFIRMADO;
41010132;RUI BARBOSA C EEF EM PROFIS;Japurá;2022;INDETERMINADO;INDETERMINADO_SEM_DOCUMENTO_NO_PERIODO;2026;NAO_CONSTA;edital1362025_gsseed_prot249175889_ccm_consulta_publica_resultado.pdf, p. 2 (Vigência expressa fixada a partir de 01/01/2026);Sem menção em editais nos autos para o ano de 2022. Conservadoramente mantido como INDETERMINADO conforme diretriz metodológica.;CONFIRMADO;
41010132;RUI BARBOSA C EEF EM PROFIS;Japurá;2023;INDETERMINADO;INDETERMINADO_SEM_DOCUMENTO_NO_PERIODO;2026;NAO_CONSTA;edital1362025_gsseed_prot249175889_ccm_consulta_publica_resultado.pdf, p. 2 (Vigência expressa fixada a partir de 01/01/2026);Sem menção em editais nos autos para o ano de 2023. Conservadoramente mantido como INDETERMINADO conforme diretriz metodológica.;CONFIRMADO;
41010132;RUI BARBOSA C EEF EM PROFIS;Japurá;2024;INDETERMINADO;INDETERMINADO_SEM_DOCUMENTO_NO_PERIODO;2026;NAO_CONSTA;edital1362025_gsseed_prot249175889_ccm_consulta_publica_resultado.pdf, p. 2 (Vigência expressa fixada a partir de 01/01/2026);Sem menção em editais nos autos para o ano de 2024. Conservadoramente mantido como INDETERMINADO conforme diretriz metodológica.;CONFIRMADO;
41010132;RUI BARBOSA C EEF EM PROFIS;Japurá;2025;NAO;NAO_CCM_EM_CONSULTA_PREPARATORIA;2026;NAO_CONSTA;edital1362025_gsseed_prot249175889_ccm_consulta_publica_resultado.pdf, p. 2 (Vigência expressa fixada a partir de 01/01/2026);"Escola operando na rede regular estadual; participou de consulta pública de adesão em 2025 cuja vigência foi fixada apenas a partir de 01/01/2026.";CONFIRMADO;
41010132;RUI BARBOSA C EEF EM PROFIS;Japurá;2026;SIM;CCM_ATIVO_IMPLEMENTADO;2026;NAO_CONSTA;edital1362025_gsseed_prot249175889_ccm_consulta_publica_resultado.pdf, p. 2 (Vigência expressa fixada a partir de 01/01/2026);Início formal da gestão cívico-militar em 01/01/2026 conforme edital1362025_gsseed_prot249175889_ccm_consulta_publica_resultado.pdf, p. 2 (Vigência expressa fixada a partir de 01/01/2026).;CONFIRMADO;
41010345;CASTRO ALVES C E CMEM PROFIS;Rondon;2020;INDETERMINADO;INDETERMINADO_SEM_DOCUMENTO_NO_PERIODO;2024;NAO_CONSTA;edital1222023_gsseed_prot214105004_ccm_resultado_processo_consulta_publica.pdf, p. 1 (Vigência expressa fixada a partir de 01/01/2024);Sem menção em editais nos autos para o ano de 2020. Conservadoramente mantido como INDETERMINADO conforme diretriz metodológica.;CONFIRMADO;
41010345;CASTRO ALVES C E CMEM PROFIS;Rondon;2021;INDETERMINADO;INDETERMINADO_SEM_DOCUMENTO_NO_PERIODO;2024;NAO_CONSTA;edital1222023_gsseed_prot214105004_ccm_resultado_processo_consulta_publica.pdf, p. 1 (Vigência expressa fixada a partir de 01/01/2024);Sem menção em editais nos autos para o ano de 2021. Conservadoramente mantido como INDETERMINADO conforme diretriz metodológica.;CONFIRMADO;
41010345;CASTRO ALVES C E CMEM PROFIS;Rondon;2022;INDETERMINADO;INDETERMINADO_SEM_DOCUMENTO_NO_PERIODO;2024;NAO_CONSTA;edital1222023_gsseed_prot214105004_ccm_resultado_processo_consulta_publica.pdf, p. 1 (Vigência expressa fixada a partir de 01/01/2024);Sem menção em editais nos autos para o ano de 2022. Conservadoramente mantido como INDETERMINADO conforme diretriz metodológica.;CONFIRMADO;
41010345;CASTRO ALVES C E CMEM PROFIS;Rondon;2023;NAO;NAO_CCM_EM_CONSULTA_PREPARATORIA;2024;NAO_CONSTA;edital1222023_gsseed_prot214105004_ccm_resultado_processo_consulta_publica.pdf, p. 1 (Vigência expressa fixada a partir de 01/01/2024);"Escola operando na rede regular estadual; participou de consulta pública de adesão em 2023 cuja vigência foi fixada apenas a partir de 01/01/2024.";CONFIRMADO;
41010345;CASTRO ALVES C E CMEM PROFIS;Rondon;2024;SIM;CCM_ATIVO_IMPLEMENTADO;2024;NAO_CONSTA;edital1222023_gsseed_prot214105004_ccm_resultado_processo_consulta_publica.pdf, p. 1 (Vigência expressa fixada a partir de 01/01/2024);Início formal da gestão cívico-militar em 01/01/2024 conforme edital1222023_gsseed_prot214105004_ccm_resultado_processo_consulta_publica.pdf, p. 1 (Vigência expressa fixada a partir de 01/01/2024).;CONFIRMADO;
41010345;CASTRO ALVES C E CMEM PROFIS;Rondon;2025;SIM;CCM_ATIVO_CONTINUIDADE;2024;NAO_CONSTA;edital1222023_gsseed_prot214105004_ccm_resultado_processo_consulta_publica.pdf, p. 1 (Vigência expressa fixada a partir de 01/01/2024);"Gestão cívico-militar em continuidade regular; sem publicação de ato de revogação, exclusão ou encerramento.";CONFIRMADO;
41010345;CASTRO ALVES C E CMEM PROFIS;Rondon;2026;SIM;CCM_ATIVO_CONTINUIDADE;2024;NAO_CONSTA;edital1222023_gsseed_prot214105004_ccm_resultado_processo_consulta_publica.pdf, p. 1 (Vigência expressa fixada a partir de 01/01/2024);"Gestão cívico-militar em continuidade regular; sem publicação de ato de revogação, exclusão ou encerramento.";CONFIRMADO;
41010540;SANTOS DUMONT C EEF M N;São Tomé;2020;INDETERMINADO;INDETERMINADO_SEM_DOCUMENTO_NO_PERIODO;2026;NAO_CONSTA;edital1362025_gsseed_prot249175889_ccm_consulta_publica_resultado.pdf, p. 2 (Vigência expressa fixada a partir de 01/01/2026);Sem menção em editais nos autos para o ano de 2020. Conservadoramente mantido como INDETERMINADO conforme diretriz metodológica.;CONFIRMADO;
41010540;SANTOS DUMONT C EEF M N;São Tomé;2021;INDETERMINADO;INDETERMINADO_SEM_DOCUMENTO_NO_PERIODO;2026;NAO_CONSTA;edital1362025_gsseed_prot249175889_ccm_consulta_publica_resultado.pdf, p. 2 (Vigência expressa fixada a partir de 01/01/2026);Sem menção em editais nos autos para o ano de 2021. Conservadoramente mantido como INDETERMINADO conforme diretriz metodológica.;CONFIRMADO;
41010540;SANTOS DUMONT C EEF M N;São Tomé;2022;INDETERMINADO;INDETERMINADO_SEM_DOCUMENTO_NO_PERIODO;2026;NAO_CONSTA;edital1362025_gsseed_prot249175889_ccm_consulta_publica_resultado.pdf, p. 2 (Vigência expressa fixada a partir de 01/01/2026);Sem menção em editais nos autos para o ano de 2022. Conservadoramente mantido como INDETERMINADO conforme diretriz metodológica.;CONFIRMADO;
41010540;SANTOS DUMONT C EEF M N;São Tomé;2023;INDETERMINADO;INDETERMINADO_SEM_DOCUMENTO_NO_PERIODO;2026;NAO_CONSTA;edital1362025_gsseed_prot249175889_ccm_consulta_publica_resultado.pdf, p. 2 (Vigência expressa fixada a partir de 01/01/2026);Sem menção em editais nos autos para o ano de 2023. Conservadoramente mantido como INDETERMINADO conforme diretriz metodológica.;CONFIRMADO;
41010540;SANTOS DUMONT C EEF M N;São Tomé;2024;INDETERMINADO;INDETERMINADO_SEM_DOCUMENTO_NO_PERIODO;2026;NAO_CONSTA;edital1362025_gsseed_prot249175889_ccm_consulta_publica_resultado.pdf, p. 2 (Vigência expressa fixada a partir de 01/01/2026);Sem menção em editais nos autos para o ano de 2024. Conservadoramente mantido como INDETERMINADO conforme diretriz metodológica.;CONFIRMADO;
41010540;SANTOS DUMONT C EEF M N;São Tomé;2025;NAO;NAO_CCM_EM_CONSULTA_PREPARATORIA;2026;NAO_CONSTA;edital1362025_gsseed_prot249175889_ccm_consulta_publica_resultado.pdf, p. 2 (Vigência expressa fixada a partir de 01/01/2026);"Escola operando na rede regular estadual; participou de consulta pública de adesão em 2025 cuja vigência foi fixada apenas a partir de 01/01/2026.";CONFIRMADO;
41010540;SANTOS DUMONT C EEF M N;São Tomé;2026;SIM;CCM_ATIVO_IMPLEMENTADO;2026;NAO_CONSTA;edital1362025_gsseed_prot249175889_ccm_consulta_publica_resultado.pdf, p. 2 (Vigência expressa fixada a partir de 01/01/2026);Início formal da gestão cívico-militar em 01/01/2026 conforme edital1362025_gsseed_prot249175889_ccm_consulta_publica_resultado.pdf, p. 2 (Vigência expressa fixada a partir de 01/01/2026).;CONFIRMADO;
41012631;RIBEIRO DE CAMPOS E E CMEF;Goioerê;2020;INDETERMINADO;INDETERMINADO_SEM_DOCUMENTO_NO_PERIODO;2024;NAO_CONSTA;edital1142023_gsseed_ccm.pdf, p. 2 (Vigência expressa fixada a partir de 01/01/2024);Sem menção em editais nos autos para o ano de 2020. Conservadoramente mantido como INDETERMINADO conforme diretriz metodológica.;CONFIRMADO;
41012631;RIBEIRO DE CAMPOS E E CMEF;Goioerê;2021;INDETERMINADO;INDETERMINADO_SEM_DOCUMENTO_NO_PERIODO;2024;NAO_CONSTA;edital1142023_gsseed_ccm.pdf, p. 2 (Vigência expressa fixada a partir de 01/01/2024);Sem menção em editais nos autos para o ano de 2021. Conservadoramente mantido como INDETERMINADO conforme diretriz metodológica.;CONFIRMADO;
41012631;RIBEIRO DE CAMPOS E E CMEF;Goioerê;2022;INDETERMINADO;INDETERMINADO_SEM_DOCUMENTO_NO_PERIODO;2024;NAO_CONSTA;edital1142023_gsseed_ccm.pdf, p. 2 (Vigência expressa fixada a partir de 01/01/2024);Sem menção em editais nos autos para o ano de 2022. Conservadoramente mantido como INDETERMINADO conforme diretriz metodológica.;CONFIRMADO;
41012631;RIBEIRO DE CAMPOS E E CMEF;Goioerê;2023;NAO;NAO_CCM_EM_CONSULTA_PREPARATORIA;2024;NAO_CONSTA;edital1142023_gsseed_ccm.pdf, p. 2 (Vigência expressa fixada a partir de 01/01/2024);"Escola operando na rede regular estadual; participou de consulta pública de adesão em 2023 cuja vigência foi fixada apenas a partir de 01/01/2024.";CONFIRMADO;
41012631;RIBEIRO DE CAMPOS E E CMEF;Goioerê;2024;SIM;CCM_ATIVO_IMPLEMENTADO;2024;NAO_CONSTA;edital1142023_gsseed_ccm.pdf, p. 2 (Vigência expressa fixada a partir de 01/01/2024);Início formal da gestão cívico-militar em 01/01/2024 conforme edital1142023_gsseed_ccm.pdf, p. 2 (Vigência expressa fixada a partir de 01/01/2024).;CONFIRMADO;
41012631;RIBEIRO DE CAMPOS E E CMEF;Goioerê;2025;SIM;CCM_ATIVO_CONTINUIDADE;2024;NAO_CONSTA;edital1142023_gsseed_ccm.pdf, p. 2 (Vigência expressa fixada a partir de 01/01/2024);"Gestão cívico-militar em continuidade regular; sem publicação de ato de revogação, exclusão ou encerramento.";CONFIRMADO;
41012631;RIBEIRO DE CAMPOS E E CMEF;Goioerê;2026;SIM;CCM_ATIVO_CONTINUIDADE;2024;NAO_CONSTA;edital1142023_gsseed_ccm.pdf, p. 2 (Vigência expressa fixada a partir de 01/01/2024);"Gestão cívico-militar em continuidade regular; sem publicação de ato de revogação, exclusão ou encerramento.";CONFIRMADO;
41016254;ANTONIO VIEIRA C E PEEF M PROF NORMAL;Engenheiro Beltrão;2020;INDETERMINADO;INDETERMINADO_SEM_DOCUMENTO_NO_PERIODO;2026;NAO_CONSTA;edital1362025_gsseed_prot249175889_ccm_consulta_publica_resultado.pdf, p. 2 (Vigência expressa fixada a partir de 01/01/2026);Sem menção em editais nos autos para o ano de 2020. Conservadoramente mantido como INDETERMINADO conforme diretriz metodológica.;CONFIRMADO;Retificação oficial do código publicada no Edital nº 136/2025 (no Edital nº 125/2025 havia sido grafado erroneamente como 41146093).
41016254;ANTONIO VIEIRA C E PEEF M PROF NORMAL;Engenheiro Beltrão;2021;INDETERMINADO;INDETERMINADO_SEM_DOCUMENTO_NO_PERIODO;2026;NAO_CONSTA;edital1362025_gsseed_prot249175889_ccm_consulta_publica_resultado.pdf, p. 2 (Vigência expressa fixada a partir de 01/01/2026);Sem menção em editais nos autos para o ano de 2021. Conservadoramente mantido como INDETERMINADO conforme diretriz metodológica.;CONFIRMADO;Retificação oficial do código publicada no Edital nº 136/2025 (no Edital nº 125/2025 havia sido grafado erroneamente como 41146093).
41016254;ANTONIO VIEIRA C E PEEF M PROF NORMAL;Engenheiro Beltrão;2022;INDETERMINADO;INDETERMINADO_SEM_DOCUMENTO_NO_PERIODO;2026;NAO_CONSTA;edital1362025_gsseed_prot249175889_ccm_consulta_publica_resultado.pdf, p. 2 (Vigência expressa fixada a partir de 01/01/2026);Sem menção em editais nos autos para o ano de 2022. Conservadoramente mantido como INDETERMINADO conforme diretriz metodológica.;CONFIRMADO;Retificação oficial do código publicada no Edital nº 136/2025 (no Edital nº 125/2025 havia sido grafado erroneamente como 41146093).
41016254;ANTONIO VIEIRA C E PEEF M PROF NORMAL;Engenheiro Beltrão;2023;INDETERMINADO;INDETERMINADO_SEM_DOCUMENTO_NO_PERIODO;2026;NAO_CONSTA;edital1362025_gsseed_prot249175889_ccm_consulta_publica_resultado.pdf, p. 2 (Vigência expressa fixada a partir de 01/01/2026);Sem menção em editais nos autos para o ano de 2023. Conservadoramente mantido como INDETERMINADO conforme diretriz metodológica.;CONFIRMADO;Retificação oficial do código publicada no Edital nº 136/2025 (no Edital nº 125/2025 havia sido grafado erroneamente como 41146093).
41016254;ANTONIO VIEIRA C E PEEF M PROF NORMAL;Engenheiro Beltrão;2024;INDETERMINADO;INDETERMINADO_SEM_DOCUMENTO_NO_PERIODO;2026;NAO_CONSTA;edital1362025_gsseed_prot249175889_ccm_consulta_publica_resultado.pdf, p. 2 (Vigência expressa fixada a partir de 01/01/2026);Sem menção em editais nos autos para o ano de 2024. Conservadoramente mantido como INDETERMINADO conforme diretriz metodológica.;CONFIRMADO;Retificação oficial do código publicada no Edital nº 136/2025 (no Edital nº 125/2025 havia sido grafado erroneamente como 41146093).
41016254;ANTONIO VIEIRA C E PEEF M PROF NORMAL;Engenheiro Beltrão;2025;NAO;NAO_CCM_EM_CONSULTA_PREPARATORIA;2026;NAO_CONSTA;edital1362025_gsseed_prot249175889_ccm_consulta_publica_resultado.pdf, p. 2 (Vigência expressa fixada a partir de 01/01/2026);"Escola operando na rede regular estadual; participou de consulta pública de adesão em 2025 cuja vigência foi fixada apenas a partir de 01/01/2026.";CONFIRMADO;Retificação oficial do código publicada no Edital nº 136/2025 (no Edital nº 125/2025 havia sido grafado erroneamente como 41146093).
41016254;ANTONIO VIEIRA C E PEEF M PROF NORMAL;Engenheiro Beltrão;2026;SIM;CCM_ATIVO_IMPLEMENTADO;2026;NAO_CONSTA;edital1362025_gsseed_prot249175889_ccm_consulta_publica_resultado.pdf, p. 2 (Vigência expressa fixada a partir de 01/01/2026);Início formal da gestão cívico-militar em 01/01/2026 conforme edital1362025_gsseed_prot249175889_ccm_consulta_publica_resultado.pdf, p. 2 (Vigência expressa fixada a partir de 01/01/2026).;CONFIRMADO;Retificação oficial do código publicada no Edital nº 136/2025 (no Edital nº 125/2025 havia sido grafado erroneamente como 41146093).
41018800;LEO KOHLER E E CM PROFEF;Terra Boa;2020;INDETERMINADO;INDETERMINADO_SEM_DOCUMENTO_NO_PERIODO;2024;NAO_CONSTA;edital1232023_gsseed_prot 214151065_ccm_resultado_processo_consulta_publica1.pdf, p. 1 (Vigência expressa fixada a partir de 01/01/2024);Sem menção em editais nos autos para o ano de 2020. Conservadoramente mantido como INDETERMINADO conforme diretriz metodológica.;CONFIRMADO;
41018800;LEO KOHLER E E CM PROFEF;Terra Boa;2021;INDETERMINADO;INDETERMINADO_SEM_DOCUMENTO_NO_PERIODO;2024;NAO_CONSTA;edital1232023_gsseed_prot 214151065_ccm_resultado_processo_consulta_publica1.pdf, p. 1 (Vigência expressa fixada a partir de 01/01/2024);Sem menção em editais nos autos para o ano de 2021. Conservadoramente mantido como INDETERMINADO conforme diretriz metodológica.;CONFIRMADO;
41018800;LEO KOHLER E E CM PROFEF;Terra Boa;2022;INDETERMINADO;INDETERMINADO_SEM_DOCUMENTO_NO_PERIODO;2024;NAO_CONSTA;edital1232023_gsseed_prot 214151065_ccm_resultado_processo_consulta_publica1.pdf, p. 1 (Vigência expressa fixada a partir de 01/01/2024);Sem menção em editais nos autos para o ano de 2022. Conservadoramente mantido como INDETERMINADO conforme diretriz metodológica.;CONFIRMADO;
41018800;LEO KOHLER E E CM PROFEF;Terra Boa;2023;NAO;NAO_CCM_EM_CONSULTA_PREPARATORIA;2024;NAO_CONSTA;edital1232023_gsseed_prot 214151065_ccm_resultado_processo_consulta_publica1.pdf, p. 1 (Vigência expressa fixada a partir de 01/01/2024);"Escola operando na rede regular estadual; participou de consulta pública de adesão em 2023 cuja vigência foi fixada apenas a partir de 01/01/2024.";CONFIRMADO;
41018800;LEO KOHLER E E CM PROFEF;Terra Boa;2024;SIM;CCM_ATIVO_IMPLEMENTADO;2024;NAO_CONSTA;edital1232023_gsseed_prot 214151065_ccm_resultado_processo_consulta_publica1.pdf, p. 1 (Vigência expressa fixada a partir de 01/01/2024);Início formal da gestão cívico-militar em 01/01/2024 conforme edital1232023_gsseed_prot 214151065_ccm_resultado_processo_consulta_publica1.pdf, p. 1 (Vigência expressa fixada a partir de 01/01/2024).;CONFIRMADO;
41018800;LEO KOHLER E E CM PROFEF;Terra Boa;2025;SIM;CCM_ATIVO_CONTINUIDADE;2024;NAO_CONSTA;edital1232023_gsseed_prot 214151065_ccm_resultado_processo_consulta_publica1.pdf, p. 1 (Vigência expressa fixada a partir de 01/01/2024);"Gestão cívico-militar em continuidade regular; sem publicação de ato de revogação, exclusão ou encerramento.";CONFIRMADO;
41018800;LEO KOHLER E E CM PROFEF;Terra Boa;2026;SIM;CCM_ATIVO_CONTINUIDADE;2024;NAO_CONSTA;edital1232023_gsseed_prot 214151065_ccm_resultado_processo_consulta_publica1.pdf, p. 1 (Vigência expressa fixada a partir de 01/01/2024);"Gestão cívico-militar em continuidade regular; sem publicação de ato de revogação, exclusão ou encerramento.";CONFIRMADO;
41020189;OSVALDO ARANHA E EEF;Lobato;2020;INDETERMINADO;INDETERMINADO_SEM_DOCUMENTO_NO_PERIODO;2026;NAO_CONSTA;edital1362025_gsseed_prot249175889_ccm_consulta_publica_resultado.pdf, p. 2 (Vigência expressa fixada a partir de 01/01/2026);Sem menção em editais nos autos para o ano de 2020. Conservadoramente mantido como INDETERMINADO conforme diretriz metodológica.;CONFIRMADO;
41020189;OSVALDO ARANHA E EEF;Lobato;2021;INDETERMINADO;INDETERMINADO_SEM_DOCUMENTO_NO_PERIODO;2026;NAO_CONSTA;edital1362025_gsseed_prot249175889_ccm_consulta_publica_resultado.pdf, p. 2 (Vigência expressa fixada a partir de 01/01/2026);Sem menção em editais nos autos para o ano de 2021. Conservadoramente mantido como INDETERMINADO conforme diretriz metodológica.;CONFIRMADO;
41020189;OSVALDO ARANHA E EEF;Lobato;2022;INDETERMINADO;INDETERMINADO_SEM_DOCUMENTO_NO_PERIODO;2026;NAO_CONSTA;edital1362025_gsseed_prot249175889_ccm_consulta_publica_resultado.pdf, p. 2 (Vigência expressa fixada a partir de 01/01/2026);Sem menção em editais nos autos para o ano de 2022. Conservadoramente mantido como INDETERMINADO conforme diretriz metodológica.;CONFIRMADO;
41020189;OSVALDO ARANHA E EEF;Lobato;2023;INDETERMINADO;INDETERMINADO_SEM_DOCUMENTO_NO_PERIODO;2026;NAO_CONSTA;edital1362025_gsseed_prot249175889_ccm_consulta_publica_resultado.pdf, p. 2 (Vigência expressa fixada a partir de 01/01/2026);Sem menção em editais nos autos para o ano de 2023. Conservadoramente mantido como INDETERMINADO conforme diretriz metodológica.;CONFIRMADO;
41020189;OSVALDO ARANHA E EEF;Lobato;2024;INDETERMINADO;INDETERMINADO_SEM_DOCUMENTO_NO_PERIODO;2026;NAO_CONSTA;edital1362025_gsseed_prot249175889_ccm_consulta_publica_resultado.pdf, p. 2 (Vigência expressa fixada a partir de 01/01/2026);Sem menção em editais nos autos para o ano de 2024. Conservadoramente mantido como INDETERMINADO conforme diretriz metodológica.;CONFIRMADO;
41020189;OSVALDO ARANHA E EEF;Lobato;2025;NAO;NAO_CCM_EM_CONSULTA_PREPARATORIA;2026;NAO_CONSTA;edital1362025_gsseed_prot249175889_ccm_consulta_publica_resultado.pdf, p. 2 (Vigência expressa fixada a partir de 01/01/2026);"Escola operando na rede regular estadual; participou de consulta pública de adesão em 2025 cuja vigência foi fixada apenas a partir de 01/01/2026.";CONFIRMADO;
41020189;OSVALDO ARANHA E EEF;Lobato;2026;SIM;CCM_ATIVO_IMPLEMENTADO;2026;NAO_CONSTA;edital1362025_gsseed_prot249175889_ccm_consulta_publica_resultado.pdf, p. 2 (Vigência expressa fixada a partir de 01/01/2026);Início formal da gestão cívico-militar em 01/01/2026 conforme edital1362025_gsseed_prot249175889_ccm_consulta_publica_resultado.pdf, p. 2 (Vigência expressa fixada a partir de 01/01/2026).;CONFIRMADO;
41020286;FRANCISCO J PERIOTO E E CM PROFEF;Mandaguaçu;2020;INDETERMINADO;INDETERMINADO_SEM_DOCUMENTO_NO_PERIODO;2024;NAO_CONSTA;edital1142023_gsseed_ccm.pdf, p. 3 (Vigência expressa fixada a partir de 01/01/2024);Sem menção em editais nos autos para o ano de 2020. Conservadoramente mantido como INDETERMINADO conforme diretriz metodológica.;CONFIRMADO;
41020286;FRANCISCO J PERIOTO E E CM PROFEF;Mandaguaçu;2021;INDETERMINADO;INDETERMINADO_SEM_DOCUMENTO_NO_PERIODO;2024;NAO_CONSTA;edital1142023_gsseed_ccm.pdf, p. 3 (Vigência expressa fixada a partir de 01/01/2024);Sem menção em editais nos autos para o ano de 2021. Conservadoramente mantido como INDETERMINADO conforme diretriz metodológica.;CONFIRMADO;
41020286;FRANCISCO J PERIOTO E E CM PROFEF;Mandaguaçu;2022;INDETERMINADO;INDETERMINADO_SEM_DOCUMENTO_NO_PERIODO;2024;NAO_CONSTA;edital1142023_gsseed_ccm.pdf, p. 3 (Vigência expressa fixada a partir de 01/01/2024);Sem menção em editais nos autos para o ano de 2022. Conservadoramente mantido como INDETERMINADO conforme diretriz metodológica.;CONFIRMADO;
41020286;FRANCISCO J PERIOTO E E CM PROFEF;Mandaguaçu;2023;NAO;NAO_CCM_EM_CONSULTA_PREPARATORIA;2024;NAO_CONSTA;edital1142023_gsseed_ccm.pdf, p. 3 (Vigência expressa fixada a partir de 01/01/2024);"Escola operando na rede regular estadual; participou de consulta pública de adesão em 2023 cuja vigência foi fixada apenas a partir de 01/01/2024.";CONFIRMADO;
41020286;FRANCISCO J PERIOTO E E CM PROFEF;Mandaguaçu;2024;SIM;CCM_ATIVO_IMPLEMENTADO;2024;NAO_CONSTA;edital1142023_gsseed_ccm.pdf, p. 3 (Vigência expressa fixada a partir de 01/01/2024);Início formal da gestão cívico-militar em 01/01/2024 conforme edital1142023_gsseed_ccm.pdf, p. 3 (Vigência expressa fixada a partir de 01/01/2024).;CONFIRMADO;
41020286;FRANCISCO J PERIOTO E E CM PROFEF;Mandaguaçu;2025;SIM;CCM_ATIVO_CONTINUIDADE;2024;NAO_CONSTA;edital1142023_gsseed_ccm.pdf, p. 3 (Vigência expressa fixada a partir de 01/01/2024);"Gestão cívico-militar em continuidade regular; sem publicação de ato de revogação, exclusão ou encerramento.";CONFIRMADO;
41020286;FRANCISCO J PERIOTO E E CM PROFEF;Mandaguaçu;2026;SIM;CCM_ATIVO_CONTINUIDADE;2024;NAO_CONSTA;edital1142023_gsseed_ccm.pdf, p. 3 (Vigência expressa fixada a partir de 01/01/2024);"Gestão cívico-militar em continuidade regular; sem publicação de ato de revogação, exclusão ou encerramento.";CONFIRMADO;
41020685;FRANCISCO P X LOPES E E CONEF;Nova Esperança;2020;INDETERMINADO;INDETERMINADO_SEM_DOCUMENTO_NO_PERIODO;INDETERMINADO;NAO_CONSTA;NENHUMA_APROVACAO_DOCUMENTADA;Sem documentos nos autos para o ano de 2020.;CONFIRMADO;
41020685;FRANCISCO P X LOPES E E CONEF;Nova Esperança;2021;INDETERMINADO;INDETERMINADO_SEM_DOCUMENTO_NO_PERIODO;INDETERMINADO;NAO_CONSTA;NENHUMA_APROVACAO_DOCUMENTADA;Sem documentos nos autos para o ano de 2021.;CONFIRMADO;
41020685;FRANCISCO P X LOPES E E CONEF;Nova Esperança;2022;INDETERMINADO;INDETERMINADO_SEM_DOCUMENTO_NO_PERIODO;INDETERMINADO;NAO_CONSTA;NENHUMA_APROVACAO_DOCUMENTADA;Sem documentos nos autos para o ano de 2022.;CONFIRMADO;
41020685;FRANCISCO P X LOPES E E CONEF;Nova Esperança;2023;INDETERMINADO;INDETERMINADO_SEM_DOCUMENTO_NO_PERIODO;INDETERMINADO;NAO_CONSTA;NENHUMA_APROVACAO_DOCUMENTADA;Sem documentos nos autos para o ano de 2023.;CONFIRMADO;
41020685;FRANCISCO P X LOPES E E CONEF;Nova Esperança;2024;INDETERMINADO;INDETERMINADO_CONSULTA_SEM_HOMOLOGACAO;INDETERMINADO;NAO_CONSTA;NENHUMA_APROVACAO_DOCUMENTADA;"Consulta pública realizada não foi homologada nos editais oficiais analisados; comunidade escolar rejeitou o modelo ou quórum não foi atingido.";CONFIRMADO;
41020685;FRANCISCO P X LOPES E E CONEF;Nova Esperança;2025;NAO;NAO_CCM_EM_CONSULTA;INDETERMINADO;NAO_CONSTA;NENHUMA_APROVACAO_DOCUMENTADA;Escola convocada para consulta pública no ano de 2025, porém sem homologação de resultado favorável nos editais oficiais analisados (comunidade votou pela manutenção do modelo tradicional).;CONFIRMADO;
41020685;FRANCISCO P X LOPES E E CONEF;Nova Esperança;2026;INDETERMINADO;INDETERMINADO_CONSULTA_SEM_HOMOLOGACAO;INDETERMINADO;NAO_CONSTA;NENHUMA_APROVACAO_DOCUMENTADA;"Consulta pública realizada não foi homologada nos editais oficiais analisados; comunidade escolar rejeitou o modelo ou quórum não foi atingido.";CONFIRMADO;
41020910;CECILIA MEIRELES E E CMEF;Santa Fé;2020;INDETERMINADO;INDETERMINADO_SEM_DOCUMENTO_NO_PERIODO;2024;NAO_CONSTA;edital1222023_gsseed_prot214105004_ccm_resultado_processo_consulta_publica.pdf, p. 1 (Vigência expressa fixada a partir de 01/01/2024);Sem menção em editais nos autos para o ano de 2020. Conservadoramente mantido como INDETERMINADO conforme diretriz metodológica.;CONFIRMADO;
41020910;CECILIA MEIRELES E E CMEF;Santa Fé;2021;INDETERMINADO;INDETERMINADO_SEM_DOCUMENTO_NO_PERIODO;2024;NAO_CONSTA;edital1222023_gsseed_prot214105004_ccm_resultado_processo_consulta_publica.pdf, p. 1 (Vigência expressa fixada a partir de 01/01/2024);Sem menção em editais nos autos para o ano de 2021. Conservadoramente mantido como INDETERMINADO conforme diretriz metodológica.;CONFIRMADO;
41020910;CECILIA MEIRELES E E CMEF;Santa Fé;2022;INDETERMINADO;INDETERMINADO_SEM_DOCUMENTO_NO_PERIODO;2024;NAO_CONSTA;edital1222023_gsseed_prot214105004_ccm_resultado_processo_consulta_publica.pdf, p. 1 (Vigência expressa fixada a partir de 01/01/2024);Sem menção em editais nos autos para o ano de 2022. Conservadoramente mantido como INDETERMINADO conforme diretriz metodológica.;CONFIRMADO;
41020910;CECILIA MEIRELES E E CMEF;Santa Fé;2023;NAO;NAO_CCM_EM_CONSULTA_PREPARATORIA;2024;NAO_CONSTA;edital1222023_gsseed_prot214105004_ccm_resultado_processo_consulta_publica.pdf, p. 1 (Vigência expressa fixada a partir de 01/01/2024);"Escola operando na rede regular estadual; participou de consulta pública de adesão em 2023 cuja vigência foi fixada apenas a partir de 01/01/2024.";CONFIRMADO;
41020910;CECILIA MEIRELES E E CMEF;Santa Fé;2024;SIM;CCM_ATIVO_IMPLEMENTADO;2024;NAO_CONSTA;edital1222023_gsseed_prot214105004_ccm_resultado_processo_consulta_publica.pdf, p. 1 (Vigência expressa fixada a partir de 01/01/2024);Início formal da gestão cívico-militar em 01/01/2024 conforme edital1222023_gsseed_prot214105004_ccm_resultado_processo_consulta_publica.pdf, p. 1 (Vigência expressa fixada a partir de 01/01/2024).;CONFIRMADO;
41020910;CECILIA MEIRELES E E CMEF;Santa Fé;2025;SIM;CCM_ATIVO_CONTINUIDADE;2024;NAO_CONSTA;edital1222023_gsseed_prot214105004_ccm_resultado_processo_consulta_publica.pdf, p. 1 (Vigência expressa fixada a partir de 01/01/2024);"Gestão cívico-militar em continuidade regular; sem publicação de ato de revogação, exclusão ou encerramento.";CONFIRMADO;
41020910;CECILIA MEIRELES E E CMEF;Santa Fé;2026;SIM;CCM_ATIVO_CONTINUIDADE;2024;NAO_CONSTA;edital1222023_gsseed_prot214105004_ccm_resultado_processo_consulta_publica.pdf, p. 1 (Vigência expressa fixada a partir de 01/01/2024);"Gestão cívico-militar em continuidade regular; sem publicação de ato de revogação, exclusão ou encerramento.";CONFIRMADO;
41021010;MANOEL F ALMEIDA E E CM DREF;Santo Inácio;2020;INDETERMINADO;INDETERMINADO_SEM_DOCUMENTO_NO_PERIODO;2024;NAO_CONSTA;edital1142023_gsseed_ccm.pdf, p. 3 (Vigência expressa fixada a partir de 01/01/2024);Sem menção em editais nos autos para o ano de 2020. Conservadoramente mantido como INDETERMINADO conforme diretriz metodológica.;CONFIRMADO;
41021010;MANOEL F ALMEIDA E E CM DREF;Santo Inácio;2021;INDETERMINADO;INDETERMINADO_SEM_DOCUMENTO_NO_PERIODO;2024;NAO_CONSTA;edital1142023_gsseed_ccm.pdf, p. 3 (Vigência expressa fixada a partir de 01/01/2024);Sem menção em editais nos autos para o ano de 2021. Conservadoramente mantido como INDETERMINADO conforme diretriz metodológica.;CONFIRMADO;
41021010;MANOEL F ALMEIDA E E CM DREF;Santo Inácio;2022;INDETERMINADO;INDETERMINADO_SEM_DOCUMENTO_NO_PERIODO;2024;NAO_CONSTA;edital1142023_gsseed_ccm.pdf, p. 3 (Vigência expressa fixada a partir de 01/01/2024);Sem menção em editais nos autos para o ano de 2022. Conservadoramente mantido como INDETERMINADO conforme diretriz metodológica.;CONFIRMADO;
41021010;MANOEL F ALMEIDA E E CM DREF;Santo Inácio;2023;NAO;NAO_CCM_EM_CONSULTA_PREPARATORIA;2024;NAO_CONSTA;edital1142023_gsseed_ccm.pdf, p. 3 (Vigência expressa fixada a partir de 01/01/2024);"Escola operando na rede regular estadual; participou de consulta pública de adesão em 2023 cuja vigência foi fixada apenas a partir de 01/01/2024.";CONFIRMADO;
41021010;MANOEL F ALMEIDA E E CM DREF;Santo Inácio;2024;SIM;CCM_ATIVO_IMPLEMENTADO;2024;NAO_CONSTA;edital1142023_gsseed_ccm.pdf, p. 3 (Vigência expressa fixada a partir de 01/01/2024);Início formal da gestão cívico-militar em 01/01/2024 conforme edital1142023_gsseed_ccm.pdf, p. 3 (Vigência expressa fixada a partir de 01/01/2024).;CONFIRMADO;
41021010;MANOEL F ALMEIDA E E CM DREF;Santo Inácio;2025;SIM;CCM_ATIVO_CONTINUIDADE;2024;NAO_CONSTA;edital1142023_gsseed_ccm.pdf, p. 3 (Vigência expressa fixada a partir de 01/01/2024);"Gestão cívico-militar em continuidade regular; sem publicação de ato de revogação, exclusão ou encerramento.";CONFIRMADO;
41021010;MANOEL F ALMEIDA E E CM DREF;Santo Inácio;2026;SIM;CCM_ATIVO_CONTINUIDADE;2024;NAO_CONSTA;edital1142023_gsseed_ccm.pdf, p. 3 (Vigência expressa fixada a partir de 01/01/2024);"Gestão cívico-militar em continuidade regular; sem publicação de ato de revogação, exclusão ou encerramento.";CONFIRMADO;
41021100;ANASTACIO CEREZINE E E CMEF;Alvorada do Sul;2020;INDETERMINADO;INDETERMINADO_SEM_DOCUMENTO_NO_PERIODO;2024;NAO_CONSTA;edital1142023_gsseed_ccm.pdf, p. 2 (Vigência expressa fixada a partir de 01/01/2024);Sem menção em editais nos autos para o ano de 2020. Conservadoramente mantido como INDETERMINADO conforme diretriz metodológica.;CONFIRMADO;
41021100;ANASTACIO CEREZINE E E CMEF;Alvorada do Sul;2021;INDETERMINADO;INDETERMINADO_SEM_DOCUMENTO_NO_PERIODO;2024;NAO_CONSTA;edital1142023_gsseed_ccm.pdf, p. 2 (Vigência expressa fixada a partir de 01/01/2024);Sem menção em editais nos autos para o ano de 2021. Conservadoramente mantido como INDETERMINADO conforme diretriz metodológica.;CONFIRMADO;
41021100;ANASTACIO CEREZINE E E CMEF;Alvorada do Sul;2022;INDETERMINADO;INDETERMINADO_SEM_DOCUMENTO_NO_PERIODO;2024;NAO_CONSTA;edital1142023_gsseed_ccm.pdf, p. 2 (Vigência expressa fixada a partir de 01/01/2024);Sem menção em editais nos autos para o ano de 2022. Conservadoramente mantido como INDETERMINADO conforme diretriz metodológica.;CONFIRMADO;
41021100;ANASTACIO CEREZINE E E CMEF;Alvorada do Sul;2023;NAO;NAO_CCM_EM_CONSULTA_PREPARATORIA;2024;NAO_CONSTA;edital1142023_gsseed_ccm.pdf, p. 2 (Vigência expressa fixada a partir de 01/01/2024);"Escola operando na rede regular estadual; participou de consulta pública de adesão em 2023 cuja vigência foi fixada apenas a partir de 01/01/2024.";CONFIRMADO;
41021100;ANASTACIO CEREZINE E E CMEF;Alvorada do Sul;2024;SIM;CCM_ATIVO_IMPLEMENTADO;2024;NAO_CONSTA;edital1142023_gsseed_ccm.pdf, p. 2 (Vigência expressa fixada a partir de 01/01/2024);Início formal da gestão cívico-militar em 01/01/2024 conforme edital1142023_gsseed_ccm.pdf, p. 2 (Vigência expressa fixada a partir de 01/01/2024).;CONFIRMADO;
41021100;ANASTACIO CEREZINE E E CMEF;Alvorada do Sul;2025;SIM;CCM_ATIVO_CONTINUIDADE;2024;NAO_CONSTA;edital1142023_gsseed_ccm.pdf, p. 2 (Vigência expressa fixada a partir de 01/01/2024);"Gestão cívico-militar em continuidade regular; sem publicação de ato de revogação, exclusão ou encerramento.";CONFIRMADO;
41021100;ANASTACIO CEREZINE E E CMEF;Alvorada do Sul;2026;SIM;CCM_ATIVO_CONTINUIDADE;2024;NAO_CONSTA;edital1142023_gsseed_ccm.pdf, p. 2 (Vigência expressa fixada a partir de 01/01/2024);"Gestão cívico-militar em continuidade regular; sem publicação de ato de revogação, exclusão ou encerramento.";CONFIRMADO;
41022750;ARTHUR C E SILVA E E CM PRESEF;Floresta;2020;INDETERMINADO;INDETERMINADO_SEM_DOCUMENTO_NO_PERIODO;2024;NAO_CONSTA;edital1142023_gsseed_ccm.pdf, p. 3 (Vigência expressa fixada a partir de 01/01/2024);Sem menção em editais nos autos para o ano de 2020. Conservadoramente mantido como INDETERMINADO conforme diretriz metodológica.;CONFIRMADO;
41022750;ARTHUR C E SILVA E E CM PRESEF;Floresta;2021;INDETERMINADO;INDETERMINADO_SEM_DOCUMENTO_NO_PERIODO;2024;NAO_CONSTA;edital1142023_gsseed_ccm.pdf, p. 3 (Vigência expressa fixada a partir de 01/01/2024);Sem menção em editais nos autos para o ano de 2021. Conservadoramente mantido como INDETERMINADO conforme diretriz metodológica.;CONFIRMADO;
41022750;ARTHUR C E SILVA E E CM PRESEF;Floresta;2022;INDETERMINADO;INDETERMINADO_SEM_DOCUMENTO_NO_PERIODO;2024;NAO_CONSTA;edital1142023_gsseed_ccm.pdf, p. 3 (Vigência expressa fixada a partir de 01/01/2024);Sem menção em editais nos autos para o ano de 2022. Conservadoramente mantido como INDETERMINADO conforme diretriz metodológica.;CONFIRMADO;
41022750;ARTHUR C E SILVA E E CM PRESEF;Floresta;2023;NAO;NAO_CCM_EM_CONSULTA_PREPARATORIA;2024;NAO_CONSTA;edital1142023_gsseed_ccm.pdf, p. 3 (Vigência expressa fixada a partir de 01/01/2024);"Escola operando na rede regular estadual; participou de consulta pública de adesão em 2023 cuja vigência foi fixada apenas a partir de 01/01/2024.";CONFIRMADO;
41022750;ARTHUR C E SILVA E E CM PRESEF;Floresta;2024;SIM;CCM_ATIVO_IMPLEMENTADO;2024;NAO_CONSTA;edital1142023_gsseed_ccm.pdf, p. 3 (Vigência expressa fixada a partir de 01/01/2024);Início formal da gestão cívico-militar em 01/01/2024 conforme edital1142023_gsseed_ccm.pdf, p. 3 (Vigência expressa fixada a partir de 01/01/2024).;CONFIRMADO;
41022750;ARTHUR C E SILVA E E CM PRESEF;Floresta;2025;SIM;CCM_ATIVO_CONTINUIDADE;2024;NAO_CONSTA;edital1142023_gsseed_ccm.pdf, p. 3 (Vigência expressa fixada a partir de 01/01/2024);"Gestão cívico-militar em continuidade regular; sem publicação de ato de revogação, exclusão ou encerramento.";CONFIRMADO;
41022750;ARTHUR C E SILVA E E CM PRESEF;Floresta;2026;SIM;CCM_ATIVO_CONTINUIDADE;2024;NAO_CONSTA;edital1142023_gsseed_ccm.pdf, p. 3 (Vigência expressa fixada a partir de 01/01/2024);"Gestão cívico-militar em continuidade regular; sem publicação de ato de revogação, exclusão ou encerramento.";CONFIRMADO;
41024281;MARCO A PIMENTA C EEF M;Maringá;2020;INDETERMINADO;INDETERMINADO_SEM_DOCUMENTO_NO_PERIODO;2026;NAO_CONSTA;edital1362025_gsseed_prot249175889_ccm_consulta_publica_resultado.pdf, p. 2 (Vigência expressa fixada a partir de 01/01/2026);Sem menção em editais nos autos para o ano de 2020. Conservadoramente mantido como INDETERMINADO conforme diretriz metodológica.;CONFIRMADO;
41024281;MARCO A PIMENTA C EEF M;Maringá;2021;INDETERMINADO;INDETERMINADO_SEM_DOCUMENTO_NO_PERIODO;2026;NAO_CONSTA;edital1362025_gsseed_prot249175889_ccm_consulta_publica_resultado.pdf, p. 2 (Vigência expressa fixada a partir de 01/01/2026);Sem menção em editais nos autos para o ano de 2021. Conservadoramente mantido como INDETERMINADO conforme diretriz metodológica.;CONFIRMADO;
41024281;MARCO A PIMENTA C EEF M;Maringá;2022;INDETERMINADO;INDETERMINADO_SEM_DOCUMENTO_NO_PERIODO;2026;NAO_CONSTA;edital1362025_gsseed_prot249175889_ccm_consulta_publica_resultado.pdf, p. 2 (Vigência expressa fixada a partir de 01/01/2026);Sem menção em editais nos autos para o ano de 2022. Conservadoramente mantido como INDETERMINADO conforme diretriz metodológica.;CONFIRMADO;
41024281;MARCO A PIMENTA C EEF M;Maringá;2023;INDETERMINADO;INDETERMINADO_SEM_DOCUMENTO_NO_PERIODO;2026;NAO_CONSTA;edital1362025_gsseed_prot249175889_ccm_consulta_publica_resultado.pdf, p. 2 (Vigência expressa fixada a partir de 01/01/2026);Sem menção em editais nos autos para o ano de 2023. Conservadoramente mantido como INDETERMINADO conforme diretriz metodológica.;CONFIRMADO;
41024281;MARCO A PIMENTA C EEF M;Maringá;2024;INDETERMINADO;INDETERMINADO_SEM_DOCUMENTO_NO_PERIODO;2026;NAO_CONSTA;edital1362025_gsseed_prot249175889_ccm_consulta_publica_resultado.pdf, p. 2 (Vigência expressa fixada a partir de 01/01/2026);Sem menção em editais nos autos para o ano de 2024. Conservadoramente mantido como INDETERMINADO conforme diretriz metodológica.;CONFIRMADO;
41024281;MARCO A PIMENTA C EEF M;Maringá;2025;NAO;NAO_CCM_EM_CONSULTA_PREPARATORIA;2026;NAO_CONSTA;edital1362025_gsseed_prot249175889_ccm_consulta_publica_resultado.pdf, p. 2 (Vigência expressa fixada a partir de 01/01/2026);"Escola operando na rede regular estadual; participou de consulta pública de adesão em 2025 cuja vigência foi fixada apenas a partir de 01/01/2026.";CONFIRMADO;
41024281;MARCO A PIMENTA C EEF M;Maringá;2026;SIM;CCM_ATIVO_IMPLEMENTADO;2026;NAO_CONSTA;edital1362025_gsseed_prot249175889_ccm_consulta_publica_resultado.pdf, p. 2 (Vigência expressa fixada a partir de 01/01/2026);Início formal da gestão cívico-militar em 01/01/2026 conforme edital1362025_gsseed_prot249175889_ccm_consulta_publica_resultado.pdf, p. 2 (Vigência expressa fixada a partir de 01/01/2026).;CONFIRMADO;
41024923;IZABEL C E PRINCEF M;Paiçandu;2020;INDETERMINADO;INDETERMINADO_SEM_DOCUMENTO_NO_PERIODO;2026;NAO_CONSTA;edital1362025_gsseed_prot249175889_ccm_consulta_publica_resultado.pdf, p. 3 (Vigência expressa fixada a partir de 01/01/2026);Sem menção em editais nos autos para o ano de 2020. Conservadoramente mantido como INDETERMINADO conforme diretriz metodológica.;CONFIRMADO;
41024923;IZABEL C E PRINCEF M;Paiçandu;2021;INDETERMINADO;INDETERMINADO_SEM_DOCUMENTO_NO_PERIODO;2026;NAO_CONSTA;edital1362025_gsseed_prot249175889_ccm_consulta_publica_resultado.pdf, p. 3 (Vigência expressa fixada a partir de 01/01/2026);Sem menção em editais nos autos para o ano de 2021. Conservadoramente mantido como INDETERMINADO conforme diretriz metodológica.;CONFIRMADO;
41024923;IZABEL C E PRINCEF M;Paiçandu;2022;INDETERMINADO;INDETERMINADO_SEM_DOCUMENTO_NO_PERIODO;2026;NAO_CONSTA;edital1362025_gsseed_prot249175889_ccm_consulta_publica_resultado.pdf, p. 3 (Vigência expressa fixada a partir de 01/01/2026);Sem menção em editais nos autos para o ano de 2022. Conservadoramente mantido como INDETERMINADO conforme diretriz metodológica.;CONFIRMADO;
41024923;IZABEL C E PRINCEF M;Paiçandu;2023;INDETERMINADO;INDETERMINADO_SEM_DOCUMENTO_NO_PERIODO;2026;NAO_CONSTA;edital1362025_gsseed_prot249175889_ccm_consulta_publica_resultado.pdf, p. 3 (Vigência expressa fixada a partir de 01/01/2026);Sem menção em editais nos autos para o ano de 2023. Conservadoramente mantido como INDETERMINADO conforme diretriz metodológica.;CONFIRMADO;
41024923;IZABEL C E PRINCEF M;Paiçandu;2024;INDETERMINADO;INDETERMINADO_SEM_DOCUMENTO_NO_PERIODO;2026;NAO_CONSTA;edital1362025_gsseed_prot249175889_ccm_consulta_publica_resultado.pdf, p. 3 (Vigência expressa fixada a partir de 01/01/2026);Sem menção em editais nos autos para o ano de 2024. Conservadoramente mantido como INDETERMINADO conforme diretriz metodológica.;CONFIRMADO;
41024923;IZABEL C E PRINCEF M;Paiçandu;2025;NAO;NAO_CCM_EM_CONSULTA_PREPARATORIA;2026;NAO_CONSTA;edital1362025_gsseed_prot249175889_ccm_consulta_publica_resultado.pdf, p. 3 (Vigência expressa fixada a partir de 01/01/2026);"Escola operando na rede regular estadual; participou de consulta pública de adesão em 2025 cuja vigência foi fixada apenas a partir de 01/01/2026.";CONFIRMADO;
41024923;IZABEL C E PRINCEF M;Paiçandu;2026;SIM;CCM_ATIVO_IMPLEMENTADO;2026;NAO_CONSTA;edital1362025_gsseed_prot249175889_ccm_consulta_publica_resultado.pdf, p. 3 (Vigência expressa fixada a partir de 01/01/2026);Início formal da gestão cívico-militar em 01/01/2026 conforme edital1362025_gsseed_prot249175889_ccm_consulta_publica_resultado.pdf, p. 3 (Vigência expressa fixada a partir de 01/01/2026).;CONFIRMADO;
41024931;NEIDE BERTASSO BERALDO C EEF M PROFIS;Paiçandu;2020;INDETERMINADO;INDETERMINADO_SEM_DOCUMENTO_NO_PERIODO;INDETERMINADO;NAO_CONSTA;NENHUMA_APROVACAO_DOCUMENTADA;Sem documentos nos autos para o ano de 2020.;CONFIRMADO;
41024931;NEIDE BERTASSO BERALDO C EEF M PROFIS;Paiçandu;2021;INDETERMINADO;INDETERMINADO_SEM_DOCUMENTO_NO_PERIODO;INDETERMINADO;NAO_CONSTA;NENHUMA_APROVACAO_DOCUMENTADA;Sem documentos nos autos para o ano de 2021.;CONFIRMADO;
41024931;NEIDE BERTASSO BERALDO C EEF M PROFIS;Paiçandu;2022;INDETERMINADO;INDETERMINADO_SEM_DOCUMENTO_NO_PERIODO;INDETERMINADO;NAO_CONSTA;NENHUMA_APROVACAO_DOCUMENTADA;Sem documentos nos autos para o ano de 2022.;CONFIRMADO;
41024931;NEIDE BERTASSO BERALDO C EEF M PROFIS;Paiçandu;2023;NAO;NAO_CCM_EM_CONSULTA;INDETERMINADO;NAO_CONSTA;NENHUMA_APROVACAO_DOCUMENTADA;Escola convocada para consulta pública no ano de 2023, porém sem homologação de resultado favorável nos editais oficiais analisados (comunidade votou pela manutenção do modelo tradicional).;CONFIRMADO;
41024931;NEIDE BERTASSO BERALDO C EEF M PROFIS;Paiçandu;2024;INDETERMINADO;INDETERMINADO_CONSULTA_SEM_HOMOLOGACAO;INDETERMINADO;NAO_CONSTA;NENHUMA_APROVACAO_DOCUMENTADA;"Consulta pública realizada não foi homologada nos editais oficiais analisados; comunidade escolar rejeitou o modelo ou quórum não foi atingido.";CONFIRMADO;
41024931;NEIDE BERTASSO BERALDO C EEF M PROFIS;Paiçandu;2025;INDETERMINADO;INDETERMINADO_CONSULTA_SEM_HOMOLOGACAO;INDETERMINADO;NAO_CONSTA;NENHUMA_APROVACAO_DOCUMENTADA;"Consulta pública realizada não foi homologada nos editais oficiais analisados; comunidade escolar rejeitou o modelo ou quórum não foi atingido.";CONFIRMADO;
41024931;NEIDE BERTASSO BERALDO C EEF M PROFIS;Paiçandu;2026;INDETERMINADO;INDETERMINADO_CONSULTA_SEM_HOMOLOGACAO;INDETERMINADO;NAO_CONSTA;NENHUMA_APROVACAO_DOCUMENTADA;"Consulta pública realizada não foi homologada nos editais oficiais analisados; comunidade escolar rejeitou o modelo ou quórum não foi atingido.";CONFIRMADO;
41025318;ALBERTO SANTOS DUMONT C E CMEF M P;Apucarana;2020;INDETERMINADO;INDETERMINADO_SEM_DOCUMENTO_NO_PERIODO;2024;NAO_CONSTA;edital1142023_gsseed_ccm.pdf, p. 1 (Vigência expressa fixada a partir de 01/01/2024);Sem menção em editais nos autos para o ano de 2020. Conservadoramente mantido como INDETERMINADO conforme diretriz metodológica.;CONFIRMADO;
41025318;ALBERTO SANTOS DUMONT C E CMEF M P;Apucarana;2021;INDETERMINADO;INDETERMINADO_SEM_DOCUMENTO_NO_PERIODO;2024;NAO_CONSTA;edital1142023_gsseed_ccm.pdf, p. 1 (Vigência expressa fixada a partir de 01/01/2024);Sem menção em editais nos autos para o ano de 2021. Conservadoramente mantido como INDETERMINADO conforme diretriz metodológica.;CONFIRMADO;
41025318;ALBERTO SANTOS DUMONT C E CMEF M P;Apucarana;2022;INDETERMINADO;INDETERMINADO_SEM_DOCUMENTO_NO_PERIODO;2024;NAO_CONSTA;edital1142023_gsseed_ccm.pdf, p. 1 (Vigência expressa fixada a partir de 01/01/2024);Sem menção em editais nos autos para o ano de 2022. Conservadoramente mantido como INDETERMINADO conforme diretriz metodológica.;CONFIRMADO;
41025318;ALBERTO SANTOS DUMONT C E CMEF M P;Apucarana;2023;NAO;NAO_CCM_EM_CONSULTA_PREPARATORIA;2024;NAO_CONSTA;edital1142023_gsseed_ccm.pdf, p. 1 (Vigência expressa fixada a partir de 01/01/2024);"Escola operando na rede regular estadual; participou de consulta pública de adesão em 2023 cuja vigência foi fixada apenas a partir de 01/01/2024.";CONFIRMADO;
41025318;ALBERTO SANTOS DUMONT C E CMEF M P;Apucarana;2024;SIM;CCM_ATIVO_IMPLEMENTADO;2024;NAO_CONSTA;edital1142023_gsseed_ccm.pdf, p. 1 (Vigência expressa fixada a partir de 01/01/2024);Início formal da gestão cívico-militar em 01/01/2024 conforme edital1142023_gsseed_ccm.pdf, p. 1 (Vigência expressa fixada a partir de 01/01/2024).;CONFIRMADO;
41025318;ALBERTO SANTOS DUMONT C E CMEF M P;Apucarana;2025;SIM;CCM_ATIVO_CONTINUIDADE;2024;NAO_CONSTA;edital1142023_gsseed_ccm.pdf, p. 1 (Vigência expressa fixada a partir de 01/01/2024);"Gestão cívico-militar em continuidade regular; sem publicação de ato de revogação, exclusão ou encerramento.";CONFIRMADO;
41025318;ALBERTO SANTOS DUMONT C E CMEF M P;Apucarana;2026;SIM;CCM_ATIVO_CONTINUIDADE;2024;NAO_CONSTA;edital1142023_gsseed_ccm.pdf, p. 1 (Vigência expressa fixada a partir de 01/01/2024);"Gestão cívico-militar em continuidade regular; sem publicação de ato de revogação, exclusão ou encerramento.";CONFIRMADO;
41025636;FRANCISCO A SOUSA E E PROFEF;Apucarana;2020;INDETERMINADO;INDETERMINADO_SEM_DOCUMENTO_NO_PERIODO;2026;NAO_CONSTA;edital1362025_gsseed_prot249175889_ccm_consulta_publica_resultado.pdf, p. 2 (Vigência expressa fixada a partir de 01/01/2026);Sem menção em editais nos autos para o ano de 2020. Conservadoramente mantido como INDETERMINADO conforme diretriz metodológica.;CONFIRMADO;
41025636;FRANCISCO A SOUSA E E PROFEF;Apucarana;2021;INDETERMINADO;INDETERMINADO_SEM_DOCUMENTO_NO_PERIODO;2026;NAO_CONSTA;edital1362025_gsseed_prot249175889_ccm_consulta_publica_resultado.pdf, p. 2 (Vigência expressa fixada a partir de 01/01/2026);Sem menção em editais nos autos para o ano de 2021. Conservadoramente mantido como INDETERMINADO conforme diretriz metodológica.;CONFIRMADO;
41025636;FRANCISCO A SOUSA E E PROFEF;Apucarana;2022;INDETERMINADO;INDETERMINADO_SEM_DOCUMENTO_NO_PERIODO;2026;NAO_CONSTA;edital1362025_gsseed_prot249175889_ccm_consulta_publica_resultado.pdf, p. 2 (Vigência expressa fixada a partir de 01/01/2026);Sem menção em editais nos autos para o ano de 2022. Conservadoramente mantido como INDETERMINADO conforme diretriz metodológica.;CONFIRMADO;
41025636;FRANCISCO A SOUSA E E PROFEF;Apucarana;2023;INDETERMINADO;INDETERMINADO_SEM_DOCUMENTO_NO_PERIODO;2026;NAO_CONSTA;edital1362025_gsseed_prot249175889_ccm_consulta_publica_resultado.pdf, p. 2 (Vigência expressa fixada a partir de 01/01/2026);Sem menção em editais nos autos para o ano de 2023. Conservadoramente mantido como INDETERMINADO conforme diretriz metodológica.;CONFIRMADO;
41025636;FRANCISCO A SOUSA E E PROFEF;Apucarana;2024;INDETERMINADO;INDETERMINADO_SEM_DOCUMENTO_NO_PERIODO;2026;NAO_CONSTA;edital1362025_gsseed_prot249175889_ccm_consulta_publica_resultado.pdf, p. 2 (Vigência expressa fixada a partir de 01/01/2026);Sem menção em editais nos autos para o ano de 2024. Conservadoramente mantido como INDETERMINADO conforme diretriz metodológica.;CONFIRMADO;
41025636;FRANCISCO A SOUSA E E PROFEF;Apucarana;2025;NAO;NAO_CCM_EM_CONSULTA_PREPARATORIA;2026;NAO_CONSTA;edital1362025_gsseed_prot249175889_ccm_consulta_publica_resultado.pdf, p. 2 (Vigência expressa fixada a partir de 01/01/2026);"Escola operando na rede regular estadual; participou de consulta pública de adesão em 2025 cuja vigência foi fixada apenas a partir de 01/01/2026.";CONFIRMADO;
41025636;FRANCISCO A SOUSA E E PROFEF;Apucarana;2026;SIM;CCM_ATIVO_IMPLEMENTADO;2026;NAO_CONSTA;edital1362025_gsseed_prot249175889_ccm_consulta_publica_resultado.pdf, p. 2 (Vigência expressa fixada a partir de 01/01/2026);Início formal da gestão cívico-militar em 01/01/2026 conforme edital1362025_gsseed_prot249175889_ccm_consulta_publica_resultado.pdf, p. 2 (Vigência expressa fixada a partir de 01/01/2026).;CONFIRMADO;
41025806;JOSE DE ANCHIETA C E CM PEEF M PROFIS;Apucarana;2020;INDETERMINADO;INDETERMINADO_SEM_DOCUMENTO_NO_PERIODO;2024;NAO_CONSTA;edital1142023_gsseed_ccm.pdf, p. 1 (Vigência expressa fixada a partir de 01/01/2024);Sem menção em editais nos autos para o ano de 2020. Conservadoramente mantido como INDETERMINADO conforme diretriz metodológica.;CONFIRMADO;
41025806;JOSE DE ANCHIETA C E CM PEEF M PROFIS;Apucarana;2021;INDETERMINADO;INDETERMINADO_SEM_DOCUMENTO_NO_PERIODO;2024;NAO_CONSTA;edital1142023_gsseed_ccm.pdf, p. 1 (Vigência expressa fixada a partir de 01/01/2024);Sem menção em editais nos autos para o ano de 2021. Conservadoramente mantido como INDETERMINADO conforme diretriz metodológica.;CONFIRMADO;
41025806;JOSE DE ANCHIETA C E CM PEEF M PROFIS;Apucarana;2022;INDETERMINADO;INDETERMINADO_SEM_DOCUMENTO_NO_PERIODO;2024;NAO_CONSTA;edital1142023_gsseed_ccm.pdf, p. 1 (Vigência expressa fixada a partir de 01/01/2024);Sem menção em editais nos autos para o ano de 2022. Conservadoramente mantido como INDETERMINADO conforme diretriz metodológica.;CONFIRMADO;
41025806;JOSE DE ANCHIETA C E CM PEEF M PROFIS;Apucarana;2023;NAO;NAO_CCM_EM_CONSULTA_PREPARATORIA;2024;NAO_CONSTA;edital1142023_gsseed_ccm.pdf, p. 1 (Vigência expressa fixada a partir de 01/01/2024);"Escola operando na rede regular estadual; participou de consulta pública de adesão em 2023 cuja vigência foi fixada apenas a partir de 01/01/2024.";CONFIRMADO;
41025806;JOSE DE ANCHIETA C E CM PEEF M PROFIS;Apucarana;2024;SIM;CCM_ATIVO_IMPLEMENTADO;2024;NAO_CONSTA;edital1142023_gsseed_ccm.pdf, p. 1 (Vigência expressa fixada a partir de 01/01/2024);Início formal da gestão cívico-militar em 01/01/2024 conforme edital1142023_gsseed_ccm.pdf, p. 1 (Vigência expressa fixada a partir de 01/01/2024).;CONFIRMADO;
41025806;JOSE DE ANCHIETA C E CM PEEF M PROFIS;Apucarana;2025;SIM;CCM_ATIVO_CONTINUIDADE;2024;NAO_CONSTA;edital1142023_gsseed_ccm.pdf, p. 1 (Vigência expressa fixada a partir de 01/01/2024);"Gestão cívico-militar em continuidade regular; sem publicação de ato de revogação, exclusão ou encerramento.";CONFIRMADO;
41025806;JOSE DE ANCHIETA C E CM PEEF M PROFIS;Apucarana;2026;SIM;CCM_ATIVO_CONTINUIDADE;2024;NAO_CONSTA;edital1142023_gsseed_ccm.pdf, p. 1 (Vigência expressa fixada a partir de 01/01/2024);"Gestão cívico-militar em continuidade regular; sem publicação de ato de revogação, exclusão ou encerramento.";CONFIRMADO;
41026055;OSMAR GUARACY FREIRE C E CMEF M P;Apucarana;2020;INDETERMINADO;INDETERMINADO_SEM_DOCUMENTO_NO_PERIODO;2024;NAO_CONSTA;edital1142023_gsseed_ccm.pdf, p. 1 (Vigência expressa fixada a partir de 01/01/2024);Sem menção em editais nos autos para o ano de 2020. Conservadoramente mantido como INDETERMINADO conforme diretriz metodológica.;CONFIRMADO;
41026055;OSMAR GUARACY FREIRE C E CMEF M P;Apucarana;2021;INDETERMINADO;INDETERMINADO_SEM_DOCUMENTO_NO_PERIODO;2024;NAO_CONSTA;edital1142023_gsseed_ccm.pdf, p. 1 (Vigência expressa fixada a partir de 01/01/2024);Sem menção em editais nos autos para o ano de 2021. Conservadoramente mantido como INDETERMINADO conforme diretriz metodológica.;CONFIRMADO;
41026055;OSMAR GUARACY FREIRE C E CMEF M P;Apucarana;2022;INDETERMINADO;INDETERMINADO_SEM_DOCUMENTO_NO_PERIODO;2024;NAO_CONSTA;edital1142023_gsseed_ccm.pdf, p. 1 (Vigência expressa fixada a partir de 01/01/2024);Sem menção em editais nos autos para o ano de 2022. Conservadoramente mantido como INDETERMINADO conforme diretriz metodológica.;CONFIRMADO;
41026055;OSMAR GUARACY FREIRE C E CMEF M P;Apucarana;2023;NAO;NAO_CCM_EM_CONSULTA_PREPARATORIA;2024;NAO_CONSTA;edital1142023_gsseed_ccm.pdf, p. 1 (Vigência expressa fixada a partir de 01/01/2024);"Escola operando na rede regular estadual; participou de consulta pública de adesão em 2023 cuja vigência foi fixada apenas a partir de 01/01/2024.";CONFIRMADO;
41026055;OSMAR GUARACY FREIRE C E CMEF M P;Apucarana;2024;SIM;CCM_ATIVO_IMPLEMENTADO;2024;NAO_CONSTA;edital1142023_gsseed_ccm.pdf, p. 1 (Vigência expressa fixada a partir de 01/01/2024);Início formal da gestão cívico-militar em 01/01/2024 conforme edital1142023_gsseed_ccm.pdf, p. 1 (Vigência expressa fixada a partir de 01/01/2024).;CONFIRMADO;
41026055;OSMAR GUARACY FREIRE C E CMEF M P;Apucarana;2025;SIM;CCM_ATIVO_CONTINUIDADE;2024;NAO_CONSTA;edital1142023_gsseed_ccm.pdf, p. 1 (Vigência expressa fixada a partir de 01/01/2024);"Gestão cívico-militar em continuidade regular; sem publicação de ato de revogação, exclusão ou encerramento.";CONFIRMADO;
41026055;OSMAR GUARACY FREIRE C E CMEF M P;Apucarana;2026;SIM;CCM_ATIVO_CONTINUIDADE;2024;NAO_CONSTA;edital1142023_gsseed_ccm.pdf, p. 1 (Vigência expressa fixada a partir de 01/01/2024);"Gestão cívico-militar em continuidade regular; sem publicação de ato de revogação, exclusão ou encerramento.";CONFIRMADO;
41026152;POLIVALENTE C D SILVA C E CMEF M P;Apucarana;2020;INDETERMINADO;INDETERMINADO_SEM_DOCUMENTO_NO_PERIODO;2024;NAO_CONSTA;edital1142023_gsseed_ccm.pdf, p. 1 (Vigência expressa fixada a partir de 01/01/2024);Sem menção em editais nos autos para o ano de 2020. Conservadoramente mantido como INDETERMINADO conforme diretriz metodológica.;CONFIRMADO;
41026152;POLIVALENTE C D SILVA C E CMEF M P;Apucarana;2021;INDETERMINADO;INDETERMINADO_SEM_DOCUMENTO_NO_PERIODO;2024;NAO_CONSTA;edital1142023_gsseed_ccm.pdf, p. 1 (Vigência expressa fixada a partir de 01/01/2024);Sem menção em editais nos autos para o ano de 2021. Conservadoramente mantido como INDETERMINADO conforme diretriz metodológica.;CONFIRMADO;
41026152;POLIVALENTE C D SILVA C E CMEF M P;Apucarana;2022;INDETERMINADO;INDETERMINADO_SEM_DOCUMENTO_NO_PERIODO;2024;NAO_CONSTA;edital1142023_gsseed_ccm.pdf, p. 1 (Vigência expressa fixada a partir de 01/01/2024);Sem menção em editais nos autos para o ano de 2022. Conservadoramente mantido como INDETERMINADO conforme diretriz metodológica.;CONFIRMADO;
41026152;POLIVALENTE C D SILVA C E CMEF M P;Apucarana;2023;NAO;NAO_CCM_EM_CONSULTA_PREPARATORIA;2024;NAO_CONSTA;edital1142023_gsseed_ccm.pdf, p. 1 (Vigência expressa fixada a partir de 01/01/2024);"Escola operando na rede regular estadual; participou de consulta pública de adesão em 2023 cuja vigência foi fixada apenas a partir de 01/01/2024.";CONFIRMADO;
41026152;POLIVALENTE C D SILVA C E CMEF M P;Apucarana;2024;SIM;CCM_ATIVO_IMPLEMENTADO;2024;NAO_CONSTA;edital1142023_gsseed_ccm.pdf, p. 1 (Vigência expressa fixada a partir de 01/01/2024);Início formal da gestão cívico-militar em 01/01/2024 conforme edital1142023_gsseed_ccm.pdf, p. 1 (Vigência expressa fixada a partir de 01/01/2024).;CONFIRMADO;
41026152;POLIVALENTE C D SILVA C E CMEF M P;Apucarana;2025;SIM;CCM_ATIVO_CONTINUIDADE;2024;NAO_CONSTA;edital1142023_gsseed_ccm.pdf, p. 1 (Vigência expressa fixada a partir de 01/01/2024);"Gestão cívico-militar em continuidade regular; sem publicação de ato de revogação, exclusão ou encerramento.";CONFIRMADO;
41026152;POLIVALENTE C D SILVA C E CMEF M P;Apucarana;2026;SIM;CCM_ATIVO_CONTINUIDADE;2024;NAO_CONSTA;edital1142023_gsseed_ccm.pdf, p. 1 (Vigência expressa fixada a partir de 01/01/2024);"Gestão cívico-militar em continuidade regular; sem publicação de ato de revogação, exclusão ou encerramento.";CONFIRMADO;
41026411;ANTONIO RACANELLO SAMPAIO C EEF M;Arapongas;2020;INDETERMINADO;INDETERMINADO_SEM_DOCUMENTO_NO_PERIODO;INDETERMINADO;NAO_CONSTA;NENHUMA_APROVACAO_DOCUMENTADA;Sem documentos nos autos para o ano de 2020.;CONFIRMADO;
41026411;ANTONIO RACANELLO SAMPAIO C EEF M;Arapongas;2021;INDETERMINADO;INDETERMINADO_SEM_DOCUMENTO_NO_PERIODO;INDETERMINADO;NAO_CONSTA;NENHUMA_APROVACAO_DOCUMENTADA;Sem documentos nos autos para o ano de 2021.;CONFIRMADO;
41026411;ANTONIO RACANELLO SAMPAIO C EEF M;Arapongas;2022;INDETERMINADO;INDETERMINADO_SEM_DOCUMENTO_NO_PERIODO;INDETERMINADO;NAO_CONSTA;NENHUMA_APROVACAO_DOCUMENTADA;Sem documentos nos autos para o ano de 2022.;CONFIRMADO;
41026411;ANTONIO RACANELLO SAMPAIO C EEF M;Arapongas;2023;NAO;NAO_CCM_EM_CONSULTA;INDETERMINADO;NAO_CONSTA;NENHUMA_APROVACAO_DOCUMENTADA;Escola convocada para consulta pública no ano de 2023, porém sem homologação de resultado favorável nos editais oficiais analisados (comunidade votou pela manutenção do modelo tradicional).;CONFIRMADO;
41026411;ANTONIO RACANELLO SAMPAIO C EEF M;Arapongas;2024;INDETERMINADO;INDETERMINADO_CONSULTA_SEM_HOMOLOGACAO;INDETERMINADO;NAO_CONSTA;NENHUMA_APROVACAO_DOCUMENTADA;"Consulta pública realizada não foi homologada nos editais oficiais analisados; comunidade escolar rejeitou o modelo ou quórum não foi atingido.";CONFIRMADO;
41026411;ANTONIO RACANELLO SAMPAIO C EEF M;Arapongas;2025;INDETERMINADO;INDETERMINADO_CONSULTA_SEM_HOMOLOGACAO;INDETERMINADO;NAO_CONSTA;NENHUMA_APROVACAO_DOCUMENTADA;"Consulta pública realizada não foi homologada nos editais oficiais analisados; comunidade escolar rejeitou o modelo ou quórum não foi atingido.";CONFIRMADO;
41026411;ANTONIO RACANELLO SAMPAIO C EEF M;Arapongas;2026;INDETERMINADO;INDETERMINADO_CONSULTA_SEM_HOMOLOGACAO;INDETERMINADO;NAO_CONSTA;NENHUMA_APROVACAO_DOCUMENTADA;"Consulta pública realizada não foi homologada nos editais oficiais analisados; comunidade escolar rejeitou o modelo ou quórum não foi atingido.";CONFIRMADO;
41026705;IVANILDE DE NORONHA C EEF M;Arapongas;2020;INDETERMINADO;INDETERMINADO_SEM_DOCUMENTO_NO_PERIODO;2026;NAO_CONSTA;edital1362025_gsseed_prot249175889_ccm_consulta_publica_resultado.pdf, p. 2 (Vigência expressa fixada a partir de 01/01/2026);Sem menção em editais nos autos para o ano de 2020. Conservadoramente mantido como INDETERMINADO conforme diretriz metodológica.;CONFIRMADO;
41026705;IVANILDE DE NORONHA C EEF M;Arapongas;2021;INDETERMINADO;INDETERMINADO_SEM_DOCUMENTO_NO_PERIODO;2026;NAO_CONSTA;edital1362025_gsseed_prot249175889_ccm_consulta_publica_resultado.pdf, p. 2 (Vigência expressa fixada a partir de 01/01/2026);Sem menção em editais nos autos para o ano de 2021. Conservadoramente mantido como INDETERMINADO conforme diretriz metodológica.;CONFIRMADO;
41026705;IVANILDE DE NORONHA C EEF M;Arapongas;2022;INDETERMINADO;INDETERMINADO_SEM_DOCUMENTO_NO_PERIODO;2026;NAO_CONSTA;edital1362025_gsseed_prot249175889_ccm_consulta_publica_resultado.pdf, p. 2 (Vigência expressa fixada a partir de 01/01/2026);Sem menção em editais nos autos para o ano de 2022. Conservadoramente mantido como INDETERMINADO conforme diretriz metodológica.;CONFIRMADO;
41026705;IVANILDE DE NORONHA C EEF M;Arapongas;2023;INDETERMINADO;INDETERMINADO_SEM_DOCUMENTO_NO_PERIODO;2026;NAO_CONSTA;edital1362025_gsseed_prot249175889_ccm_consulta_publica_resultado.pdf, p. 2 (Vigência expressa fixada a partir de 01/01/2026);Sem menção em editais nos autos para o ano de 2023. Conservadoramente mantido como INDETERMINADO conforme diretriz metodológica.;CONFIRMADO;
41026705;IVANILDE DE NORONHA C EEF M;Arapongas;2024;INDETERMINADO;INDETERMINADO_SEM_DOCUMENTO_NO_PERIODO;2026;NAO_CONSTA;edital1362025_gsseed_prot249175889_ccm_consulta_publica_resultado.pdf, p. 2 (Vigência expressa fixada a partir de 01/01/2026);Sem menção em editais nos autos para o ano de 2024. Conservadoramente mantido como INDETERMINADO conforme diretriz metodológica.;CONFIRMADO;
41026705;IVANILDE DE NORONHA C EEF M;Arapongas;2025;NAO;NAO_CCM_EM_CONSULTA_PREPARATORIA;2026;NAO_CONSTA;edital1362025_gsseed_prot249175889_ccm_consulta_publica_resultado.pdf, p. 2 (Vigência expressa fixada a partir de 01/01/2026);"Escola operando na rede regular estadual; participou de consulta pública de adesão em 2025 cuja vigência foi fixada apenas a partir de 01/01/2026.";CONFIRMADO;
41026705;IVANILDE DE NORONHA C EEF M;Arapongas;2026;SIM;CCM_ATIVO_IMPLEMENTADO;2026;NAO_CONSTA;edital1362025_gsseed_prot249175889_ccm_consulta_publica_resultado.pdf, p. 2 (Vigência expressa fixada a partir de 01/01/2026);Início formal da gestão cívico-militar em 01/01/2026 conforme edital1362025_gsseed_prot249175889_ccm_consulta_publica_resultado.pdf, p. 2 (Vigência expressa fixada a partir de 01/01/2026).;CONFIRMADO;
41026764;JULIA WANDERLEY E E PROFAEF;Arapongas;2020;INDETERMINADO;INDETERMINADO_SEM_DOCUMENTO_NO_PERIODO;INDETERMINADO;NAO_CONSTA;NENHUMA_APROVACAO_DOCUMENTADA;Sem documentos nos autos para o ano de 2020.;CONFIRMADO;
41026764;JULIA WANDERLEY E E PROFAEF;Arapongas;2021;INDETERMINADO;INDETERMINADO_SEM_DOCUMENTO_NO_PERIODO;INDETERMINADO;NAO_CONSTA;NENHUMA_APROVACAO_DOCUMENTADA;Sem documentos nos autos para o ano de 2021.;CONFIRMADO;
41026764;JULIA WANDERLEY E E PROFAEF;Arapongas;2022;INDETERMINADO;INDETERMINADO_SEM_DOCUMENTO_NO_PERIODO;INDETERMINADO;NAO_CONSTA;NENHUMA_APROVACAO_DOCUMENTADA;Sem documentos nos autos para o ano de 2022.;CONFIRMADO;
41026764;JULIA WANDERLEY E E PROFAEF;Arapongas;2023;NAO;NAO_CCM_EM_CONSULTA;INDETERMINADO;NAO_CONSTA;NENHUMA_APROVACAO_DOCUMENTADA;Escola convocada para consulta pública no ano de 2023, porém sem homologação de resultado favorável nos editais oficiais analisados (comunidade votou pela manutenção do modelo tradicional).;CONFIRMADO;
41026764;JULIA WANDERLEY E E PROFAEF;Arapongas;2024;INDETERMINADO;INDETERMINADO_CONSULTA_SEM_HOMOLOGACAO;INDETERMINADO;NAO_CONSTA;NENHUMA_APROVACAO_DOCUMENTADA;"Consulta pública realizada não foi homologada nos editais oficiais analisados; comunidade escolar rejeitou o modelo ou quórum não foi atingido.";CONFIRMADO;
41026764;JULIA WANDERLEY E E PROFAEF;Arapongas;2025;INDETERMINADO;INDETERMINADO_CONSULTA_SEM_HOMOLOGACAO;INDETERMINADO;NAO_CONSTA;NENHUMA_APROVACAO_DOCUMENTADA;"Consulta pública realizada não foi homologada nos editais oficiais analisados; comunidade escolar rejeitou o modelo ou quórum não foi atingido.";CONFIRMADO;
41026764;JULIA WANDERLEY E E PROFAEF;Arapongas;2026;INDETERMINADO;INDETERMINADO_CONSULTA_SEM_HOMOLOGACAO;INDETERMINADO;NAO_CONSTA;NENHUMA_APROVACAO_DOCUMENTADA;"Consulta pública realizada não foi homologada nos editais oficiais analisados; comunidade escolar rejeitou o modelo ou quórum não foi atingido.";CONFIRMADO;
41027370;ROSA D CALSAVARA C E CMEF M PROFIS;Cambira;2020;INDETERMINADO;INDETERMINADO_SEM_DOCUMENTO_NO_PERIODO;2024;NAO_CONSTA;edital1142023_gsseed_ccm.pdf, p. 1 (Vigência expressa fixada a partir de 01/01/2024);Sem menção em editais nos autos para o ano de 2020. Conservadoramente mantido como INDETERMINADO conforme diretriz metodológica.;CONFIRMADO;
41027370;ROSA D CALSAVARA C E CMEF M PROFIS;Cambira;2021;INDETERMINADO;INDETERMINADO_SEM_DOCUMENTO_NO_PERIODO;2024;NAO_CONSTA;edital1142023_gsseed_ccm.pdf, p. 1 (Vigência expressa fixada a partir de 01/01/2024);Sem menção em editais nos autos para o ano de 2021. Conservadoramente mantido como INDETERMINADO conforme diretriz metodológica.;CONFIRMADO;
41027370;ROSA D CALSAVARA C E CMEF M PROFIS;Cambira;2022;INDETERMINADO;INDETERMINADO_SEM_DOCUMENTO_NO_PERIODO;2024;NAO_CONSTA;edital1142023_gsseed_ccm.pdf, p. 1 (Vigência expressa fixada a partir de 01/01/2024);Sem menção em editais nos autos para o ano de 2022. Conservadoramente mantido como INDETERMINADO conforme diretriz metodológica.;CONFIRMADO;
41027370;ROSA D CALSAVARA C E CMEF M PROFIS;Cambira;2023;NAO;NAO_CCM_EM_CONSULTA_PREPARATORIA;2024;NAO_CONSTA;edital1142023_gsseed_ccm.pdf, p. 1 (Vigência expressa fixada a partir de 01/01/2024);"Escola operando na rede regular estadual; participou de consulta pública de adesão em 2023 cuja vigência foi fixada apenas a partir de 01/01/2024.";CONFIRMADO;
41027370;ROSA D CALSAVARA C E CMEF M PROFIS;Cambira;2024;SIM;CCM_ATIVO_IMPLEMENTADO;2024;NAO_CONSTA;edital1142023_gsseed_ccm.pdf, p. 1 (Vigência expressa fixada a partir de 01/01/2024);Início formal da gestão cívico-militar em 01/01/2024 conforme edital1142023_gsseed_ccm.pdf, p. 1 (Vigência expressa fixada a partir de 01/01/2024).;CONFIRMADO;
41027370;ROSA D CALSAVARA C E CMEF M PROFIS;Cambira;2025;SIM;CCM_ATIVO_CONTINUIDADE;2024;NAO_CONSTA;edital1142023_gsseed_ccm.pdf, p. 1 (Vigência expressa fixada a partir de 01/01/2024);"Gestão cívico-militar em continuidade regular; sem publicação de ato de revogação, exclusão ou encerramento.";CONFIRMADO;
41027370;ROSA D CALSAVARA C E CMEF M PROFIS;Cambira;2026;SIM;CCM_ATIVO_CONTINUIDADE;2024;NAO_CONSTA;edital1142023_gsseed_ccm.pdf, p. 1 (Vigência expressa fixada a partir de 01/01/2024);"Gestão cívico-militar em continuidade regular; sem publicação de ato de revogação, exclusão ou encerramento.";CONFIRMADO;
41028279;HERMINIA R LUPION C EEF M PROFIS;Sabáudia;2020;INDETERMINADO;INDETERMINADO_SEM_DOCUMENTO_NO_PERIODO;2026;NAO_CONSTA;edital1362025_gsseed_prot249175889_ccm_consulta_publica_resultado.pdf, p. 2 (Vigência expressa fixada a partir de 01/01/2026);Sem menção em editais nos autos para o ano de 2020. Conservadoramente mantido como INDETERMINADO conforme diretriz metodológica.;CONFIRMADO;
41028279;HERMINIA R LUPION C EEF M PROFIS;Sabáudia;2021;INDETERMINADO;INDETERMINADO_SEM_DOCUMENTO_NO_PERIODO;2026;NAO_CONSTA;edital1362025_gsseed_prot249175889_ccm_consulta_publica_resultado.pdf, p. 2 (Vigência expressa fixada a partir de 01/01/2026);Sem menção em editais nos autos para o ano de 2021. Conservadoramente mantido como INDETERMINADO conforme diretriz metodológica.;CONFIRMADO;
41028279;HERMINIA R LUPION C EEF M PROFIS;Sabáudia;2022;INDETERMINADO;INDETERMINADO_SEM_DOCUMENTO_NO_PERIODO;2026;NAO_CONSTA;edital1362025_gsseed_prot249175889_ccm_consulta_publica_resultado.pdf, p. 2 (Vigência expressa fixada a partir de 01/01/2026);Sem menção em editais nos autos para o ano de 2022. Conservadoramente mantido como INDETERMINADO conforme diretriz metodológica.;CONFIRMADO;
41028279;HERMINIA R LUPION C EEF M PROFIS;Sabáudia;2023;INDETERMINADO;INDETERMINADO_SEM_DOCUMENTO_NO_PERIODO;2026;NAO_CONSTA;edital1362025_gsseed_prot249175889_ccm_consulta_publica_resultado.pdf, p. 2 (Vigência expressa fixada a partir de 01/01/2026);Sem menção em editais nos autos para o ano de 2023. Conservadoramente mantido como INDETERMINADO conforme diretriz metodológica.;CONFIRMADO;
41028279;HERMINIA R LUPION C EEF M PROFIS;Sabáudia;2024;INDETERMINADO;INDETERMINADO_SEM_DOCUMENTO_NO_PERIODO;2026;NAO_CONSTA;edital1362025_gsseed_prot249175889_ccm_consulta_publica_resultado.pdf, p. 2 (Vigência expressa fixada a partir de 01/01/2026);Sem menção em editais nos autos para o ano de 2024. Conservadoramente mantido como INDETERMINADO conforme diretriz metodológica.;CONFIRMADO;
41028279;HERMINIA R LUPION C EEF M PROFIS;Sabáudia;2025;NAO;NAO_CCM_EM_CONSULTA_PREPARATORIA;2026;NAO_CONSTA;edital1362025_gsseed_prot249175889_ccm_consulta_publica_resultado.pdf, p. 2 (Vigência expressa fixada a partir de 01/01/2026);"Escola operando na rede regular estadual; participou de consulta pública de adesão em 2025 cuja vigência foi fixada apenas a partir de 01/01/2026.";CONFIRMADO;
41028279;HERMINIA R LUPION C EEF M PROFIS;Sabáudia;2026;SIM;CCM_ATIVO_IMPLEMENTADO;2026;NAO_CONSTA;edital1362025_gsseed_prot249175889_ccm_consulta_publica_resultado.pdf, p. 2 (Vigência expressa fixada a partir de 01/01/2026);Início formal da gestão cívico-militar em 01/01/2026 conforme edital1362025_gsseed_prot249175889_ccm_consulta_publica_resultado.pdf, p. 2 (Vigência expressa fixada a partir de 01/01/2026).;CONFIRMADO;
41028406;ANDREA NUZZI C E CM MAESTROEF M P;Cambé;2020;INDETERMINADO;INDETERMINADO_SEM_DOCUMENTO_NO_PERIODO;2024;NAO_CONSTA;edital1142023_gsseed_ccm.pdf, p. 2 (Vigência expressa fixada a partir de 01/01/2024);Sem menção em editais nos autos para o ano de 2020. Conservadoramente mantido como INDETERMINADO conforme diretriz metodológica.;CONFIRMADO;
41028406;ANDREA NUZZI C E CM MAESTROEF M P;Cambé;2021;INDETERMINADO;INDETERMINADO_SEM_DOCUMENTO_NO_PERIODO;2024;NAO_CONSTA;edital1142023_gsseed_ccm.pdf, p. 2 (Vigência expressa fixada a partir de 01/01/2024);Sem menção em editais nos autos para o ano de 2021. Conservadoramente mantido como INDETERMINADO conforme diretriz metodológica.;CONFIRMADO;
41028406;ANDREA NUZZI C E CM MAESTROEF M P;Cambé;2022;INDETERMINADO;INDETERMINADO_SEM_DOCUMENTO_NO_PERIODO;2024;NAO_CONSTA;edital1142023_gsseed_ccm.pdf, p. 2 (Vigência expressa fixada a partir de 01/01/2024);Sem menção em editais nos autos para o ano de 2022. Conservadoramente mantido como INDETERMINADO conforme diretriz metodológica.;CONFIRMADO;
41028406;ANDREA NUZZI C E CM MAESTROEF M P;Cambé;2023;NAO;NAO_CCM_EM_CONSULTA_PREPARATORIA;2024;NAO_CONSTA;edital1142023_gsseed_ccm.pdf, p. 2 (Vigência expressa fixada a partir de 01/01/2024);"Escola operando na rede regular estadual; participou de consulta pública de adesão em 2023 cuja vigência foi fixada apenas a partir de 01/01/2024.";CONFIRMADO;
41028406;ANDREA NUZZI C E CM MAESTROEF M P;Cambé;2024;SIM;CCM_ATIVO_IMPLEMENTADO;2024;NAO_CONSTA;edital1142023_gsseed_ccm.pdf, p. 2 (Vigência expressa fixada a partir de 01/01/2024);Início formal da gestão cívico-militar em 01/01/2024 conforme edital1142023_gsseed_ccm.pdf, p. 2 (Vigência expressa fixada a partir de 01/01/2024).;CONFIRMADO;
41028406;ANDREA NUZZI C E CM MAESTROEF M P;Cambé;2025;SIM;CCM_ATIVO_CONTINUIDADE;2024;NAO_CONSTA;edital1142023_gsseed_ccm.pdf, p. 2 (Vigência expressa fixada a partir de 01/01/2024);"Gestão cívico-militar em continuidade regular; sem publicação de ato de revogação, exclusão ou encerramento.";CONFIRMADO;
41028406;ANDREA NUZZI C E CM MAESTROEF M P;Cambé;2026;SIM;CCM_ATIVO_CONTINUIDADE;2024;NAO_CONSTA;edital1142023_gsseed_ccm.pdf, p. 2 (Vigência expressa fixada a partir de 01/01/2024);"Gestão cívico-militar em continuidade regular; sem publicação de ato de revogação, exclusão ou encerramento.";CONFIRMADO;
41028457;ATTILIO CODATO C E CMEF M;Cambé;2020;INDETERMINADO;INDETERMINADO_SEM_DOCUMENTO_NO_PERIODO;2024;NAO_CONSTA;edital1142023_gsseed_ccm.pdf, p. 2 (Vigência expressa fixada a partir de 01/01/2024);Sem menção em editais nos autos para o ano de 2020. Conservadoramente mantido como INDETERMINADO conforme diretriz metodológica.;CONFIRMADO;
41028457;ATTILIO CODATO C E CMEF M;Cambé;2021;INDETERMINADO;INDETERMINADO_SEM_DOCUMENTO_NO_PERIODO;2024;NAO_CONSTA;edital1142023_gsseed_ccm.pdf, p. 2 (Vigência expressa fixada a partir de 01/01/2024);Sem menção em editais nos autos para o ano de 2021. Conservadoramente mantido como INDETERMINADO conforme diretriz metodológica.;CONFIRMADO;
41028457;ATTILIO CODATO C E CMEF M;Cambé;2022;INDETERMINADO;INDETERMINADO_SEM_DOCUMENTO_NO_PERIODO;2024;NAO_CONSTA;edital1142023_gsseed_ccm.pdf, p. 2 (Vigência expressa fixada a partir de 01/01/2024);Sem menção em editais nos autos para o ano de 2022. Conservadoramente mantido como INDETERMINADO conforme diretriz metodológica.;CONFIRMADO;
41028457;ATTILIO CODATO C E CMEF M;Cambé;2023;NAO;NAO_CCM_EM_CONSULTA_PREPARATORIA;2024;NAO_CONSTA;edital1142023_gsseed_ccm.pdf, p. 2 (Vigência expressa fixada a partir de 01/01/2024);"Escola operando na rede regular estadual; participou de consulta pública de adesão em 2023 cuja vigência foi fixada apenas a partir de 01/01/2024.";CONFIRMADO;
41028457;ATTILIO CODATO C E CMEF M;Cambé;2024;SIM;CCM_ATIVO_IMPLEMENTADO;2024;NAO_CONSTA;edital1142023_gsseed_ccm.pdf, p. 2 (Vigência expressa fixada a partir de 01/01/2024);Início formal da gestão cívico-militar em 01/01/2024 conforme edital1142023_gsseed_ccm.pdf, p. 2 (Vigência expressa fixada a partir de 01/01/2024).;CONFIRMADO;
41028457;ATTILIO CODATO C E CMEF M;Cambé;2025;SIM;CCM_ATIVO_CONTINUIDADE;2024;NAO_CONSTA;edital1142023_gsseed_ccm.pdf, p. 2 (Vigência expressa fixada a partir de 01/01/2024);"Gestão cívico-militar em continuidade regular; sem publicação de ato de revogação, exclusão ou encerramento.";CONFIRMADO;
41028457;ATTILIO CODATO C E CMEF M;Cambé;2026;SIM;CCM_ATIVO_CONTINUIDADE;2024;NAO_CONSTA;edital1142023_gsseed_ccm.pdf, p. 2 (Vigência expressa fixada a partir de 01/01/2024);"Gestão cívico-militar em continuidade regular; sem publicação de ato de revogação, exclusão ou encerramento.";CONFIRMADO;
41028732;HELENA KOLODY C E CM PROFEF M;Cambé;2020;INDETERMINADO;INDETERMINADO_SEM_DOCUMENTO_NO_PERIODO;2024;NAO_CONSTA;edital1142023_gsseed_ccm.pdf, p. 2 (Vigência expressa fixada a partir de 01/01/2024);Sem menção em editais nos autos para o ano de 2020. Conservadoramente mantido como INDETERMINADO conforme diretriz metodológica.;CONFIRMADO;
41028732;HELENA KOLODY C E CM PROFEF M;Cambé;2021;INDETERMINADO;INDETERMINADO_SEM_DOCUMENTO_NO_PERIODO;2024;NAO_CONSTA;edital1142023_gsseed_ccm.pdf, p. 2 (Vigência expressa fixada a partir de 01/01/2024);Sem menção em editais nos autos para o ano de 2021. Conservadoramente mantido como INDETERMINADO conforme diretriz metodológica.;CONFIRMADO;
41028732;HELENA KOLODY C E CM PROFEF M;Cambé;2022;INDETERMINADO;INDETERMINADO_SEM_DOCUMENTO_NO_PERIODO;2024;NAO_CONSTA;edital1142023_gsseed_ccm.pdf, p. 2 (Vigência expressa fixada a partir de 01/01/2024);Sem menção em editais nos autos para o ano de 2022. Conservadoramente mantido como INDETERMINADO conforme diretriz metodológica.;CONFIRMADO;
41028732;HELENA KOLODY C E CM PROFEF M;Cambé;2023;NAO;NAO_CCM_EM_CONSULTA_PREPARATORIA;2024;NAO_CONSTA;edital1142023_gsseed_ccm.pdf, p. 2 (Vigência expressa fixada a partir de 01/01/2024);"Escola operando na rede regular estadual; participou de consulta pública de adesão em 2023 cuja vigência foi fixada apenas a partir de 01/01/2024.";CONFIRMADO;
41028732;HELENA KOLODY C E CM PROFEF M;Cambé;2024;SIM;CCM_ATIVO_IMPLEMENTADO;2024;NAO_CONSTA;edital1142023_gsseed_ccm.pdf, p. 2 (Vigência expressa fixada a partir de 01/01/2024);Início formal da gestão cívico-militar em 01/01/2024 conforme edital1142023_gsseed_ccm.pdf, p. 2 (Vigência expressa fixada a partir de 01/01/2024).;CONFIRMADO;
41028732;HELENA KOLODY C E CM PROFEF M;Cambé;2025;SIM;CCM_ATIVO_CONTINUIDADE;2024;NAO_CONSTA;edital1142023_gsseed_ccm.pdf, p. 2 (Vigência expressa fixada a partir de 01/01/2024);"Gestão cívico-militar em continuidade regular; sem publicação de ato de revogação, exclusão ou encerramento.";CONFIRMADO;
41028732;HELENA KOLODY C E CM PROFEF M;Cambé;2026;SIM;CCM_ATIVO_CONTINUIDADE;2024;NAO_CONSTA;edital1142023_gsseed_ccm.pdf, p. 2 (Vigência expressa fixada a partir de 01/01/2024);"Gestão cívico-militar em continuidade regular; sem publicação de ato de revogação, exclusão ou encerramento.";CONFIRMADO;
41028902;MANUEL BANDEIRA C E CMEF M PROFIS;Cambé;2020;INDETERMINADO;INDETERMINADO_SEM_DOCUMENTO_NO_PERIODO;2024;NAO_CONSTA;edital1142023_gsseed_ccm.pdf, p. 2 (Vigência expressa fixada a partir de 01/01/2024);Sem menção em editais nos autos para o ano de 2020. Conservadoramente mantido como INDETERMINADO conforme diretriz metodológica.;CONFIRMADO;
41028902;MANUEL BANDEIRA C E CMEF M PROFIS;Cambé;2021;INDETERMINADO;INDETERMINADO_SEM_DOCUMENTO_NO_PERIODO;2024;NAO_CONSTA;edital1142023_gsseed_ccm.pdf, p. 2 (Vigência expressa fixada a partir de 01/01/2024);Sem menção em editais nos autos para o ano de 2021. Conservadoramente mantido como INDETERMINADO conforme diretriz metodológica.;CONFIRMADO;
41028902;MANUEL BANDEIRA C E CMEF M PROFIS;Cambé;2022;INDETERMINADO;INDETERMINADO_SEM_DOCUMENTO_NO_PERIODO;2024;NAO_CONSTA;edital1142023_gsseed_ccm.pdf, p. 2 (Vigência expressa fixada a partir de 01/01/2024);Sem menção em editais nos autos para o ano de 2022. Conservadoramente mantido como INDETERMINADO conforme diretriz metodológica.;CONFIRMADO;
41028902;MANUEL BANDEIRA C E CMEF M PROFIS;Cambé;2023;NAO;NAO_CCM_EM_CONSULTA_PREPARATORIA;2024;NAO_CONSTA;edital1142023_gsseed_ccm.pdf, p. 2 (Vigência expressa fixada a partir de 01/01/2024);"Escola operando na rede regular estadual; participou de consulta pública de adesão em 2023 cuja vigência foi fixada apenas a partir de 01/01/2024.";CONFIRMADO;
41028902;MANUEL BANDEIRA C E CMEF M PROFIS;Cambé;2024;SIM;CCM_ATIVO_IMPLEMENTADO;2024;NAO_CONSTA;edital1142023_gsseed_ccm.pdf, p. 2 (Vigência expressa fixada a partir de 01/01/2024);Início formal da gestão cívico-militar em 01/01/2024 conforme edital1142023_gsseed_ccm.pdf, p. 2 (Vigência expressa fixada a partir de 01/01/2024).;CONFIRMADO;
41028902;MANUEL BANDEIRA C E CMEF M PROFIS;Cambé;2025;SIM;CCM_ATIVO_CONTINUIDADE;2024;NAO_CONSTA;edital1142023_gsseed_ccm.pdf, p. 2 (Vigência expressa fixada a partir de 01/01/2024);"Gestão cívico-militar em continuidade regular; sem publicação de ato de revogação, exclusão ou encerramento.";CONFIRMADO;
41028902;MANUEL BANDEIRA C E CMEF M PROFIS;Cambé;2026;SIM;CCM_ATIVO_CONTINUIDADE;2024;NAO_CONSTA;edital1142023_gsseed_ccm.pdf, p. 2 (Vigência expressa fixada a partir de 01/01/2024);"Gestão cívico-militar em continuidade regular; sem publicação de ato de revogação, exclusão ou encerramento.";CONFIRMADO;
41030125;CARLOS DE ALMEIDA C E CMEF M PROFIS;Londrina;2020;INDETERMINADO;INDETERMINADO_SEM_DOCUMENTO_NO_PERIODO;2024;NAO_CONSTA;edital1142023_gsseed_ccm.pdf, p. 2 (Vigência expressa fixada a partir de 01/01/2024);Sem menção em editais nos autos para o ano de 2020. Conservadoramente mantido como INDETERMINADO conforme diretriz metodológica.;CONFIRMADO;
41030125;CARLOS DE ALMEIDA C E CMEF M PROFIS;Londrina;2021;INDETERMINADO;INDETERMINADO_SEM_DOCUMENTO_NO_PERIODO;2024;NAO_CONSTA;edital1142023_gsseed_ccm.pdf, p. 2 (Vigência expressa fixada a partir de 01/01/2024);Sem menção em editais nos autos para o ano de 2021. Conservadoramente mantido como INDETERMINADO conforme diretriz metodológica.;CONFIRMADO;
41030125;CARLOS DE ALMEIDA C E CMEF M PROFIS;Londrina;2022;INDETERMINADO;INDETERMINADO_SEM_DOCUMENTO_NO_PERIODO;2024;NAO_CONSTA;edital1142023_gsseed_ccm.pdf, p. 2 (Vigência expressa fixada a partir de 01/01/2024);Sem menção em editais nos autos para o ano de 2022. Conservadoramente mantido como INDETERMINADO conforme diretriz metodológica.;CONFIRMADO;
41030125;CARLOS DE ALMEIDA C E CMEF M PROFIS;Londrina;2023;NAO;NAO_CCM_EM_CONSULTA_PREPARATORIA;2024;NAO_CONSTA;edital1142023_gsseed_ccm.pdf, p. 2 (Vigência expressa fixada a partir de 01/01/2024);"Escola operando na rede regular estadual; participou de consulta pública de adesão em 2023 cuja vigência foi fixada apenas a partir de 01/01/2024.";CONFIRMADO;
41030125;CARLOS DE ALMEIDA C E CMEF M PROFIS;Londrina;2024;SIM;CCM_ATIVO_IMPLEMENTADO;2024;NAO_CONSTA;edital1142023_gsseed_ccm.pdf, p. 2 (Vigência expressa fixada a partir de 01/01/2024);Início formal da gestão cívico-militar em 01/01/2024 conforme edital1142023_gsseed_ccm.pdf, p. 2 (Vigência expressa fixada a partir de 01/01/2024).;CONFIRMADO;
41030125;CARLOS DE ALMEIDA C E CMEF M PROFIS;Londrina;2025;SIM;CCM_ATIVO_CONTINUIDADE;2024;NAO_CONSTA;edital1142023_gsseed_ccm.pdf, p. 2 (Vigência expressa fixada a partir de 01/01/2024);"Gestão cívico-militar em continuidade regular; sem publicação de ato de revogação, exclusão ou encerramento.";CONFIRMADO;
41030125;CARLOS DE ALMEIDA C E CMEF M PROFIS;Londrina;2026;SIM;CCM_ATIVO_CONTINUIDADE;2024;NAO_CONSTA;edital1142023_gsseed_ccm.pdf, p. 2 (Vigência expressa fixada a partir de 01/01/2024);"Gestão cívico-militar em continuidade regular; sem publicação de ato de revogação, exclusão ou encerramento.";CONFIRMADO;
41030265;CELIA M DE OLIVEIRA C E CM PROFEF M P;Londrina;2020;INDETERMINADO;INDETERMINADO_SEM_DOCUMENTO_NO_PERIODO;2024;NAO_CONSTA;edital1142023_gsseed_ccm.pdf, p. 2 (Vigência expressa fixada a partir de 01/01/2024);Sem menção em editais nos autos para o ano de 2020. Conservadoramente mantido como INDETERMINADO conforme diretriz metodológica.;CONFIRMADO;
41030265;CELIA M DE OLIVEIRA C E CM PROFEF M P;Londrina;2021;INDETERMINADO;INDETERMINADO_SEM_DOCUMENTO_NO_PERIODO;2024;NAO_CONSTA;edital1142023_gsseed_ccm.pdf, p. 2 (Vigência expressa fixada a partir de 01/01/2024);Sem menção em editais nos autos para o ano de 2021. Conservadoramente mantido como INDETERMINADO conforme diretriz metodológica.;CONFIRMADO;
41030265;CELIA M DE OLIVEIRA C E CM PROFEF M P;Londrina;2022;INDETERMINADO;INDETERMINADO_SEM_DOCUMENTO_NO_PERIODO;2024;NAO_CONSTA;edital1142023_gsseed_ccm.pdf, p. 2 (Vigência expressa fixada a partir de 01/01/2024);Sem menção em editais nos autos para o ano de 2022. Conservadoramente mantido como INDETERMINADO conforme diretriz metodológica.;CONFIRMADO;
41030265;CELIA M DE OLIVEIRA C E CM PROFEF M P;Londrina;2023;NAO;NAO_CCM_EM_CONSULTA_PREPARATORIA;2024;NAO_CONSTA;edital1142023_gsseed_ccm.pdf, p. 2 (Vigência expressa fixada a partir de 01/01/2024);"Escola operando na rede regular estadual; participou de consulta pública de adesão em 2023 cuja vigência foi fixada apenas a partir de 01/01/2024.";CONFIRMADO;
41030265;CELIA M DE OLIVEIRA C E CM PROFEF M P;Londrina;2024;SIM;CCM_ATIVO_IMPLEMENTADO;2024;NAO_CONSTA;edital1142023_gsseed_ccm.pdf, p. 2 (Vigência expressa fixada a partir de 01/01/2024);Início formal da gestão cívico-militar em 01/01/2024 conforme edital1142023_gsseed_ccm.pdf, p. 2 (Vigência expressa fixada a partir de 01/01/2024).;CONFIRMADO;
41030265;CELIA M DE OLIVEIRA C E CM PROFEF M P;Londrina;2025;SIM;CCM_ATIVO_CONTINUIDADE;2024;NAO_CONSTA;edital1142023_gsseed_ccm.pdf, p. 2 (Vigência expressa fixada a partir de 01/01/2024);"Gestão cívico-militar em continuidade regular; sem publicação de ato de revogação, exclusão ou encerramento.";CONFIRMADO;
41030265;CELIA M DE OLIVEIRA C E CM PROFEF M P;Londrina;2026;SIM;CCM_ATIVO_CONTINUIDADE;2024;NAO_CONSTA;edital1142023_gsseed_ccm.pdf, p. 2 (Vigência expressa fixada a partir de 01/01/2024);"Gestão cívico-militar em continuidade regular; sem publicação de ato de revogação, exclusão ou encerramento.";CONFIRMADO;
41030486;WISTREMUNDO R P GARCIA C E CM PEEFM P;Londrina;2020;INDETERMINADO;INDETERMINADO_SEM_DOCUMENTO_NO_PERIODO;2024;NAO_CONSTA;edital1142023_gsseed_ccm.pdf, p. 3 (Vigência expressa fixada a partir de 01/01/2024);Sem menção em editais nos autos para o ano de 2020. Conservadoramente mantido como INDETERMINADO conforme diretriz metodológica.;CONFIRMADO;
41030486;WISTREMUNDO R P GARCIA C E CM PEEFM P;Londrina;2021;INDETERMINADO;INDETERMINADO_SEM_DOCUMENTO_NO_PERIODO;2024;NAO_CONSTA;edital1142023_gsseed_ccm.pdf, p. 3 (Vigência expressa fixada a partir de 01/01/2024);Sem menção em editais nos autos para o ano de 2021. Conservadoramente mantido como INDETERMINADO conforme diretriz metodológica.;CONFIRMADO;
41030486;WISTREMUNDO R P GARCIA C E CM PEEFM P;Londrina;2022;INDETERMINADO;INDETERMINADO_SEM_DOCUMENTO_NO_PERIODO;2024;NAO_CONSTA;edital1142023_gsseed_ccm.pdf, p. 3 (Vigência expressa fixada a partir de 01/01/2024);Sem menção em editais nos autos para o ano de 2022. Conservadoramente mantido como INDETERMINADO conforme diretriz metodológica.;CONFIRMADO;
41030486;WISTREMUNDO R P GARCIA C E CM PEEFM P;Londrina;2023;NAO;NAO_CCM_EM_CONSULTA_PREPARATORIA;2024;NAO_CONSTA;edital1142023_gsseed_ccm.pdf, p. 3 (Vigência expressa fixada a partir de 01/01/2024);"Escola operando na rede regular estadual; participou de consulta pública de adesão em 2023 cuja vigência foi fixada apenas a partir de 01/01/2024.";CONFIRMADO;
41030486;WISTREMUNDO R P GARCIA C E CM PEEFM P;Londrina;2024;SIM;CCM_ATIVO_IMPLEMENTADO;2024;NAO_CONSTA;edital1142023_gsseed_ccm.pdf, p. 3 (Vigência expressa fixada a partir de 01/01/2024);Início formal da gestão cívico-militar em 01/01/2024 conforme edital1142023_gsseed_ccm.pdf, p. 3 (Vigência expressa fixada a partir de 01/01/2024).;CONFIRMADO;
41030486;WISTREMUNDO R P GARCIA C E CM PEEFM P;Londrina;2025;SIM;CCM_ATIVO_CONTINUIDADE;2024;NAO_CONSTA;edital1142023_gsseed_ccm.pdf, p. 3 (Vigência expressa fixada a partir de 01/01/2024);"Gestão cívico-militar em continuidade regular; sem publicação de ato de revogação, exclusão ou encerramento.";CONFIRMADO;
41030486;WISTREMUNDO R P GARCIA C E CM PEEFM P;Londrina;2026;SIM;CCM_ATIVO_CONTINUIDADE;2024;NAO_CONSTA;edital1142023_gsseed_ccm.pdf, p. 3 (Vigência expressa fixada a partir de 01/01/2024);"Gestão cívico-militar em continuidade regular; sem publicação de ato de revogação, exclusão ou encerramento.";CONFIRMADO;
41030800;HEBER S VARGAS C E CM PROF DREF M P;Londrina;2020;INDETERMINADO;INDETERMINADO_SEM_DOCUMENTO_NO_PERIODO;2024;NAO_CONSTA;edital1142023_gsseed_ccm.pdf, p. 2 (Vigência expressa fixada a partir de 01/01/2024);Sem menção em editais nos autos para o ano de 2020. Conservadoramente mantido como INDETERMINADO conforme diretriz metodológica.;CONFIRMADO;
41030800;HEBER S VARGAS C E CM PROF DREF M P;Londrina;2021;INDETERMINADO;INDETERMINADO_SEM_DOCUMENTO_NO_PERIODO;2024;NAO_CONSTA;edital1142023_gsseed_ccm.pdf, p. 2 (Vigência expressa fixada a partir de 01/01/2024);Sem menção em editais nos autos para o ano de 2021. Conservadoramente mantido como INDETERMINADO conforme diretriz metodológica.;CONFIRMADO;
41030800;HEBER S VARGAS C E CM PROF DREF M P;Londrina;2022;INDETERMINADO;INDETERMINADO_SEM_DOCUMENTO_NO_PERIODO;2024;NAO_CONSTA;edital1142023_gsseed_ccm.pdf, p. 2 (Vigência expressa fixada a partir de 01/01/2024);Sem menção em editais nos autos para o ano de 2022. Conservadoramente mantido como INDETERMINADO conforme diretriz metodológica.;CONFIRMADO;
41030800;HEBER S VARGAS C E CM PROF DREF M P;Londrina;2023;NAO;NAO_CCM_EM_CONSULTA_PREPARATORIA;2024;NAO_CONSTA;edital1142023_gsseed_ccm.pdf, p. 2 (Vigência expressa fixada a partir de 01/01/2024);"Escola operando na rede regular estadual; participou de consulta pública de adesão em 2023 cuja vigência foi fixada apenas a partir de 01/01/2024.";CONFIRMADO;
41030800;HEBER S VARGAS C E CM PROF DREF M P;Londrina;2024;SIM;CCM_ATIVO_IMPLEMENTADO;2024;NAO_CONSTA;edital1142023_gsseed_ccm.pdf, p. 2 (Vigência expressa fixada a partir de 01/01/2024);Início formal da gestão cívico-militar em 01/01/2024 conforme edital1142023_gsseed_ccm.pdf, p. 2 (Vigência expressa fixada a partir de 01/01/2024).;CONFIRMADO;
41030800;HEBER S VARGAS C E CM PROF DREF M P;Londrina;2025;SIM;CCM_ATIVO_CONTINUIDADE;2024;NAO_CONSTA;edital1142023_gsseed_ccm.pdf, p. 2 (Vigência expressa fixada a partir de 01/01/2024);"Gestão cívico-militar em continuidade regular; sem publicação de ato de revogação, exclusão ou encerramento.";CONFIRMADO;
41030800;HEBER S VARGAS C E CM PROF DREF M P;Londrina;2026;SIM;CCM_ATIVO_CONTINUIDADE;2024;NAO_CONSTA;edital1142023_gsseed_ccm.pdf, p. 2 (Vigência expressa fixada a partir de 01/01/2024);"Gestão cívico-militar em continuidade regular; sem publicação de ato de revogação, exclusão ou encerramento.";CONFIRMADO;
41031237;HUGO SIMAS C E CMEF M PROFIS;Londrina;2020;INDETERMINADO;INDETERMINADO_SEM_DOCUMENTO_NO_PERIODO;2024;NAO_CONSTA;edital1142023_gsseed_ccm.pdf, p. 3 (Vigência expressa fixada a partir de 01/01/2024);Sem menção em editais nos autos para o ano de 2020. Conservadoramente mantido como INDETERMINADO conforme diretriz metodológica.;CONFIRMADO;
41031237;HUGO SIMAS C E CMEF M PROFIS;Londrina;2021;INDETERMINADO;INDETERMINADO_SEM_DOCUMENTO_NO_PERIODO;2024;NAO_CONSTA;edital1142023_gsseed_ccm.pdf, p. 3 (Vigência expressa fixada a partir de 01/01/2024);Sem menção em editais nos autos para o ano de 2021. Conservadoramente mantido como INDETERMINADO conforme diretriz metodológica.;CONFIRMADO;
41031237;HUGO SIMAS C E CMEF M PROFIS;Londrina;2022;INDETERMINADO;INDETERMINADO_SEM_DOCUMENTO_NO_PERIODO;2024;NAO_CONSTA;edital1142023_gsseed_ccm.pdf, p. 3 (Vigência expressa fixada a partir de 01/01/2024);Sem menção em editais nos autos para o ano de 2022. Conservadoramente mantido como INDETERMINADO conforme diretriz metodológica.;CONFIRMADO;
41031237;HUGO SIMAS C E CMEF M PROFIS;Londrina;2023;NAO;NAO_CCM_EM_CONSULTA_PREPARATORIA;2024;NAO_CONSTA;edital1142023_gsseed_ccm.pdf, p. 3 (Vigência expressa fixada a partir de 01/01/2024);"Escola operando na rede regular estadual; participou de consulta pública de adesão em 2023 cuja vigência foi fixada apenas a partir de 01/01/2024.";CONFIRMADO;
41031237;HUGO SIMAS C E CMEF M PROFIS;Londrina;2024;SIM;CCM_ATIVO_IMPLEMENTADO;2024;NAO_CONSTA;edital1142023_gsseed_ccm.pdf, p. 3 (Vigência expressa fixada a partir de 01/01/2024);Início formal da gestão cívico-militar em 01/01/2024 conforme edital1142023_gsseed_ccm.pdf, p. 3 (Vigência expressa fixada a partir de 01/01/2024).;CONFIRMADO;
41031237;HUGO SIMAS C E CMEF M PROFIS;Londrina;2025;SIM;CCM_ATIVO_CONTINUIDADE;2024;NAO_CONSTA;edital1142023_gsseed_ccm.pdf, p. 3 (Vigência expressa fixada a partir de 01/01/2024);"Gestão cívico-militar em continuidade regular; sem publicação de ato de revogação, exclusão ou encerramento.";CONFIRMADO;
41031237;HUGO SIMAS C E CMEF M PROFIS;Londrina;2026;SIM;CCM_ATIVO_CONTINUIDADE;2024;NAO_CONSTA;edital1142023_gsseed_ccm.pdf, p. 3 (Vigência expressa fixada a partir de 01/01/2024);"Gestão cívico-militar em continuidade regular; sem publicação de ato de revogação, exclusão ou encerramento.";CONFIRMADO;
41031253;HUMBERTO P COUTINHO C E CMEF M PROFIS;Londrina;2020;INDETERMINADO;INDETERMINADO_SEM_DOCUMENTO_NO_PERIODO;2024;NAO_CONSTA;edital1142023_gsseed_ccm.pdf, p. 3 (Vigência expressa fixada a partir de 01/01/2024);Sem menção em editais nos autos para o ano de 2020. Conservadoramente mantido como INDETERMINADO conforme diretriz metodológica.;CONFIRMADO;
41031253;HUMBERTO P COUTINHO C E CMEF M PROFIS;Londrina;2021;INDETERMINADO;INDETERMINADO_SEM_DOCUMENTO_NO_PERIODO;2024;NAO_CONSTA;edital1142023_gsseed_ccm.pdf, p. 3 (Vigência expressa fixada a partir de 01/01/2024);Sem menção em editais nos autos para o ano de 2021. Conservadoramente mantido como INDETERMINADO conforme diretriz metodológica.;CONFIRMADO;
41031253;HUMBERTO P COUTINHO C E CMEF M PROFIS;Londrina;2022;INDETERMINADO;INDETERMINADO_SEM_DOCUMENTO_NO_PERIODO;2024;NAO_CONSTA;edital1142023_gsseed_ccm.pdf, p. 3 (Vigência expressa fixada a partir de 01/01/2024);Sem menção em editais nos autos para o ano de 2022. Conservadoramente mantido como INDETERMINADO conforme diretriz metodológica.;CONFIRMADO;
41031253;HUMBERTO P COUTINHO C E CMEF M PROFIS;Londrina;2023;NAO;NAO_CCM_EM_CONSULTA_PREPARATORIA;2024;NAO_CONSTA;edital1142023_gsseed_ccm.pdf, p. 3 (Vigência expressa fixada a partir de 01/01/2024);"Escola operando na rede regular estadual; participou de consulta pública de adesão em 2023 cuja vigência foi fixada apenas a partir de 01/01/2024.";CONFIRMADO;
41031253;HUMBERTO P COUTINHO C E CMEF M PROFIS;Londrina;2024;SIM;CCM_ATIVO_IMPLEMENTADO;2024;NAO_CONSTA;edital1142023_gsseed_ccm.pdf, p. 3 (Vigência expressa fixada a partir de 01/01/2024);Início formal da gestão cívico-militar em 01/01/2024 conforme edital1142023_gsseed_ccm.pdf, p. 3 (Vigência expressa fixada a partir de 01/01/2024).;CONFIRMADO;
41031253;HUMBERTO P COUTINHO C E CMEF M PROFIS;Londrina;2025;SIM;CCM_ATIVO_CONTINUIDADE;2024;NAO_CONSTA;edital1142023_gsseed_ccm.pdf, p. 3 (Vigência expressa fixada a partir de 01/01/2024);"Gestão cívico-militar em continuidade regular; sem publicação de ato de revogação, exclusão ou encerramento.";CONFIRMADO;
41031253;HUMBERTO P COUTINHO C E CMEF M PROFIS;Londrina;2026;SIM;CCM_ATIVO_CONTINUIDADE;2024;NAO_CONSTA;edital1142023_gsseed_ccm.pdf, p. 3 (Vigência expressa fixada a partir de 01/01/2024);"Gestão cívico-militar em continuidade regular; sem publicação de ato de revogação, exclusão ou encerramento.";CONFIRMADO;
41031709;LAURO G DA V PESSOA E E CM PROFEF;Londrina;2020;INDETERMINADO;INDETERMINADO_SEM_DOCUMENTO_NO_PERIODO;2024;NAO_CONSTA;edital1222023_gsseed_prot214105004_ccm_resultado_processo_consulta_publica.pdf, p. 1 (Vigência expressa fixada a partir de 01/01/2024);Sem menção em editais nos autos para o ano de 2020. Conservadoramente mantido como INDETERMINADO conforme diretriz metodológica.;CONFIRMADO;
41031709;LAURO G DA V PESSOA E E CM PROFEF;Londrina;2021;INDETERMINADO;INDETERMINADO_SEM_DOCUMENTO_NO_PERIODO;2024;NAO_CONSTA;edital1222023_gsseed_prot214105004_ccm_resultado_processo_consulta_publica.pdf, p. 1 (Vigência expressa fixada a partir de 01/01/2024);Sem menção em editais nos autos para o ano de 2021. Conservadoramente mantido como INDETERMINADO conforme diretriz metodológica.;CONFIRMADO;
41031709;LAURO G DA V PESSOA E E CM PROFEF;Londrina;2022;INDETERMINADO;INDETERMINADO_SEM_DOCUMENTO_NO_PERIODO;2024;NAO_CONSTA;edital1222023_gsseed_prot214105004_ccm_resultado_processo_consulta_publica.pdf, p. 1 (Vigência expressa fixada a partir de 01/01/2024);Sem menção em editais nos autos para o ano de 2022. Conservadoramente mantido como INDETERMINADO conforme diretriz metodológica.;CONFIRMADO;
41031709;LAURO G DA V PESSOA E E CM PROFEF;Londrina;2023;NAO;NAO_CCM_EM_CONSULTA_PREPARATORIA;2024;NAO_CONSTA;edital1222023_gsseed_prot214105004_ccm_resultado_processo_consulta_publica.pdf, p. 1 (Vigência expressa fixada a partir de 01/01/2024);"Escola operando na rede regular estadual; participou de consulta pública de adesão em 2023 cuja vigência foi fixada apenas a partir de 01/01/2024.";CONFIRMADO;
41031709;LAURO G DA V PESSOA E E CM PROFEF;Londrina;2024;SIM;CCM_ATIVO_IMPLEMENTADO;2024;NAO_CONSTA;edital1222023_gsseed_prot214105004_ccm_resultado_processo_consulta_publica.pdf, p. 1 (Vigência expressa fixada a partir de 01/01/2024);Início formal da gestão cívico-militar em 01/01/2024 conforme edital1222023_gsseed_prot214105004_ccm_resultado_processo_consulta_publica.pdf, p. 1 (Vigência expressa fixada a partir de 01/01/2024).;CONFIRMADO;
41031709;LAURO G DA V PESSOA E E CM PROFEF;Londrina;2025;SIM;CCM_ATIVO_CONTINUIDADE;2024;NAO_CONSTA;edital1222023_gsseed_prot214105004_ccm_resultado_processo_consulta_publica.pdf, p. 1 (Vigência expressa fixada a partir de 01/01/2024);"Gestão cívico-militar em continuidade regular; sem publicação de ato de revogação, exclusão ou encerramento.";CONFIRMADO;
41031709;LAURO G DA V PESSOA E E CM PROFEF;Londrina;2026;SIM;CCM_ATIVO_CONTINUIDADE;2024;NAO_CONSTA;edital1222023_gsseed_prot214105004_ccm_resultado_processo_consulta_publica.pdf, p. 1 (Vigência expressa fixada a partir de 01/01/2024);"Gestão cívico-militar em continuidade regular; sem publicação de ato de revogação, exclusão ou encerramento.";CONFIRMADO;
41031750;LUCIA B LISBOA C E PROFAEF M;Londrina;2020;INDETERMINADO;INDETERMINADO_SEM_DOCUMENTO_NO_PERIODO;INDETERMINADO;NAO_CONSTA;NENHUMA_APROVACAO_DOCUMENTADA;Sem documentos nos autos para o ano de 2020.;CONFIRMADO;
41031750;LUCIA B LISBOA C E PROFAEF M;Londrina;2021;INDETERMINADO;INDETERMINADO_SEM_DOCUMENTO_NO_PERIODO;INDETERMINADO;NAO_CONSTA;NENHUMA_APROVACAO_DOCUMENTADA;Sem documentos nos autos para o ano de 2021.;CONFIRMADO;
41031750;LUCIA B LISBOA C E PROFAEF M;Londrina;2022;INDETERMINADO;INDETERMINADO_SEM_DOCUMENTO_NO_PERIODO;INDETERMINADO;NAO_CONSTA;NENHUMA_APROVACAO_DOCUMENTADA;Sem documentos nos autos para o ano de 2022.;CONFIRMADO;
41031750;LUCIA B LISBOA C E PROFAEF M;Londrina;2023;NAO;NAO_CCM_EM_CONSULTA;INDETERMINADO;NAO_CONSTA;NENHUMA_APROVACAO_DOCUMENTADA;Escola convocada para consulta pública no ano de 2023, porém sem homologação de resultado favorável nos editais oficiais analisados (comunidade votou pela manutenção do modelo tradicional).;CONFIRMADO;
41031750;LUCIA B LISBOA C E PROFAEF M;Londrina;2024;INDETERMINADO;INDETERMINADO_CONSULTA_SEM_HOMOLOGACAO;INDETERMINADO;NAO_CONSTA;NENHUMA_APROVACAO_DOCUMENTADA;"Consulta pública realizada não foi homologada nos editais oficiais analisados; comunidade escolar rejeitou o modelo ou quórum não foi atingido.";CONFIRMADO;
41031750;LUCIA B LISBOA C E PROFAEF M;Londrina;2025;INDETERMINADO;INDETERMINADO_CONSULTA_SEM_HOMOLOGACAO;INDETERMINADO;NAO_CONSTA;NENHUMA_APROVACAO_DOCUMENTADA;"Consulta pública realizada não foi homologada nos editais oficiais analisados; comunidade escolar rejeitou o modelo ou quórum não foi atingido.";CONFIRMADO;
41031750;LUCIA B LISBOA C E PROFAEF M;Londrina;2026;INDETERMINADO;INDETERMINADO_CONSULTA_SEM_HOMOLOGACAO;INDETERMINADO;NAO_CONSTA;NENHUMA_APROVACAO_DOCUMENTADA;"Consulta pública realizada não foi homologada nos editais oficiais analisados; comunidade escolar rejeitou o modelo ou quórum não foi atingido.";CONFIRMADO;
41031873;MARGARIDA B LISBOA C E CM PROFAEF M;Londrina;2020;INDETERMINADO;INDETERMINADO_SEM_DOCUMENTO_NO_PERIODO;2024;NAO_CONSTA;edital1142023_gsseed_ccm.pdf, p. 3 (Vigência expressa fixada a partir de 01/01/2024);Sem menção em editais nos autos para o ano de 2020. Conservadoramente mantido como INDETERMINADO conforme diretriz metodológica.;CONFIRMADO;
41031873;MARGARIDA B LISBOA C E CM PROFAEF M;Londrina;2021;INDETERMINADO;INDETERMINADO_SEM_DOCUMENTO_NO_PERIODO;2024;NAO_CONSTA;edital1142023_gsseed_ccm.pdf, p. 3 (Vigência expressa fixada a partir de 01/01/2024);Sem menção em editais nos autos para o ano de 2021. Conservadoramente mantido como INDETERMINADO conforme diretriz metodológica.;CONFIRMADO;
41031873;MARGARIDA B LISBOA C E CM PROFAEF M;Londrina;2022;INDETERMINADO;INDETERMINADO_SEM_DOCUMENTO_NO_PERIODO;2024;NAO_CONSTA;edital1142023_gsseed_ccm.pdf, p. 3 (Vigência expressa fixada a partir de 01/01/2024);Sem menção em editais nos autos para o ano de 2022. Conservadoramente mantido como INDETERMINADO conforme diretriz metodológica.;CONFIRMADO;
41031873;MARGARIDA B LISBOA C E CM PROFAEF M;Londrina;2023;NAO;NAO_CCM_EM_CONSULTA_PREPARATORIA;2024;NAO_CONSTA;edital1142023_gsseed_ccm.pdf, p. 3 (Vigência expressa fixada a partir de 01/01/2024);"Escola operando na rede regular estadual; participou de consulta pública de adesão em 2023 cuja vigência foi fixada apenas a partir de 01/01/2024.";CONFIRMADO;
41031873;MARGARIDA B LISBOA C E CM PROFAEF M;Londrina;2024;SIM;CCM_ATIVO_IMPLEMENTADO;2024;NAO_CONSTA;edital1142023_gsseed_ccm.pdf, p. 3 (Vigência expressa fixada a partir de 01/01/2024);Início formal da gestão cívico-militar em 01/01/2024 conforme edital1142023_gsseed_ccm.pdf, p. 3 (Vigência expressa fixada a partir de 01/01/2024).;CONFIRMADO;
41031873;MARGARIDA B LISBOA C E CM PROFAEF M;Londrina;2025;SIM;CCM_ATIVO_CONTINUIDADE;2024;NAO_CONSTA;edital1142023_gsseed_ccm.pdf, p. 3 (Vigência expressa fixada a partir de 01/01/2024);"Gestão cívico-militar em continuidade regular; sem publicação de ato de revogação, exclusão ou encerramento.";CONFIRMADO;
41031873;MARGARIDA B LISBOA C E CM PROFAEF M;Londrina;2026;SIM;CCM_ATIVO_CONTINUIDADE;2024;NAO_CONSTA;edital1142023_gsseed_ccm.pdf, p. 3 (Vigência expressa fixada a partir de 01/01/2024);"Gestão cívico-militar em continuidade regular; sem publicação de ato de revogação, exclusão ou encerramento.";CONFIRMADO;
41032225;NEWTON GUIMARAES C E CM PROFEF M;Londrina;2020;INDETERMINADO;INDETERMINADO_SEM_DOCUMENTO_NO_PERIODO;2024;NAO_CONSTA;edital1222023_gsseed_prot214105004_ccm_resultado_processo_consulta_publica.pdf, p. 1 (Vigência expressa fixada a partir de 01/01/2024);Sem menção em editais nos autos para o ano de 2020. Conservadoramente mantido como INDETERMINADO conforme diretriz metodológica.;CONFIRMADO;
41032225;NEWTON GUIMARAES C E CM PROFEF M;Londrina;2021;INDETERMINADO;INDETERMINADO_SEM_DOCUMENTO_NO_PERIODO;2024;NAO_CONSTA;edital1222023_gsseed_prot214105004_ccm_resultado_processo_consulta_publica.pdf, p. 1 (Vigência expressa fixada a partir de 01/01/2024);Sem menção em editais nos autos para o ano de 2021. Conservadoramente mantido como INDETERMINADO conforme diretriz metodológica.;CONFIRMADO;
41032225;NEWTON GUIMARAES C E CM PROFEF M;Londrina;2022;INDETERMINADO;INDETERMINADO_SEM_DOCUMENTO_NO_PERIODO;2024;NAO_CONSTA;edital1222023_gsseed_prot214105004_ccm_resultado_processo_consulta_publica.pdf, p. 1 (Vigência expressa fixada a partir de 01/01/2024);Sem menção em editais nos autos para o ano de 2022. Conservadoramente mantido como INDETERMINADO conforme diretriz metodológica.;CONFIRMADO;
41032225;NEWTON GUIMARAES C E CM PROFEF M;Londrina;2023;NAO;NAO_CCM_EM_CONSULTA_PREPARATORIA;2024;NAO_CONSTA;edital1222023_gsseed_prot214105004_ccm_resultado_processo_consulta_publica.pdf, p. 1 (Vigência expressa fixada a partir de 01/01/2024);"Escola operando na rede regular estadual; participou de consulta pública de adesão em 2023 cuja vigência foi fixada apenas a partir de 01/01/2024.";CONFIRMADO;
41032225;NEWTON GUIMARAES C E CM PROFEF M;Londrina;2024;SIM;CCM_ATIVO_IMPLEMENTADO;2024;NAO_CONSTA;edital1222023_gsseed_prot214105004_ccm_resultado_processo_consulta_publica.pdf, p. 1 (Vigência expressa fixada a partir de 01/01/2024);Início formal da gestão cívico-militar em 01/01/2024 conforme edital1222023_gsseed_prot214105004_ccm_resultado_processo_consulta_publica.pdf, p. 1 (Vigência expressa fixada a partir de 01/01/2024).;CONFIRMADO;
41032225;NEWTON GUIMARAES C E CM PROFEF M;Londrina;2025;SIM;CCM_ATIVO_CONTINUIDADE;2024;NAO_CONSTA;edital1222023_gsseed_prot214105004_ccm_resultado_processo_consulta_publica.pdf, p. 1 (Vigência expressa fixada a partir de 01/01/2024);"Gestão cívico-militar em continuidade regular; sem publicação de ato de revogação, exclusão ou encerramento.";CONFIRMADO;
41032225;NEWTON GUIMARAES C E CM PROFEF M;Londrina;2026;SIM;CCM_ATIVO_CONTINUIDADE;2024;NAO_CONSTA;edital1222023_gsseed_prot214105004_ccm_resultado_processo_consulta_publica.pdf, p. 1 (Vigência expressa fixada a partir de 01/01/2024);"Gestão cívico-militar em continuidade regular; sem publicação de ato de revogação, exclusão ou encerramento.";CONFIRMADO;
41032241;NILO PECANHA C E CMEF M PROFIS;Londrina;2020;INDETERMINADO;INDETERMINADO_SEM_DOCUMENTO_NO_PERIODO;2024;NAO_CONSTA;edital1142023_gsseed_ccm.pdf, p. 3 (Vigência expressa fixada a partir de 01/01/2024);Sem menção em editais nos autos para o ano de 2020. Conservadoramente mantido como INDETERMINADO conforme diretriz metodológica.;CONFIRMADO;
41032241;NILO PECANHA C E CMEF M PROFIS;Londrina;2021;INDETERMINADO;INDETERMINADO_SEM_DOCUMENTO_NO_PERIODO;2024;NAO_CONSTA;edital1142023_gsseed_ccm.pdf, p. 3 (Vigência expressa fixada a partir de 01/01/2024);Sem menção em editais nos autos para o ano de 2021. Conservadoramente mantido como INDETERMINADO conforme diretriz metodológica.;CONFIRMADO;
41032241;NILO PECANHA C E CMEF M PROFIS;Londrina;2022;INDETERMINADO;INDETERMINADO_SEM_DOCUMENTO_NO_PERIODO;2024;NAO_CONSTA;edital1142023_gsseed_ccm.pdf, p. 3 (Vigência expressa fixada a partir de 01/01/2024);Sem menção em editais nos autos para o ano de 2022. Conservadoramente mantido como INDETERMINADO conforme diretriz metodológica.;CONFIRMADO;
41032241;NILO PECANHA C E CMEF M PROFIS;Londrina;2023;NAO;NAO_CCM_EM_CONSULTA_PREPARATORIA;2024;NAO_CONSTA;edital1142023_gsseed_ccm.pdf, p. 3 (Vigência expressa fixada a partir de 01/01/2024);"Escola operando na rede regular estadual; participou de consulta pública de adesão em 2023 cuja vigência foi fixada apenas a partir de 01/01/2024.";CONFIRMADO;
41032241;NILO PECANHA C E CMEF M PROFIS;Londrina;2024;SIM;CCM_ATIVO_IMPLEMENTADO;2024;NAO_CONSTA;edital1142023_gsseed_ccm.pdf, p. 3 (Vigência expressa fixada a partir de 01/01/2024);Início formal da gestão cívico-militar em 01/01/2024 conforme edital1142023_gsseed_ccm.pdf, p. 3 (Vigência expressa fixada a partir de 01/01/2024).;CONFIRMADO;
41032241;NILO PECANHA C E CMEF M PROFIS;Londrina;2025;SIM;CCM_ATIVO_CONTINUIDADE;2024;NAO_CONSTA;edital1142023_gsseed_ccm.pdf, p. 3 (Vigência expressa fixada a partir de 01/01/2024);"Gestão cívico-militar em continuidade regular; sem publicação de ato de revogação, exclusão ou encerramento.";CONFIRMADO;
41032241;NILO PECANHA C E CMEF M PROFIS;Londrina;2026;SIM;CCM_ATIVO_CONTINUIDADE;2024;NAO_CONSTA;edital1142023_gsseed_ccm.pdf, p. 3 (Vigência expressa fixada a partir de 01/01/2024);"Gestão cívico-militar em continuidade regular; sem publicação de ato de revogação, exclusão ou encerramento.";CONFIRMADO;
41032446;OLYMPIA M TORMENTA C E CM PROFEF M P;Londrina;2020;INDETERMINADO;INDETERMINADO_SEM_DOCUMENTO_NO_PERIODO;2024;NAO_CONSTA;edital1142023_gsseed_ccm.pdf, p. 3 (Vigência expressa fixada a partir de 01/01/2024);Sem menção em editais nos autos para o ano de 2020. Conservadoramente mantido como INDETERMINADO conforme diretriz metodológica.;CONFIRMADO;
41032446;OLYMPIA M TORMENTA C E CM PROFEF M P;Londrina;2021;INDETERMINADO;INDETERMINADO_SEM_DOCUMENTO_NO_PERIODO;2024;NAO_CONSTA;edital1142023_gsseed_ccm.pdf, p. 3 (Vigência expressa fixada a partir de 01/01/2024);Sem menção em editais nos autos para o ano de 2021. Conservadoramente mantido como INDETERMINADO conforme diretriz metodológica.;CONFIRMADO;
41032446;OLYMPIA M TORMENTA C E CM PROFEF M P;Londrina;2022;INDETERMINADO;INDETERMINADO_SEM_DOCUMENTO_NO_PERIODO;2024;NAO_CONSTA;edital1142023_gsseed_ccm.pdf, p. 3 (Vigência expressa fixada a partir de 01/01/2024);Sem menção em editais nos autos para o ano de 2022. Conservadoramente mantido como INDETERMINADO conforme diretriz metodológica.;CONFIRMADO;
41032446;OLYMPIA M TORMENTA C E CM PROFEF M P;Londrina;2023;NAO;NAO_CCM_EM_CONSULTA_PREPARATORIA;2024;NAO_CONSTA;edital1142023_gsseed_ccm.pdf, p. 3 (Vigência expressa fixada a partir de 01/01/2024);"Escola operando na rede regular estadual; participou de consulta pública de adesão em 2023 cuja vigência foi fixada apenas a partir de 01/01/2024.";CONFIRMADO;
41032446;OLYMPIA M TORMENTA C E CM PROFEF M P;Londrina;2024;SIM;CCM_ATIVO_IMPLEMENTADO;2024;NAO_CONSTA;edital1142023_gsseed_ccm.pdf, p. 3 (Vigência expressa fixada a partir de 01/01/2024);Início formal da gestão cívico-militar em 01/01/2024 conforme edital1142023_gsseed_ccm.pdf, p. 3 (Vigência expressa fixada a partir de 01/01/2024).;CONFIRMADO;
41032446;OLYMPIA M TORMENTA C E CM PROFEF M P;Londrina;2025;SIM;CCM_ATIVO_CONTINUIDADE;2024;NAO_CONSTA;edital1142023_gsseed_ccm.pdf, p. 3 (Vigência expressa fixada a partir de 01/01/2024);"Gestão cívico-militar em continuidade regular; sem publicação de ato de revogação, exclusão ou encerramento.";CONFIRMADO;
41032446;OLYMPIA M TORMENTA C E CM PROFEF M P;Londrina;2026;SIM;CCM_ATIVO_CONTINUIDADE;2024;NAO_CONSTA;edital1142023_gsseed_ccm.pdf, p. 3 (Vigência expressa fixada a partir de 01/01/2024);"Gestão cívico-militar em continuidade regular; sem publicação de ato de revogação, exclusão ou encerramento.";CONFIRMADO;
41032853;RIO BRANCO C E CM BAR DOEF M;Londrina;2020;INDETERMINADO;INDETERMINADO_SEM_DOCUMENTO_NO_PERIODO;2024;NAO_CONSTA;edital1222023_gsseed_prot214105004_ccm_resultado_processo_consulta_publica.pdf, p. 1 (Vigência expressa fixada a partir de 01/01/2024);Sem menção em editais nos autos para o ano de 2020. Conservadoramente mantido como INDETERMINADO conforme diretriz metodológica.;CONFIRMADO;
41032853;RIO BRANCO C E CM BAR DOEF M;Londrina;2021;INDETERMINADO;INDETERMINADO_SEM_DOCUMENTO_NO_PERIODO;2024;NAO_CONSTA;edital1222023_gsseed_prot214105004_ccm_resultado_processo_consulta_publica.pdf, p. 1 (Vigência expressa fixada a partir de 01/01/2024);Sem menção em editais nos autos para o ano de 2021. Conservadoramente mantido como INDETERMINADO conforme diretriz metodológica.;CONFIRMADO;
41032853;RIO BRANCO C E CM BAR DOEF M;Londrina;2022;INDETERMINADO;INDETERMINADO_SEM_DOCUMENTO_NO_PERIODO;2024;NAO_CONSTA;edital1222023_gsseed_prot214105004_ccm_resultado_processo_consulta_publica.pdf, p. 1 (Vigência expressa fixada a partir de 01/01/2024);Sem menção em editais nos autos para o ano de 2022. Conservadoramente mantido como INDETERMINADO conforme diretriz metodológica.;CONFIRMADO;
41032853;RIO BRANCO C E CM BAR DOEF M;Londrina;2023;NAO;NAO_CCM_EM_CONSULTA_PREPARATORIA;2024;NAO_CONSTA;edital1222023_gsseed_prot214105004_ccm_resultado_processo_consulta_publica.pdf, p. 1 (Vigência expressa fixada a partir de 01/01/2024);"Escola operando na rede regular estadual; participou de consulta pública de adesão em 2023 cuja vigência foi fixada apenas a partir de 01/01/2024.";CONFIRMADO;
41032853;RIO BRANCO C E CM BAR DOEF M;Londrina;2024;SIM;CCM_ATIVO_IMPLEMENTADO;2024;NAO_CONSTA;edital1222023_gsseed_prot214105004_ccm_resultado_processo_consulta_publica.pdf, p. 1 (Vigência expressa fixada a partir de 01/01/2024);Início formal da gestão cívico-militar em 01/01/2024 conforme edital1222023_gsseed_prot214105004_ccm_resultado_processo_consulta_publica.pdf, p. 1 (Vigência expressa fixada a partir de 01/01/2024).;CONFIRMADO;
41032853;RIO BRANCO C E CM BAR DOEF M;Londrina;2025;SIM;CCM_ATIVO_CONTINUIDADE;2024;NAO_CONSTA;edital1222023_gsseed_prot214105004_ccm_resultado_processo_consulta_publica.pdf, p. 1 (Vigência expressa fixada a partir de 01/01/2024);"Gestão cívico-militar em continuidade regular; sem publicação de ato de revogação, exclusão ou encerramento.";CONFIRMADO;
41032853;RIO BRANCO C E CM BAR DOEF M;Londrina;2026;SIM;CCM_ATIVO_CONTINUIDADE;2024;NAO_CONSTA;edital1222023_gsseed_prot214105004_ccm_resultado_processo_consulta_publica.pdf, p. 1 (Vigência expressa fixada a partir de 01/01/2024);"Gestão cívico-militar em continuidade regular; sem publicação de ato de revogação, exclusão ou encerramento.";CONFIRMADO;
41033620;LAURO P TAVARES C E CM DREF M;Rolândia;2020;INDETERMINADO;INDETERMINADO_SEM_DOCUMENTO_NO_PERIODO;2024;NAO_CONSTA;edital1142023_gsseed_ccm.pdf, p. 3 (Vigência expressa fixada a partir de 01/01/2024);Sem menção em editais nos autos para o ano de 2020. Conservadoramente mantido como INDETERMINADO conforme diretriz metodológica.;CONFIRMADO;
41033620;LAURO P TAVARES C E CM DREF M;Rolândia;2021;INDETERMINADO;INDETERMINADO_SEM_DOCUMENTO_NO_PERIODO;2024;NAO_CONSTA;edital1142023_gsseed_ccm.pdf, p. 3 (Vigência expressa fixada a partir de 01/01/2024);Sem menção em editais nos autos para o ano de 2021. Conservadoramente mantido como INDETERMINADO conforme diretriz metodológica.;CONFIRMADO;
41033620;LAURO P TAVARES C E CM DREF M;Rolândia;2022;INDETERMINADO;INDETERMINADO_SEM_DOCUMENTO_NO_PERIODO;2024;NAO_CONSTA;edital1142023_gsseed_ccm.pdf, p. 3 (Vigência expressa fixada a partir de 01/01/2024);Sem menção em editais nos autos para o ano de 2022. Conservadoramente mantido como INDETERMINADO conforme diretriz metodológica.;CONFIRMADO;
41033620;LAURO P TAVARES C E CM DREF M;Rolândia;2023;NAO;NAO_CCM_EM_CONSULTA_PREPARATORIA;2024;NAO_CONSTA;edital1142023_gsseed_ccm.pdf, p. 3 (Vigência expressa fixada a partir de 01/01/2024);"Escola operando na rede regular estadual; participou de consulta pública de adesão em 2023 cuja vigência foi fixada apenas a partir de 01/01/2024.";CONFIRMADO;
41033620;LAURO P TAVARES C E CM DREF M;Rolândia;2024;SIM;CCM_ATIVO_IMPLEMENTADO;2024;NAO_CONSTA;edital1142023_gsseed_ccm.pdf, p. 3 (Vigência expressa fixada a partir de 01/01/2024);Início formal da gestão cívico-militar em 01/01/2024 conforme edital1142023_gsseed_ccm.pdf, p. 3 (Vigência expressa fixada a partir de 01/01/2024).;CONFIRMADO;
41033620;LAURO P TAVARES C E CM DREF M;Rolândia;2025;SIM;CCM_ATIVO_CONTINUIDADE;2024;NAO_CONSTA;edital1142023_gsseed_ccm.pdf, p. 3 (Vigência expressa fixada a partir de 01/01/2024);"Gestão cívico-militar em continuidade regular; sem publicação de ato de revogação, exclusão ou encerramento.";CONFIRMADO;
41033620;LAURO P TAVARES C E CM DREF M;Rolândia;2026;SIM;CCM_ATIVO_CONTINUIDADE;2024;NAO_CONSTA;edital1142023_gsseed_ccm.pdf, p. 3 (Vigência expressa fixada a partir de 01/01/2024);"Gestão cívico-militar em continuidade regular; sem publicação de ato de revogação, exclusão ou encerramento.";CONFIRMADO;
41037324;ANTONIO DINIZ PEREIRA C E CMEF M;Ivaiporã;2020;INDETERMINADO;INDETERMINADO_SEM_DOCUMENTO_NO_PERIODO;2024;NAO_CONSTA;edital1142023_gsseed_ccm.pdf, p. 2 (Vigência expressa fixada a partir de 01/01/2024);Sem menção em editais nos autos para o ano de 2020. Conservadoramente mantido como INDETERMINADO conforme diretriz metodológica.;CONFIRMADO;
41037324;ANTONIO DINIZ PEREIRA C E CMEF M;Ivaiporã;2021;INDETERMINADO;INDETERMINADO_SEM_DOCUMENTO_NO_PERIODO;2024;NAO_CONSTA;edital1142023_gsseed_ccm.pdf, p. 2 (Vigência expressa fixada a partir de 01/01/2024);Sem menção em editais nos autos para o ano de 2021. Conservadoramente mantido como INDETERMINADO conforme diretriz metodológica.;CONFIRMADO;
41037324;ANTONIO DINIZ PEREIRA C E CMEF M;Ivaiporã;2022;INDETERMINADO;INDETERMINADO_SEM_DOCUMENTO_NO_PERIODO;2024;NAO_CONSTA;edital1142023_gsseed_ccm.pdf, p. 2 (Vigência expressa fixada a partir de 01/01/2024);Sem menção em editais nos autos para o ano de 2022. Conservadoramente mantido como INDETERMINADO conforme diretriz metodológica.;CONFIRMADO;
41037324;ANTONIO DINIZ PEREIRA C E CMEF M;Ivaiporã;2023;NAO;NAO_CCM_EM_CONSULTA_PREPARATORIA;2024;NAO_CONSTA;edital1142023_gsseed_ccm.pdf, p. 2 (Vigência expressa fixada a partir de 01/01/2024);"Escola operando na rede regular estadual; participou de consulta pública de adesão em 2023 cuja vigência foi fixada apenas a partir de 01/01/2024.";CONFIRMADO;
41037324;ANTONIO DINIZ PEREIRA C E CMEF M;Ivaiporã;2024;SIM;CCM_ATIVO_IMPLEMENTADO;2024;NAO_CONSTA;edital1142023_gsseed_ccm.pdf, p. 2 (Vigência expressa fixada a partir de 01/01/2024);Início formal da gestão cívico-militar em 01/01/2024 conforme edital1142023_gsseed_ccm.pdf, p. 2 (Vigência expressa fixada a partir de 01/01/2024).;CONFIRMADO;
41037324;ANTONIO DINIZ PEREIRA C E CMEF M;Ivaiporã;2025;SIM;CCM_ATIVO_CONTINUIDADE;2024;NAO_CONSTA;edital1142023_gsseed_ccm.pdf, p. 2 (Vigência expressa fixada a partir de 01/01/2024);"Gestão cívico-militar em continuidade regular; sem publicação de ato de revogação, exclusão ou encerramento.";CONFIRMADO;
41037324;ANTONIO DINIZ PEREIRA C E CMEF M;Ivaiporã;2026;SIM;CCM_ATIVO_CONTINUIDADE;2024;NAO_CONSTA;edital1142023_gsseed_ccm.pdf, p. 2 (Vigência expressa fixada a partir de 01/01/2024);"Gestão cívico-militar em continuidade regular; sem publicação de ato de revogação, exclusão ou encerramento.";CONFIRMADO;
41037413;BENTO MOSSURUNGA C EEF M;Ivaiporã;2020;INDETERMINADO;INDETERMINADO_SEM_DOCUMENTO_NO_PERIODO;2026;NAO_CONSTA;edital1362025_gsseed_prot249175889_ccm_consulta_publica_resultado.pdf, p. 2 (Vigência expressa fixada a partir de 01/01/2026);Sem menção em editais nos autos para o ano de 2020. Conservadoramente mantido como INDETERMINADO conforme diretriz metodológica.;CONFIRMADO;
41037413;BENTO MOSSURUNGA C EEF M;Ivaiporã;2021;INDETERMINADO;INDETERMINADO_SEM_DOCUMENTO_NO_PERIODO;2026;NAO_CONSTA;edital1362025_gsseed_prot249175889_ccm_consulta_publica_resultado.pdf, p. 2 (Vigência expressa fixada a partir de 01/01/2026);Sem menção em editais nos autos para o ano de 2021. Conservadoramente mantido como INDETERMINADO conforme diretriz metodológica.;CONFIRMADO;
41037413;BENTO MOSSURUNGA C EEF M;Ivaiporã;2022;INDETERMINADO;INDETERMINADO_SEM_DOCUMENTO_NO_PERIODO;2026;NAO_CONSTA;edital1362025_gsseed_prot249175889_ccm_consulta_publica_resultado.pdf, p. 2 (Vigência expressa fixada a partir de 01/01/2026);Sem menção em editais nos autos para o ano de 2022. Conservadoramente mantido como INDETERMINADO conforme diretriz metodológica.;CONFIRMADO;
41037413;BENTO MOSSURUNGA C EEF M;Ivaiporã;2023;INDETERMINADO;INDETERMINADO_SEM_DOCUMENTO_NO_PERIODO;2026;NAO_CONSTA;edital1362025_gsseed_prot249175889_ccm_consulta_publica_resultado.pdf, p. 2 (Vigência expressa fixada a partir de 01/01/2026);Sem menção em editais nos autos para o ano de 2023. Conservadoramente mantido como INDETERMINADO conforme diretriz metodológica.;CONFIRMADO;
41037413;BENTO MOSSURUNGA C EEF M;Ivaiporã;2024;INDETERMINADO;INDETERMINADO_SEM_DOCUMENTO_NO_PERIODO;2026;NAO_CONSTA;edital1362025_gsseed_prot249175889_ccm_consulta_publica_resultado.pdf, p. 2 (Vigência expressa fixada a partir de 01/01/2026);Sem menção em editais nos autos para o ano de 2024. Conservadoramente mantido como INDETERMINADO conforme diretriz metodológica.;CONFIRMADO;
41037413;BENTO MOSSURUNGA C EEF M;Ivaiporã;2025;NAO;NAO_CCM_EM_CONSULTA_PREPARATORIA;2026;NAO_CONSTA;edital1362025_gsseed_prot249175889_ccm_consulta_publica_resultado.pdf, p. 2 (Vigência expressa fixada a partir de 01/01/2026);"Escola operando na rede regular estadual; participou de consulta pública de adesão em 2025 cuja vigência foi fixada apenas a partir de 01/01/2026.";CONFIRMADO;
41037413;BENTO MOSSURUNGA C EEF M;Ivaiporã;2026;SIM;CCM_ATIVO_IMPLEMENTADO;2026;NAO_CONSTA;edital1362025_gsseed_prot249175889_ccm_consulta_publica_resultado.pdf, p. 2 (Vigência expressa fixada a partir de 01/01/2026);Início formal da gestão cívico-militar em 01/01/2026 conforme edital1362025_gsseed_prot249175889_ccm_consulta_publica_resultado.pdf, p. 2 (Vigência expressa fixada a partir de 01/01/2026).;CONFIRMADO;
41039068;NEREU RAMOS E E CMEF;Manoel Ribas;2020;INDETERMINADO;INDETERMINADO_SEM_DOCUMENTO_NO_PERIODO;2024;NAO_CONSTA;edital1222023_gsseed_prot214105004_ccm_resultado_processo_consulta_publica.pdf, p. 1 (Vigência expressa fixada a partir de 01/01/2024);Sem menção em editais nos autos para o ano de 2020. Conservadoramente mantido como INDETERMINADO conforme diretriz metodológica.;CONFIRMADO;
41039068;NEREU RAMOS E E CMEF;Manoel Ribas;2021;INDETERMINADO;INDETERMINADO_SEM_DOCUMENTO_NO_PERIODO;2024;NAO_CONSTA;edital1222023_gsseed_prot214105004_ccm_resultado_processo_consulta_publica.pdf, p. 1 (Vigência expressa fixada a partir de 01/01/2024);Sem menção em editais nos autos para o ano de 2021. Conservadoramente mantido como INDETERMINADO conforme diretriz metodológica.;CONFIRMADO;
41039068;NEREU RAMOS E E CMEF;Manoel Ribas;2022;INDETERMINADO;INDETERMINADO_SEM_DOCUMENTO_NO_PERIODO;2024;NAO_CONSTA;edital1222023_gsseed_prot214105004_ccm_resultado_processo_consulta_publica.pdf, p. 1 (Vigência expressa fixada a partir de 01/01/2024);Sem menção em editais nos autos para o ano de 2022. Conservadoramente mantido como INDETERMINADO conforme diretriz metodológica.;CONFIRMADO;
41039068;NEREU RAMOS E E CMEF;Manoel Ribas;2023;NAO;NAO_CCM_EM_CONSULTA_PREPARATORIA;2024;NAO_CONSTA;edital1222023_gsseed_prot214105004_ccm_resultado_processo_consulta_publica.pdf, p. 1 (Vigência expressa fixada a partir de 01/01/2024);"Escola operando na rede regular estadual; participou de consulta pública de adesão em 2023 cuja vigência foi fixada apenas a partir de 01/01/2024.";CONFIRMADO;
41039068;NEREU RAMOS E E CMEF;Manoel Ribas;2024;SIM;CCM_ATIVO_IMPLEMENTADO;2024;NAO_CONSTA;edital1222023_gsseed_prot214105004_ccm_resultado_processo_consulta_publica.pdf, p. 1 (Vigência expressa fixada a partir de 01/01/2024);Início formal da gestão cívico-militar em 01/01/2024 conforme edital1222023_gsseed_prot214105004_ccm_resultado_processo_consulta_publica.pdf, p. 1 (Vigência expressa fixada a partir de 01/01/2024).;CONFIRMADO;
41039068;NEREU RAMOS E E CMEF;Manoel Ribas;2025;SIM;CCM_ATIVO_CONTINUIDADE;2024;NAO_CONSTA;edital1222023_gsseed_prot214105004_ccm_resultado_processo_consulta_publica.pdf, p. 1 (Vigência expressa fixada a partir de 01/01/2024);"Gestão cívico-militar em continuidade regular; sem publicação de ato de revogação, exclusão ou encerramento.";CONFIRMADO;
41039068;NEREU RAMOS E E CMEF;Manoel Ribas;2026;SIM;CCM_ATIVO_CONTINUIDADE;2024;NAO_CONSTA;edital1222023_gsseed_prot214105004_ccm_resultado_processo_consulta_publica.pdf, p. 1 (Vigência expressa fixada a partir de 01/01/2024);"Gestão cívico-militar em continuidade regular; sem publicação de ato de revogação, exclusão ou encerramento.";CONFIRMADO;
41040317;JOSE DE MATTOS LEAO C E CMEF M;São João do Ivaí;2020;INDETERMINADO;INDETERMINADO_SEM_DOCUMENTO_NO_PERIODO;2024;NAO_CONSTA;edital1142023_gsseed_ccm.pdf, p. 2 (Vigência expressa fixada a partir de 01/01/2024);Sem menção em editais nos autos para o ano de 2020. Conservadoramente mantido como INDETERMINADO conforme diretriz metodológica.;CONFIRMADO;
41040317;JOSE DE MATTOS LEAO C E CMEF M;São João do Ivaí;2021;INDETERMINADO;INDETERMINADO_SEM_DOCUMENTO_NO_PERIODO;2024;NAO_CONSTA;edital1142023_gsseed_ccm.pdf, p. 2 (Vigência expressa fixada a partir de 01/01/2024);Sem menção em editais nos autos para o ano de 2021. Conservadoramente mantido como INDETERMINADO conforme diretriz metodológica.;CONFIRMADO;
41040317;JOSE DE MATTOS LEAO C E CMEF M;São João do Ivaí;2022;INDETERMINADO;INDETERMINADO_SEM_DOCUMENTO_NO_PERIODO;2024;NAO_CONSTA;edital1142023_gsseed_ccm.pdf, p. 2 (Vigência expressa fixada a partir de 01/01/2024);Sem menção em editais nos autos para o ano de 2022. Conservadoramente mantido como INDETERMINADO conforme diretriz metodológica.;CONFIRMADO;
41040317;JOSE DE MATTOS LEAO C E CMEF M;São João do Ivaí;2023;NAO;NAO_CCM_EM_CONSULTA_PREPARATORIA;2024;NAO_CONSTA;edital1142023_gsseed_ccm.pdf, p. 2 (Vigência expressa fixada a partir de 01/01/2024);"Escola operando na rede regular estadual; participou de consulta pública de adesão em 2023 cuja vigência foi fixada apenas a partir de 01/01/2024.";CONFIRMADO;
41040317;JOSE DE MATTOS LEAO C E CMEF M;São João do Ivaí;2024;SIM;CCM_ATIVO_IMPLEMENTADO;2024;NAO_CONSTA;edital1142023_gsseed_ccm.pdf, p. 2 (Vigência expressa fixada a partir de 01/01/2024);Início formal da gestão cívico-militar em 01/01/2024 conforme edital1142023_gsseed_ccm.pdf, p. 2 (Vigência expressa fixada a partir de 01/01/2024).;CONFIRMADO;
41040317;JOSE DE MATTOS LEAO C E CMEF M;São João do Ivaí;2025;SIM;CCM_ATIVO_CONTINUIDADE;2024;NAO_CONSTA;edital1142023_gsseed_ccm.pdf, p. 2 (Vigência expressa fixada a partir de 01/01/2024);"Gestão cívico-militar em continuidade regular; sem publicação de ato de revogação, exclusão ou encerramento.";CONFIRMADO;
41040317;JOSE DE MATTOS LEAO C E CMEF M;São João do Ivaí;2026;SIM;CCM_ATIVO_CONTINUIDADE;2024;NAO_CONSTA;edital1142023_gsseed_ccm.pdf, p. 2 (Vigência expressa fixada a partir de 01/01/2024);"Gestão cívico-militar em continuidade regular; sem publicação de ato de revogação, exclusão ou encerramento.";CONFIRMADO;
41040694;VICENTE MACHADO C E CMEF M;São Pedro do Ivaí;2020;INDETERMINADO;INDETERMINADO_SEM_DOCUMENTO_NO_PERIODO;2024;NAO_CONSTA;edital1222023_gsseed_prot214105004_ccm_resultado_processo_consulta_publica.pdf, p. 1 (Vigência expressa fixada a partir de 01/01/2024);Sem menção em editais nos autos para o ano de 2020. Conservadoramente mantido como INDETERMINADO conforme diretriz metodológica.;CONFIRMADO;
41040694;VICENTE MACHADO C E CMEF M;São Pedro do Ivaí;2021;INDETERMINADO;INDETERMINADO_SEM_DOCUMENTO_NO_PERIODO;2024;NAO_CONSTA;edital1222023_gsseed_prot214105004_ccm_resultado_processo_consulta_publica.pdf, p. 1 (Vigência expressa fixada a partir de 01/01/2024);Sem menção em editais nos autos para o ano de 2021. Conservadoramente mantido como INDETERMINADO conforme diretriz metodológica.;CONFIRMADO;
41040694;VICENTE MACHADO C E CMEF M;São Pedro do Ivaí;2022;INDETERMINADO;INDETERMINADO_SEM_DOCUMENTO_NO_PERIODO;2024;NAO_CONSTA;edital1222023_gsseed_prot214105004_ccm_resultado_processo_consulta_publica.pdf, p. 1 (Vigência expressa fixada a partir de 01/01/2024);Sem menção em editais nos autos para o ano de 2022. Conservadoramente mantido como INDETERMINADO conforme diretriz metodológica.;CONFIRMADO;
41040694;VICENTE MACHADO C E CMEF M;São Pedro do Ivaí;2023;NAO;NAO_CCM_EM_CONSULTA_PREPARATORIA;2024;NAO_CONSTA;edital1222023_gsseed_prot214105004_ccm_resultado_processo_consulta_publica.pdf, p. 1 (Vigência expressa fixada a partir de 01/01/2024);"Escola operando na rede regular estadual; participou de consulta pública de adesão em 2023 cuja vigência foi fixada apenas a partir de 01/01/2024.";CONFIRMADO;
41040694;VICENTE MACHADO C E CMEF M;São Pedro do Ivaí;2024;SIM;CCM_ATIVO_IMPLEMENTADO;2024;NAO_CONSTA;edital1222023_gsseed_prot214105004_ccm_resultado_processo_consulta_publica.pdf, p. 1 (Vigência expressa fixada a partir de 01/01/2024);Início formal da gestão cívico-militar em 01/01/2024 conforme edital1222023_gsseed_prot214105004_ccm_resultado_processo_consulta_publica.pdf, p. 1 (Vigência expressa fixada a partir de 01/01/2024).;CONFIRMADO;
41040694;VICENTE MACHADO C E CMEF M;São Pedro do Ivaí;2025;SIM;CCM_ATIVO_CONTINUIDADE;2024;NAO_CONSTA;edital1222023_gsseed_prot214105004_ccm_resultado_processo_consulta_publica.pdf, p. 1 (Vigência expressa fixada a partir de 01/01/2024);"Gestão cívico-militar em continuidade regular; sem publicação de ato de revogação, exclusão ou encerramento.";CONFIRMADO;
41040694;VICENTE MACHADO C E CMEF M;São Pedro do Ivaí;2026;SIM;CCM_ATIVO_CONTINUIDADE;2024;NAO_CONSTA;edital1222023_gsseed_prot214105004_ccm_resultado_processo_consulta_publica.pdf, p. 1 (Vigência expressa fixada a partir de 01/01/2024);"Gestão cívico-militar em continuidade regular; sem publicação de ato de revogação, exclusão ou encerramento.";CONFIRMADO;
41040759;CARRAO C E CONSEF M;Assaí;2020;INDETERMINADO;INDETERMINADO_SEM_DOCUMENTO_NO_PERIODO;2026;NAO_CONSTA;edital1362025_gsseed_prot249175889_ccm_consulta_publica_resultado.pdf, p. 2 (Vigência expressa fixada a partir de 01/01/2026);Sem menção em editais nos autos para o ano de 2020. Conservadoramente mantido como INDETERMINADO conforme diretriz metodológica.;CONFIRMADO;
41040759;CARRAO C E CONSEF M;Assaí;2021;INDETERMINADO;INDETERMINADO_SEM_DOCUMENTO_NO_PERIODO;2026;NAO_CONSTA;edital1362025_gsseed_prot249175889_ccm_consulta_publica_resultado.pdf, p. 2 (Vigência expressa fixada a partir de 01/01/2026);Sem menção em editais nos autos para o ano de 2021. Conservadoramente mantido como INDETERMINADO conforme diretriz metodológica.;CONFIRMADO;
41040759;CARRAO C E CONSEF M;Assaí;2022;INDETERMINADO;INDETERMINADO_SEM_DOCUMENTO_NO_PERIODO;2026;NAO_CONSTA;edital1362025_gsseed_prot249175889_ccm_consulta_publica_resultado.pdf, p. 2 (Vigência expressa fixada a partir de 01/01/2026);Sem menção em editais nos autos para o ano de 2022. Conservadoramente mantido como INDETERMINADO conforme diretriz metodológica.;CONFIRMADO;
41040759;CARRAO C E CONSEF M;Assaí;2023;INDETERMINADO;INDETERMINADO_SEM_DOCUMENTO_NO_PERIODO;2026;NAO_CONSTA;edital1362025_gsseed_prot249175889_ccm_consulta_publica_resultado.pdf, p. 2 (Vigência expressa fixada a partir de 01/01/2026);Sem menção em editais nos autos para o ano de 2023. Conservadoramente mantido como INDETERMINADO conforme diretriz metodológica.;CONFIRMADO;
41040759;CARRAO C E CONSEF M;Assaí;2024;INDETERMINADO;INDETERMINADO_SEM_DOCUMENTO_NO_PERIODO;2026;NAO_CONSTA;edital1362025_gsseed_prot249175889_ccm_consulta_publica_resultado.pdf, p. 2 (Vigência expressa fixada a partir de 01/01/2026);Sem menção em editais nos autos para o ano de 2024. Conservadoramente mantido como INDETERMINADO conforme diretriz metodológica.;CONFIRMADO;
41040759;CARRAO C E CONSEF M;Assaí;2025;NAO;NAO_CCM_EM_CONSULTA_PREPARATORIA;2026;NAO_CONSTA;edital1362025_gsseed_prot249175889_ccm_consulta_publica_resultado.pdf, p. 2 (Vigência expressa fixada a partir de 01/01/2026);"Escola operando na rede regular estadual; participou de consulta pública de adesão em 2025 cuja vigência foi fixada apenas a partir de 01/01/2026.";CONFIRMADO;
41040759;CARRAO C E CONSEF M;Assaí;2026;SIM;CCM_ATIVO_IMPLEMENTADO;2026;NAO_CONSTA;edital1362025_gsseed_prot249175889_ccm_consulta_publica_resultado.pdf, p. 2 (Vigência expressa fixada a partir de 01/01/2026);Início formal da gestão cívico-militar em 01/01/2026 conforme edital1362025_gsseed_prot249175889_ccm_consulta_publica_resultado.pdf, p. 2 (Vigência expressa fixada a partir de 01/01/2026).;CONFIRMADO;
41042670;RUI BARBOSA C E EF M N PROFIS;Abatiá;2020;INDETERMINADO;INDETERMINADO_SEM_DOCUMENTO_NO_PERIODO;2026;NAO_CONSTA;edital1362025_gsseed_prot249175889_ccm_consulta_publica_resultado.pdf, p. 2 (Vigência expressa fixada a partir de 01/01/2026);Sem menção em editais nos autos para o ano de 2020. Conservadoramente mantido como INDETERMINADO conforme diretriz metodológica.;CONFIRMADO;
41042670;RUI BARBOSA C E EF M N PROFIS;Abatiá;2021;INDETERMINADO;INDETERMINADO_SEM_DOCUMENTO_NO_PERIODO;2026;NAO_CONSTA;edital1362025_gsseed_prot249175889_ccm_consulta_publica_resultado.pdf, p. 2 (Vigência expressa fixada a partir de 01/01/2026);Sem menção em editais nos autos para o ano de 2021. Conservadoramente mantido como INDETERMINADO conforme diretriz metodológica.;CONFIRMADO;
41042670;RUI BARBOSA C E EF M N PROFIS;Abatiá;2022;INDETERMINADO;INDETERMINADO_SEM_DOCUMENTO_NO_PERIODO;2026;NAO_CONSTA;edital1362025_gsseed_prot249175889_ccm_consulta_publica_resultado.pdf, p. 2 (Vigência expressa fixada a partir de 01/01/2026);Sem menção em editais nos autos para o ano de 2022. Conservadoramente mantido como INDETERMINADO conforme diretriz metodológica.;CONFIRMADO;
41042670;RUI BARBOSA C E EF M N PROFIS;Abatiá;2023;INDETERMINADO;INDETERMINADO_SEM_DOCUMENTO_NO_PERIODO;2026;NAO_CONSTA;edital1362025_gsseed_prot249175889_ccm_consulta_publica_resultado.pdf, p. 2 (Vigência expressa fixada a partir de 01/01/2026);Sem menção em editais nos autos para o ano de 2023. Conservadoramente mantido como INDETERMINADO conforme diretriz metodológica.;CONFIRMADO;
41042670;RUI BARBOSA C E EF M N PROFIS;Abatiá;2024;INDETERMINADO;INDETERMINADO_SEM_DOCUMENTO_NO_PERIODO;2026;NAO_CONSTA;edital1362025_gsseed_prot249175889_ccm_consulta_publica_resultado.pdf, p. 2 (Vigência expressa fixada a partir de 01/01/2026);Sem menção em editais nos autos para o ano de 2024. Conservadoramente mantido como INDETERMINADO conforme diretriz metodológica.;CONFIRMADO;
41042670;RUI BARBOSA C E EF M N PROFIS;Abatiá;2025;NAO;NAO_CCM_EM_CONSULTA_PREPARATORIA;2026;NAO_CONSTA;edital1362025_gsseed_prot249175889_ccm_consulta_publica_resultado.pdf, p. 2 (Vigência expressa fixada a partir de 01/01/2026);"Escola operando na rede regular estadual; participou de consulta pública de adesão em 2025 cuja vigência foi fixada apenas a partir de 01/01/2026.";CONFIRMADO;
41042670;RUI BARBOSA C E EF M N PROFIS;Abatiá;2026;SIM;CCM_ATIVO_IMPLEMENTADO;2026;NAO_CONSTA;edital1362025_gsseed_prot249175889_ccm_consulta_publica_resultado.pdf, p. 2 (Vigência expressa fixada a partir de 01/01/2026);Início formal da gestão cívico-militar em 01/01/2026 conforme edital1362025_gsseed_prot249175889_ccm_consulta_publica_resultado.pdf, p. 2 (Vigência expressa fixada a partir de 01/01/2026).;CONFIRMADO;
41042778;STELLA MARIS C E CMEF M;Andirá;2020;INDETERMINADO;INDETERMINADO_SEM_DOCUMENTO_NO_PERIODO;2024;NAO_CONSTA;edital1142023_gsseed_ccm.pdf, p. 2 (Vigência expressa fixada a partir de 01/01/2024);Sem menção em editais nos autos para o ano de 2020. Conservadoramente mantido como INDETERMINADO conforme diretriz metodológica.;CONFIRMADO;
41042778;STELLA MARIS C E CMEF M;Andirá;2021;INDETERMINADO;INDETERMINADO_SEM_DOCUMENTO_NO_PERIODO;2024;NAO_CONSTA;edital1142023_gsseed_ccm.pdf, p. 2 (Vigência expressa fixada a partir de 01/01/2024);Sem menção em editais nos autos para o ano de 2021. Conservadoramente mantido como INDETERMINADO conforme diretriz metodológica.;CONFIRMADO;
41042778;STELLA MARIS C E CMEF M;Andirá;2022;INDETERMINADO;INDETERMINADO_SEM_DOCUMENTO_NO_PERIODO;2024;NAO_CONSTA;edital1142023_gsseed_ccm.pdf, p. 2 (Vigência expressa fixada a partir de 01/01/2024);Sem menção em editais nos autos para o ano de 2022. Conservadoramente mantido como INDETERMINADO conforme diretriz metodológica.;CONFIRMADO;
41042778;STELLA MARIS C E CMEF M;Andirá;2023;NAO;NAO_CCM_EM_CONSULTA_PREPARATORIA;2024;NAO_CONSTA;edital1142023_gsseed_ccm.pdf, p. 2 (Vigência expressa fixada a partir de 01/01/2024);"Escola operando na rede regular estadual; participou de consulta pública de adesão em 2023 cuja vigência foi fixada apenas a partir de 01/01/2024.";CONFIRMADO;
41042778;STELLA MARIS C E CMEF M;Andirá;2024;SIM;CCM_ATIVO_IMPLEMENTADO;2024;NAO_CONSTA;edital1142023_gsseed_ccm.pdf, p. 2 (Vigência expressa fixada a partir de 01/01/2024);Início formal da gestão cívico-militar em 01/01/2024 conforme edital1142023_gsseed_ccm.pdf, p. 2 (Vigência expressa fixada a partir de 01/01/2024).;CONFIRMADO;
41042778;STELLA MARIS C E CMEF M;Andirá;2025;SIM;CCM_ATIVO_CONTINUIDADE;2024;NAO_CONSTA;edital1142023_gsseed_ccm.pdf, p. 2 (Vigência expressa fixada a partir de 01/01/2024);"Gestão cívico-militar em continuidade regular; sem publicação de ato de revogação, exclusão ou encerramento.";CONFIRMADO;
41042778;STELLA MARIS C E CMEF M;Andirá;2026;SIM;CCM_ATIVO_CONTINUIDADE;2024;NAO_CONSTA;edital1142023_gsseed_ccm.pdf, p. 2 (Vigência expressa fixada a partir de 01/01/2024);"Gestão cívico-militar em continuidade regular; sem publicação de ato de revogação, exclusão ou encerramento.";CONFIRMADO;
41043375;NOBREGA DA CUNHA C E CMEF M;Bandeirantes;2020;INDETERMINADO;INDETERMINADO_SEM_DOCUMENTO_NO_PERIODO;2024;NAO_CONSTA;edital1142023_gsseed_ccm.pdf, p. 2 (Vigência expressa fixada a partir de 01/01/2024);Sem menção em editais nos autos para o ano de 2020. Conservadoramente mantido como INDETERMINADO conforme diretriz metodológica.;CONFIRMADO;
41043375;NOBREGA DA CUNHA C E CMEF M;Bandeirantes;2021;INDETERMINADO;INDETERMINADO_SEM_DOCUMENTO_NO_PERIODO;2024;NAO_CONSTA;edital1142023_gsseed_ccm.pdf, p. 2 (Vigência expressa fixada a partir de 01/01/2024);Sem menção em editais nos autos para o ano de 2021. Conservadoramente mantido como INDETERMINADO conforme diretriz metodológica.;CONFIRMADO;
41043375;NOBREGA DA CUNHA C E CMEF M;Bandeirantes;2022;INDETERMINADO;INDETERMINADO_SEM_DOCUMENTO_NO_PERIODO;2024;NAO_CONSTA;edital1142023_gsseed_ccm.pdf, p. 2 (Vigência expressa fixada a partir de 01/01/2024);Sem menção em editais nos autos para o ano de 2022. Conservadoramente mantido como INDETERMINADO conforme diretriz metodológica.;CONFIRMADO;
41043375;NOBREGA DA CUNHA C E CMEF M;Bandeirantes;2023;NAO;NAO_CCM_EM_CONSULTA_PREPARATORIA;2024;NAO_CONSTA;edital1142023_gsseed_ccm.pdf, p. 2 (Vigência expressa fixada a partir de 01/01/2024);"Escola operando na rede regular estadual; participou de consulta pública de adesão em 2023 cuja vigência foi fixada apenas a partir de 01/01/2024.";CONFIRMADO;
41043375;NOBREGA DA CUNHA C E CMEF M;Bandeirantes;2024;SIM;CCM_ATIVO_IMPLEMENTADO;2024;NAO_CONSTA;edital1142023_gsseed_ccm.pdf, p. 2 (Vigência expressa fixada a partir de 01/01/2024);Início formal da gestão cívico-militar em 01/01/2024 conforme edital1142023_gsseed_ccm.pdf, p. 2 (Vigência expressa fixada a partir de 01/01/2024).;CONFIRMADO;
41043375;NOBREGA DA CUNHA C E CMEF M;Bandeirantes;2025;SIM;CCM_ATIVO_CONTINUIDADE;2024;NAO_CONSTA;edital1142023_gsseed_ccm.pdf, p. 2 (Vigência expressa fixada a partir de 01/01/2024);"Gestão cívico-militar em continuidade regular; sem publicação de ato de revogação, exclusão ou encerramento.";CONFIRMADO;
41043375;NOBREGA DA CUNHA C E CMEF M;Bandeirantes;2026;SIM;CCM_ATIVO_CONTINUIDADE;2024;NAO_CONSTA;edital1142023_gsseed_ccm.pdf, p. 2 (Vigência expressa fixada a partir de 01/01/2024);"Gestão cívico-militar em continuidade regular; sem publicação de ato de revogação, exclusão ou encerramento.";CONFIRMADO;
41046218;ANTONIO BITONTI E E CM PROFEF;Sertaneja;2020;INDETERMINADO;INDETERMINADO_SEM_DOCUMENTO_NO_PERIODO;2024;NAO_CONSTA;edital1142023_gsseed_ccm.pdf, p. 2 (Vigência expressa fixada a partir de 01/01/2024);Sem menção em editais nos autos para o ano de 2020. Conservadoramente mantido como INDETERMINADO conforme diretriz metodológica.;CONFIRMADO;
41046218;ANTONIO BITONTI E E CM PROFEF;Sertaneja;2021;INDETERMINADO;INDETERMINADO_SEM_DOCUMENTO_NO_PERIODO;2024;NAO_CONSTA;edital1142023_gsseed_ccm.pdf, p. 2 (Vigência expressa fixada a partir de 01/01/2024);Sem menção em editais nos autos para o ano de 2021. Conservadoramente mantido como INDETERMINADO conforme diretriz metodológica.;CONFIRMADO;
41046218;ANTONIO BITONTI E E CM PROFEF;Sertaneja;2022;INDETERMINADO;INDETERMINADO_SEM_DOCUMENTO_NO_PERIODO;2024;NAO_CONSTA;edital1142023_gsseed_ccm.pdf, p. 2 (Vigência expressa fixada a partir de 01/01/2024);Sem menção em editais nos autos para o ano de 2022. Conservadoramente mantido como INDETERMINADO conforme diretriz metodológica.;CONFIRMADO;
41046218;ANTONIO BITONTI E E CM PROFEF;Sertaneja;2023;NAO;NAO_CCM_EM_CONSULTA_PREPARATORIA;2024;NAO_CONSTA;edital1142023_gsseed_ccm.pdf, p. 2 (Vigência expressa fixada a partir de 01/01/2024);"Escola operando na rede regular estadual; participou de consulta pública de adesão em 2023 cuja vigência foi fixada apenas a partir de 01/01/2024.";CONFIRMADO;
41046218;ANTONIO BITONTI E E CM PROFEF;Sertaneja;2024;SIM;CCM_ATIVO_IMPLEMENTADO;2024;NAO_CONSTA;edital1142023_gsseed_ccm.pdf, p. 2 (Vigência expressa fixada a partir de 01/01/2024);Início formal da gestão cívico-militar em 01/01/2024 conforme edital1142023_gsseed_ccm.pdf, p. 2 (Vigência expressa fixada a partir de 01/01/2024).;CONFIRMADO;
41046218;ANTONIO BITONTI E E CM PROFEF;Sertaneja;2025;SIM;CCM_ATIVO_CONTINUIDADE;2024;NAO_CONSTA;edital1142023_gsseed_ccm.pdf, p. 2 (Vigência expressa fixada a partir de 01/01/2024);"Gestão cívico-militar em continuidade regular; sem publicação de ato de revogação, exclusão ou encerramento.";CONFIRMADO;
41046218;ANTONIO BITONTI E E CM PROFEF;Sertaneja;2026;SIM;CCM_ATIVO_CONTINUIDADE;2024;NAO_CONSTA;edital1142023_gsseed_ccm.pdf, p. 2 (Vigência expressa fixada a partir de 01/01/2024);"Gestão cívico-militar em continuidade regular; sem publicação de ato de revogação, exclusão ou encerramento.";CONFIRMADO;
41046552;CAROLINA LUPION C E CM DONAEF M;Cambará;2020;INDETERMINADO;INDETERMINADO_SEM_DOCUMENTO_NO_PERIODO;2024;NAO_CONSTA;edital1142023_gsseed_ccm.pdf, p. 2 (Vigência expressa fixada a partir de 01/01/2024);Sem menção em editais nos autos para o ano de 2020. Conservadoramente mantido como INDETERMINADO conforme diretriz metodológica.;CONFIRMADO;
41046552;CAROLINA LUPION C E CM DONAEF M;Cambará;2021;INDETERMINADO;INDETERMINADO_SEM_DOCUMENTO_NO_PERIODO;2024;NAO_CONSTA;edital1142023_gsseed_ccm.pdf, p. 2 (Vigência expressa fixada a partir de 01/01/2024);Sem menção em editais nos autos para o ano de 2021. Conservadoramente mantido como INDETERMINADO conforme diretriz metodológica.;CONFIRMADO;
41046552;CAROLINA LUPION C E CM DONAEF M;Cambará;2022;INDETERMINADO;INDETERMINADO_SEM_DOCUMENTO_NO_PERIODO;2024;NAO_CONSTA;edital1142023_gsseed_ccm.pdf, p. 2 (Vigência expressa fixada a partir de 01/01/2024);Sem menção em editais nos autos para o ano de 2022. Conservadoramente mantido como INDETERMINADO conforme diretriz metodológica.;CONFIRMADO;
41046552;CAROLINA LUPION C E CM DONAEF M;Cambará;2023;NAO;NAO_CCM_EM_CONSULTA_PREPARATORIA;2024;NAO_CONSTA;edital1142023_gsseed_ccm.pdf, p. 2 (Vigência expressa fixada a partir de 01/01/2024);"Escola operando na rede regular estadual; participou de consulta pública de adesão em 2023 cuja vigência foi fixada apenas a partir de 01/01/2024.";CONFIRMADO;
41046552;CAROLINA LUPION C E CM DONAEF M;Cambará;2024;SIM;CCM_ATIVO_IMPLEMENTADO;2024;NAO_CONSTA;edital1142023_gsseed_ccm.pdf, p. 2 (Vigência expressa fixada a partir de 01/01/2024);Início formal da gestão cívico-militar em 01/01/2024 conforme edital1142023_gsseed_ccm.pdf, p. 2 (Vigência expressa fixada a partir de 01/01/2024).;CONFIRMADO;
41046552;CAROLINA LUPION C E CM DONAEF M;Cambará;2025;SIM;CCM_ATIVO_CONTINUIDADE;2024;NAO_CONSTA;edital1142023_gsseed_ccm.pdf, p. 2 (Vigência expressa fixada a partir de 01/01/2024);"Gestão cívico-militar em continuidade regular; sem publicação de ato de revogação, exclusão ou encerramento.";CONFIRMADO;
41046552;CAROLINA LUPION C E CM DONAEF M;Cambará;2026;SIM;CCM_ATIVO_CONTINUIDADE;2024;NAO_CONSTA;edital1142023_gsseed_ccm.pdf, p. 2 (Vigência expressa fixada a partir de 01/01/2024);"Gestão cívico-militar em continuidade regular; sem publicação de ato de revogação, exclusão ou encerramento.";CONFIRMADO;
41046960;ANESIO DE A LEITE C E CMEF M PROFIS;Jacarezinho;2020;INDETERMINADO;INDETERMINADO_SEM_DOCUMENTO_NO_PERIODO;2024;NAO_CONSTA;edital1142023_gsseed_ccm.pdf, p. 2 (Vigência expressa fixada a partir de 01/01/2024);Sem menção em editais nos autos para o ano de 2020. Conservadoramente mantido como INDETERMINADO conforme diretriz metodológica.;CONFIRMADO;
41046960;ANESIO DE A LEITE C E CMEF M PROFIS;Jacarezinho;2021;INDETERMINADO;INDETERMINADO_SEM_DOCUMENTO_NO_PERIODO;2024;NAO_CONSTA;edital1142023_gsseed_ccm.pdf, p. 2 (Vigência expressa fixada a partir de 01/01/2024);Sem menção em editais nos autos para o ano de 2021. Conservadoramente mantido como INDETERMINADO conforme diretriz metodológica.;CONFIRMADO;
41046960;ANESIO DE A LEITE C E CMEF M PROFIS;Jacarezinho;2022;INDETERMINADO;INDETERMINADO_SEM_DOCUMENTO_NO_PERIODO;2024;NAO_CONSTA;edital1142023_gsseed_ccm.pdf, p. 2 (Vigência expressa fixada a partir de 01/01/2024);Sem menção em editais nos autos para o ano de 2022. Conservadoramente mantido como INDETERMINADO conforme diretriz metodológica.;CONFIRMADO;
41046960;ANESIO DE A LEITE C E CMEF M PROFIS;Jacarezinho;2023;NAO;NAO_CCM_EM_CONSULTA_PREPARATORIA;2024;NAO_CONSTA;edital1142023_gsseed_ccm.pdf, p. 2 (Vigência expressa fixada a partir de 01/01/2024);"Escola operando na rede regular estadual; participou de consulta pública de adesão em 2023 cuja vigência foi fixada apenas a partir de 01/01/2024.";CONFIRMADO;
41046960;ANESIO DE A LEITE C E CMEF M PROFIS;Jacarezinho;2024;SIM;CCM_ATIVO_IMPLEMENTADO;2024;NAO_CONSTA;edital1142023_gsseed_ccm.pdf, p. 2 (Vigência expressa fixada a partir de 01/01/2024);Início formal da gestão cívico-militar em 01/01/2024 conforme edital1142023_gsseed_ccm.pdf, p. 2 (Vigência expressa fixada a partir de 01/01/2024).;CONFIRMADO;
41046960;ANESIO DE A LEITE C E CMEF M PROFIS;Jacarezinho;2025;SIM;CCM_ATIVO_CONTINUIDADE;2024;NAO_CONSTA;edital1142023_gsseed_ccm.pdf, p. 2 (Vigência expressa fixada a partir de 01/01/2024);"Gestão cívico-militar em continuidade regular; sem publicação de ato de revogação, exclusão ou encerramento.";CONFIRMADO;
41046960;ANESIO DE A LEITE C E CMEF M PROFIS;Jacarezinho;2026;SIM;CCM_ATIVO_CONTINUIDADE;2024;NAO_CONSTA;edital1142023_gsseed_ccm.pdf, p. 2 (Vigência expressa fixada a partir de 01/01/2024);"Gestão cívico-militar em continuidade regular; sem publicação de ato de revogação, exclusão ou encerramento.";CONFIRMADO;
41051351;MIGUEL DIAS C EEF M PROFIS;Joaquim Távora;2020;INDETERMINADO;INDETERMINADO_SEM_DOCUMENTO_NO_PERIODO;2026;NAO_CONSTA;edital1362025_gsseed_prot249175889_ccm_consulta_publica_resultado.pdf, p. 2 (Vigência expressa fixada a partir de 01/01/2026);Sem menção em editais nos autos para o ano de 2020. Conservadoramente mantido como INDETERMINADO conforme diretriz metodológica.;CONFIRMADO;
41051351;MIGUEL DIAS C EEF M PROFIS;Joaquim Távora;2021;INDETERMINADO;INDETERMINADO_SEM_DOCUMENTO_NO_PERIODO;2026;NAO_CONSTA;edital1362025_gsseed_prot249175889_ccm_consulta_publica_resultado.pdf, p. 2 (Vigência expressa fixada a partir de 01/01/2026);Sem menção em editais nos autos para o ano de 2021. Conservadoramente mantido como INDETERMINADO conforme diretriz metodológica.;CONFIRMADO;
41051351;MIGUEL DIAS C EEF M PROFIS;Joaquim Távora;2022;INDETERMINADO;INDETERMINADO_SEM_DOCUMENTO_NO_PERIODO;2026;NAO_CONSTA;edital1362025_gsseed_prot249175889_ccm_consulta_publica_resultado.pdf, p. 2 (Vigência expressa fixada a partir de 01/01/2026);Sem menção em editais nos autos para o ano de 2022. Conservadoramente mantido como INDETERMINADO conforme diretriz metodológica.;CONFIRMADO;
41051351;MIGUEL DIAS C EEF M PROFIS;Joaquim Távora;2023;INDETERMINADO;INDETERMINADO_SEM_DOCUMENTO_NO_PERIODO;2026;NAO_CONSTA;edital1362025_gsseed_prot249175889_ccm_consulta_publica_resultado.pdf, p. 2 (Vigência expressa fixada a partir de 01/01/2026);Sem menção em editais nos autos para o ano de 2023. Conservadoramente mantido como INDETERMINADO conforme diretriz metodológica.;CONFIRMADO;
41051351;MIGUEL DIAS C EEF M PROFIS;Joaquim Távora;2024;INDETERMINADO;INDETERMINADO_SEM_DOCUMENTO_NO_PERIODO;2026;NAO_CONSTA;edital1362025_gsseed_prot249175889_ccm_consulta_publica_resultado.pdf, p. 2 (Vigência expressa fixada a partir de 01/01/2026);Sem menção em editais nos autos para o ano de 2024. Conservadoramente mantido como INDETERMINADO conforme diretriz metodológica.;CONFIRMADO;
41051351;MIGUEL DIAS C EEF M PROFIS;Joaquim Távora;2025;NAO;NAO_CCM_EM_CONSULTA_PREPARATORIA;2026;NAO_CONSTA;edital1362025_gsseed_prot249175889_ccm_consulta_publica_resultado.pdf, p. 2 (Vigência expressa fixada a partir de 01/01/2026);"Escola operando na rede regular estadual; participou de consulta pública de adesão em 2025 cuja vigência foi fixada apenas a partir de 01/01/2026.";CONFIRMADO;
41051351;MIGUEL DIAS C EEF M PROFIS;Joaquim Távora;2026;SIM;CCM_ATIVO_IMPLEMENTADO;2026;NAO_CONSTA;edital1362025_gsseed_prot249175889_ccm_consulta_publica_resultado.pdf, p. 2 (Vigência expressa fixada a partir de 01/01/2026);Início formal da gestão cívico-militar em 01/01/2026 conforme edital1362025_gsseed_prot249175889_ccm_consulta_publica_resultado.pdf, p. 2 (Vigência expressa fixada a partir de 01/01/2026).;CONFIRMADO;
41052250;NEWTON SAMPAIO C E CMEF M;São José da Boa Vista;2020;INDETERMINADO;INDETERMINADO_SEM_DOCUMENTO_NO_PERIODO;2024;NAO_CONSTA;edital1142023_gsseed_ccm.pdf, p. 3 (Vigência expressa fixada a partir de 01/01/2024);Sem menção em editais nos autos para o ano de 2020. Conservadoramente mantido como INDETERMINADO conforme diretriz metodológica.;CONFIRMADO;
41052250;NEWTON SAMPAIO C E CMEF M;São José da Boa Vista;2021;INDETERMINADO;INDETERMINADO_SEM_DOCUMENTO_NO_PERIODO;2024;NAO_CONSTA;edital1142023_gsseed_ccm.pdf, p. 3 (Vigência expressa fixada a partir de 01/01/2024);Sem menção em editais nos autos para o ano de 2021. Conservadoramente mantido como INDETERMINADO conforme diretriz metodológica.;CONFIRMADO;
41052250;NEWTON SAMPAIO C E CMEF M;São José da Boa Vista;2022;INDETERMINADO;INDETERMINADO_SEM_DOCUMENTO_NO_PERIODO;2024;NAO_CONSTA;edital1142023_gsseed_ccm.pdf, p. 3 (Vigência expressa fixada a partir de 01/01/2024);Sem menção em editais nos autos para o ano de 2022. Conservadoramente mantido como INDETERMINADO conforme diretriz metodológica.;CONFIRMADO;
41052250;NEWTON SAMPAIO C E CMEF M;São José da Boa Vista;2023;NAO;NAO_CCM_EM_CONSULTA_PREPARATORIA;2024;NAO_CONSTA;edital1142023_gsseed_ccm.pdf, p. 3 (Vigência expressa fixada a partir de 01/01/2024);"Escola operando na rede regular estadual; participou de consulta pública de adesão em 2023 cuja vigência foi fixada apenas a partir de 01/01/2024.";CONFIRMADO;
41052250;NEWTON SAMPAIO C E CMEF M;São José da Boa Vista;2024;SIM;CCM_ATIVO_IMPLEMENTADO;2024;NAO_CONSTA;edital1142023_gsseed_ccm.pdf, p. 3 (Vigência expressa fixada a partir de 01/01/2024);Início formal da gestão cívico-militar em 01/01/2024 conforme edital1142023_gsseed_ccm.pdf, p. 3 (Vigência expressa fixada a partir de 01/01/2024).;CONFIRMADO;
41052250;NEWTON SAMPAIO C E CMEF M;São José da Boa Vista;2025;SIM;CCM_ATIVO_CONTINUIDADE;2024;NAO_CONSTA;edital1142023_gsseed_ccm.pdf, p. 3 (Vigência expressa fixada a partir de 01/01/2024);"Gestão cívico-militar em continuidade regular; sem publicação de ato de revogação, exclusão ou encerramento.";CONFIRMADO;
41052250;NEWTON SAMPAIO C E CMEF M;São José da Boa Vista;2026;SIM;CCM_ATIVO_CONTINUIDADE;2024;NAO_CONSTA;edital1142023_gsseed_ccm.pdf, p. 3 (Vigência expressa fixada a partir de 01/01/2024);"Gestão cívico-militar em continuidade regular; sem publicação de ato de revogação, exclusão ou encerramento.";CONFIRMADO;
41053494;MIGUEL NASSIF MALUF C E CMEF M;Wenceslau Braz;2020;INDETERMINADO;INDETERMINADO_SEM_DOCUMENTO_NO_PERIODO;2024;NAO_CONSTA;edital1142023_gsseed_ccm.pdf, p. 3 (Vigência expressa fixada a partir de 01/01/2024);Sem menção em editais nos autos para o ano de 2020. Conservadoramente mantido como INDETERMINADO conforme diretriz metodológica.;CONFIRMADO;
41053494;MIGUEL NASSIF MALUF C E CMEF M;Wenceslau Braz;2021;INDETERMINADO;INDETERMINADO_SEM_DOCUMENTO_NO_PERIODO;2024;NAO_CONSTA;edital1142023_gsseed_ccm.pdf, p. 3 (Vigência expressa fixada a partir de 01/01/2024);Sem menção em editais nos autos para o ano de 2021. Conservadoramente mantido como INDETERMINADO conforme diretriz metodológica.;CONFIRMADO;
41053494;MIGUEL NASSIF MALUF C E CMEF M;Wenceslau Braz;2022;INDETERMINADO;INDETERMINADO_SEM_DOCUMENTO_NO_PERIODO;2024;NAO_CONSTA;edital1142023_gsseed_ccm.pdf, p. 3 (Vigência expressa fixada a partir de 01/01/2024);Sem menção em editais nos autos para o ano de 2022. Conservadoramente mantido como INDETERMINADO conforme diretriz metodológica.;CONFIRMADO;
41053494;MIGUEL NASSIF MALUF C E CMEF M;Wenceslau Braz;2023;NAO;NAO_CCM_EM_CONSULTA_PREPARATORIA;2024;NAO_CONSTA;edital1142023_gsseed_ccm.pdf, p. 3 (Vigência expressa fixada a partir de 01/01/2024);"Escola operando na rede regular estadual; participou de consulta pública de adesão em 2023 cuja vigência foi fixada apenas a partir de 01/01/2024.";CONFIRMADO;
41053494;MIGUEL NASSIF MALUF C E CMEF M;Wenceslau Braz;2024;SIM;CCM_ATIVO_IMPLEMENTADO;2024;NAO_CONSTA;edital1142023_gsseed_ccm.pdf, p. 3 (Vigência expressa fixada a partir de 01/01/2024);Início formal da gestão cívico-militar em 01/01/2024 conforme edital1142023_gsseed_ccm.pdf, p. 3 (Vigência expressa fixada a partir de 01/01/2024).;CONFIRMADO;
41053494;MIGUEL NASSIF MALUF C E CMEF M;Wenceslau Braz;2025;SIM;CCM_ATIVO_CONTINUIDADE;2024;NAO_CONSTA;edital1142023_gsseed_ccm.pdf, p. 3 (Vigência expressa fixada a partir de 01/01/2024);"Gestão cívico-militar em continuidade regular; sem publicação de ato de revogação, exclusão ou encerramento.";CONFIRMADO;
41053494;MIGUEL NASSIF MALUF C E CMEF M;Wenceslau Braz;2026;SIM;CCM_ATIVO_CONTINUIDADE;2024;NAO_CONSTA;edital1142023_gsseed_ccm.pdf, p. 3 (Vigência expressa fixada a partir de 01/01/2024);"Gestão cívico-militar em continuidade regular; sem publicação de ato de revogação, exclusão ou encerramento.";CONFIRMADO;
41056264;JARDIM ALEGRE C E CMEF M PROFIS;Telêmaco Borba;2020;INDETERMINADO;INDETERMINADO_SEM_DOCUMENTO_NO_PERIODO;2024;NAO_CONSTA;edital1222023_gsseed_prot214105004_ccm_resultado_processo_consulta_publica.pdf, p. 1 (Vigência expressa fixada a partir de 01/01/2024);Sem menção em editais nos autos para o ano de 2020. Conservadoramente mantido como INDETERMINADO conforme diretriz metodológica.;CONFIRMADO;
41056264;JARDIM ALEGRE C E CMEF M PROFIS;Telêmaco Borba;2021;INDETERMINADO;INDETERMINADO_SEM_DOCUMENTO_NO_PERIODO;2024;NAO_CONSTA;edital1222023_gsseed_prot214105004_ccm_resultado_processo_consulta_publica.pdf, p. 1 (Vigência expressa fixada a partir de 01/01/2024);Sem menção em editais nos autos para o ano de 2021. Conservadoramente mantido como INDETERMINADO conforme diretriz metodológica.;CONFIRMADO;
41056264;JARDIM ALEGRE C E CMEF M PROFIS;Telêmaco Borba;2022;INDETERMINADO;INDETERMINADO_SEM_DOCUMENTO_NO_PERIODO;2024;NAO_CONSTA;edital1222023_gsseed_prot214105004_ccm_resultado_processo_consulta_publica.pdf, p. 1 (Vigência expressa fixada a partir de 01/01/2024);Sem menção em editais nos autos para o ano de 2022. Conservadoramente mantido como INDETERMINADO conforme diretriz metodológica.;CONFIRMADO;
41056264;JARDIM ALEGRE C E CMEF M PROFIS;Telêmaco Borba;2023;NAO;NAO_CCM_EM_CONSULTA_PREPARATORIA;2024;NAO_CONSTA;edital1222023_gsseed_prot214105004_ccm_resultado_processo_consulta_publica.pdf, p. 1 (Vigência expressa fixada a partir de 01/01/2024);"Escola operando na rede regular estadual; participou de consulta pública de adesão em 2023 cuja vigência foi fixada apenas a partir de 01/01/2024.";CONFIRMADO;
41056264;JARDIM ALEGRE C E CMEF M PROFIS;Telêmaco Borba;2024;SIM;CCM_ATIVO_IMPLEMENTADO;2024;NAO_CONSTA;edital1222023_gsseed_prot214105004_ccm_resultado_processo_consulta_publica.pdf, p. 1 (Vigência expressa fixada a partir de 01/01/2024);Início formal da gestão cívico-militar em 01/01/2024 conforme edital1222023_gsseed_prot214105004_ccm_resultado_processo_consulta_publica.pdf, p. 1 (Vigência expressa fixada a partir de 01/01/2024).;CONFIRMADO;
41056264;JARDIM ALEGRE C E CMEF M PROFIS;Telêmaco Borba;2025;SIM;CCM_ATIVO_CONTINUIDADE;2024;NAO_CONSTA;edital1222023_gsseed_prot214105004_ccm_resultado_processo_consulta_publica.pdf, p. 1 (Vigência expressa fixada a partir de 01/01/2024);"Gestão cívico-militar em continuidade regular; sem publicação de ato de revogação, exclusão ou encerramento.";CONFIRMADO;
41056264;JARDIM ALEGRE C E CMEF M PROFIS;Telêmaco Borba;2026;SIM;CCM_ATIVO_CONTINUIDADE;2024;NAO_CONSTA;edital1222023_gsseed_prot214105004_ccm_resultado_processo_consulta_publica.pdf, p. 1 (Vigência expressa fixada a partir de 01/01/2024);"Gestão cívico-militar em continuidade regular; sem publicação de ato de revogação, exclusão ou encerramento.";CONFIRMADO;
41056574;TANCREDO NEVES C E PRESEF M PROFIS;Imbaú;2020;INDETERMINADO;INDETERMINADO_SEM_DOCUMENTO_NO_PERIODO;INDETERMINADO;NAO_CONSTA;NENHUMA_APROVACAO_DOCUMENTADA;Sem documentos nos autos para o ano de 2020.;CONFIRMADO;
41056574;TANCREDO NEVES C E PRESEF M PROFIS;Imbaú;2021;INDETERMINADO;INDETERMINADO_SEM_DOCUMENTO_NO_PERIODO;INDETERMINADO;NAO_CONSTA;NENHUMA_APROVACAO_DOCUMENTADA;Sem documentos nos autos para o ano de 2021.;CONFIRMADO;
41056574;TANCREDO NEVES C E PRESEF M PROFIS;Imbaú;2022;INDETERMINADO;INDETERMINADO_SEM_DOCUMENTO_NO_PERIODO;INDETERMINADO;NAO_CONSTA;NENHUMA_APROVACAO_DOCUMENTADA;Sem documentos nos autos para o ano de 2022.;CONFIRMADO;
41056574;TANCREDO NEVES C E PRESEF M PROFIS;Imbaú;2023;NAO;NAO_CCM_EM_CONSULTA;INDETERMINADO;NAO_CONSTA;NENHUMA_APROVACAO_DOCUMENTADA;Escola convocada para consulta pública no ano de 2023, porém sem homologação de resultado favorável nos editais oficiais analisados (comunidade votou pela manutenção do modelo tradicional).;CONFIRMADO;
41056574;TANCREDO NEVES C E PRESEF M PROFIS;Imbaú;2024;INDETERMINADO;INDETERMINADO_CONSULTA_SEM_HOMOLOGACAO;INDETERMINADO;NAO_CONSTA;NENHUMA_APROVACAO_DOCUMENTADA;"Consulta pública realizada não foi homologada nos editais oficiais analisados; comunidade escolar rejeitou o modelo ou quórum não foi atingido.";CONFIRMADO;
41056574;TANCREDO NEVES C E PRESEF M PROFIS;Imbaú;2025;INDETERMINADO;INDETERMINADO_CONSULTA_SEM_HOMOLOGACAO;INDETERMINADO;NAO_CONSTA;NENHUMA_APROVACAO_DOCUMENTADA;"Consulta pública realizada não foi homologada nos editais oficiais analisados; comunidade escolar rejeitou o modelo ou quórum não foi atingido.";CONFIRMADO;
41056574;TANCREDO NEVES C E PRESEF M PROFIS;Imbaú;2026;INDETERMINADO;INDETERMINADO_CONSULTA_SEM_HOMOLOGACAO;INDETERMINADO;NAO_CONSTA;NENHUMA_APROVACAO_DOCUMENTADA;"Consulta pública realizada não foi homologada nos editais oficiais analisados; comunidade escolar rejeitou o modelo ou quórum não foi atingido.";CONFIRMADO;
41060296;JULIA WANDERLEY C EEF M PROFIS;Carambeí;2020;INDETERMINADO;INDETERMINADO_SEM_DOCUMENTO_NO_PERIODO;INDETERMINADO;NAO_CONSTA;NENHUMA_APROVACAO_DOCUMENTADA;Sem documentos nos autos para o ano de 2020.;CONFIRMADO;
41060296;JULIA WANDERLEY C EEF M PROFIS;Carambeí;2021;INDETERMINADO;INDETERMINADO_SEM_DOCUMENTO_NO_PERIODO;INDETERMINADO;NAO_CONSTA;NENHUMA_APROVACAO_DOCUMENTADA;Sem documentos nos autos para o ano de 2021.;CONFIRMADO;
41060296;JULIA WANDERLEY C EEF M PROFIS;Carambeí;2022;INDETERMINADO;INDETERMINADO_SEM_DOCUMENTO_NO_PERIODO;INDETERMINADO;NAO_CONSTA;NENHUMA_APROVACAO_DOCUMENTADA;Sem documentos nos autos para o ano de 2022.;CONFIRMADO;
41060296;JULIA WANDERLEY C EEF M PROFIS;Carambeí;2023;NAO;NAO_CCM_EM_CONSULTA;INDETERMINADO;NAO_CONSTA;NENHUMA_APROVACAO_DOCUMENTADA;Escola convocada para consulta pública no ano de 2023, porém sem homologação de resultado favorável nos editais oficiais analisados (comunidade votou pela manutenção do modelo tradicional).;CONFIRMADO;
41060296;JULIA WANDERLEY C EEF M PROFIS;Carambeí;2024;INDETERMINADO;INDETERMINADO_CONSULTA_SEM_HOMOLOGACAO;INDETERMINADO;NAO_CONSTA;NENHUMA_APROVACAO_DOCUMENTADA;"Consulta pública realizada não foi homologada nos editais oficiais analisados; comunidade escolar rejeitou o modelo ou quórum não foi atingido.";CONFIRMADO;
41060296;JULIA WANDERLEY C EEF M PROFIS;Carambeí;2025;INDETERMINADO;INDETERMINADO_CONSULTA_SEM_HOMOLOGACAO;INDETERMINADO;NAO_CONSTA;NENHUMA_APROVACAO_DOCUMENTADA;"Consulta pública realizada não foi homologada nos editais oficiais analisados; comunidade escolar rejeitou o modelo ou quórum não foi atingido.";CONFIRMADO;
41060296;JULIA WANDERLEY C EEF M PROFIS;Carambeí;2026;INDETERMINADO;INDETERMINADO_CONSULTA_SEM_HOMOLOGACAO;INDETERMINADO;NAO_CONSTA;NENHUMA_APROVACAO_DOCUMENTADA;"Consulta pública realizada não foi homologada nos editais oficiais analisados; comunidade escolar rejeitou o modelo ou quórum não foi atingido.";CONFIRMADO;
41060466;NICOLAU BALTASAR C E PEEF M;Castro;2020;INDETERMINADO;INDETERMINADO_SEM_DOCUMENTO_NO_PERIODO;INDETERMINADO;NAO_CONSTA;NENHUMA_APROVACAO_DOCUMENTADA;Sem documentos nos autos para o ano de 2020.;CONFIRMADO;
41060466;NICOLAU BALTASAR C E PEEF M;Castro;2021;INDETERMINADO;INDETERMINADO_SEM_DOCUMENTO_NO_PERIODO;INDETERMINADO;NAO_CONSTA;NENHUMA_APROVACAO_DOCUMENTADA;Sem documentos nos autos para o ano de 2021.;CONFIRMADO;
41060466;NICOLAU BALTASAR C E PEEF M;Castro;2022;INDETERMINADO;INDETERMINADO_SEM_DOCUMENTO_NO_PERIODO;INDETERMINADO;NAO_CONSTA;NENHUMA_APROVACAO_DOCUMENTADA;Sem documentos nos autos para o ano de 2022.;CONFIRMADO;
41060466;NICOLAU BALTASAR C E PEEF M;Castro;2023;NAO;NAO_CCM_EM_CONSULTA;INDETERMINADO;NAO_CONSTA;NENHUMA_APROVACAO_DOCUMENTADA;Escola convocada para consulta pública no ano de 2023, porém sem homologação de resultado favorável nos editais oficiais analisados (comunidade votou pela manutenção do modelo tradicional).;CONFIRMADO;
41060466;NICOLAU BALTASAR C E PEEF M;Castro;2024;INDETERMINADO;INDETERMINADO_CONSULTA_SEM_HOMOLOGACAO;INDETERMINADO;NAO_CONSTA;NENHUMA_APROVACAO_DOCUMENTADA;"Consulta pública realizada não foi homologada nos editais oficiais analisados; comunidade escolar rejeitou o modelo ou quórum não foi atingido.";CONFIRMADO;
41060466;NICOLAU BALTASAR C E PEEF M;Castro;2025;INDETERMINADO;INDETERMINADO_CONSULTA_SEM_HOMOLOGACAO;INDETERMINADO;NAO_CONSTA;NENHUMA_APROVACAO_DOCUMENTADA;"Consulta pública realizada não foi homologada nos editais oficiais analisados; comunidade escolar rejeitou o modelo ou quórum não foi atingido.";CONFIRMADO;
41060466;NICOLAU BALTASAR C E PEEF M;Castro;2026;INDETERMINADO;INDETERMINADO_CONSULTA_SEM_HOMOLOGACAO;INDETERMINADO;NAO_CONSTA;NENHUMA_APROVACAO_DOCUMENTADA;"Consulta pública realizada não foi homologada nos editais oficiais analisados; comunidade escolar rejeitou o modelo ou quórum não foi atingido.";CONFIRMADO;
41062108;BECKER E SILVA C E CM PROFEF M PROFIS;Ponta Grossa;2020;INDETERMINADO;INDETERMINADO_SEM_DOCUMENTO_NO_PERIODO;2024;NAO_CONSTA;edital1142023_gsseed_ccm.pdf, p. 3 (Vigência expressa fixada a partir de 01/01/2024);Sem menção em editais nos autos para o ano de 2020. Conservadoramente mantido como INDETERMINADO conforme diretriz metodológica.;CONFIRMADO;
41062108;BECKER E SILVA C E CM PROFEF M PROFIS;Ponta Grossa;2021;INDETERMINADO;INDETERMINADO_SEM_DOCUMENTO_NO_PERIODO;2024;NAO_CONSTA;edital1142023_gsseed_ccm.pdf, p. 3 (Vigência expressa fixada a partir de 01/01/2024);Sem menção em editais nos autos para o ano de 2021. Conservadoramente mantido como INDETERMINADO conforme diretriz metodológica.;CONFIRMADO;
41062108;BECKER E SILVA C E CM PROFEF M PROFIS;Ponta Grossa;2022;INDETERMINADO;INDETERMINADO_SEM_DOCUMENTO_NO_PERIODO;2024;NAO_CONSTA;edital1142023_gsseed_ccm.pdf, p. 3 (Vigência expressa fixada a partir de 01/01/2024);Sem menção em editais nos autos para o ano de 2022. Conservadoramente mantido como INDETERMINADO conforme diretriz metodológica.;CONFIRMADO;
41062108;BECKER E SILVA C E CM PROFEF M PROFIS;Ponta Grossa;2023;NAO;NAO_CCM_EM_CONSULTA_PREPARATORIA;2024;NAO_CONSTA;edital1142023_gsseed_ccm.pdf, p. 3 (Vigência expressa fixada a partir de 01/01/2024);"Escola operando na rede regular estadual; participou de consulta pública de adesão em 2023 cuja vigência foi fixada apenas a partir de 01/01/2024.";CONFIRMADO;
41062108;BECKER E SILVA C E CM PROFEF M PROFIS;Ponta Grossa;2024;SIM;CCM_ATIVO_IMPLEMENTADO;2024;NAO_CONSTA;edital1142023_gsseed_ccm.pdf, p. 3 (Vigência expressa fixada a partir de 01/01/2024);Início formal da gestão cívico-militar em 01/01/2024 conforme edital1142023_gsseed_ccm.pdf, p. 3 (Vigência expressa fixada a partir de 01/01/2024).;CONFIRMADO;
41062108;BECKER E SILVA C E CM PROFEF M PROFIS;Ponta Grossa;2025;SIM;CCM_ATIVO_CONTINUIDADE;2024;NAO_CONSTA;edital1142023_gsseed_ccm.pdf, p. 3 (Vigência expressa fixada a partir de 01/01/2024);"Gestão cívico-militar em continuidade regular; sem publicação de ato de revogação, exclusão ou encerramento.";CONFIRMADO;
41062108;BECKER E SILVA C E CM PROFEF M PROFIS;Ponta Grossa;2026;SIM;CCM_ATIVO_CONTINUIDADE;2024;NAO_CONSTA;edital1142023_gsseed_ccm.pdf, p. 3 (Vigência expressa fixada a partir de 01/01/2024);"Gestão cívico-militar em continuidade regular; sem publicação de ato de revogação, exclusão ou encerramento.";CONFIRMADO;
41062191;CARLOS ZELESNY C E CM PEEF M;Ponta Grossa;2020;INDETERMINADO;INDETERMINADO_SEM_DOCUMENTO_NO_PERIODO;2024;NAO_CONSTA;edital1142023_gsseed_ccm.pdf, p. 3 (Vigência expressa fixada a partir de 01/01/2024);Sem menção em editais nos autos para o ano de 2020. Conservadoramente mantido como INDETERMINADO conforme diretriz metodológica.;CONFIRMADO;
41062191;CARLOS ZELESNY C E CM PEEF M;Ponta Grossa;2021;INDETERMINADO;INDETERMINADO_SEM_DOCUMENTO_NO_PERIODO;2024;NAO_CONSTA;edital1142023_gsseed_ccm.pdf, p. 3 (Vigência expressa fixada a partir de 01/01/2024);Sem menção em editais nos autos para o ano de 2021. Conservadoramente mantido como INDETERMINADO conforme diretriz metodológica.;CONFIRMADO;
41062191;CARLOS ZELESNY C E CM PEEF M;Ponta Grossa;2022;INDETERMINADO;INDETERMINADO_SEM_DOCUMENTO_NO_PERIODO;2024;NAO_CONSTA;edital1142023_gsseed_ccm.pdf, p. 3 (Vigência expressa fixada a partir de 01/01/2024);Sem menção em editais nos autos para o ano de 2022. Conservadoramente mantido como INDETERMINADO conforme diretriz metodológica.;CONFIRMADO;
41062191;CARLOS ZELESNY C E CM PEEF M;Ponta Grossa;2023;NAO;NAO_CCM_EM_CONSULTA_PREPARATORIA;2024;NAO_CONSTA;edital1142023_gsseed_ccm.pdf, p. 3 (Vigência expressa fixada a partir de 01/01/2024);"Escola operando na rede regular estadual; participou de consulta pública de adesão em 2023 cuja vigência foi fixada apenas a partir de 01/01/2024.";CONFIRMADO;
41062191;CARLOS ZELESNY C E CM PEEF M;Ponta Grossa;2024;SIM;CCM_ATIVO_IMPLEMENTADO;2024;NAO_CONSTA;edital1142023_gsseed_ccm.pdf, p. 3 (Vigência expressa fixada a partir de 01/01/2024);Início formal da gestão cívico-militar em 01/01/2024 conforme edital1142023_gsseed_ccm.pdf, p. 3 (Vigência expressa fixada a partir de 01/01/2024).;CONFIRMADO;
41062191;CARLOS ZELESNY C E CM PEEF M;Ponta Grossa;2025;SIM;CCM_ATIVO_CONTINUIDADE;2024;NAO_CONSTA;edital1142023_gsseed_ccm.pdf, p. 3 (Vigência expressa fixada a partir de 01/01/2024);"Gestão cívico-militar em continuidade regular; sem publicação de ato de revogação, exclusão ou encerramento.";CONFIRMADO;
41062191;CARLOS ZELESNY C E CM PEEF M;Ponta Grossa;2026;SIM;CCM_ATIVO_CONTINUIDADE;2024;NAO_CONSTA;edital1142023_gsseed_ccm.pdf, p. 3 (Vigência expressa fixada a partir de 01/01/2024);"Gestão cívico-militar em continuidade regular; sem publicação de ato de revogação, exclusão ou encerramento.";CONFIRMADO;
41062272;INST ED E PROF CESAR P MARTINEZF M N P;Ponta Grossa;2020;INDETERMINADO;INDETERMINADO_SEM_DOCUMENTO_NO_PERIODO;INDETERMINADO;NAO_CONSTA;NENHUMA_APROVACAO_DOCUMENTADA;Sem documentos nos autos para o ano de 2020.;CONFIRMADO;
41062272;INST ED E PROF CESAR P MARTINEZF M N P;Ponta Grossa;2021;INDETERMINADO;INDETERMINADO_SEM_DOCUMENTO_NO_PERIODO;INDETERMINADO;NAO_CONSTA;NENHUMA_APROVACAO_DOCUMENTADA;Sem documentos nos autos para o ano de 2021.;CONFIRMADO;
41062272;INST ED E PROF CESAR P MARTINEZF M N P;Ponta Grossa;2022;INDETERMINADO;INDETERMINADO_SEM_DOCUMENTO_NO_PERIODO;INDETERMINADO;NAO_CONSTA;NENHUMA_APROVACAO_DOCUMENTADA;Sem documentos nos autos para o ano de 2022.;CONFIRMADO;
41062272;INST ED E PROF CESAR P MARTINEZF M N P;Ponta Grossa;2023;INDETERMINADO;INDETERMINADO_SEM_DOCUMENTO_NO_PERIODO;INDETERMINADO;NAO_CONSTA;NENHUMA_APROVACAO_DOCUMENTADA;Sem documentos nos autos para o ano de 2023.;CONFIRMADO;
41062272;INST ED E PROF CESAR P MARTINEZF M N P;Ponta Grossa;2024;INDETERMINADO;INDETERMINADO_CONSULTA_SEM_HOMOLOGACAO;INDETERMINADO;NAO_CONSTA;NENHUMA_APROVACAO_DOCUMENTADA;"Consulta pública realizada não foi homologada nos editais oficiais analisados; comunidade escolar rejeitou o modelo ou quórum não foi atingido.";CONFIRMADO;
41062272;INST ED E PROF CESAR P MARTINEZF M N P;Ponta Grossa;2025;NAO;NAO_CCM_EM_CONSULTA;INDETERMINADO;NAO_CONSTA;NENHUMA_APROVACAO_DOCUMENTADA;Escola convocada para consulta pública no ano de 2025, porém sem homologação de resultado favorável nos editais oficiais analisados (comunidade votou pela manutenção do modelo tradicional).;CONFIRMADO;
41062272;INST ED E PROF CESAR P MARTINEZF M N P;Ponta Grossa;2026;INDETERMINADO;INDETERMINADO_CONSULTA_SEM_HOMOLOGACAO;INDETERMINADO;NAO_CONSTA;NENHUMA_APROVACAO_DOCUMENTADA;"Consulta pública realizada não foi homologada nos editais oficiais analisados; comunidade escolar rejeitou o modelo ou quórum não foi atingido.";CONFIRMADO;
41062469;EPAMINONDAS N RIBAS C E CM DREF M P;Ponta Grossa;2020;INDETERMINADO;INDETERMINADO_SEM_DOCUMENTO_NO_PERIODO;2024;NAO_CONSTA;edital1142023_gsseed_ccm.pdf, p. 3 (Vigência expressa fixada a partir de 01/01/2024);Sem menção em editais nos autos para o ano de 2020. Conservadoramente mantido como INDETERMINADO conforme diretriz metodológica.;CONFIRMADO;
41062469;EPAMINONDAS N RIBAS C E CM DREF M P;Ponta Grossa;2021;INDETERMINADO;INDETERMINADO_SEM_DOCUMENTO_NO_PERIODO;2024;NAO_CONSTA;edital1142023_gsseed_ccm.pdf, p. 3 (Vigência expressa fixada a partir de 01/01/2024);Sem menção em editais nos autos para o ano de 2021. Conservadoramente mantido como INDETERMINADO conforme diretriz metodológica.;CONFIRMADO;
41062469;EPAMINONDAS N RIBAS C E CM DREF M P;Ponta Grossa;2022;INDETERMINADO;INDETERMINADO_SEM_DOCUMENTO_NO_PERIODO;2024;NAO_CONSTA;edital1142023_gsseed_ccm.pdf, p. 3 (Vigência expressa fixada a partir de 01/01/2024);Sem menção em editais nos autos para o ano de 2022. Conservadoramente mantido como INDETERMINADO conforme diretriz metodológica.;CONFIRMADO;
41062469;EPAMINONDAS N RIBAS C E CM DREF M P;Ponta Grossa;2023;NAO;NAO_CCM_EM_CONSULTA_PREPARATORIA;2024;NAO_CONSTA;edital1142023_gsseed_ccm.pdf, p. 3 (Vigência expressa fixada a partir de 01/01/2024);"Escola operando na rede regular estadual; participou de consulta pública de adesão em 2023 cuja vigência foi fixada apenas a partir de 01/01/2024.";CONFIRMADO;
41062469;EPAMINONDAS N RIBAS C E CM DREF M P;Ponta Grossa;2024;SIM;CCM_ATIVO_IMPLEMENTADO;2024;NAO_CONSTA;edital1142023_gsseed_ccm.pdf, p. 3 (Vigência expressa fixada a partir de 01/01/2024);Início formal da gestão cívico-militar em 01/01/2024 conforme edital1142023_gsseed_ccm.pdf, p. 3 (Vigência expressa fixada a partir de 01/01/2024).;CONFIRMADO;
41062469;EPAMINONDAS N RIBAS C E CM DREF M P;Ponta Grossa;2025;SIM;CCM_ATIVO_CONTINUIDADE;2024;NAO_CONSTA;edital1142023_gsseed_ccm.pdf, p. 3 (Vigência expressa fixada a partir de 01/01/2024);"Gestão cívico-militar em continuidade regular; sem publicação de ato de revogação, exclusão ou encerramento.";CONFIRMADO;
41062469;EPAMINONDAS N RIBAS C E CM DREF M P;Ponta Grossa;2026;SIM;CCM_ATIVO_CONTINUIDADE;2024;NAO_CONSTA;edital1142023_gsseed_ccm.pdf, p. 3 (Vigência expressa fixada a partir de 01/01/2024);"Gestão cívico-militar em continuidade regular; sem publicação de ato de revogação, exclusão ou encerramento.";CONFIRMADO;
41062914;KENNEDY C E PRESEFMPN;Ponta Grossa;2020;INDETERMINADO;INDETERMINADO_SEM_DOCUMENTO_NO_PERIODO;INDETERMINADO;NAO_CONSTA;NENHUMA_APROVACAO_DOCUMENTADA;Sem documentos nos autos para o ano de 2020.;CONFIRMADO;
41062914;KENNEDY C E PRESEFMPN;Ponta Grossa;2021;INDETERMINADO;INDETERMINADO_SEM_DOCUMENTO_NO_PERIODO;INDETERMINADO;NAO_CONSTA;NENHUMA_APROVACAO_DOCUMENTADA;Sem documentos nos autos para o ano de 2021.;CONFIRMADO;
41062914;KENNEDY C E PRESEFMPN;Ponta Grossa;2022;INDETERMINADO;INDETERMINADO_SEM_DOCUMENTO_NO_PERIODO;INDETERMINADO;NAO_CONSTA;NENHUMA_APROVACAO_DOCUMENTADA;Sem documentos nos autos para o ano de 2022.;CONFIRMADO;
41062914;KENNEDY C E PRESEFMPN;Ponta Grossa;2023;NAO;NAO_CCM_EM_CONSULTA;INDETERMINADO;NAO_CONSTA;NENHUMA_APROVACAO_DOCUMENTADA;Escola convocada para consulta pública no ano de 2023, porém sem homologação de resultado favorável nos editais oficiais analisados (comunidade votou pela manutenção do modelo tradicional).;CONFIRMADO;
41062914;KENNEDY C E PRESEFMPN;Ponta Grossa;2024;NAO;NAO_CCM_ENTRE_CONSULTAS;INDETERMINADO;NAO_CONSTA;NENHUMA_APROVACAO_DOCUMENTADA;"Escola consultada em 2023 e reconsultada em 2025 sem homologação comprovada; permaneceu na rede regular não-CCM em 2024.";CONFIRMADO;
41062914;KENNEDY C E PRESEFMPN;Ponta Grossa;2025;NAO;NAO_CCM_EM_CONSULTA;INDETERMINADO;NAO_CONSTA;NENHUMA_APROVACAO_DOCUMENTADA;Escola convocada para consulta pública no ano de 2025, porém sem homologação de resultado favorável nos editais oficiais analisados (comunidade votou pela manutenção do modelo tradicional).;CONFIRMADO;
41062914;KENNEDY C E PRESEFMPN;Ponta Grossa;2026;INDETERMINADO;INDETERMINADO_CONSULTA_SEM_HOMOLOGACAO;INDETERMINADO;NAO_CONSTA;NENHUMA_APROVACAO_DOCUMENTADA;"Consulta pública realizada não foi homologada nos editais oficiais analisados; comunidade escolar rejeitou o modelo ou quórum não foi atingido.";CONFIRMADO;
41062949;LINDA S BACILA C E PROFAEF M PROFIS;Ponta Grossa;2020;INDETERMINADO;INDETERMINADO_SEM_DOCUMENTO_NO_PERIODO;INDETERMINADO;NAO_CONSTA;NENHUMA_APROVACAO_DOCUMENTADA;Sem documentos nos autos para o ano de 2020.;CONFIRMADO;
41062949;LINDA S BACILA C E PROFAEF M PROFIS;Ponta Grossa;2021;INDETERMINADO;INDETERMINADO_SEM_DOCUMENTO_NO_PERIODO;INDETERMINADO;NAO_CONSTA;NENHUMA_APROVACAO_DOCUMENTADA;Sem documentos nos autos para o ano de 2021.;CONFIRMADO;
41062949;LINDA S BACILA C E PROFAEF M PROFIS;Ponta Grossa;2022;INDETERMINADO;INDETERMINADO_SEM_DOCUMENTO_NO_PERIODO;INDETERMINADO;NAO_CONSTA;NENHUMA_APROVACAO_DOCUMENTADA;Sem documentos nos autos para o ano de 2022.;CONFIRMADO;
41062949;LINDA S BACILA C E PROFAEF M PROFIS;Ponta Grossa;2023;NAO;NAO_CCM_EM_CONSULTA;INDETERMINADO;NAO_CONSTA;NENHUMA_APROVACAO_DOCUMENTADA;Escola convocada para consulta pública no ano de 2023, porém sem homologação de resultado favorável nos editais oficiais analisados (comunidade votou pela manutenção do modelo tradicional).;CONFIRMADO;
41062949;LINDA S BACILA C E PROFAEF M PROFIS;Ponta Grossa;2024;INDETERMINADO;INDETERMINADO_CONSULTA_SEM_HOMOLOGACAO;INDETERMINADO;NAO_CONSTA;NENHUMA_APROVACAO_DOCUMENTADA;"Consulta pública realizada não foi homologada nos editais oficiais analisados; comunidade escolar rejeitou o modelo ou quórum não foi atingido.";CONFIRMADO;
41062949;LINDA S BACILA C E PROFAEF M PROFIS;Ponta Grossa;2025;INDETERMINADO;INDETERMINADO_CONSULTA_SEM_HOMOLOGACAO;INDETERMINADO;NAO_CONSTA;NENHUMA_APROVACAO_DOCUMENTADA;"Consulta pública realizada não foi homologada nos editais oficiais analisados; comunidade escolar rejeitou o modelo ou quórum não foi atingido.";CONFIRMADO;
41062949;LINDA S BACILA C E PROFAEF M PROFIS;Ponta Grossa;2026;INDETERMINADO;INDETERMINADO_CONSULTA_SEM_HOMOLOGACAO;INDETERMINADO;NAO_CONSTA;NENHUMA_APROVACAO_DOCUMENTADA;"Consulta pública realizada não foi homologada nos editais oficiais analisados; comunidade escolar rejeitou o modelo ou quórum não foi atingido.";CONFIRMADO;
41063031;MENELEU A TORRES C E PROFEF M PROFIS;Ponta Grossa;2020;INDETERMINADO;INDETERMINADO_SEM_DOCUMENTO_NO_PERIODO;INDETERMINADO;NAO_CONSTA;NENHUMA_APROVACAO_DOCUMENTADA;Sem documentos nos autos para o ano de 2020.;CONFIRMADO;
41063031;MENELEU A TORRES C E PROFEF M PROFIS;Ponta Grossa;2021;INDETERMINADO;INDETERMINADO_SEM_DOCUMENTO_NO_PERIODO;INDETERMINADO;NAO_CONSTA;NENHUMA_APROVACAO_DOCUMENTADA;Sem documentos nos autos para o ano de 2021.;CONFIRMADO;
41063031;MENELEU A TORRES C E PROFEF M PROFIS;Ponta Grossa;2022;INDETERMINADO;INDETERMINADO_SEM_DOCUMENTO_NO_PERIODO;INDETERMINADO;NAO_CONSTA;NENHUMA_APROVACAO_DOCUMENTADA;Sem documentos nos autos para o ano de 2022.;CONFIRMADO;
41063031;MENELEU A TORRES C E PROFEF M PROFIS;Ponta Grossa;2023;INDETERMINADO;INDETERMINADO_SEM_DOCUMENTO_NO_PERIODO;INDETERMINADO;NAO_CONSTA;NENHUMA_APROVACAO_DOCUMENTADA;Sem documentos nos autos para o ano de 2023.;CONFIRMADO;
41063031;MENELEU A TORRES C E PROFEF M PROFIS;Ponta Grossa;2024;INDETERMINADO;INDETERMINADO_CONSULTA_SEM_HOMOLOGACAO;INDETERMINADO;NAO_CONSTA;NENHUMA_APROVACAO_DOCUMENTADA;"Consulta pública realizada não foi homologada nos editais oficiais analisados; comunidade escolar rejeitou o modelo ou quórum não foi atingido.";CONFIRMADO;
41063031;MENELEU A TORRES C E PROFEF M PROFIS;Ponta Grossa;2025;NAO;NAO_CCM_EM_CONSULTA;INDETERMINADO;NAO_CONSTA;NENHUMA_APROVACAO_DOCUMENTADA;Escola convocada para consulta pública no ano de 2025, porém sem homologação de resultado favorável nos editais oficiais analisados (comunidade votou pela manutenção do modelo tradicional).;CONFIRMADO;
41063031;MENELEU A TORRES C E PROFEF M PROFIS;Ponta Grossa;2026;INDETERMINADO;INDETERMINADO_CONSULTA_SEM_HOMOLOGACAO;INDETERMINADO;NAO_CONSTA;NENHUMA_APROVACAO_DOCUMENTADA;"Consulta pública realizada não foi homologada nos editais oficiais analisados; comunidade escolar rejeitou o modelo ou quórum não foi atingido.";CONFIRMADO;
41063058;MONTEIRO LOBATO E EEF;Ponta Grossa;2020;INDETERMINADO;INDETERMINADO_SEM_DOCUMENTO_NO_PERIODO;INDETERMINADO;NAO_CONSTA;NENHUMA_APROVACAO_DOCUMENTADA;Sem documentos nos autos para o ano de 2020.;CONFIRMADO;
41063058;MONTEIRO LOBATO E EEF;Ponta Grossa;2021;INDETERMINADO;INDETERMINADO_SEM_DOCUMENTO_NO_PERIODO;INDETERMINADO;NAO_CONSTA;NENHUMA_APROVACAO_DOCUMENTADA;Sem documentos nos autos para o ano de 2021.;CONFIRMADO;
41063058;MONTEIRO LOBATO E EEF;Ponta Grossa;2022;INDETERMINADO;INDETERMINADO_SEM_DOCUMENTO_NO_PERIODO;INDETERMINADO;NAO_CONSTA;NENHUMA_APROVACAO_DOCUMENTADA;Sem documentos nos autos para o ano de 2022.;CONFIRMADO;
41063058;MONTEIRO LOBATO E EEF;Ponta Grossa;2023;INDETERMINADO;INDETERMINADO_SEM_DOCUMENTO_NO_PERIODO;INDETERMINADO;NAO_CONSTA;NENHUMA_APROVACAO_DOCUMENTADA;Sem documentos nos autos para o ano de 2023.;CONFIRMADO;
41063058;MONTEIRO LOBATO E EEF;Ponta Grossa;2024;INDETERMINADO;INDETERMINADO_CONSULTA_SEM_HOMOLOGACAO;INDETERMINADO;NAO_CONSTA;NENHUMA_APROVACAO_DOCUMENTADA;"Consulta pública realizada não foi homologada nos editais oficiais analisados; comunidade escolar rejeitou o modelo ou quórum não foi atingido.";CONFIRMADO;
41063058;MONTEIRO LOBATO E EEF;Ponta Grossa;2025;NAO;NAO_CCM_EM_CONSULTA;INDETERMINADO;NAO_CONSTA;NENHUMA_APROVACAO_DOCUMENTADA;Escola convocada para consulta pública no ano de 2025, porém sem homologação de resultado favorável nos editais oficiais analisados (comunidade votou pela manutenção do modelo tradicional).;CONFIRMADO;
41063058;MONTEIRO LOBATO E EEF;Ponta Grossa;2026;INDETERMINADO;INDETERMINADO_CONSULTA_SEM_HOMOLOGACAO;INDETERMINADO;NAO_CONSTA;NENHUMA_APROVACAO_DOCUMENTADA;"Consulta pública realizada não foi homologada nos editais oficiais analisados; comunidade escolar rejeitou o modelo ou quórum não foi atingido.";CONFIRMADO;
41063139;NOSSA SRA DA GLORIA C E CMEF M;Ponta Grossa;2020;INDETERMINADO;INDETERMINADO_SEM_DOCUMENTO_NO_PERIODO;2024;NAO_CONSTA;edital1142023_gsseed_ccm.pdf, p. 3 (Vigência expressa fixada a partir de 01/01/2024);Sem menção em editais nos autos para o ano de 2020. Conservadoramente mantido como INDETERMINADO conforme diretriz metodológica.;CONFIRMADO;
41063139;NOSSA SRA DA GLORIA C E CMEF M;Ponta Grossa;2021;INDETERMINADO;INDETERMINADO_SEM_DOCUMENTO_NO_PERIODO;2024;NAO_CONSTA;edital1142023_gsseed_ccm.pdf, p. 3 (Vigência expressa fixada a partir de 01/01/2024);Sem menção em editais nos autos para o ano de 2021. Conservadoramente mantido como INDETERMINADO conforme diretriz metodológica.;CONFIRMADO;
41063139;NOSSA SRA DA GLORIA C E CMEF M;Ponta Grossa;2022;INDETERMINADO;INDETERMINADO_SEM_DOCUMENTO_NO_PERIODO;2024;NAO_CONSTA;edital1142023_gsseed_ccm.pdf, p. 3 (Vigência expressa fixada a partir de 01/01/2024);Sem menção em editais nos autos para o ano de 2022. Conservadoramente mantido como INDETERMINADO conforme diretriz metodológica.;CONFIRMADO;
41063139;NOSSA SRA DA GLORIA C E CMEF M;Ponta Grossa;2023;NAO;NAO_CCM_EM_CONSULTA_PREPARATORIA;2024;NAO_CONSTA;edital1142023_gsseed_ccm.pdf, p. 3 (Vigência expressa fixada a partir de 01/01/2024);"Escola operando na rede regular estadual; participou de consulta pública de adesão em 2023 cuja vigência foi fixada apenas a partir de 01/01/2024.";CONFIRMADO;
41063139;NOSSA SRA DA GLORIA C E CMEF M;Ponta Grossa;2024;SIM;CCM_ATIVO_IMPLEMENTADO;2024;NAO_CONSTA;edital1142023_gsseed_ccm.pdf, p. 3 (Vigência expressa fixada a partir de 01/01/2024);Início formal da gestão cívico-militar em 01/01/2024 conforme edital1142023_gsseed_ccm.pdf, p. 3 (Vigência expressa fixada a partir de 01/01/2024).;CONFIRMADO;
41063139;NOSSA SRA DA GLORIA C E CMEF M;Ponta Grossa;2025;SIM;CCM_ATIVO_CONTINUIDADE;2024;NAO_CONSTA;edital1142023_gsseed_ccm.pdf, p. 3 (Vigência expressa fixada a partir de 01/01/2024);"Gestão cívico-militar em continuidade regular; sem publicação de ato de revogação, exclusão ou encerramento.";CONFIRMADO;
41063139;NOSSA SRA DA GLORIA C E CMEF M;Ponta Grossa;2026;SIM;CCM_ATIVO_CONTINUIDADE;2024;NAO_CONSTA;edital1142023_gsseed_ccm.pdf, p. 3 (Vigência expressa fixada a partir de 01/01/2024);"Gestão cívico-militar em continuidade regular; sem publicação de ato de revogação, exclusão ou encerramento.";CONFIRMADO;
41063155;OSORIO C E CM GALEF M PROFIS;Ponta Grossa;2020;INDETERMINADO;INDETERMINADO_SEM_DOCUMENTO_NO_PERIODO;2024;NAO_CONSTA;edital1222023_gsseed_prot214105004_ccm_resultado_processo_consulta_publica.pdf, p. 1 (Vigência expressa fixada a partir de 01/01/2024);Sem menção em editais nos autos para o ano de 2020. Conservadoramente mantido como INDETERMINADO conforme diretriz metodológica.;CONFIRMADO;
41063155;OSORIO C E CM GALEF M PROFIS;Ponta Grossa;2021;INDETERMINADO;INDETERMINADO_SEM_DOCUMENTO_NO_PERIODO;2024;NAO_CONSTA;edital1222023_gsseed_prot214105004_ccm_resultado_processo_consulta_publica.pdf, p. 1 (Vigência expressa fixada a partir de 01/01/2024);Sem menção em editais nos autos para o ano de 2021. Conservadoramente mantido como INDETERMINADO conforme diretriz metodológica.;CONFIRMADO;
41063155;OSORIO C E CM GALEF M PROFIS;Ponta Grossa;2022;INDETERMINADO;INDETERMINADO_SEM_DOCUMENTO_NO_PERIODO;2024;NAO_CONSTA;edital1222023_gsseed_prot214105004_ccm_resultado_processo_consulta_publica.pdf, p. 1 (Vigência expressa fixada a partir de 01/01/2024);Sem menção em editais nos autos para o ano de 2022. Conservadoramente mantido como INDETERMINADO conforme diretriz metodológica.;CONFIRMADO;
41063155;OSORIO C E CM GALEF M PROFIS;Ponta Grossa;2023;NAO;NAO_CCM_EM_CONSULTA_PREPARATORIA;2024;NAO_CONSTA;edital1222023_gsseed_prot214105004_ccm_resultado_processo_consulta_publica.pdf, p. 1 (Vigência expressa fixada a partir de 01/01/2024);"Escola operando na rede regular estadual; participou de consulta pública de adesão em 2023 cuja vigência foi fixada apenas a partir de 01/01/2024.";CONFIRMADO;
41063155;OSORIO C E CM GALEF M PROFIS;Ponta Grossa;2024;SIM;CCM_ATIVO_IMPLEMENTADO;2024;NAO_CONSTA;edital1222023_gsseed_prot214105004_ccm_resultado_processo_consulta_publica.pdf, p. 1 (Vigência expressa fixada a partir de 01/01/2024);Início formal da gestão cívico-militar em 01/01/2024 conforme edital1222023_gsseed_prot214105004_ccm_resultado_processo_consulta_publica.pdf, p. 1 (Vigência expressa fixada a partir de 01/01/2024).;CONFIRMADO;
41063155;OSORIO C E CM GALEF M PROFIS;Ponta Grossa;2025;SIM;CCM_ATIVO_CONTINUIDADE;2024;NAO_CONSTA;edital1222023_gsseed_prot214105004_ccm_resultado_processo_consulta_publica.pdf, p. 1 (Vigência expressa fixada a partir de 01/01/2024);"Gestão cívico-militar em continuidade regular; sem publicação de ato de revogação, exclusão ou encerramento.";CONFIRMADO;
41063155;OSORIO C E CM GALEF M PROFIS;Ponta Grossa;2026;SIM;CCM_ATIVO_CONTINUIDADE;2024;NAO_CONSTA;edital1222023_gsseed_prot214105004_ccm_resultado_processo_consulta_publica.pdf, p. 1 (Vigência expressa fixada a partir de 01/01/2024);"Gestão cívico-militar em continuidade regular; sem publicação de ato de revogação, exclusão ou encerramento.";CONFIRMADO;
41063384;SANTA MARIA C EEF M;Ponta Grossa;2020;INDETERMINADO;INDETERMINADO_SEM_DOCUMENTO_NO_PERIODO;INDETERMINADO;NAO_CONSTA;NENHUMA_APROVACAO_DOCUMENTADA;Sem documentos nos autos para o ano de 2020.;CONFIRMADO;
41063384;SANTA MARIA C EEF M;Ponta Grossa;2021;INDETERMINADO;INDETERMINADO_SEM_DOCUMENTO_NO_PERIODO;INDETERMINADO;NAO_CONSTA;NENHUMA_APROVACAO_DOCUMENTADA;Sem documentos nos autos para o ano de 2021.;CONFIRMADO;
41063384;SANTA MARIA C EEF M;Ponta Grossa;2022;INDETERMINADO;INDETERMINADO_SEM_DOCUMENTO_NO_PERIODO;INDETERMINADO;NAO_CONSTA;NENHUMA_APROVACAO_DOCUMENTADA;Sem documentos nos autos para o ano de 2022.;CONFIRMADO;
41063384;SANTA MARIA C EEF M;Ponta Grossa;2023;NAO;NAO_CCM_EM_CONSULTA;INDETERMINADO;NAO_CONSTA;NENHUMA_APROVACAO_DOCUMENTADA;Escola convocada para consulta pública no ano de 2023, porém sem homologação de resultado favorável nos editais oficiais analisados (comunidade votou pela manutenção do modelo tradicional).;CONFIRMADO;
41063384;SANTA MARIA C EEF M;Ponta Grossa;2024;INDETERMINADO;INDETERMINADO_CONSULTA_SEM_HOMOLOGACAO;INDETERMINADO;NAO_CONSTA;NENHUMA_APROVACAO_DOCUMENTADA;"Consulta pública realizada não foi homologada nos editais oficiais analisados; comunidade escolar rejeitou o modelo ou quórum não foi atingido.";CONFIRMADO;
41063384;SANTA MARIA C EEF M;Ponta Grossa;2025;INDETERMINADO;INDETERMINADO_CONSULTA_SEM_HOMOLOGACAO;INDETERMINADO;NAO_CONSTA;NENHUMA_APROVACAO_DOCUMENTADA;"Consulta pública realizada não foi homologada nos editais oficiais analisados; comunidade escolar rejeitou o modelo ou quórum não foi atingido.";CONFIRMADO;
41063384;SANTA MARIA C EEF M;Ponta Grossa;2026;INDETERMINADO;INDETERMINADO_CONSULTA_SEM_HOMOLOGACAO;INDETERMINADO;NAO_CONSTA;NENHUMA_APROVACAO_DOCUMENTADA;"Consulta pública realizada não foi homologada nos editais oficiais analisados; comunidade escolar rejeitou o modelo ou quórum não foi atingido.";CONFIRMADO;
41067029;GRACILIANO RAMOS E E CMEF;Santa Helena;2020;INDETERMINADO;INDETERMINADO_SEM_DOCUMENTO_NO_PERIODO;2024;NAO_CONSTA;edital1222023_gsseed_prot214105004_ccm_resultado_processo_consulta_publica.pdf, p. 1 (Vigência expressa fixada a partir de 01/01/2024);Sem menção em editais nos autos para o ano de 2020. Conservadoramente mantido como INDETERMINADO conforme diretriz metodológica.;CONFIRMADO;
41067029;GRACILIANO RAMOS E E CMEF;Santa Helena;2021;INDETERMINADO;INDETERMINADO_SEM_DOCUMENTO_NO_PERIODO;2024;NAO_CONSTA;edital1222023_gsseed_prot214105004_ccm_resultado_processo_consulta_publica.pdf, p. 1 (Vigência expressa fixada a partir de 01/01/2024);Sem menção em editais nos autos para o ano de 2021. Conservadoramente mantido como INDETERMINADO conforme diretriz metodológica.;CONFIRMADO;
41067029;GRACILIANO RAMOS E E CMEF;Santa Helena;2022;INDETERMINADO;INDETERMINADO_SEM_DOCUMENTO_NO_PERIODO;2024;NAO_CONSTA;edital1222023_gsseed_prot214105004_ccm_resultado_processo_consulta_publica.pdf, p. 1 (Vigência expressa fixada a partir de 01/01/2024);Sem menção em editais nos autos para o ano de 2022. Conservadoramente mantido como INDETERMINADO conforme diretriz metodológica.;CONFIRMADO;
41067029;GRACILIANO RAMOS E E CMEF;Santa Helena;2023;NAO;NAO_CCM_EM_CONSULTA_PREPARATORIA;2024;NAO_CONSTA;edital1222023_gsseed_prot214105004_ccm_resultado_processo_consulta_publica.pdf, p. 1 (Vigência expressa fixada a partir de 01/01/2024);"Escola operando na rede regular estadual; participou de consulta pública de adesão em 2023 cuja vigência foi fixada apenas a partir de 01/01/2024.";CONFIRMADO;
41067029;GRACILIANO RAMOS E E CMEF;Santa Helena;2024;SIM;CCM_ATIVO_IMPLEMENTADO;2024;NAO_CONSTA;edital1222023_gsseed_prot214105004_ccm_resultado_processo_consulta_publica.pdf, p. 1 (Vigência expressa fixada a partir de 01/01/2024);Início formal da gestão cívico-militar em 01/01/2024 conforme edital1222023_gsseed_prot214105004_ccm_resultado_processo_consulta_publica.pdf, p. 1 (Vigência expressa fixada a partir de 01/01/2024).;CONFIRMADO;
41067029;GRACILIANO RAMOS E E CMEF;Santa Helena;2025;SIM;CCM_ATIVO_CONTINUIDADE;2024;NAO_CONSTA;edital1222023_gsseed_prot214105004_ccm_resultado_processo_consulta_publica.pdf, p. 1 (Vigência expressa fixada a partir de 01/01/2024);"Gestão cívico-militar em continuidade regular; sem publicação de ato de revogação, exclusão ou encerramento.";CONFIRMADO;
41067029;GRACILIANO RAMOS E E CMEF;Santa Helena;2026;SIM;CCM_ATIVO_CONTINUIDADE;2024;NAO_CONSTA;edital1222023_gsseed_prot214105004_ccm_resultado_processo_consulta_publica.pdf, p. 1 (Vigência expressa fixada a partir de 01/01/2024);"Gestão cívico-militar em continuidade regular; sem publicação de ato de revogação, exclusão ou encerramento.";CONFIRMADO;
41068688;JOAO ARNALDO RITT C E CMEF M;Toledo;2020;INDETERMINADO;INDETERMINADO_SEM_DOCUMENTO_NO_PERIODO;2024;NAO_CONSTA;edital1222023_gsseed_prot214105004_ccm_resultado_processo_consulta_publica.pdf, p. 1 (Vigência expressa fixada a partir de 01/01/2024);Sem menção em editais nos autos para o ano de 2020. Conservadoramente mantido como INDETERMINADO conforme diretriz metodológica.;CONFIRMADO;
41068688;JOAO ARNALDO RITT C E CMEF M;Toledo;2021;INDETERMINADO;INDETERMINADO_SEM_DOCUMENTO_NO_PERIODO;2024;NAO_CONSTA;edital1222023_gsseed_prot214105004_ccm_resultado_processo_consulta_publica.pdf, p. 1 (Vigência expressa fixada a partir de 01/01/2024);Sem menção em editais nos autos para o ano de 2021. Conservadoramente mantido como INDETERMINADO conforme diretriz metodológica.;CONFIRMADO;
41068688;JOAO ARNALDO RITT C E CMEF M;Toledo;2022;INDETERMINADO;INDETERMINADO_SEM_DOCUMENTO_NO_PERIODO;2024;NAO_CONSTA;edital1222023_gsseed_prot214105004_ccm_resultado_processo_consulta_publica.pdf, p. 1 (Vigência expressa fixada a partir de 01/01/2024);Sem menção em editais nos autos para o ano de 2022. Conservadoramente mantido como INDETERMINADO conforme diretriz metodológica.;CONFIRMADO;
41068688;JOAO ARNALDO RITT C E CMEF M;Toledo;2023;NAO;NAO_CCM_EM_CONSULTA_PREPARATORIA;2024;NAO_CONSTA;edital1222023_gsseed_prot214105004_ccm_resultado_processo_consulta_publica.pdf, p. 1 (Vigência expressa fixada a partir de 01/01/2024);"Escola operando na rede regular estadual; participou de consulta pública de adesão em 2023 cuja vigência foi fixada apenas a partir de 01/01/2024.";CONFIRMADO;
41068688;JOAO ARNALDO RITT C E CMEF M;Toledo;2024;SIM;CCM_ATIVO_IMPLEMENTADO;2024;NAO_CONSTA;edital1222023_gsseed_prot214105004_ccm_resultado_processo_consulta_publica.pdf, p. 1 (Vigência expressa fixada a partir de 01/01/2024);Início formal da gestão cívico-militar em 01/01/2024 conforme edital1222023_gsseed_prot214105004_ccm_resultado_processo_consulta_publica.pdf, p. 1 (Vigência expressa fixada a partir de 01/01/2024).;CONFIRMADO;
41068688;JOAO ARNALDO RITT C E CMEF M;Toledo;2025;SIM;CCM_ATIVO_CONTINUIDADE;2024;NAO_CONSTA;edital1222023_gsseed_prot214105004_ccm_resultado_processo_consulta_publica.pdf, p. 1 (Vigência expressa fixada a partir de 01/01/2024);"Gestão cívico-militar em continuidade regular; sem publicação de ato de revogação, exclusão ou encerramento.";CONFIRMADO;
41068688;JOAO ARNALDO RITT C E CMEF M;Toledo;2026;SIM;CCM_ATIVO_CONTINUIDADE;2024;NAO_CONSTA;edital1222023_gsseed_prot214105004_ccm_resultado_processo_consulta_publica.pdf, p. 1 (Vigência expressa fixada a partir de 01/01/2024);"Gestão cívico-militar em continuidade regular; sem publicação de ato de revogação, exclusão ou encerramento.";CONFIRMADO;
41068807;LUIZ AUGUSTO M REGO C E CMEF M PROFIS;Toledo;2020;INDETERMINADO;INDETERMINADO_SEM_DOCUMENTO_NO_PERIODO;2024;NAO_CONSTA;edital1142023_gsseed_ccm.pdf, p. 3 (Vigência expressa fixada a partir de 01/01/2024);Sem menção em editais nos autos para o ano de 2020. Conservadoramente mantido como INDETERMINADO conforme diretriz metodológica.;CONFIRMADO;
41068807;LUIZ AUGUSTO M REGO C E CMEF M PROFIS;Toledo;2021;INDETERMINADO;INDETERMINADO_SEM_DOCUMENTO_NO_PERIODO;2024;NAO_CONSTA;edital1142023_gsseed_ccm.pdf, p. 3 (Vigência expressa fixada a partir de 01/01/2024);Sem menção em editais nos autos para o ano de 2021. Conservadoramente mantido como INDETERMINADO conforme diretriz metodológica.;CONFIRMADO;
41068807;LUIZ AUGUSTO M REGO C E CMEF M PROFIS;Toledo;2022;INDETERMINADO;INDETERMINADO_SEM_DOCUMENTO_NO_PERIODO;2024;NAO_CONSTA;edital1142023_gsseed_ccm.pdf, p. 3 (Vigência expressa fixada a partir de 01/01/2024);Sem menção em editais nos autos para o ano de 2022. Conservadoramente mantido como INDETERMINADO conforme diretriz metodológica.;CONFIRMADO;
41068807;LUIZ AUGUSTO M REGO C E CMEF M PROFIS;Toledo;2023;NAO;NAO_CCM_EM_CONSULTA_PREPARATORIA;2024;NAO_CONSTA;edital1142023_gsseed_ccm.pdf, p. 3 (Vigência expressa fixada a partir de 01/01/2024);"Escola operando na rede regular estadual; participou de consulta pública de adesão em 2023 cuja vigência foi fixada apenas a partir de 01/01/2024.";CONFIRMADO;
41068807;LUIZ AUGUSTO M REGO C E CMEF M PROFIS;Toledo;2024;SIM;CCM_ATIVO_IMPLEMENTADO;2024;NAO_CONSTA;edital1142023_gsseed_ccm.pdf, p. 3 (Vigência expressa fixada a partir de 01/01/2024);Início formal da gestão cívico-militar em 01/01/2024 conforme edital1142023_gsseed_ccm.pdf, p. 3 (Vigência expressa fixada a partir de 01/01/2024).;CONFIRMADO;
41068807;LUIZ AUGUSTO M REGO C E CMEF M PROFIS;Toledo;2025;SIM;CCM_ATIVO_CONTINUIDADE;2024;NAO_CONSTA;edital1142023_gsseed_ccm.pdf, p. 3 (Vigência expressa fixada a partir de 01/01/2024);"Gestão cívico-militar em continuidade regular; sem publicação de ato de revogação, exclusão ou encerramento.";CONFIRMADO;
41068807;LUIZ AUGUSTO M REGO C E CMEF M PROFIS;Toledo;2026;SIM;CCM_ATIVO_CONTINUIDADE;2024;NAO_CONSTA;edital1142023_gsseed_ccm.pdf, p. 3 (Vigência expressa fixada a partir de 01/01/2024);"Gestão cívico-militar em continuidade regular; sem publicação de ato de revogação, exclusão ou encerramento.";CONFIRMADO;
41068998;NOVO SARANDI C E CEF M;Toledo;2020;INDETERMINADO;INDETERMINADO_SEM_DOCUMENTO_NO_PERIODO;2026;NAO_CONSTA;edital1362025_gsseed_prot249175889_ccm_consulta_publica_resultado.pdf, p. 2 (Vigência expressa fixada a partir de 01/01/2026);Sem menção em editais nos autos para o ano de 2020. Conservadoramente mantido como INDETERMINADO conforme diretriz metodológica.;CONFIRMADO;
41068998;NOVO SARANDI C E CEF M;Toledo;2021;INDETERMINADO;INDETERMINADO_SEM_DOCUMENTO_NO_PERIODO;2026;NAO_CONSTA;edital1362025_gsseed_prot249175889_ccm_consulta_publica_resultado.pdf, p. 2 (Vigência expressa fixada a partir de 01/01/2026);Sem menção em editais nos autos para o ano de 2021. Conservadoramente mantido como INDETERMINADO conforme diretriz metodológica.;CONFIRMADO;
41068998;NOVO SARANDI C E CEF M;Toledo;2022;INDETERMINADO;INDETERMINADO_SEM_DOCUMENTO_NO_PERIODO;2026;NAO_CONSTA;edital1362025_gsseed_prot249175889_ccm_consulta_publica_resultado.pdf, p. 2 (Vigência expressa fixada a partir de 01/01/2026);Sem menção em editais nos autos para o ano de 2022. Conservadoramente mantido como INDETERMINADO conforme diretriz metodológica.;CONFIRMADO;
41068998;NOVO SARANDI C E CEF M;Toledo;2023;INDETERMINADO;INDETERMINADO_SEM_DOCUMENTO_NO_PERIODO;2026;NAO_CONSTA;edital1362025_gsseed_prot249175889_ccm_consulta_publica_resultado.pdf, p. 2 (Vigência expressa fixada a partir de 01/01/2026);Sem menção em editais nos autos para o ano de 2023. Conservadoramente mantido como INDETERMINADO conforme diretriz metodológica.;CONFIRMADO;
41068998;NOVO SARANDI C E CEF M;Toledo;2024;INDETERMINADO;INDETERMINADO_SEM_DOCUMENTO_NO_PERIODO;2026;NAO_CONSTA;edital1362025_gsseed_prot249175889_ccm_consulta_publica_resultado.pdf, p. 2 (Vigência expressa fixada a partir de 01/01/2026);Sem menção em editais nos autos para o ano de 2024. Conservadoramente mantido como INDETERMINADO conforme diretriz metodológica.;CONFIRMADO;
41068998;NOVO SARANDI C E CEF M;Toledo;2025;NAO;NAO_CCM_EM_CONSULTA_PREPARATORIA;2026;NAO_CONSTA;edital1362025_gsseed_prot249175889_ccm_consulta_publica_resultado.pdf, p. 2 (Vigência expressa fixada a partir de 01/01/2026);"Escola operando na rede regular estadual; participou de consulta pública de adesão em 2025 cuja vigência foi fixada apenas a partir de 01/01/2026.";CONFIRMADO;
41068998;NOVO SARANDI C E CEF M;Toledo;2026;SIM;CCM_ATIVO_IMPLEMENTADO;2026;NAO_CONSTA;edital1362025_gsseed_prot249175889_ccm_consulta_publica_resultado.pdf, p. 2 (Vigência expressa fixada a partir de 01/01/2026);Início formal da gestão cívico-militar em 01/01/2026 conforme edital1362025_gsseed_prot249175889_ccm_consulta_publica_resultado.pdf, p. 2 (Vigência expressa fixada a partir de 01/01/2026).;CONFIRMADO;
41070224;ALBERTO S DUMONT C EEF M N PROFIS;Cafelândia;2020;INDETERMINADO;INDETERMINADO_SEM_DOCUMENTO_NO_PERIODO;2026;NAO_CONSTA;edital1362025_gsseed_prot249175889_ccm_consulta_publica_resultado.pdf, p. 2 (Vigência expressa fixada a partir de 01/01/2026);Sem menção em editais nos autos para o ano de 2020. Conservadoramente mantido como INDETERMINADO conforme diretriz metodológica.;CONFIRMADO;
41070224;ALBERTO S DUMONT C EEF M N PROFIS;Cafelândia;2021;INDETERMINADO;INDETERMINADO_SEM_DOCUMENTO_NO_PERIODO;2026;NAO_CONSTA;edital1362025_gsseed_prot249175889_ccm_consulta_publica_resultado.pdf, p. 2 (Vigência expressa fixada a partir de 01/01/2026);Sem menção em editais nos autos para o ano de 2021. Conservadoramente mantido como INDETERMINADO conforme diretriz metodológica.;CONFIRMADO;
41070224;ALBERTO S DUMONT C EEF M N PROFIS;Cafelândia;2022;INDETERMINADO;INDETERMINADO_SEM_DOCUMENTO_NO_PERIODO;2026;NAO_CONSTA;edital1362025_gsseed_prot249175889_ccm_consulta_publica_resultado.pdf, p. 2 (Vigência expressa fixada a partir de 01/01/2026);Sem menção em editais nos autos para o ano de 2022. Conservadoramente mantido como INDETERMINADO conforme diretriz metodológica.;CONFIRMADO;
41070224;ALBERTO S DUMONT C EEF M N PROFIS;Cafelândia;2023;INDETERMINADO;INDETERMINADO_SEM_DOCUMENTO_NO_PERIODO;2026;NAO_CONSTA;edital1362025_gsseed_prot249175889_ccm_consulta_publica_resultado.pdf, p. 2 (Vigência expressa fixada a partir de 01/01/2026);Sem menção em editais nos autos para o ano de 2023. Conservadoramente mantido como INDETERMINADO conforme diretriz metodológica.;CONFIRMADO;
41070224;ALBERTO S DUMONT C EEF M N PROFIS;Cafelândia;2024;INDETERMINADO;INDETERMINADO_SEM_DOCUMENTO_NO_PERIODO;2026;NAO_CONSTA;edital1362025_gsseed_prot249175889_ccm_consulta_publica_resultado.pdf, p. 2 (Vigência expressa fixada a partir de 01/01/2026);Sem menção em editais nos autos para o ano de 2024. Conservadoramente mantido como INDETERMINADO conforme diretriz metodológica.;CONFIRMADO;
41070224;ALBERTO S DUMONT C EEF M N PROFIS;Cafelândia;2025;NAO;NAO_CCM_EM_CONSULTA_PREPARATORIA;2026;NAO_CONSTA;edital1362025_gsseed_prot249175889_ccm_consulta_publica_resultado.pdf, p. 2 (Vigência expressa fixada a partir de 01/01/2026);"Escola operando na rede regular estadual; participou de consulta pública de adesão em 2025 cuja vigência foi fixada apenas a partir de 01/01/2026.";CONFIRMADO;
41070224;ALBERTO S DUMONT C EEF M N PROFIS;Cafelândia;2026;SIM;CCM_ATIVO_IMPLEMENTADO;2026;NAO_CONSTA;edital1362025_gsseed_prot249175889_ccm_consulta_publica_resultado.pdf, p. 2 (Vigência expressa fixada a partir de 01/01/2026);Início formal da gestão cívico-militar em 01/01/2026 conforme edital1362025_gsseed_prot249175889_ccm_consulta_publica_resultado.pdf, p. 2 (Vigência expressa fixada a partir de 01/01/2026).;CONFIRMADO;
41070585;CARLOS A CAMARGO C E CMEF M PROFIS;Capitão Leônidas Marques;2020;INDETERMINADO;INDETERMINADO_SEM_DOCUMENTO_NO_PERIODO;2024;NAO_CONSTA;edital1142023_gsseed_ccm.pdf, p. 2 (Vigência expressa fixada a partir de 01/01/2024);Sem menção em editais nos autos para o ano de 2020. Conservadoramente mantido como INDETERMINADO conforme diretriz metodológica.;CONFIRMADO;
41070585;CARLOS A CAMARGO C E CMEF M PROFIS;Capitão Leônidas Marques;2021;INDETERMINADO;INDETERMINADO_SEM_DOCUMENTO_NO_PERIODO;2024;NAO_CONSTA;edital1142023_gsseed_ccm.pdf, p. 2 (Vigência expressa fixada a partir de 01/01/2024);Sem menção em editais nos autos para o ano de 2021. Conservadoramente mantido como INDETERMINADO conforme diretriz metodológica.;CONFIRMADO;
41070585;CARLOS A CAMARGO C E CMEF M PROFIS;Capitão Leônidas Marques;2022;INDETERMINADO;INDETERMINADO_SEM_DOCUMENTO_NO_PERIODO;2024;NAO_CONSTA;edital1142023_gsseed_ccm.pdf, p. 2 (Vigência expressa fixada a partir de 01/01/2024);Sem menção em editais nos autos para o ano de 2022. Conservadoramente mantido como INDETERMINADO conforme diretriz metodológica.;CONFIRMADO;
41070585;CARLOS A CAMARGO C E CMEF M PROFIS;Capitão Leônidas Marques;2023;NAO;NAO_CCM_EM_CONSULTA_PREPARATORIA;2024;NAO_CONSTA;edital1142023_gsseed_ccm.pdf, p. 2 (Vigência expressa fixada a partir de 01/01/2024);"Escola operando na rede regular estadual; participou de consulta pública de adesão em 2023 cuja vigência foi fixada apenas a partir de 01/01/2024.";CONFIRMADO;
41070585;CARLOS A CAMARGO C E CMEF M PROFIS;Capitão Leônidas Marques;2024;SIM;CCM_ATIVO_IMPLEMENTADO;2024;NAO_CONSTA;edital1142023_gsseed_ccm.pdf, p. 2 (Vigência expressa fixada a partir de 01/01/2024);Início formal da gestão cívico-militar em 01/01/2024 conforme edital1142023_gsseed_ccm.pdf, p. 2 (Vigência expressa fixada a partir de 01/01/2024).;CONFIRMADO;
41070585;CARLOS A CAMARGO C E CMEF M PROFIS;Capitão Leônidas Marques;2025;SIM;CCM_ATIVO_CONTINUIDADE;2024;NAO_CONSTA;edital1142023_gsseed_ccm.pdf, p. 2 (Vigência expressa fixada a partir de 01/01/2024);"Gestão cívico-militar em continuidade regular; sem publicação de ato de revogação, exclusão ou encerramento.";CONFIRMADO;
41070585;CARLOS A CAMARGO C E CMEF M PROFIS;Capitão Leônidas Marques;2026;SIM;CCM_ATIVO_CONTINUIDADE;2024;NAO_CONSTA;edital1142023_gsseed_ccm.pdf, p. 2 (Vigência expressa fixada a partir de 01/01/2024);"Gestão cívico-militar em continuidade regular; sem publicação de ato de revogação, exclusão ou encerramento.";CONFIRMADO;
41071018;XIV DE NOVEMBRO C E CMEF M;Cascavel;2020;INDETERMINADO;INDETERMINADO_SEM_DOCUMENTO_NO_PERIODO;2024;NAO_CONSTA;edital1142023_gsseed_ccm.pdf, p. 2 (Vigência expressa fixada a partir de 01/01/2024);Sem menção em editais nos autos para o ano de 2020. Conservadoramente mantido como INDETERMINADO conforme diretriz metodológica.;CONFIRMADO;
41071018;XIV DE NOVEMBRO C E CMEF M;Cascavel;2021;INDETERMINADO;INDETERMINADO_SEM_DOCUMENTO_NO_PERIODO;2024;NAO_CONSTA;edital1142023_gsseed_ccm.pdf, p. 2 (Vigência expressa fixada a partir de 01/01/2024);Sem menção em editais nos autos para o ano de 2021. Conservadoramente mantido como INDETERMINADO conforme diretriz metodológica.;CONFIRMADO;
41071018;XIV DE NOVEMBRO C E CMEF M;Cascavel;2022;INDETERMINADO;INDETERMINADO_SEM_DOCUMENTO_NO_PERIODO;2024;NAO_CONSTA;edital1142023_gsseed_ccm.pdf, p. 2 (Vigência expressa fixada a partir de 01/01/2024);Sem menção em editais nos autos para o ano de 2022. Conservadoramente mantido como INDETERMINADO conforme diretriz metodológica.;CONFIRMADO;
41071018;XIV DE NOVEMBRO C E CMEF M;Cascavel;2023;NAO;NAO_CCM_EM_CONSULTA_PREPARATORIA;2024;NAO_CONSTA;edital1142023_gsseed_ccm.pdf, p. 2 (Vigência expressa fixada a partir de 01/01/2024);"Escola operando na rede regular estadual; participou de consulta pública de adesão em 2023 cuja vigência foi fixada apenas a partir de 01/01/2024.";CONFIRMADO;
41071018;XIV DE NOVEMBRO C E CMEF M;Cascavel;2024;SIM;CCM_ATIVO_IMPLEMENTADO;2024;NAO_CONSTA;edital1142023_gsseed_ccm.pdf, p. 2 (Vigência expressa fixada a partir de 01/01/2024);Início formal da gestão cívico-militar em 01/01/2024 conforme edital1142023_gsseed_ccm.pdf, p. 2 (Vigência expressa fixada a partir de 01/01/2024).;CONFIRMADO;
41071018;XIV DE NOVEMBRO C E CMEF M;Cascavel;2025;SIM;CCM_ATIVO_CONTINUIDADE;2024;NAO_CONSTA;edital1142023_gsseed_ccm.pdf, p. 2 (Vigência expressa fixada a partir de 01/01/2024);"Gestão cívico-militar em continuidade regular; sem publicação de ato de revogação, exclusão ou encerramento.";CONFIRMADO;
41071018;XIV DE NOVEMBRO C E CMEF M;Cascavel;2026;SIM;CCM_ATIVO_CONTINUIDADE;2024;NAO_CONSTA;edital1142023_gsseed_ccm.pdf, p. 2 (Vigência expressa fixada a partir de 01/01/2024);"Gestão cívico-militar em continuidade regular; sem publicação de ato de revogação, exclusão ou encerramento.";CONFIRMADO;
41071409;HUMBERTO A C BRANCO C E CM MALEF M P;Cascavel;2020;INDETERMINADO;INDETERMINADO_SEM_DOCUMENTO_NO_PERIODO;2024;NAO_CONSTA;edital1142023_gsseed_ccm.pdf, p. 2 (Vigência expressa fixada a partir de 01/01/2024);Sem menção em editais nos autos para o ano de 2020. Conservadoramente mantido como INDETERMINADO conforme diretriz metodológica.;CONFIRMADO;
41071409;HUMBERTO A C BRANCO C E CM MALEF M P;Cascavel;2021;INDETERMINADO;INDETERMINADO_SEM_DOCUMENTO_NO_PERIODO;2024;NAO_CONSTA;edital1142023_gsseed_ccm.pdf, p. 2 (Vigência expressa fixada a partir de 01/01/2024);Sem menção em editais nos autos para o ano de 2021. Conservadoramente mantido como INDETERMINADO conforme diretriz metodológica.;CONFIRMADO;
41071409;HUMBERTO A C BRANCO C E CM MALEF M P;Cascavel;2022;INDETERMINADO;INDETERMINADO_SEM_DOCUMENTO_NO_PERIODO;2024;NAO_CONSTA;edital1142023_gsseed_ccm.pdf, p. 2 (Vigência expressa fixada a partir de 01/01/2024);Sem menção em editais nos autos para o ano de 2022. Conservadoramente mantido como INDETERMINADO conforme diretriz metodológica.;CONFIRMADO;
41071409;HUMBERTO A C BRANCO C E CM MALEF M P;Cascavel;2023;NAO;NAO_CCM_EM_CONSULTA_PREPARATORIA;2024;NAO_CONSTA;edital1142023_gsseed_ccm.pdf, p. 2 (Vigência expressa fixada a partir de 01/01/2024);"Escola operando na rede regular estadual; participou de consulta pública de adesão em 2023 cuja vigência foi fixada apenas a partir de 01/01/2024.";CONFIRMADO;
41071409;HUMBERTO A C BRANCO C E CM MALEF M P;Cascavel;2024;SIM;CCM_ATIVO_IMPLEMENTADO;2024;NAO_CONSTA;edital1142023_gsseed_ccm.pdf, p. 2 (Vigência expressa fixada a partir de 01/01/2024);Início formal da gestão cívico-militar em 01/01/2024 conforme edital1142023_gsseed_ccm.pdf, p. 2 (Vigência expressa fixada a partir de 01/01/2024).;CONFIRMADO;
41071409;HUMBERTO A C BRANCO C E CM MALEF M P;Cascavel;2025;SIM;CCM_ATIVO_CONTINUIDADE;2024;NAO_CONSTA;edital1142023_gsseed_ccm.pdf, p. 2 (Vigência expressa fixada a partir de 01/01/2024);"Gestão cívico-militar em continuidade regular; sem publicação de ato de revogação, exclusão ou encerramento.";CONFIRMADO;
41071409;HUMBERTO A C BRANCO C E CM MALEF M P;Cascavel;2026;SIM;CCM_ATIVO_CONTINUIDADE;2024;NAO_CONSTA;edital1142023_gsseed_ccm.pdf, p. 2 (Vigência expressa fixada a partir de 01/01/2024);"Gestão cívico-militar em continuidade regular; sem publicação de ato de revogação, exclusão ou encerramento.";CONFIRMADO;
41071590;JOSE A B ORSO C E CMEF M PROF;Cascavel;2020;INDETERMINADO;INDETERMINADO_SEM_DOCUMENTO_NO_PERIODO;2024;NAO_CONSTA;edital1142023_gsseed_ccm.pdf, p. 2 (Vigência expressa fixada a partir de 01/01/2024);Sem menção em editais nos autos para o ano de 2020. Conservadoramente mantido como INDETERMINADO conforme diretriz metodológica.;CONFIRMADO;
41071590;JOSE A B ORSO C E CMEF M PROF;Cascavel;2021;INDETERMINADO;INDETERMINADO_SEM_DOCUMENTO_NO_PERIODO;2024;NAO_CONSTA;edital1142023_gsseed_ccm.pdf, p. 2 (Vigência expressa fixada a partir de 01/01/2024);Sem menção em editais nos autos para o ano de 2021. Conservadoramente mantido como INDETERMINADO conforme diretriz metodológica.;CONFIRMADO;
41071590;JOSE A B ORSO C E CMEF M PROF;Cascavel;2022;INDETERMINADO;INDETERMINADO_SEM_DOCUMENTO_NO_PERIODO;2024;NAO_CONSTA;edital1142023_gsseed_ccm.pdf, p. 2 (Vigência expressa fixada a partir de 01/01/2024);Sem menção em editais nos autos para o ano de 2022. Conservadoramente mantido como INDETERMINADO conforme diretriz metodológica.;CONFIRMADO;
41071590;JOSE A B ORSO C E CMEF M PROF;Cascavel;2023;NAO;NAO_CCM_EM_CONSULTA_PREPARATORIA;2024;NAO_CONSTA;edital1142023_gsseed_ccm.pdf, p. 2 (Vigência expressa fixada a partir de 01/01/2024);"Escola operando na rede regular estadual; participou de consulta pública de adesão em 2023 cuja vigência foi fixada apenas a partir de 01/01/2024.";CONFIRMADO;
41071590;JOSE A B ORSO C E CMEF M PROF;Cascavel;2024;SIM;CCM_ATIVO_IMPLEMENTADO;2024;NAO_CONSTA;edital1142023_gsseed_ccm.pdf, p. 2 (Vigência expressa fixada a partir de 01/01/2024);Início formal da gestão cívico-militar em 01/01/2024 conforme edital1142023_gsseed_ccm.pdf, p. 2 (Vigência expressa fixada a partir de 01/01/2024).;CONFIRMADO;
41071590;JOSE A B ORSO C E CMEF M PROF;Cascavel;2025;SIM;CCM_ATIVO_CONTINUIDADE;2024;NAO_CONSTA;edital1142023_gsseed_ccm.pdf, p. 2 (Vigência expressa fixada a partir de 01/01/2024);"Gestão cívico-militar em continuidade regular; sem publicação de ato de revogação, exclusão ou encerramento.";CONFIRMADO;
41071590;JOSE A B ORSO C E CMEF M PROF;Cascavel;2026;SIM;CCM_ATIVO_CONTINUIDADE;2024;NAO_CONSTA;edital1142023_gsseed_ccm.pdf, p. 2 (Vigência expressa fixada a partir de 01/01/2024);"Gestão cívico-militar em continuidade regular; sem publicação de ato de revogação, exclusão ou encerramento.";CONFIRMADO;
41071832;MARILIS F PIROTELLI C EEF M;Cascavel;2020;INDETERMINADO;INDETERMINADO_SEM_DOCUMENTO_NO_PERIODO;INDETERMINADO;NAO_CONSTA;NENHUMA_APROVACAO_DOCUMENTADA;Sem documentos nos autos para o ano de 2020.;CONFIRMADO;
41071832;MARILIS F PIROTELLI C EEF M;Cascavel;2021;INDETERMINADO;INDETERMINADO_SEM_DOCUMENTO_NO_PERIODO;INDETERMINADO;NAO_CONSTA;NENHUMA_APROVACAO_DOCUMENTADA;Sem documentos nos autos para o ano de 2021.;CONFIRMADO;
41071832;MARILIS F PIROTELLI C EEF M;Cascavel;2022;INDETERMINADO;INDETERMINADO_SEM_DOCUMENTO_NO_PERIODO;INDETERMINADO;NAO_CONSTA;NENHUMA_APROVACAO_DOCUMENTADA;Sem documentos nos autos para o ano de 2022.;CONFIRMADO;
41071832;MARILIS F PIROTELLI C EEF M;Cascavel;2023;NAO;NAO_CCM_EM_CONSULTA;INDETERMINADO;NAO_CONSTA;NENHUMA_APROVACAO_DOCUMENTADA;Escola convocada para consulta pública no ano de 2023, porém sem homologação de resultado favorável nos editais oficiais analisados (comunidade votou pela manutenção do modelo tradicional).;CONFIRMADO;
41071832;MARILIS F PIROTELLI C EEF M;Cascavel;2024;INDETERMINADO;INDETERMINADO_CONSULTA_SEM_HOMOLOGACAO;INDETERMINADO;NAO_CONSTA;NENHUMA_APROVACAO_DOCUMENTADA;"Consulta pública realizada não foi homologada nos editais oficiais analisados; comunidade escolar rejeitou o modelo ou quórum não foi atingido.";CONFIRMADO;
41071832;MARILIS F PIROTELLI C EEF M;Cascavel;2025;INDETERMINADO;INDETERMINADO_CONSULTA_SEM_HOMOLOGACAO;INDETERMINADO;NAO_CONSTA;NENHUMA_APROVACAO_DOCUMENTADA;"Consulta pública realizada não foi homologada nos editais oficiais analisados; comunidade escolar rejeitou o modelo ou quórum não foi atingido.";CONFIRMADO;
41071832;MARILIS F PIROTELLI C EEF M;Cascavel;2026;INDETERMINADO;INDETERMINADO_CONSULTA_SEM_HOMOLOGACAO;INDETERMINADO;NAO_CONSTA;NENHUMA_APROVACAO_DOCUMENTADA;"Consulta pública realizada não foi homologada nos editais oficiais analisados; comunidade escolar rejeitou o modelo ou quórum não foi atingido.";CONFIRMADO;
41072626;AMANCIO MORO C E CM EF M N PROFIS;Corbélia;2020;INDETERMINADO;INDETERMINADO_SEM_DOCUMENTO_NO_PERIODO;2024;NAO_CONSTA;edital1142023_gsseed_ccm.pdf, p. 2 (Vigência expressa fixada a partir de 01/01/2024);Sem menção em editais nos autos para o ano de 2020. Conservadoramente mantido como INDETERMINADO conforme diretriz metodológica.;CONFIRMADO;
41072626;AMANCIO MORO C E CM EF M N PROFIS;Corbélia;2021;INDETERMINADO;INDETERMINADO_SEM_DOCUMENTO_NO_PERIODO;2024;NAO_CONSTA;edital1142023_gsseed_ccm.pdf, p. 2 (Vigência expressa fixada a partir de 01/01/2024);Sem menção em editais nos autos para o ano de 2021. Conservadoramente mantido como INDETERMINADO conforme diretriz metodológica.;CONFIRMADO;
41072626;AMANCIO MORO C E CM EF M N PROFIS;Corbélia;2022;INDETERMINADO;INDETERMINADO_SEM_DOCUMENTO_NO_PERIODO;2024;NAO_CONSTA;edital1142023_gsseed_ccm.pdf, p. 2 (Vigência expressa fixada a partir de 01/01/2024);Sem menção em editais nos autos para o ano de 2022. Conservadoramente mantido como INDETERMINADO conforme diretriz metodológica.;CONFIRMADO;
41072626;AMANCIO MORO C E CM EF M N PROFIS;Corbélia;2023;NAO;NAO_CCM_EM_CONSULTA_PREPARATORIA;2024;NAO_CONSTA;edital1142023_gsseed_ccm.pdf, p. 2 (Vigência expressa fixada a partir de 01/01/2024);"Escola operando na rede regular estadual; participou de consulta pública de adesão em 2023 cuja vigência foi fixada apenas a partir de 01/01/2024.";CONFIRMADO;
41072626;AMANCIO MORO C E CM EF M N PROFIS;Corbélia;2024;SIM;CCM_ATIVO_IMPLEMENTADO;2024;NAO_CONSTA;edital1142023_gsseed_ccm.pdf, p. 2 (Vigência expressa fixada a partir de 01/01/2024);Início formal da gestão cívico-militar em 01/01/2024 conforme edital1142023_gsseed_ccm.pdf, p. 2 (Vigência expressa fixada a partir de 01/01/2024).;CONFIRMADO;
41072626;AMANCIO MORO C E CM EF M N PROFIS;Corbélia;2025;SIM;CCM_ATIVO_CONTINUIDADE;2024;NAO_CONSTA;edital1142023_gsseed_ccm.pdf, p. 2 (Vigência expressa fixada a partir de 01/01/2024);"Gestão cívico-militar em continuidade regular; sem publicação de ato de revogação, exclusão ou encerramento.";CONFIRMADO;
41072626;AMANCIO MORO C E CM EF M N PROFIS;Corbélia;2026;SIM;CCM_ATIVO_CONTINUIDADE;2024;NAO_CONSTA;edital1142023_gsseed_ccm.pdf, p. 2 (Vigência expressa fixada a partir de 01/01/2024);"Gestão cívico-militar em continuidade regular; sem publicação de ato de revogação, exclusão ou encerramento.";CONFIRMADO;
41073037;OSORIO DUQUE ESTRADA C E CMEF M;Diamante do Sul;2020;INDETERMINADO;INDETERMINADO_SEM_DOCUMENTO_NO_PERIODO;2024;NAO_CONSTA;edital1222023_gsseed_prot214105004_ccm_resultado_processo_consulta_publica.pdf, p. 1 (Vigência expressa fixada a partir de 01/01/2024);Sem menção em editais nos autos para o ano de 2020. Conservadoramente mantido como INDETERMINADO conforme diretriz metodológica.;CONFIRMADO;
41073037;OSORIO DUQUE ESTRADA C E CMEF M;Diamante do Sul;2021;INDETERMINADO;INDETERMINADO_SEM_DOCUMENTO_NO_PERIODO;2024;NAO_CONSTA;edital1222023_gsseed_prot214105004_ccm_resultado_processo_consulta_publica.pdf, p. 1 (Vigência expressa fixada a partir de 01/01/2024);Sem menção em editais nos autos para o ano de 2021. Conservadoramente mantido como INDETERMINADO conforme diretriz metodológica.;CONFIRMADO;
41073037;OSORIO DUQUE ESTRADA C E CMEF M;Diamante do Sul;2022;INDETERMINADO;INDETERMINADO_SEM_DOCUMENTO_NO_PERIODO;2024;NAO_CONSTA;edital1222023_gsseed_prot214105004_ccm_resultado_processo_consulta_publica.pdf, p. 1 (Vigência expressa fixada a partir de 01/01/2024);Sem menção em editais nos autos para o ano de 2022. Conservadoramente mantido como INDETERMINADO conforme diretriz metodológica.;CONFIRMADO;
41073037;OSORIO DUQUE ESTRADA C E CMEF M;Diamante do Sul;2023;NAO;NAO_CCM_EM_CONSULTA_PREPARATORIA;2024;NAO_CONSTA;edital1222023_gsseed_prot214105004_ccm_resultado_processo_consulta_publica.pdf, p. 1 (Vigência expressa fixada a partir de 01/01/2024);"Escola operando na rede regular estadual; participou de consulta pública de adesão em 2023 cuja vigência foi fixada apenas a partir de 01/01/2024.";CONFIRMADO;
41073037;OSORIO DUQUE ESTRADA C E CMEF M;Diamante do Sul;2024;SIM;CCM_ATIVO_IMPLEMENTADO;2024;NAO_CONSTA;edital1222023_gsseed_prot214105004_ccm_resultado_processo_consulta_publica.pdf, p. 1 (Vigência expressa fixada a partir de 01/01/2024);Início formal da gestão cívico-militar em 01/01/2024 conforme edital1222023_gsseed_prot214105004_ccm_resultado_processo_consulta_publica.pdf, p. 1 (Vigência expressa fixada a partir de 01/01/2024).;CONFIRMADO;
41073037;OSORIO DUQUE ESTRADA C E CMEF M;Diamante do Sul;2025;SIM;CCM_ATIVO_CONTINUIDADE;2024;NAO_CONSTA;edital1222023_gsseed_prot214105004_ccm_resultado_processo_consulta_publica.pdf, p. 1 (Vigência expressa fixada a partir de 01/01/2024);"Gestão cívico-militar em continuidade regular; sem publicação de ato de revogação, exclusão ou encerramento.";CONFIRMADO;
41073037;OSORIO DUQUE ESTRADA C E CMEF M;Diamante do Sul;2026;SIM;CCM_ATIVO_CONTINUIDADE;2024;NAO_CONSTA;edital1222023_gsseed_prot214105004_ccm_resultado_processo_consulta_publica.pdf, p. 1 (Vigência expressa fixada a partir de 01/01/2024);"Gestão cívico-militar em continuidade regular; sem publicação de ato de revogação, exclusão ou encerramento.";CONFIRMADO;
41075919;ALMIRO SARTORI C EEF M PROFIS;Foz do Iguaçu;2020;INDETERMINADO;INDETERMINADO_SEM_DOCUMENTO_NO_PERIODO;INDETERMINADO;NAO_CONSTA;NENHUMA_APROVACAO_DOCUMENTADA;Sem documentos nos autos para o ano de 2020.;CONFIRMADO;
41075919;ALMIRO SARTORI C EEF M PROFIS;Foz do Iguaçu;2021;INDETERMINADO;INDETERMINADO_SEM_DOCUMENTO_NO_PERIODO;INDETERMINADO;NAO_CONSTA;NENHUMA_APROVACAO_DOCUMENTADA;Sem documentos nos autos para o ano de 2021.;CONFIRMADO;
41075919;ALMIRO SARTORI C EEF M PROFIS;Foz do Iguaçu;2022;INDETERMINADO;INDETERMINADO_SEM_DOCUMENTO_NO_PERIODO;INDETERMINADO;NAO_CONSTA;NENHUMA_APROVACAO_DOCUMENTADA;Sem documentos nos autos para o ano de 2022.;CONFIRMADO;
41075919;ALMIRO SARTORI C EEF M PROFIS;Foz do Iguaçu;2023;NAO;NAO_CCM_EM_CONSULTA;INDETERMINADO;NAO_CONSTA;NENHUMA_APROVACAO_DOCUMENTADA;Escola convocada para consulta pública no ano de 2023, porém sem homologação de resultado favorável nos editais oficiais analisados (comunidade votou pela manutenção do modelo tradicional).;CONFIRMADO;
41075919;ALMIRO SARTORI C EEF M PROFIS;Foz do Iguaçu;2024;INDETERMINADO;INDETERMINADO_CONSULTA_SEM_HOMOLOGACAO;INDETERMINADO;NAO_CONSTA;NENHUMA_APROVACAO_DOCUMENTADA;"Consulta pública realizada não foi homologada nos editais oficiais analisados; comunidade escolar rejeitou o modelo ou quórum não foi atingido.";CONFIRMADO;
41075919;ALMIRO SARTORI C EEF M PROFIS;Foz do Iguaçu;2025;INDETERMINADO;INDETERMINADO_CONSULTA_SEM_HOMOLOGACAO;INDETERMINADO;NAO_CONSTA;NENHUMA_APROVACAO_DOCUMENTADA;"Consulta pública realizada não foi homologada nos editais oficiais analisados; comunidade escolar rejeitou o modelo ou quórum não foi atingido.";CONFIRMADO;
41075919;ALMIRO SARTORI C EEF M PROFIS;Foz do Iguaçu;2026;INDETERMINADO;INDETERMINADO_CONSULTA_SEM_HOMOLOGACAO;INDETERMINADO;NAO_CONSTA;NENHUMA_APROVACAO_DOCUMENTADA;"Consulta pública realizada não foi homologada nos editais oficiais analisados; comunidade escolar rejeitou o modelo ou quórum não foi atingido.";CONFIRMADO;
41076036;AYRTON SENNA DA SILVA C EEF M N PROFIS;Foz do Iguaçu;2020;INDETERMINADO;INDETERMINADO_SEM_DOCUMENTO_NO_PERIODO;INDETERMINADO;NAO_CONSTA;NENHUMA_APROVACAO_DOCUMENTADA;Sem documentos nos autos para o ano de 2020.;CONFIRMADO;
41076036;AYRTON SENNA DA SILVA C EEF M N PROFIS;Foz do Iguaçu;2021;INDETERMINADO;INDETERMINADO_SEM_DOCUMENTO_NO_PERIODO;INDETERMINADO;NAO_CONSTA;NENHUMA_APROVACAO_DOCUMENTADA;Sem documentos nos autos para o ano de 2021.;CONFIRMADO;
41076036;AYRTON SENNA DA SILVA C EEF M N PROFIS;Foz do Iguaçu;2022;INDETERMINADO;INDETERMINADO_SEM_DOCUMENTO_NO_PERIODO;INDETERMINADO;NAO_CONSTA;NENHUMA_APROVACAO_DOCUMENTADA;Sem documentos nos autos para o ano de 2022.;CONFIRMADO;
41076036;AYRTON SENNA DA SILVA C EEF M N PROFIS;Foz do Iguaçu;2023;NAO;NAO_CCM_EM_CONSULTA;INDETERMINADO;NAO_CONSTA;NENHUMA_APROVACAO_DOCUMENTADA;Escola convocada para consulta pública no ano de 2023, porém sem homologação de resultado favorável nos editais oficiais analisados (comunidade votou pela manutenção do modelo tradicional).;CONFIRMADO;
41076036;AYRTON SENNA DA SILVA C EEF M N PROFIS;Foz do Iguaçu;2024;INDETERMINADO;INDETERMINADO_CONSULTA_SEM_HOMOLOGACAO;INDETERMINADO;NAO_CONSTA;NENHUMA_APROVACAO_DOCUMENTADA;"Consulta pública realizada não foi homologada nos editais oficiais analisados; comunidade escolar rejeitou o modelo ou quórum não foi atingido.";CONFIRMADO;
41076036;AYRTON SENNA DA SILVA C EEF M N PROFIS;Foz do Iguaçu;2025;INDETERMINADO;INDETERMINADO_CONSULTA_SEM_HOMOLOGACAO;INDETERMINADO;NAO_CONSTA;NENHUMA_APROVACAO_DOCUMENTADA;"Consulta pública realizada não foi homologada nos editais oficiais analisados; comunidade escolar rejeitou o modelo ou quórum não foi atingido.";CONFIRMADO;
41076036;AYRTON SENNA DA SILVA C EEF M N PROFIS;Foz do Iguaçu;2026;INDETERMINADO;INDETERMINADO_CONSULTA_SEM_HOMOLOGACAO;INDETERMINADO;NAO_CONSTA;NENHUMA_APROVACAO_DOCUMENTADA;"Consulta pública realizada não foi homologada nos editais oficiais analisados; comunidade escolar rejeitou o modelo ou quórum não foi atingido.";CONFIRMADO;
41076354;CARLOS DRUM DE ANDRADE C E CMEF M P;Foz do Iguaçu;2020;INDETERMINADO;INDETERMINADO_SEM_DOCUMENTO_NO_PERIODO;2024;NAO_CONSTA;edital1232023_gsseed_prot 214151065_ccm_resultado_processo_consulta_publica1.pdf, p. 1 (Vigência expressa fixada a partir de 01/01/2024);Sem menção em editais nos autos para o ano de 2020. Conservadoramente mantido como INDETERMINADO conforme diretriz metodológica.;CONFIRMADO;
41076354;CARLOS DRUM DE ANDRADE C E CMEF M P;Foz do Iguaçu;2021;INDETERMINADO;INDETERMINADO_SEM_DOCUMENTO_NO_PERIODO;2024;NAO_CONSTA;edital1232023_gsseed_prot 214151065_ccm_resultado_processo_consulta_publica1.pdf, p. 1 (Vigência expressa fixada a partir de 01/01/2024);Sem menção em editais nos autos para o ano de 2021. Conservadoramente mantido como INDETERMINADO conforme diretriz metodológica.;CONFIRMADO;
41076354;CARLOS DRUM DE ANDRADE C E CMEF M P;Foz do Iguaçu;2022;INDETERMINADO;INDETERMINADO_SEM_DOCUMENTO_NO_PERIODO;2024;NAO_CONSTA;edital1232023_gsseed_prot 214151065_ccm_resultado_processo_consulta_publica1.pdf, p. 1 (Vigência expressa fixada a partir de 01/01/2024);Sem menção em editais nos autos para o ano de 2022. Conservadoramente mantido como INDETERMINADO conforme diretriz metodológica.;CONFIRMADO;
41076354;CARLOS DRUM DE ANDRADE C E CMEF M P;Foz do Iguaçu;2023;NAO;NAO_CCM_EM_CONSULTA_PREPARATORIA;2024;NAO_CONSTA;edital1232023_gsseed_prot 214151065_ccm_resultado_processo_consulta_publica1.pdf, p. 1 (Vigência expressa fixada a partir de 01/01/2024);"Escola operando na rede regular estadual; participou de consulta pública de adesão em 2023 cuja vigência foi fixada apenas a partir de 01/01/2024.";CONFIRMADO;
41076354;CARLOS DRUM DE ANDRADE C E CMEF M P;Foz do Iguaçu;2024;SIM;CCM_ATIVO_IMPLEMENTADO;2024;NAO_CONSTA;edital1232023_gsseed_prot 214151065_ccm_resultado_processo_consulta_publica1.pdf, p. 1 (Vigência expressa fixada a partir de 01/01/2024);Início formal da gestão cívico-militar em 01/01/2024 conforme edital1232023_gsseed_prot 214151065_ccm_resultado_processo_consulta_publica1.pdf, p. 1 (Vigência expressa fixada a partir de 01/01/2024).;CONFIRMADO;
41076354;CARLOS DRUM DE ANDRADE C E CMEF M P;Foz do Iguaçu;2025;SIM;CCM_ATIVO_CONTINUIDADE;2024;NAO_CONSTA;edital1232023_gsseed_prot 214151065_ccm_resultado_processo_consulta_publica1.pdf, p. 1 (Vigência expressa fixada a partir de 01/01/2024);"Gestão cívico-militar em continuidade regular; sem publicação de ato de revogação, exclusão ou encerramento.";CONFIRMADO;
41076354;CARLOS DRUM DE ANDRADE C E CMEF M P;Foz do Iguaçu;2026;SIM;CCM_ATIVO_CONTINUIDADE;2024;NAO_CONSTA;edital1232023_gsseed_prot 214151065_ccm_resultado_processo_consulta_publica1.pdf, p. 1 (Vigência expressa fixada a partir de 01/01/2024);"Gestão cívico-militar em continuidade regular; sem publicação de ato de revogação, exclusão ou encerramento.";CONFIRMADO;
41076605;JUSCELINO K DE OLIVEIRA C EEF M PROFIS;Foz do Iguaçu;2020;INDETERMINADO;INDETERMINADO_SEM_DOCUMENTO_NO_PERIODO;INDETERMINADO;NAO_CONSTA;NENHUMA_APROVACAO_DOCUMENTADA;Sem documentos nos autos para o ano de 2020.;CONFIRMADO;
41076605;JUSCELINO K DE OLIVEIRA C EEF M PROFIS;Foz do Iguaçu;2021;INDETERMINADO;INDETERMINADO_SEM_DOCUMENTO_NO_PERIODO;INDETERMINADO;NAO_CONSTA;NENHUMA_APROVACAO_DOCUMENTADA;Sem documentos nos autos para o ano de 2021.;CONFIRMADO;
41076605;JUSCELINO K DE OLIVEIRA C EEF M PROFIS;Foz do Iguaçu;2022;INDETERMINADO;INDETERMINADO_SEM_DOCUMENTO_NO_PERIODO;INDETERMINADO;NAO_CONSTA;NENHUMA_APROVACAO_DOCUMENTADA;Sem documentos nos autos para o ano de 2022.;CONFIRMADO;
41076605;JUSCELINO K DE OLIVEIRA C EEF M PROFIS;Foz do Iguaçu;2023;NAO;NAO_CCM_EM_CONSULTA;INDETERMINADO;NAO_CONSTA;NENHUMA_APROVACAO_DOCUMENTADA;Escola convocada para consulta pública no ano de 2023, porém sem homologação de resultado favorável nos editais oficiais analisados (comunidade votou pela manutenção do modelo tradicional).;CONFIRMADO;
41076605;JUSCELINO K DE OLIVEIRA C EEF M PROFIS;Foz do Iguaçu;2024;INDETERMINADO;INDETERMINADO_CONSULTA_SEM_HOMOLOGACAO;INDETERMINADO;NAO_CONSTA;NENHUMA_APROVACAO_DOCUMENTADA;"Consulta pública realizada não foi homologada nos editais oficiais analisados; comunidade escolar rejeitou o modelo ou quórum não foi atingido.";CONFIRMADO;
41076605;JUSCELINO K DE OLIVEIRA C EEF M PROFIS;Foz do Iguaçu;2025;INDETERMINADO;INDETERMINADO_CONSULTA_SEM_HOMOLOGACAO;INDETERMINADO;NAO_CONSTA;NENHUMA_APROVACAO_DOCUMENTADA;"Consulta pública realizada não foi homologada nos editais oficiais analisados; comunidade escolar rejeitou o modelo ou quórum não foi atingido.";CONFIRMADO;
41076605;JUSCELINO K DE OLIVEIRA C EEF M PROFIS;Foz do Iguaçu;2026;INDETERMINADO;INDETERMINADO_CONSULTA_SEM_HOMOLOGACAO;INDETERMINADO;NAO_CONSTA;NENHUMA_APROVACAO_DOCUMENTADA;"Consulta pública realizada não foi homologada nos editais oficiais analisados; comunidade escolar rejeitou o modelo ou quórum não foi atingido.";CONFIRMADO;
41077512;ARTHUR DA C SILVA C E CM MALEF M P;Medianeira;2020;INDETERMINADO;INDETERMINADO_SEM_DOCUMENTO_NO_PERIODO;2024;NAO_CONSTA;edital1142023_gsseed_ccm.pdf, p. 2 (Vigência expressa fixada a partir de 01/01/2024);Sem menção em editais nos autos para o ano de 2020. Conservadoramente mantido como INDETERMINADO conforme diretriz metodológica.;CONFIRMADO;
41077512;ARTHUR DA C SILVA C E CM MALEF M P;Medianeira;2021;INDETERMINADO;INDETERMINADO_SEM_DOCUMENTO_NO_PERIODO;2024;NAO_CONSTA;edital1142023_gsseed_ccm.pdf, p. 2 (Vigência expressa fixada a partir de 01/01/2024);Sem menção em editais nos autos para o ano de 2021. Conservadoramente mantido como INDETERMINADO conforme diretriz metodológica.;CONFIRMADO;
41077512;ARTHUR DA C SILVA C E CM MALEF M P;Medianeira;2022;INDETERMINADO;INDETERMINADO_SEM_DOCUMENTO_NO_PERIODO;2024;NAO_CONSTA;edital1142023_gsseed_ccm.pdf, p. 2 (Vigência expressa fixada a partir de 01/01/2024);Sem menção em editais nos autos para o ano de 2022. Conservadoramente mantido como INDETERMINADO conforme diretriz metodológica.;CONFIRMADO;
41077512;ARTHUR DA C SILVA C E CM MALEF M P;Medianeira;2023;NAO;NAO_CCM_EM_CONSULTA_PREPARATORIA;2024;NAO_CONSTA;edital1142023_gsseed_ccm.pdf, p. 2 (Vigência expressa fixada a partir de 01/01/2024);"Escola operando na rede regular estadual; participou de consulta pública de adesão em 2023 cuja vigência foi fixada apenas a partir de 01/01/2024.";CONFIRMADO;
41077512;ARTHUR DA C SILVA C E CM MALEF M P;Medianeira;2024;SIM;CCM_ATIVO_IMPLEMENTADO;2024;NAO_CONSTA;edital1142023_gsseed_ccm.pdf, p. 2 (Vigência expressa fixada a partir de 01/01/2024);Início formal da gestão cívico-militar em 01/01/2024 conforme edital1142023_gsseed_ccm.pdf, p. 2 (Vigência expressa fixada a partir de 01/01/2024).;CONFIRMADO;
41077512;ARTHUR DA C SILVA C E CM MALEF M P;Medianeira;2025;SIM;CCM_ATIVO_CONTINUIDADE;2024;NAO_CONSTA;edital1142023_gsseed_ccm.pdf, p. 2 (Vigência expressa fixada a partir de 01/01/2024);"Gestão cívico-militar em continuidade regular; sem publicação de ato de revogação, exclusão ou encerramento.";CONFIRMADO;
41077512;ARTHUR DA C SILVA C E CM MALEF M P;Medianeira;2026;SIM;CCM_ATIVO_CONTINUIDADE;2024;NAO_CONSTA;edital1142023_gsseed_ccm.pdf, p. 2 (Vigência expressa fixada a partir de 01/01/2024);"Gestão cívico-militar em continuidade regular; sem publicação de ato de revogação, exclusão ou encerramento.";CONFIRMADO;
41077776;KENNEDY C E C CM PRESEF M;Serranópolis do Iguaçu;2020;INDETERMINADO;INDETERMINADO_SEM_DOCUMENTO_NO_PERIODO;2024;NAO_CONSTA;edital1212023_gsseed_prot213100866_ccm.pdf, p. 1 (Vigência expressa fixada a partir de 01/01/2024);Sem menção em editais nos autos para o ano de 2020. Conservadoramente mantido como INDETERMINADO conforme diretriz metodológica.;CONFIRMADO;Homologação de adesão com início em 01/01/2024 publicada no Edital nº 121/2023 - GS/SEED (DIOE 11566 em 20/12/2023).
41077776;KENNEDY C E C CM PRESEF M;Serranópolis do Iguaçu;2021;INDETERMINADO;INDETERMINADO_SEM_DOCUMENTO_NO_PERIODO;2024;NAO_CONSTA;edital1212023_gsseed_prot213100866_ccm.pdf, p. 1 (Vigência expressa fixada a partir de 01/01/2024);Sem menção em editais nos autos para o ano de 2021. Conservadoramente mantido como INDETERMINADO conforme diretriz metodológica.;CONFIRMADO;Homologação de adesão com início em 01/01/2024 publicada no Edital nº 121/2023 - GS/SEED (DIOE 11566 em 20/12/2023).
41077776;KENNEDY C E C CM PRESEF M;Serranópolis do Iguaçu;2022;INDETERMINADO;INDETERMINADO_SEM_DOCUMENTO_NO_PERIODO;2024;NAO_CONSTA;edital1212023_gsseed_prot213100866_ccm.pdf, p. 1 (Vigência expressa fixada a partir de 01/01/2024);Sem menção em editais nos autos para o ano de 2022. Conservadoramente mantido como INDETERMINADO conforme diretriz metodológica.;CONFIRMADO;Homologação de adesão com início em 01/01/2024 publicada no Edital nº 121/2023 - GS/SEED (DIOE 11566 em 20/12/2023).
41077776;KENNEDY C E C CM PRESEF M;Serranópolis do Iguaçu;2023;NAO;NAO_CCM_EM_CONSULTA_PREPARATORIA;2024;NAO_CONSTA;edital1212023_gsseed_prot213100866_ccm.pdf, p. 1 (Vigência expressa fixada a partir de 01/01/2024);"Escola operando na rede regular estadual; participou de consulta pública de adesão em 2023 cuja vigência foi fixada apenas a partir de 01/01/2024.";CONFIRMADO;Homologação de adesão com início em 01/01/2024 publicada no Edital nº 121/2023 - GS/SEED (DIOE 11566 em 20/12/2023).
41077776;KENNEDY C E C CM PRESEF M;Serranópolis do Iguaçu;2024;SIM;CCM_ATIVO_IMPLEMENTADO;2024;NAO_CONSTA;edital1212023_gsseed_prot213100866_ccm.pdf, p. 1 (Vigência expressa fixada a partir de 01/01/2024);Início formal da gestão cívico-militar em 01/01/2024 conforme edital1212023_gsseed_prot213100866_ccm.pdf, p. 1 (Vigência expressa fixada a partir de 01/01/2024).;CONFIRMADO;Homologação de adesão com início em 01/01/2024 publicada no Edital nº 121/2023 - GS/SEED (DIOE 11566 em 20/12/2023).
41077776;KENNEDY C E C CM PRESEF M;Serranópolis do Iguaçu;2025;SIM;CCM_ATIVO_CONTINUIDADE;2024;NAO_CONSTA;edital1212023_gsseed_prot213100866_ccm.pdf, p. 1 (Vigência expressa fixada a partir de 01/01/2024);"Gestão cívico-militar em continuidade regular; sem publicação de ato de revogação, exclusão ou encerramento.";CONFIRMADO;Homologação de adesão com início em 01/01/2024 publicada no Edital nº 121/2023 - GS/SEED (DIOE 11566 em 20/12/2023).
41077776;KENNEDY C E C CM PRESEF M;Serranópolis do Iguaçu;2026;SIM;CCM_ATIVO_CONTINUIDADE;2024;NAO_CONSTA;edital1212023_gsseed_prot213100866_ccm.pdf, p. 1 (Vigência expressa fixada a partir de 01/01/2024);"Gestão cívico-militar em continuidade regular; sem publicação de ato de revogação, exclusão ou encerramento.";CONFIRMADO;Homologação de adesão com início em 01/01/2024 publicada no Edital nº 121/2023 - GS/SEED (DIOE 11566 em 20/12/2023).
41078586;ARCANGELO NANDI C EE F M;Santa Terezinha de Itaipu;2020;INDETERMINADO;INDETERMINADO_SEM_DOCUMENTO_NO_PERIODO;2026;NAO_CONSTA;edital1362025_gsseed_prot249175889_ccm_consulta_publica_resultado.pdf, p. 2 (Vigência expressa fixada a partir de 01/01/2026);Sem menção em editais nos autos para o ano de 2020. Conservadoramente mantido como INDETERMINADO conforme diretriz metodológica.;CONFIRMADO;
41078586;ARCANGELO NANDI C EE F M;Santa Terezinha de Itaipu;2021;INDETERMINADO;INDETERMINADO_SEM_DOCUMENTO_NO_PERIODO;2026;NAO_CONSTA;edital1362025_gsseed_prot249175889_ccm_consulta_publica_resultado.pdf, p. 2 (Vigência expressa fixada a partir de 01/01/2026);Sem menção em editais nos autos para o ano de 2021. Conservadoramente mantido como INDETERMINADO conforme diretriz metodológica.;CONFIRMADO;
41078586;ARCANGELO NANDI C EE F M;Santa Terezinha de Itaipu;2022;INDETERMINADO;INDETERMINADO_SEM_DOCUMENTO_NO_PERIODO;2026;NAO_CONSTA;edital1362025_gsseed_prot249175889_ccm_consulta_publica_resultado.pdf, p. 2 (Vigência expressa fixada a partir de 01/01/2026);Sem menção em editais nos autos para o ano de 2022. Conservadoramente mantido como INDETERMINADO conforme diretriz metodológica.;CONFIRMADO;
41078586;ARCANGELO NANDI C EE F M;Santa Terezinha de Itaipu;2023;INDETERMINADO;INDETERMINADO_SEM_DOCUMENTO_NO_PERIODO;2026;NAO_CONSTA;edital1362025_gsseed_prot249175889_ccm_consulta_publica_resultado.pdf, p. 2 (Vigência expressa fixada a partir de 01/01/2026);Sem menção em editais nos autos para o ano de 2023. Conservadoramente mantido como INDETERMINADO conforme diretriz metodológica.;CONFIRMADO;
41078586;ARCANGELO NANDI C EE F M;Santa Terezinha de Itaipu;2024;INDETERMINADO;INDETERMINADO_SEM_DOCUMENTO_NO_PERIODO;2026;NAO_CONSTA;edital1362025_gsseed_prot249175889_ccm_consulta_publica_resultado.pdf, p. 2 (Vigência expressa fixada a partir de 01/01/2026);Sem menção em editais nos autos para o ano de 2024. Conservadoramente mantido como INDETERMINADO conforme diretriz metodológica.;CONFIRMADO;
41078586;ARCANGELO NANDI C EE F M;Santa Terezinha de Itaipu;2025;NAO;NAO_CCM_EM_CONSULTA_PREPARATORIA;2026;NAO_CONSTA;edital1362025_gsseed_prot249175889_ccm_consulta_publica_resultado.pdf, p. 2 (Vigência expressa fixada a partir de 01/01/2026);"Escola operando na rede regular estadual; participou de consulta pública de adesão em 2025 cuja vigência foi fixada apenas a partir de 01/01/2026.";CONFIRMADO;
41078586;ARCANGELO NANDI C EE F M;Santa Terezinha de Itaipu;2026;SIM;CCM_ATIVO_IMPLEMENTADO;2026;NAO_CONSTA;edital1362025_gsseed_prot249175889_ccm_consulta_publica_resultado.pdf, p. 2 (Vigência expressa fixada a partir de 01/01/2026);Início formal da gestão cívico-militar em 01/01/2026 conforme edital1362025_gsseed_prot249175889_ccm_consulta_publica_resultado.pdf, p. 2 (Vigência expressa fixada a partir de 01/01/2026).;CONFIRMADO;
41079469;PARANAGUA C E MQ DEEF M PROFIS;Vera Cruz do Oeste;2020;INDETERMINADO;INDETERMINADO_SEM_DOCUMENTO_NO_PERIODO;INDETERMINADO;NAO_CONSTA;NENHUMA_APROVACAO_DOCUMENTADA;Sem documentos nos autos para o ano de 2020.;CONFIRMADO;
41079469;PARANAGUA C E MQ DEEF M PROFIS;Vera Cruz do Oeste;2021;INDETERMINADO;INDETERMINADO_SEM_DOCUMENTO_NO_PERIODO;INDETERMINADO;NAO_CONSTA;NENHUMA_APROVACAO_DOCUMENTADA;Sem documentos nos autos para o ano de 2021.;CONFIRMADO;
41079469;PARANAGUA C E MQ DEEF M PROFIS;Vera Cruz do Oeste;2022;INDETERMINADO;INDETERMINADO_SEM_DOCUMENTO_NO_PERIODO;INDETERMINADO;NAO_CONSTA;NENHUMA_APROVACAO_DOCUMENTADA;Sem documentos nos autos para o ano de 2022.;CONFIRMADO;
41079469;PARANAGUA C E MQ DEEF M PROFIS;Vera Cruz do Oeste;2023;INDETERMINADO;INDETERMINADO_SEM_DOCUMENTO_NO_PERIODO;INDETERMINADO;NAO_CONSTA;NENHUMA_APROVACAO_DOCUMENTADA;Sem documentos nos autos para o ano de 2023.;CONFIRMADO;
41079469;PARANAGUA C E MQ DEEF M PROFIS;Vera Cruz do Oeste;2024;INDETERMINADO;INDETERMINADO_CONSULTA_SEM_HOMOLOGACAO;INDETERMINADO;NAO_CONSTA;NENHUMA_APROVACAO_DOCUMENTADA;"Consulta pública realizada não foi homologada nos editais oficiais analisados; comunidade escolar rejeitou o modelo ou quórum não foi atingido.";CONFIRMADO;
41079469;PARANAGUA C E MQ DEEF M PROFIS;Vera Cruz do Oeste;2025;NAO;NAO_CCM_EM_CONSULTA;INDETERMINADO;NAO_CONSTA;NENHUMA_APROVACAO_DOCUMENTADA;Escola convocada para consulta pública no ano de 2025, porém sem homologação de resultado favorável nos editais oficiais analisados (comunidade votou pela manutenção do modelo tradicional).;CONFIRMADO;
41079469;PARANAGUA C E MQ DEEF M PROFIS;Vera Cruz do Oeste;2026;INDETERMINADO;INDETERMINADO_CONSULTA_SEM_HOMOLOGACAO;INDETERMINADO;NAO_CONSTA;NENHUMA_APROVACAO_DOCUMENTADA;"Consulta pública realizada não foi homologada nos editais oficiais analisados; comunidade escolar rejeitou o modelo ou quórum não foi atingido.";CONFIRMADO;
41081340;JOAO ZACCO PARANA C E CMEF M;Planalto;2020;INDETERMINADO;INDETERMINADO_SEM_DOCUMENTO_NO_PERIODO;2024;NAO_CONSTA;edital1142023_gsseed_ccm.pdf, p. 2 (Vigência expressa fixada a partir de 01/01/2024);Sem menção em editais nos autos para o ano de 2020. Conservadoramente mantido como INDETERMINADO conforme diretriz metodológica.;CONFIRMADO;
41081340;JOAO ZACCO PARANA C E CMEF M;Planalto;2021;INDETERMINADO;INDETERMINADO_SEM_DOCUMENTO_NO_PERIODO;2024;NAO_CONSTA;edital1142023_gsseed_ccm.pdf, p. 2 (Vigência expressa fixada a partir de 01/01/2024);Sem menção em editais nos autos para o ano de 2021. Conservadoramente mantido como INDETERMINADO conforme diretriz metodológica.;CONFIRMADO;
41081340;JOAO ZACCO PARANA C E CMEF M;Planalto;2022;INDETERMINADO;INDETERMINADO_SEM_DOCUMENTO_NO_PERIODO;2024;NAO_CONSTA;edital1142023_gsseed_ccm.pdf, p. 2 (Vigência expressa fixada a partir de 01/01/2024);Sem menção em editais nos autos para o ano de 2022. Conservadoramente mantido como INDETERMINADO conforme diretriz metodológica.;CONFIRMADO;
41081340;JOAO ZACCO PARANA C E CMEF M;Planalto;2023;NAO;NAO_CCM_EM_CONSULTA_PREPARATORIA;2024;NAO_CONSTA;edital1142023_gsseed_ccm.pdf, p. 2 (Vigência expressa fixada a partir de 01/01/2024);"Escola operando na rede regular estadual; participou de consulta pública de adesão em 2023 cuja vigência foi fixada apenas a partir de 01/01/2024.";CONFIRMADO;
41081340;JOAO ZACCO PARANA C E CMEF M;Planalto;2024;SIM;CCM_ATIVO_IMPLEMENTADO;2024;NAO_CONSTA;edital1142023_gsseed_ccm.pdf, p. 2 (Vigência expressa fixada a partir de 01/01/2024);Início formal da gestão cívico-militar em 01/01/2024 conforme edital1142023_gsseed_ccm.pdf, p. 2 (Vigência expressa fixada a partir de 01/01/2024).;CONFIRMADO;
41081340;JOAO ZACCO PARANA C E CMEF M;Planalto;2025;SIM;CCM_ATIVO_CONTINUIDADE;2024;NAO_CONSTA;edital1142023_gsseed_ccm.pdf, p. 2 (Vigência expressa fixada a partir de 01/01/2024);"Gestão cívico-militar em continuidade regular; sem publicação de ato de revogação, exclusão ou encerramento.";CONFIRMADO;
41081340;JOAO ZACCO PARANA C E CMEF M;Planalto;2026;SIM;CCM_ATIVO_CONTINUIDADE;2024;NAO_CONSTA;edital1142023_gsseed_ccm.pdf, p. 2 (Vigência expressa fixada a partir de 01/01/2024);"Gestão cívico-militar em continuidade regular; sem publicação de ato de revogação, exclusão ou encerramento.";CONFIRMADO;
41084721;JOSE DE ANCHIETA C EEF M;Dois Vizinhos;2020;INDETERMINADO;INDETERMINADO_SEM_DOCUMENTO_NO_PERIODO;2026;NAO_CONSTA;edital1362025_gsseed_prot249175889_ccm_consulta_publica_resultado.pdf, p. 2 (Vigência expressa fixada a partir de 01/01/2026);Sem menção em editais nos autos para o ano de 2020. Conservadoramente mantido como INDETERMINADO conforme diretriz metodológica.;CONFIRMADO;
41084721;JOSE DE ANCHIETA C EEF M;Dois Vizinhos;2021;INDETERMINADO;INDETERMINADO_SEM_DOCUMENTO_NO_PERIODO;2026;NAO_CONSTA;edital1362025_gsseed_prot249175889_ccm_consulta_publica_resultado.pdf, p. 2 (Vigência expressa fixada a partir de 01/01/2026);Sem menção em editais nos autos para o ano de 2021. Conservadoramente mantido como INDETERMINADO conforme diretriz metodológica.;CONFIRMADO;
41084721;JOSE DE ANCHIETA C EEF M;Dois Vizinhos;2022;INDETERMINADO;INDETERMINADO_SEM_DOCUMENTO_NO_PERIODO;2026;NAO_CONSTA;edital1362025_gsseed_prot249175889_ccm_consulta_publica_resultado.pdf, p. 2 (Vigência expressa fixada a partir de 01/01/2026);Sem menção em editais nos autos para o ano de 2022. Conservadoramente mantido como INDETERMINADO conforme diretriz metodológica.;CONFIRMADO;
41084721;JOSE DE ANCHIETA C EEF M;Dois Vizinhos;2023;INDETERMINADO;INDETERMINADO_SEM_DOCUMENTO_NO_PERIODO;2026;NAO_CONSTA;edital1362025_gsseed_prot249175889_ccm_consulta_publica_resultado.pdf, p. 2 (Vigência expressa fixada a partir de 01/01/2026);Sem menção em editais nos autos para o ano de 2023. Conservadoramente mantido como INDETERMINADO conforme diretriz metodológica.;CONFIRMADO;
41084721;JOSE DE ANCHIETA C EEF M;Dois Vizinhos;2024;INDETERMINADO;INDETERMINADO_SEM_DOCUMENTO_NO_PERIODO;2026;NAO_CONSTA;edital1362025_gsseed_prot249175889_ccm_consulta_publica_resultado.pdf, p. 2 (Vigência expressa fixada a partir de 01/01/2026);Sem menção em editais nos autos para o ano de 2024. Conservadoramente mantido como INDETERMINADO conforme diretriz metodológica.;CONFIRMADO;
41084721;JOSE DE ANCHIETA C EEF M;Dois Vizinhos;2025;NAO;NAO_CCM_EM_CONSULTA_PREPARATORIA;2026;NAO_CONSTA;edital1362025_gsseed_prot249175889_ccm_consulta_publica_resultado.pdf, p. 2 (Vigência expressa fixada a partir de 01/01/2026);"Escola operando na rede regular estadual; participou de consulta pública de adesão em 2025 cuja vigência foi fixada apenas a partir de 01/01/2026.";CONFIRMADO;
41084721;JOSE DE ANCHIETA C EEF M;Dois Vizinhos;2026;SIM;CCM_ATIVO_IMPLEMENTADO;2026;NAO_CONSTA;edital1362025_gsseed_prot249175889_ccm_consulta_publica_resultado.pdf, p. 2 (Vigência expressa fixada a partir de 01/01/2026);Início formal da gestão cívico-militar em 01/01/2026 conforme edital1362025_gsseed_prot249175889_ccm_consulta_publica_resultado.pdf, p. 2 (Vigência expressa fixada a partir de 01/01/2026).;CONFIRMADO;
41084772;LEONARDO DA VINCI C E CMEF M N PROFIS;Dois Vizinhos;2020;INDETERMINADO;INDETERMINADO_SEM_DOCUMENTO_NO_PERIODO;2024;NAO_CONSTA;edital1142023_gsseed_ccm.pdf, p. 2 (Vigência expressa fixada a partir de 01/01/2024);Sem menção em editais nos autos para o ano de 2020. Conservadoramente mantido como INDETERMINADO conforme diretriz metodológica.;CONFIRMADO;
41084772;LEONARDO DA VINCI C E CMEF M N PROFIS;Dois Vizinhos;2021;INDETERMINADO;INDETERMINADO_SEM_DOCUMENTO_NO_PERIODO;2024;NAO_CONSTA;edital1142023_gsseed_ccm.pdf, p. 2 (Vigência expressa fixada a partir de 01/01/2024);Sem menção em editais nos autos para o ano de 2021. Conservadoramente mantido como INDETERMINADO conforme diretriz metodológica.;CONFIRMADO;
41084772;LEONARDO DA VINCI C E CMEF M N PROFIS;Dois Vizinhos;2022;INDETERMINADO;INDETERMINADO_SEM_DOCUMENTO_NO_PERIODO;2024;NAO_CONSTA;edital1142023_gsseed_ccm.pdf, p. 2 (Vigência expressa fixada a partir de 01/01/2024);Sem menção em editais nos autos para o ano de 2022. Conservadoramente mantido como INDETERMINADO conforme diretriz metodológica.;CONFIRMADO;
41084772;LEONARDO DA VINCI C E CMEF M N PROFIS;Dois Vizinhos;2023;NAO;NAO_CCM_EM_CONSULTA_PREPARATORIA;2024;NAO_CONSTA;edital1142023_gsseed_ccm.pdf, p. 2 (Vigência expressa fixada a partir de 01/01/2024);"Escola operando na rede regular estadual; participou de consulta pública de adesão em 2023 cuja vigência foi fixada apenas a partir de 01/01/2024.";CONFIRMADO;
41084772;LEONARDO DA VINCI C E CMEF M N PROFIS;Dois Vizinhos;2024;SIM;CCM_ATIVO_IMPLEMENTADO;2024;NAO_CONSTA;edital1142023_gsseed_ccm.pdf, p. 2 (Vigência expressa fixada a partir de 01/01/2024);Início formal da gestão cívico-militar em 01/01/2024 conforme edital1142023_gsseed_ccm.pdf, p. 2 (Vigência expressa fixada a partir de 01/01/2024).;CONFIRMADO;
41084772;LEONARDO DA VINCI C E CMEF M N PROFIS;Dois Vizinhos;2025;SIM;CCM_ATIVO_CONTINUIDADE;2024;NAO_CONSTA;edital1142023_gsseed_ccm.pdf, p. 2 (Vigência expressa fixada a partir de 01/01/2024);"Gestão cívico-militar em continuidade regular; sem publicação de ato de revogação, exclusão ou encerramento.";CONFIRMADO;
41084772;LEONARDO DA VINCI C E CMEF M N PROFIS;Dois Vizinhos;2026;SIM;CCM_ATIVO_CONTINUIDADE;2024;NAO_CONSTA;edital1142023_gsseed_ccm.pdf, p. 2 (Vigência expressa fixada a partir de 01/01/2024);"Gestão cívico-militar em continuidade regular; sem publicação de ato de revogação, exclusão ou encerramento.";CONFIRMADO;
41085906;EDUARDO VIRMOND SUPLICY C E DREF M P;Francisco Beltrão;2020;INDETERMINADO;INDETERMINADO_SEM_DOCUMENTO_NO_PERIODO;INDETERMINADO;NAO_CONSTA;NENHUMA_APROVACAO_DOCUMENTADA;Sem documentos nos autos para o ano de 2020.;CONFIRMADO;
41085906;EDUARDO VIRMOND SUPLICY C E DREF M P;Francisco Beltrão;2021;INDETERMINADO;INDETERMINADO_SEM_DOCUMENTO_NO_PERIODO;INDETERMINADO;NAO_CONSTA;NENHUMA_APROVACAO_DOCUMENTADA;Sem documentos nos autos para o ano de 2021.;CONFIRMADO;
41085906;EDUARDO VIRMOND SUPLICY C E DREF M P;Francisco Beltrão;2022;INDETERMINADO;INDETERMINADO_SEM_DOCUMENTO_NO_PERIODO;INDETERMINADO;NAO_CONSTA;NENHUMA_APROVACAO_DOCUMENTADA;Sem documentos nos autos para o ano de 2022.;CONFIRMADO;
41085906;EDUARDO VIRMOND SUPLICY C E DREF M P;Francisco Beltrão;2023;NAO;NAO_CCM_EM_CONSULTA;INDETERMINADO;NAO_CONSTA;NENHUMA_APROVACAO_DOCUMENTADA;Escola convocada para consulta pública no ano de 2023, porém sem homologação de resultado favorável nos editais oficiais analisados (comunidade votou pela manutenção do modelo tradicional).;CONFIRMADO;
41085906;EDUARDO VIRMOND SUPLICY C E DREF M P;Francisco Beltrão;2024;INDETERMINADO;INDETERMINADO_CONSULTA_SEM_HOMOLOGACAO;INDETERMINADO;NAO_CONSTA;NENHUMA_APROVACAO_DOCUMENTADA;"Consulta pública realizada não foi homologada nos editais oficiais analisados; comunidade escolar rejeitou o modelo ou quórum não foi atingido.";CONFIRMADO;
41085906;EDUARDO VIRMOND SUPLICY C E DREF M P;Francisco Beltrão;2025;INDETERMINADO;INDETERMINADO_CONSULTA_SEM_HOMOLOGACAO;INDETERMINADO;NAO_CONSTA;NENHUMA_APROVACAO_DOCUMENTADA;"Consulta pública realizada não foi homologada nos editais oficiais analisados; comunidade escolar rejeitou o modelo ou quórum não foi atingido.";CONFIRMADO;
41085906;EDUARDO VIRMOND SUPLICY C E DREF M P;Francisco Beltrão;2026;INDETERMINADO;INDETERMINADO_CONSULTA_SEM_HOMOLOGACAO;INDETERMINADO;NAO_CONSTA;NENHUMA_APROVACAO_DOCUMENTADA;"Consulta pública realizada não foi homologada nos editais oficiais analisados; comunidade escolar rejeitou o modelo ou quórum não foi atingido.";CONFIRMADO;
41086945;MARMELEIRO C E DEEF M;Marmeleiro;2020;INDETERMINADO;INDETERMINADO_SEM_DOCUMENTO_NO_PERIODO;INDETERMINADO;NAO_CONSTA;NENHUMA_APROVACAO_DOCUMENTADA;Sem documentos nos autos para o ano de 2020.;CONFIRMADO;
41086945;MARMELEIRO C E DEEF M;Marmeleiro;2021;INDETERMINADO;INDETERMINADO_SEM_DOCUMENTO_NO_PERIODO;INDETERMINADO;NAO_CONSTA;NENHUMA_APROVACAO_DOCUMENTADA;Sem documentos nos autos para o ano de 2021.;CONFIRMADO;
41086945;MARMELEIRO C E DEEF M;Marmeleiro;2022;INDETERMINADO;INDETERMINADO_SEM_DOCUMENTO_NO_PERIODO;INDETERMINADO;NAO_CONSTA;NENHUMA_APROVACAO_DOCUMENTADA;Sem documentos nos autos para o ano de 2022.;CONFIRMADO;
41086945;MARMELEIRO C E DEEF M;Marmeleiro;2023;NAO;NAO_CCM_EM_CONSULTA;INDETERMINADO;NAO_CONSTA;NENHUMA_APROVACAO_DOCUMENTADA;Escola convocada para consulta pública no ano de 2023, porém sem homologação de resultado favorável nos editais oficiais analisados (comunidade votou pela manutenção do modelo tradicional).;CONFIRMADO;
41086945;MARMELEIRO C E DEEF M;Marmeleiro;2024;NAO;NAO_CCM_ENTRE_CONSULTAS;INDETERMINADO;NAO_CONSTA;NENHUMA_APROVACAO_DOCUMENTADA;"Escola consultada em 2023 e reconsultada em 2025 sem homologação comprovada; permaneceu na rede regular não-CCM em 2024.";CONFIRMADO;
41086945;MARMELEIRO C E DEEF M;Marmeleiro;2025;NAO;NAO_CCM_EM_CONSULTA;INDETERMINADO;NAO_CONSTA;NENHUMA_APROVACAO_DOCUMENTADA;Escola convocada para consulta pública no ano de 2025, porém sem homologação de resultado favorável nos editais oficiais analisados (comunidade votou pela manutenção do modelo tradicional).;CONFIRMADO;
41086945;MARMELEIRO C E DEEF M;Marmeleiro;2026;INDETERMINADO;INDETERMINADO_CONSULTA_SEM_HOMOLOGACAO;INDETERMINADO;NAO_CONSTA;NENHUMA_APROVACAO_DOCUMENTADA;"Consulta pública realizada não foi homologada nos editais oficiais analisados; comunidade escolar rejeitou o modelo ou quórum não foi atingido.";CONFIRMADO;
41089006;JORGE DE LIMA E E CMEF;Salto do Lontra;2020;INDETERMINADO;INDETERMINADO_SEM_DOCUMENTO_NO_PERIODO;2024;NAO_CONSTA;edital1222023_gsseed_prot214105004_ccm_resultado_processo_consulta_publica.pdf, p. 1 (Vigência expressa fixada a partir de 01/01/2024);Sem menção em editais nos autos para o ano de 2020. Conservadoramente mantido como INDETERMINADO conforme diretriz metodológica.;CONFIRMADO;
41089006;JORGE DE LIMA E E CMEF;Salto do Lontra;2021;INDETERMINADO;INDETERMINADO_SEM_DOCUMENTO_NO_PERIODO;2024;NAO_CONSTA;edital1222023_gsseed_prot214105004_ccm_resultado_processo_consulta_publica.pdf, p. 1 (Vigência expressa fixada a partir de 01/01/2024);Sem menção em editais nos autos para o ano de 2021. Conservadoramente mantido como INDETERMINADO conforme diretriz metodológica.;CONFIRMADO;
41089006;JORGE DE LIMA E E CMEF;Salto do Lontra;2022;INDETERMINADO;INDETERMINADO_SEM_DOCUMENTO_NO_PERIODO;2024;NAO_CONSTA;edital1222023_gsseed_prot214105004_ccm_resultado_processo_consulta_publica.pdf, p. 1 (Vigência expressa fixada a partir de 01/01/2024);Sem menção em editais nos autos para o ano de 2022. Conservadoramente mantido como INDETERMINADO conforme diretriz metodológica.;CONFIRMADO;
41089006;JORGE DE LIMA E E CMEF;Salto do Lontra;2023;NAO;NAO_CCM_EM_CONSULTA_PREPARATORIA;2024;NAO_CONSTA;edital1222023_gsseed_prot214105004_ccm_resultado_processo_consulta_publica.pdf, p. 1 (Vigência expressa fixada a partir de 01/01/2024);"Escola operando na rede regular estadual; participou de consulta pública de adesão em 2023 cuja vigência foi fixada apenas a partir de 01/01/2024.";CONFIRMADO;
41089006;JORGE DE LIMA E E CMEF;Salto do Lontra;2024;SIM;CCM_ATIVO_IMPLEMENTADO;2024;NAO_CONSTA;edital1222023_gsseed_prot214105004_ccm_resultado_processo_consulta_publica.pdf, p. 1 (Vigência expressa fixada a partir de 01/01/2024);Início formal da gestão cívico-militar em 01/01/2024 conforme edital1222023_gsseed_prot214105004_ccm_resultado_processo_consulta_publica.pdf, p. 1 (Vigência expressa fixada a partir de 01/01/2024).;CONFIRMADO;
41089006;JORGE DE LIMA E E CMEF;Salto do Lontra;2025;SIM;CCM_ATIVO_CONTINUIDADE;2024;NAO_CONSTA;edital1222023_gsseed_prot214105004_ccm_resultado_processo_consulta_publica.pdf, p. 1 (Vigência expressa fixada a partir de 01/01/2024);"Gestão cívico-militar em continuidade regular; sem publicação de ato de revogação, exclusão ou encerramento.";CONFIRMADO;
41089006;JORGE DE LIMA E E CMEF;Salto do Lontra;2026;SIM;CCM_ATIVO_CONTINUIDADE;2024;NAO_CONSTA;edital1222023_gsseed_prot214105004_ccm_resultado_processo_consulta_publica.pdf, p. 1 (Vigência expressa fixada a partir de 01/01/2024);"Gestão cívico-militar em continuidade regular; sem publicação de ato de revogação, exclusão ou encerramento.";CONFIRMADO;
41092694;ISIDORO DUMONT E E CM IREF;Itapejara d'Oeste;2020;INDETERMINADO;INDETERMINADO_SEM_DOCUMENTO_NO_PERIODO;2024;NAO_CONSTA;edital1142023_gsseed_ccm.pdf, p. 3 (Vigência expressa fixada a partir de 01/01/2024);Sem menção em editais nos autos para o ano de 2020. Conservadoramente mantido como INDETERMINADO conforme diretriz metodológica.;CONFIRMADO;
41092694;ISIDORO DUMONT E E CM IREF;Itapejara d'Oeste;2021;INDETERMINADO;INDETERMINADO_SEM_DOCUMENTO_NO_PERIODO;2024;NAO_CONSTA;edital1142023_gsseed_ccm.pdf, p. 3 (Vigência expressa fixada a partir de 01/01/2024);Sem menção em editais nos autos para o ano de 2021. Conservadoramente mantido como INDETERMINADO conforme diretriz metodológica.;CONFIRMADO;
41092694;ISIDORO DUMONT E E CM IREF;Itapejara d'Oeste;2022;INDETERMINADO;INDETERMINADO_SEM_DOCUMENTO_NO_PERIODO;2024;NAO_CONSTA;edital1142023_gsseed_ccm.pdf, p. 3 (Vigência expressa fixada a partir de 01/01/2024);Sem menção em editais nos autos para o ano de 2022. Conservadoramente mantido como INDETERMINADO conforme diretriz metodológica.;CONFIRMADO;
41092694;ISIDORO DUMONT E E CM IREF;Itapejara d'Oeste;2023;NAO;NAO_CCM_EM_CONSULTA_PREPARATORIA;2024;NAO_CONSTA;edital1142023_gsseed_ccm.pdf, p. 3 (Vigência expressa fixada a partir de 01/01/2024);"Escola operando na rede regular estadual; participou de consulta pública de adesão em 2023 cuja vigência foi fixada apenas a partir de 01/01/2024.";CONFIRMADO;
41092694;ISIDORO DUMONT E E CM IREF;Itapejara d'Oeste;2024;SIM;CCM_ATIVO_IMPLEMENTADO;2024;NAO_CONSTA;edital1142023_gsseed_ccm.pdf, p. 3 (Vigência expressa fixada a partir de 01/01/2024);Início formal da gestão cívico-militar em 01/01/2024 conforme edital1142023_gsseed_ccm.pdf, p. 3 (Vigência expressa fixada a partir de 01/01/2024).;CONFIRMADO;
41092694;ISIDORO DUMONT E E CM IREF;Itapejara d'Oeste;2025;SIM;CCM_ATIVO_CONTINUIDADE;2024;NAO_CONSTA;edital1142023_gsseed_ccm.pdf, p. 3 (Vigência expressa fixada a partir de 01/01/2024);"Gestão cívico-militar em continuidade regular; sem publicação de ato de revogação, exclusão ou encerramento.";CONFIRMADO;
41092694;ISIDORO DUMONT E E CM IREF;Itapejara d'Oeste;2026;SIM;CCM_ATIVO_CONTINUIDADE;2024;NAO_CONSTA;edital1142023_gsseed_ccm.pdf, p. 3 (Vigência expressa fixada a partir de 01/01/2024);"Gestão cívico-militar em continuidade regular; sem publicação de ato de revogação, exclusão ou encerramento.";CONFIRMADO;
41093666;SAO JOAO BOSCO C E CMEF M P;Pato Branco;2020;INDETERMINADO;INDETERMINADO_SEM_DOCUMENTO_NO_PERIODO;2024;NAO_CONSTA;edital1142023_gsseed_ccm.pdf, p. 3 (Vigência expressa fixada a partir de 01/01/2024);Sem menção em editais nos autos para o ano de 2020. Conservadoramente mantido como INDETERMINADO conforme diretriz metodológica.;CONFIRMADO;
41093666;SAO JOAO BOSCO C E CMEF M P;Pato Branco;2021;INDETERMINADO;INDETERMINADO_SEM_DOCUMENTO_NO_PERIODO;2024;NAO_CONSTA;edital1142023_gsseed_ccm.pdf, p. 3 (Vigência expressa fixada a partir de 01/01/2024);Sem menção em editais nos autos para o ano de 2021. Conservadoramente mantido como INDETERMINADO conforme diretriz metodológica.;CONFIRMADO;
41093666;SAO JOAO BOSCO C E CMEF M P;Pato Branco;2022;INDETERMINADO;INDETERMINADO_SEM_DOCUMENTO_NO_PERIODO;2024;NAO_CONSTA;edital1142023_gsseed_ccm.pdf, p. 3 (Vigência expressa fixada a partir de 01/01/2024);Sem menção em editais nos autos para o ano de 2022. Conservadoramente mantido como INDETERMINADO conforme diretriz metodológica.;CONFIRMADO;
41093666;SAO JOAO BOSCO C E CMEF M P;Pato Branco;2023;NAO;NAO_CCM_EM_CONSULTA_PREPARATORIA;2024;NAO_CONSTA;edital1142023_gsseed_ccm.pdf, p. 3 (Vigência expressa fixada a partir de 01/01/2024);"Escola operando na rede regular estadual; participou de consulta pública de adesão em 2023 cuja vigência foi fixada apenas a partir de 01/01/2024.";CONFIRMADO;
41093666;SAO JOAO BOSCO C E CMEF M P;Pato Branco;2024;SIM;CCM_ATIVO_IMPLEMENTADO;2024;NAO_CONSTA;edital1142023_gsseed_ccm.pdf, p. 3 (Vigência expressa fixada a partir de 01/01/2024);Início formal da gestão cívico-militar em 01/01/2024 conforme edital1142023_gsseed_ccm.pdf, p. 3 (Vigência expressa fixada a partir de 01/01/2024).;CONFIRMADO;
41093666;SAO JOAO BOSCO C E CMEF M P;Pato Branco;2025;SIM;CCM_ATIVO_CONTINUIDADE;2024;NAO_CONSTA;edital1142023_gsseed_ccm.pdf, p. 3 (Vigência expressa fixada a partir de 01/01/2024);"Gestão cívico-militar em continuidade regular; sem publicação de ato de revogação, exclusão ou encerramento.";CONFIRMADO;
41093666;SAO JOAO BOSCO C E CMEF M P;Pato Branco;2026;SIM;CCM_ATIVO_CONTINUIDADE;2024;NAO_CONSTA;edital1142023_gsseed_ccm.pdf, p. 3 (Vigência expressa fixada a partir de 01/01/2024);"Gestão cívico-militar em continuidade regular; sem publicação de ato de revogação, exclusão ou encerramento.";CONFIRMADO;
41099133;OLAVO BILAC C EEF M N PROFIS;Cantagalo;2020;INDETERMINADO;INDETERMINADO_SEM_DOCUMENTO_NO_PERIODO;INDETERMINADO;NAO_CONSTA;NENHUMA_APROVACAO_DOCUMENTADA;Sem documentos nos autos para o ano de 2020.;CONFIRMADO;
41099133;OLAVO BILAC C EEF M N PROFIS;Cantagalo;2021;INDETERMINADO;INDETERMINADO_SEM_DOCUMENTO_NO_PERIODO;INDETERMINADO;NAO_CONSTA;NENHUMA_APROVACAO_DOCUMENTADA;Sem documentos nos autos para o ano de 2021.;CONFIRMADO;
41099133;OLAVO BILAC C EEF M N PROFIS;Cantagalo;2022;INDETERMINADO;INDETERMINADO_SEM_DOCUMENTO_NO_PERIODO;INDETERMINADO;NAO_CONSTA;NENHUMA_APROVACAO_DOCUMENTADA;Sem documentos nos autos para o ano de 2022.;CONFIRMADO;
41099133;OLAVO BILAC C EEF M N PROFIS;Cantagalo;2023;NAO;NAO_CCM_EM_CONSULTA;INDETERMINADO;NAO_CONSTA;NENHUMA_APROVACAO_DOCUMENTADA;Escola convocada para consulta pública no ano de 2023, porém sem homologação de resultado favorável nos editais oficiais analisados (comunidade votou pela manutenção do modelo tradicional).;CONFIRMADO;
41099133;OLAVO BILAC C EEF M N PROFIS;Cantagalo;2024;INDETERMINADO;INDETERMINADO_CONSULTA_SEM_HOMOLOGACAO;INDETERMINADO;NAO_CONSTA;NENHUMA_APROVACAO_DOCUMENTADA;"Consulta pública realizada não foi homologada nos editais oficiais analisados; comunidade escolar rejeitou o modelo ou quórum não foi atingido.";CONFIRMADO;
41099133;OLAVO BILAC C EEF M N PROFIS;Cantagalo;2025;INDETERMINADO;INDETERMINADO_CONSULTA_SEM_HOMOLOGACAO;INDETERMINADO;NAO_CONSTA;NENHUMA_APROVACAO_DOCUMENTADA;"Consulta pública realizada não foi homologada nos editais oficiais analisados; comunidade escolar rejeitou o modelo ou quórum não foi atingido.";CONFIRMADO;
41099133;OLAVO BILAC C EEF M N PROFIS;Cantagalo;2026;INDETERMINADO;INDETERMINADO_CONSULTA_SEM_HOMOLOGACAO;INDETERMINADO;NAO_CONSTA;NENHUMA_APROVACAO_DOCUMENTADA;"Consulta pública realizada não foi homologada nos editais oficiais analisados; comunidade escolar rejeitou o modelo ou quórum não foi atingido.";CONFIRMADO;
41099940;CESAR STANGE C EEF M;Guarapuava;2020;INDETERMINADO;INDETERMINADO_SEM_DOCUMENTO_NO_PERIODO;INDETERMINADO;NAO_CONSTA;NENHUMA_APROVACAO_DOCUMENTADA;Sem documentos nos autos para o ano de 2020.;CONFIRMADO;
41099940;CESAR STANGE C EEF M;Guarapuava;2021;INDETERMINADO;INDETERMINADO_SEM_DOCUMENTO_NO_PERIODO;INDETERMINADO;NAO_CONSTA;NENHUMA_APROVACAO_DOCUMENTADA;Sem documentos nos autos para o ano de 2021.;CONFIRMADO;
41099940;CESAR STANGE C EEF M;Guarapuava;2022;INDETERMINADO;INDETERMINADO_SEM_DOCUMENTO_NO_PERIODO;INDETERMINADO;NAO_CONSTA;NENHUMA_APROVACAO_DOCUMENTADA;Sem documentos nos autos para o ano de 2022.;CONFIRMADO;
41099940;CESAR STANGE C EEF M;Guarapuava;2023;NAO;NAO_CCM_EM_CONSULTA;INDETERMINADO;NAO_CONSTA;NENHUMA_APROVACAO_DOCUMENTADA;Escola convocada para consulta pública no ano de 2023, porém sem homologação de resultado favorável nos editais oficiais analisados (comunidade votou pela manutenção do modelo tradicional).;CONFIRMADO;
41099940;CESAR STANGE C EEF M;Guarapuava;2024;INDETERMINADO;INDETERMINADO_CONSULTA_SEM_HOMOLOGACAO;INDETERMINADO;NAO_CONSTA;NENHUMA_APROVACAO_DOCUMENTADA;"Consulta pública realizada não foi homologada nos editais oficiais analisados; comunidade escolar rejeitou o modelo ou quórum não foi atingido.";CONFIRMADO;
41099940;CESAR STANGE C EEF M;Guarapuava;2025;INDETERMINADO;INDETERMINADO_CONSULTA_SEM_HOMOLOGACAO;INDETERMINADO;NAO_CONSTA;NENHUMA_APROVACAO_DOCUMENTADA;"Consulta pública realizada não foi homologada nos editais oficiais analisados; comunidade escolar rejeitou o modelo ou quórum não foi atingido.";CONFIRMADO;
41099940;CESAR STANGE C EEF M;Guarapuava;2026;INDETERMINADO;INDETERMINADO_CONSULTA_SEM_HOMOLOGACAO;INDETERMINADO;NAO_CONSTA;NENHUMA_APROVACAO_DOCUMENTADA;"Consulta pública realizada não foi homologada nos editais oficiais analisados; comunidade escolar rejeitou o modelo ou quórum não foi atingido.";CONFIRMADO;
41100689;LENI MARLENE JACOB C E CM PROFAEF M P;Guarapuava;2020;INDETERMINADO;INDETERMINADO_SEM_DOCUMENTO_NO_PERIODO;2024;NAO_CONSTA;edital1222023_gsseed_prot214105004_ccm_resultado_processo_consulta_publica.pdf, p. 1 (Vigência expressa fixada a partir de 01/01/2024);Sem menção em editais nos autos para o ano de 2020. Conservadoramente mantido como INDETERMINADO conforme diretriz metodológica.;CONFIRMADO;
41100689;LENI MARLENE JACOB C E CM PROFAEF M P;Guarapuava;2021;INDETERMINADO;INDETERMINADO_SEM_DOCUMENTO_NO_PERIODO;2024;NAO_CONSTA;edital1222023_gsseed_prot214105004_ccm_resultado_processo_consulta_publica.pdf, p. 1 (Vigência expressa fixada a partir de 01/01/2024);Sem menção em editais nos autos para o ano de 2021. Conservadoramente mantido como INDETERMINADO conforme diretriz metodológica.;CONFIRMADO;
41100689;LENI MARLENE JACOB C E CM PROFAEF M P;Guarapuava;2022;INDETERMINADO;INDETERMINADO_SEM_DOCUMENTO_NO_PERIODO;2024;NAO_CONSTA;edital1222023_gsseed_prot214105004_ccm_resultado_processo_consulta_publica.pdf, p. 1 (Vigência expressa fixada a partir de 01/01/2024);Sem menção em editais nos autos para o ano de 2022. Conservadoramente mantido como INDETERMINADO conforme diretriz metodológica.;CONFIRMADO;
41100689;LENI MARLENE JACOB C E CM PROFAEF M P;Guarapuava;2023;NAO;NAO_CCM_EM_CONSULTA_PREPARATORIA;2024;NAO_CONSTA;edital1222023_gsseed_prot214105004_ccm_resultado_processo_consulta_publica.pdf, p. 1 (Vigência expressa fixada a partir de 01/01/2024);"Escola operando na rede regular estadual; participou de consulta pública de adesão em 2023 cuja vigência foi fixada apenas a partir de 01/01/2024.";CONFIRMADO;
41100689;LENI MARLENE JACOB C E CM PROFAEF M P;Guarapuava;2024;SIM;CCM_ATIVO_IMPLEMENTADO;2024;NAO_CONSTA;edital1222023_gsseed_prot214105004_ccm_resultado_processo_consulta_publica.pdf, p. 1 (Vigência expressa fixada a partir de 01/01/2024);Início formal da gestão cívico-militar em 01/01/2024 conforme edital1222023_gsseed_prot214105004_ccm_resultado_processo_consulta_publica.pdf, p. 1 (Vigência expressa fixada a partir de 01/01/2024).;CONFIRMADO;
41100689;LENI MARLENE JACOB C E CM PROFAEF M P;Guarapuava;2025;SIM;CCM_ATIVO_CONTINUIDADE;2024;NAO_CONSTA;edital1222023_gsseed_prot214105004_ccm_resultado_processo_consulta_publica.pdf, p. 1 (Vigência expressa fixada a partir de 01/01/2024);"Gestão cívico-militar em continuidade regular; sem publicação de ato de revogação, exclusão ou encerramento.";CONFIRMADO;
41100689;LENI MARLENE JACOB C E CM PROFAEF M P;Guarapuava;2026;SIM;CCM_ATIVO_CONTINUIDADE;2024;NAO_CONSTA;edital1222023_gsseed_prot214105004_ccm_resultado_processo_consulta_publica.pdf, p. 1 (Vigência expressa fixada a partir de 01/01/2024);"Gestão cívico-militar em continuidade regular; sem publicação de ato de revogação, exclusão ou encerramento.";CONFIRMADO;
41101006;PALMEIRINHA C E DO C DEEF M PROF;Guarapuava;2020;INDETERMINADO;INDETERMINADO_SEM_DOCUMENTO_NO_PERIODO;2026;NAO_CONSTA;edital1362025_gsseed_prot249175889_ccm_consulta_publica_resultado.pdf, p. 2 (Vigência expressa fixada a partir de 01/01/2026);Sem menção em editais nos autos para o ano de 2020. Conservadoramente mantido como INDETERMINADO conforme diretriz metodológica.;CONFIRMADO;
41101006;PALMEIRINHA C E DO C DEEF M PROF;Guarapuava;2021;INDETERMINADO;INDETERMINADO_SEM_DOCUMENTO_NO_PERIODO;2026;NAO_CONSTA;edital1362025_gsseed_prot249175889_ccm_consulta_publica_resultado.pdf, p. 2 (Vigência expressa fixada a partir de 01/01/2026);Sem menção em editais nos autos para o ano de 2021. Conservadoramente mantido como INDETERMINADO conforme diretriz metodológica.;CONFIRMADO;
41101006;PALMEIRINHA C E DO C DEEF M PROF;Guarapuava;2022;INDETERMINADO;INDETERMINADO_SEM_DOCUMENTO_NO_PERIODO;2026;NAO_CONSTA;edital1362025_gsseed_prot249175889_ccm_consulta_publica_resultado.pdf, p. 2 (Vigência expressa fixada a partir de 01/01/2026);Sem menção em editais nos autos para o ano de 2022. Conservadoramente mantido como INDETERMINADO conforme diretriz metodológica.;CONFIRMADO;
41101006;PALMEIRINHA C E DO C DEEF M PROF;Guarapuava;2023;INDETERMINADO;INDETERMINADO_SEM_DOCUMENTO_NO_PERIODO;2026;NAO_CONSTA;edital1362025_gsseed_prot249175889_ccm_consulta_publica_resultado.pdf, p. 2 (Vigência expressa fixada a partir de 01/01/2026);Sem menção em editais nos autos para o ano de 2023. Conservadoramente mantido como INDETERMINADO conforme diretriz metodológica.;CONFIRMADO;
41101006;PALMEIRINHA C E DO C DEEF M PROF;Guarapuava;2024;INDETERMINADO;INDETERMINADO_SEM_DOCUMENTO_NO_PERIODO;2026;NAO_CONSTA;edital1362025_gsseed_prot249175889_ccm_consulta_publica_resultado.pdf, p. 2 (Vigência expressa fixada a partir de 01/01/2026);Sem menção em editais nos autos para o ano de 2024. Conservadoramente mantido como INDETERMINADO conforme diretriz metodológica.;CONFIRMADO;
41101006;PALMEIRINHA C E DO C DEEF M PROF;Guarapuava;2025;NAO;NAO_CCM_EM_CONSULTA_PREPARATORIA;2026;NAO_CONSTA;edital1362025_gsseed_prot249175889_ccm_consulta_publica_resultado.pdf, p. 2 (Vigência expressa fixada a partir de 01/01/2026);"Escola operando na rede regular estadual; participou de consulta pública de adesão em 2025 cuja vigência foi fixada apenas a partir de 01/01/2026.";CONFIRMADO;
41101006;PALMEIRINHA C E DO C DEEF M PROF;Guarapuava;2026;SIM;CCM_ATIVO_IMPLEMENTADO;2026;NAO_CONSTA;edital1362025_gsseed_prot249175889_ccm_consulta_publica_resultado.pdf, p. 2 (Vigência expressa fixada a partir de 01/01/2026);Início formal da gestão cívico-militar em 01/01/2026 conforme edital1362025_gsseed_prot249175889_ccm_consulta_publica_resultado.pdf, p. 2 (Vigência expressa fixada a partir de 01/01/2026).;CONFIRMADO;
41105176;ALTO RECREIO C E CMEF M;Quedas do Iguaçu;2020;INDETERMINADO;INDETERMINADO_SEM_DOCUMENTO_NO_PERIODO;2024;NAO_CONSTA;edital1142023_gsseed_ccm.pdf, p. 2 (Vigência expressa fixada a partir de 01/01/2024);Sem menção em editais nos autos para o ano de 2020. Conservadoramente mantido como INDETERMINADO conforme diretriz metodológica.;CONFIRMADO;
41105176;ALTO RECREIO C E CMEF M;Quedas do Iguaçu;2021;INDETERMINADO;INDETERMINADO_SEM_DOCUMENTO_NO_PERIODO;2024;NAO_CONSTA;edital1142023_gsseed_ccm.pdf, p. 2 (Vigência expressa fixada a partir de 01/01/2024);Sem menção em editais nos autos para o ano de 2021. Conservadoramente mantido como INDETERMINADO conforme diretriz metodológica.;CONFIRMADO;
41105176;ALTO RECREIO C E CMEF M;Quedas do Iguaçu;2022;INDETERMINADO;INDETERMINADO_SEM_DOCUMENTO_NO_PERIODO;2024;NAO_CONSTA;edital1142023_gsseed_ccm.pdf, p. 2 (Vigência expressa fixada a partir de 01/01/2024);Sem menção em editais nos autos para o ano de 2022. Conservadoramente mantido como INDETERMINADO conforme diretriz metodológica.;CONFIRMADO;
41105176;ALTO RECREIO C E CMEF M;Quedas do Iguaçu;2023;NAO;NAO_CCM_EM_CONSULTA_PREPARATORIA;2024;NAO_CONSTA;edital1142023_gsseed_ccm.pdf, p. 2 (Vigência expressa fixada a partir de 01/01/2024);"Escola operando na rede regular estadual; participou de consulta pública de adesão em 2023 cuja vigência foi fixada apenas a partir de 01/01/2024.";CONFIRMADO;
41105176;ALTO RECREIO C E CMEF M;Quedas do Iguaçu;2024;SIM;CCM_ATIVO_IMPLEMENTADO;2024;NAO_CONSTA;edital1142023_gsseed_ccm.pdf, p. 2 (Vigência expressa fixada a partir de 01/01/2024);Início formal da gestão cívico-militar em 01/01/2024 conforme edital1142023_gsseed_ccm.pdf, p. 2 (Vigência expressa fixada a partir de 01/01/2024).;CONFIRMADO;
41105176;ALTO RECREIO C E CMEF M;Quedas do Iguaçu;2025;SIM;CCM_ATIVO_CONTINUIDADE;2024;NAO_CONSTA;edital1142023_gsseed_ccm.pdf, p. 2 (Vigência expressa fixada a partir de 01/01/2024);"Gestão cívico-militar em continuidade regular; sem publicação de ato de revogação, exclusão ou encerramento.";CONFIRMADO;
41105176;ALTO RECREIO C E CMEF M;Quedas do Iguaçu;2026;SIM;CCM_ATIVO_CONTINUIDADE;2024;NAO_CONSTA;edital1142023_gsseed_ccm.pdf, p. 2 (Vigência expressa fixada a partir de 01/01/2024);"Gestão cívico-militar em continuidade regular; sem publicação de ato de revogação, exclusão ou encerramento.";CONFIRMADO;
41122801;ALBERTO KRAUSE C E CM PROFEF M P;Almirante Tamandaré;2020;INDETERMINADO;INDETERMINADO_SEM_DOCUMENTO_NO_PERIODO;2024;NAO_CONSTA;edital1142023_gsseed_ccm.pdf, p. 1 (Vigência expressa fixada a partir de 01/01/2024);Sem menção em editais nos autos para o ano de 2020. Conservadoramente mantido como INDETERMINADO conforme diretriz metodológica.;CONFIRMADO;
41122801;ALBERTO KRAUSE C E CM PROFEF M P;Almirante Tamandaré;2021;INDETERMINADO;INDETERMINADO_SEM_DOCUMENTO_NO_PERIODO;2024;NAO_CONSTA;edital1142023_gsseed_ccm.pdf, p. 1 (Vigência expressa fixada a partir de 01/01/2024);Sem menção em editais nos autos para o ano de 2021. Conservadoramente mantido como INDETERMINADO conforme diretriz metodológica.;CONFIRMADO;
41122801;ALBERTO KRAUSE C E CM PROFEF M P;Almirante Tamandaré;2022;INDETERMINADO;INDETERMINADO_SEM_DOCUMENTO_NO_PERIODO;2024;NAO_CONSTA;edital1142023_gsseed_ccm.pdf, p. 1 (Vigência expressa fixada a partir de 01/01/2024);Sem menção em editais nos autos para o ano de 2022. Conservadoramente mantido como INDETERMINADO conforme diretriz metodológica.;CONFIRMADO;
41122801;ALBERTO KRAUSE C E CM PROFEF M P;Almirante Tamandaré;2023;NAO;NAO_CCM_EM_CONSULTA_PREPARATORIA;2024;NAO_CONSTA;edital1142023_gsseed_ccm.pdf, p. 1 (Vigência expressa fixada a partir de 01/01/2024);"Escola operando na rede regular estadual; participou de consulta pública de adesão em 2023 cuja vigência foi fixada apenas a partir de 01/01/2024.";CONFIRMADO;
41122801;ALBERTO KRAUSE C E CM PROFEF M P;Almirante Tamandaré;2024;SIM;CCM_ATIVO_IMPLEMENTADO;2024;NAO_CONSTA;edital1142023_gsseed_ccm.pdf, p. 1 (Vigência expressa fixada a partir de 01/01/2024);Início formal da gestão cívico-militar em 01/01/2024 conforme edital1142023_gsseed_ccm.pdf, p. 1 (Vigência expressa fixada a partir de 01/01/2024).;CONFIRMADO;
41122801;ALBERTO KRAUSE C E CM PROFEF M P;Almirante Tamandaré;2025;SIM;CCM_ATIVO_CONTINUIDADE;2024;NAO_CONSTA;edital1142023_gsseed_ccm.pdf, p. 1 (Vigência expressa fixada a partir de 01/01/2024);"Gestão cívico-militar em continuidade regular; sem publicação de ato de revogação, exclusão ou encerramento.";CONFIRMADO;
41122801;ALBERTO KRAUSE C E CM PROFEF M P;Almirante Tamandaré;2026;SIM;CCM_ATIVO_CONTINUIDADE;2024;NAO_CONSTA;edital1142023_gsseed_ccm.pdf, p. 1 (Vigência expressa fixada a partir de 01/01/2024);"Gestão cívico-militar em continuidade regular; sem publicação de ato de revogação, exclusão ou encerramento.";CONFIRMADO;
41122836;EMILIA BUZATO C E CM EF M PROFIS;Campo Magro;2020;INDETERMINADO;INDETERMINADO_SEM_DOCUMENTO_NO_PERIODO;2024;NAO_CONSTA;edital1222023_gsseed_prot214105004_ccm_resultado_processo_consulta_publica.pdf, p. 1 (Vigência expressa fixada a partir de 01/01/2024);Sem menção em editais nos autos para o ano de 2020. Conservadoramente mantido como INDETERMINADO conforme diretriz metodológica.;CONFIRMADO;
41122836;EMILIA BUZATO C E CM EF M PROFIS;Campo Magro;2021;INDETERMINADO;INDETERMINADO_SEM_DOCUMENTO_NO_PERIODO;2024;NAO_CONSTA;edital1222023_gsseed_prot214105004_ccm_resultado_processo_consulta_publica.pdf, p. 1 (Vigência expressa fixada a partir de 01/01/2024);Sem menção em editais nos autos para o ano de 2021. Conservadoramente mantido como INDETERMINADO conforme diretriz metodológica.;CONFIRMADO;
41122836;EMILIA BUZATO C E CM EF M PROFIS;Campo Magro;2022;INDETERMINADO;INDETERMINADO_SEM_DOCUMENTO_NO_PERIODO;2024;NAO_CONSTA;edital1222023_gsseed_prot214105004_ccm_resultado_processo_consulta_publica.pdf, p. 1 (Vigência expressa fixada a partir de 01/01/2024);Sem menção em editais nos autos para o ano de 2022. Conservadoramente mantido como INDETERMINADO conforme diretriz metodológica.;CONFIRMADO;
41122836;EMILIA BUZATO C E CM EF M PROFIS;Campo Magro;2023;NAO;NAO_CCM_EM_CONSULTA_PREPARATORIA;2024;NAO_CONSTA;edital1222023_gsseed_prot214105004_ccm_resultado_processo_consulta_publica.pdf, p. 1 (Vigência expressa fixada a partir de 01/01/2024);"Escola operando na rede regular estadual; participou de consulta pública de adesão em 2023 cuja vigência foi fixada apenas a partir de 01/01/2024.";CONFIRMADO;
41122836;EMILIA BUZATO C E CM EF M PROFIS;Campo Magro;2024;SIM;CCM_ATIVO_IMPLEMENTADO;2024;NAO_CONSTA;edital1222023_gsseed_prot214105004_ccm_resultado_processo_consulta_publica.pdf, p. 1 (Vigência expressa fixada a partir de 01/01/2024);Início formal da gestão cívico-militar em 01/01/2024 conforme edital1222023_gsseed_prot214105004_ccm_resultado_processo_consulta_publica.pdf, p. 1 (Vigência expressa fixada a partir de 01/01/2024).;CONFIRMADO;
41122836;EMILIA BUZATO C E CM EF M PROFIS;Campo Magro;2025;SIM;CCM_ATIVO_CONTINUIDADE;2024;NAO_CONSTA;edital1222023_gsseed_prot214105004_ccm_resultado_processo_consulta_publica.pdf, p. 1 (Vigência expressa fixada a partir de 01/01/2024);"Gestão cívico-militar em continuidade regular; sem publicação de ato de revogação, exclusão ou encerramento.";CONFIRMADO;
41122836;EMILIA BUZATO C E CM EF M PROFIS;Campo Magro;2026;SIM;CCM_ATIVO_CONTINUIDADE;2024;NAO_CONSTA;edital1222023_gsseed_prot214105004_ccm_resultado_processo_consulta_publica.pdf, p. 1 (Vigência expressa fixada a partir de 01/01/2024);"Gestão cívico-militar em continuidade regular; sem publicação de ato de revogação, exclusão ou encerramento.";CONFIRMADO;
41122860;FLORIPA TEIXEIRA DE FARIA C EEF M PROF;Almirante Tamandaré;2020;INDETERMINADO;INDETERMINADO_SEM_DOCUMENTO_NO_PERIODO;INDETERMINADO;NAO_CONSTA;NENHUMA_APROVACAO_DOCUMENTADA;Sem documentos nos autos para o ano de 2020.;CONFIRMADO;
41122860;FLORIPA TEIXEIRA DE FARIA C EEF M PROF;Almirante Tamandaré;2021;INDETERMINADO;INDETERMINADO_SEM_DOCUMENTO_NO_PERIODO;INDETERMINADO;NAO_CONSTA;NENHUMA_APROVACAO_DOCUMENTADA;Sem documentos nos autos para o ano de 2021.;CONFIRMADO;
41122860;FLORIPA TEIXEIRA DE FARIA C EEF M PROF;Almirante Tamandaré;2022;INDETERMINADO;INDETERMINADO_SEM_DOCUMENTO_NO_PERIODO;INDETERMINADO;NAO_CONSTA;NENHUMA_APROVACAO_DOCUMENTADA;Sem documentos nos autos para o ano de 2022.;CONFIRMADO;
41122860;FLORIPA TEIXEIRA DE FARIA C EEF M PROF;Almirante Tamandaré;2023;NAO;NAO_CCM_EM_CONSULTA;INDETERMINADO;NAO_CONSTA;NENHUMA_APROVACAO_DOCUMENTADA;Escola convocada para consulta pública no ano de 2023, porém sem homologação de resultado favorável nos editais oficiais analisados (comunidade votou pela manutenção do modelo tradicional).;CONFIRMADO;
41122860;FLORIPA TEIXEIRA DE FARIA C EEF M PROF;Almirante Tamandaré;2024;INDETERMINADO;INDETERMINADO_CONSULTA_SEM_HOMOLOGACAO;INDETERMINADO;NAO_CONSTA;NENHUMA_APROVACAO_DOCUMENTADA;"Consulta pública realizada não foi homologada nos editais oficiais analisados; comunidade escolar rejeitou o modelo ou quórum não foi atingido.";CONFIRMADO;
41122860;FLORIPA TEIXEIRA DE FARIA C EEF M PROF;Almirante Tamandaré;2025;INDETERMINADO;INDETERMINADO_CONSULTA_SEM_HOMOLOGACAO;INDETERMINADO;NAO_CONSTA;NENHUMA_APROVACAO_DOCUMENTADA;"Consulta pública realizada não foi homologada nos editais oficiais analisados; comunidade escolar rejeitou o modelo ou quórum não foi atingido.";CONFIRMADO;
41122860;FLORIPA TEIXEIRA DE FARIA C EEF M PROF;Almirante Tamandaré;2026;INDETERMINADO;INDETERMINADO_CONSULTA_SEM_HOMOLOGACAO;INDETERMINADO;NAO_CONSTA;NENHUMA_APROVACAO_DOCUMENTADA;"Consulta pública realizada não foi homologada nos editais oficiais analisados; comunidade escolar rejeitou o modelo ou quórum não foi atingido.";CONFIRMADO;
41123212;ROSA F JOHNSON E E CM PROFA EF;Almirante Tamandaré;2020;INDETERMINADO;INDETERMINADO_SEM_DOCUMENTO_NO_PERIODO;2024;NAO_CONSTA;edital1222023_gsseed_prot214105004_ccm_resultado_processo_consulta_publica.pdf, p. 1 (Vigência expressa fixada a partir de 01/01/2024);Sem menção em editais nos autos para o ano de 2020. Conservadoramente mantido como INDETERMINADO conforme diretriz metodológica.;CONFIRMADO;
41123212;ROSA F JOHNSON E E CM PROFA EF;Almirante Tamandaré;2021;INDETERMINADO;INDETERMINADO_SEM_DOCUMENTO_NO_PERIODO;2024;NAO_CONSTA;edital1222023_gsseed_prot214105004_ccm_resultado_processo_consulta_publica.pdf, p. 1 (Vigência expressa fixada a partir de 01/01/2024);Sem menção em editais nos autos para o ano de 2021. Conservadoramente mantido como INDETERMINADO conforme diretriz metodológica.;CONFIRMADO;
41123212;ROSA F JOHNSON E E CM PROFA EF;Almirante Tamandaré;2022;INDETERMINADO;INDETERMINADO_SEM_DOCUMENTO_NO_PERIODO;2024;NAO_CONSTA;edital1222023_gsseed_prot214105004_ccm_resultado_processo_consulta_publica.pdf, p. 1 (Vigência expressa fixada a partir de 01/01/2024);Sem menção em editais nos autos para o ano de 2022. Conservadoramente mantido como INDETERMINADO conforme diretriz metodológica.;CONFIRMADO;
41123212;ROSA F JOHNSON E E CM PROFA EF;Almirante Tamandaré;2023;NAO;NAO_CCM_EM_CONSULTA_PREPARATORIA;2024;NAO_CONSTA;edital1222023_gsseed_prot214105004_ccm_resultado_processo_consulta_publica.pdf, p. 1 (Vigência expressa fixada a partir de 01/01/2024);"Escola operando na rede regular estadual; participou de consulta pública de adesão em 2023 cuja vigência foi fixada apenas a partir de 01/01/2024.";CONFIRMADO;
41123212;ROSA F JOHNSON E E CM PROFA EF;Almirante Tamandaré;2024;SIM;CCM_ATIVO_IMPLEMENTADO;2024;NAO_CONSTA;edital1222023_gsseed_prot214105004_ccm_resultado_processo_consulta_publica.pdf, p. 1 (Vigência expressa fixada a partir de 01/01/2024);Início formal da gestão cívico-militar em 01/01/2024 conforme edital1222023_gsseed_prot214105004_ccm_resultado_processo_consulta_publica.pdf, p. 1 (Vigência expressa fixada a partir de 01/01/2024).;CONFIRMADO;
41123212;ROSA F JOHNSON E E CM PROFA EF;Almirante Tamandaré;2025;SIM;CCM_ATIVO_CONTINUIDADE;2024;NAO_CONSTA;edital1222023_gsseed_prot214105004_ccm_resultado_processo_consulta_publica.pdf, p. 1 (Vigência expressa fixada a partir de 01/01/2024);"Gestão cívico-militar em continuidade regular; sem publicação de ato de revogação, exclusão ou encerramento.";CONFIRMADO;
41123212;ROSA F JOHNSON E E CM PROFA EF;Almirante Tamandaré;2026;SIM;CCM_ATIVO_CONTINUIDADE;2024;NAO_CONSTA;edital1222023_gsseed_prot214105004_ccm_resultado_processo_consulta_publica.pdf, p. 1 (Vigência expressa fixada a partir de 01/01/2024);"Gestão cívico-militar em continuidade regular; sem publicação de ato de revogação, exclusão ou encerramento.";CONFIRMADO;
41123301;TANCREDO NEVES C EEF M;Almirante Tamandaré;2020;INDETERMINADO;INDETERMINADO_SEM_DOCUMENTO_NO_PERIODO;INDETERMINADO;NAO_CONSTA;NENHUMA_APROVACAO_DOCUMENTADA;Sem documentos nos autos para o ano de 2020.;CONFIRMADO;
41123301;TANCREDO NEVES C EEF M;Almirante Tamandaré;2021;INDETERMINADO;INDETERMINADO_SEM_DOCUMENTO_NO_PERIODO;INDETERMINADO;NAO_CONSTA;NENHUMA_APROVACAO_DOCUMENTADA;Sem documentos nos autos para o ano de 2021.;CONFIRMADO;
41123301;TANCREDO NEVES C EEF M;Almirante Tamandaré;2022;INDETERMINADO;INDETERMINADO_SEM_DOCUMENTO_NO_PERIODO;INDETERMINADO;NAO_CONSTA;NENHUMA_APROVACAO_DOCUMENTADA;Sem documentos nos autos para o ano de 2022.;CONFIRMADO;
41123301;TANCREDO NEVES C EEF M;Almirante Tamandaré;2023;NAO;NAO_CCM_EM_CONSULTA;INDETERMINADO;NAO_CONSTA;NENHUMA_APROVACAO_DOCUMENTADA;Escola convocada para consulta pública no ano de 2023, porém sem homologação de resultado favorável nos editais oficiais analisados (comunidade votou pela manutenção do modelo tradicional).;CONFIRMADO;
41123301;TANCREDO NEVES C EEF M;Almirante Tamandaré;2024;INDETERMINADO;INDETERMINADO_CONSULTA_SEM_HOMOLOGACAO;INDETERMINADO;NAO_CONSTA;NENHUMA_APROVACAO_DOCUMENTADA;"Consulta pública realizada não foi homologada nos editais oficiais analisados; comunidade escolar rejeitou o modelo ou quórum não foi atingido.";CONFIRMADO;
41123301;TANCREDO NEVES C EEF M;Almirante Tamandaré;2025;INDETERMINADO;INDETERMINADO_CONSULTA_SEM_HOMOLOGACAO;INDETERMINADO;NAO_CONSTA;NENHUMA_APROVACAO_DOCUMENTADA;"Consulta pública realizada não foi homologada nos editais oficiais analisados; comunidade escolar rejeitou o modelo ou quórum não foi atingido.";CONFIRMADO;
41123301;TANCREDO NEVES C EEF M;Almirante Tamandaré;2026;INDETERMINADO;INDETERMINADO_CONSULTA_SEM_HOMOLOGACAO;INDETERMINADO;NAO_CONSTA;NENHUMA_APROVACAO_DOCUMENTADA;"Consulta pública realizada não foi homologada nos editais oficiais analisados; comunidade escolar rejeitou o modelo ou quórum não foi atingido.";CONFIRMADO;
41124014;JUVENTUDE DE SANTO ANTONIO C E CMEF M;Balsa Nova;2020;INDETERMINADO;INDETERMINADO_SEM_DOCUMENTO_NO_PERIODO;2024;NAO_CONSTA;edital1142023_gsseed_ccm.pdf, p. 1 (Vigência expressa fixada a partir de 01/01/2024);Sem menção em editais nos autos para o ano de 2020. Conservadoramente mantido como INDETERMINADO conforme diretriz metodológica.;CONFIRMADO;
41124014;JUVENTUDE DE SANTO ANTONIO C E CMEF M;Balsa Nova;2021;INDETERMINADO;INDETERMINADO_SEM_DOCUMENTO_NO_PERIODO;2024;NAO_CONSTA;edital1142023_gsseed_ccm.pdf, p. 1 (Vigência expressa fixada a partir de 01/01/2024);Sem menção em editais nos autos para o ano de 2021. Conservadoramente mantido como INDETERMINADO conforme diretriz metodológica.;CONFIRMADO;
41124014;JUVENTUDE DE SANTO ANTONIO C E CMEF M;Balsa Nova;2022;INDETERMINADO;INDETERMINADO_SEM_DOCUMENTO_NO_PERIODO;2024;NAO_CONSTA;edital1142023_gsseed_ccm.pdf, p. 1 (Vigência expressa fixada a partir de 01/01/2024);Sem menção em editais nos autos para o ano de 2022. Conservadoramente mantido como INDETERMINADO conforme diretriz metodológica.;CONFIRMADO;
41124014;JUVENTUDE DE SANTO ANTONIO C E CMEF M;Balsa Nova;2023;NAO;NAO_CCM_EM_CONSULTA_PREPARATORIA;2024;NAO_CONSTA;edital1142023_gsseed_ccm.pdf, p. 1 (Vigência expressa fixada a partir de 01/01/2024);"Escola operando na rede regular estadual; participou de consulta pública de adesão em 2023 cuja vigência foi fixada apenas a partir de 01/01/2024.";CONFIRMADO;
41124014;JUVENTUDE DE SANTO ANTONIO C E CMEF M;Balsa Nova;2024;SIM;CCM_ATIVO_IMPLEMENTADO;2024;NAO_CONSTA;edital1142023_gsseed_ccm.pdf, p. 1 (Vigência expressa fixada a partir de 01/01/2024);Início formal da gestão cívico-militar em 01/01/2024 conforme edital1142023_gsseed_ccm.pdf, p. 1 (Vigência expressa fixada a partir de 01/01/2024).;CONFIRMADO;
41124014;JUVENTUDE DE SANTO ANTONIO C E CMEF M;Balsa Nova;2025;SIM;CCM_ATIVO_CONTINUIDADE;2024;NAO_CONSTA;edital1142023_gsseed_ccm.pdf, p. 1 (Vigência expressa fixada a partir de 01/01/2024);"Gestão cívico-militar em continuidade regular; sem publicação de ato de revogação, exclusão ou encerramento.";CONFIRMADO;
41124014;JUVENTUDE DE SANTO ANTONIO C E CMEF M;Balsa Nova;2026;SIM;CCM_ATIVO_CONTINUIDADE;2024;NAO_CONSTA;edital1142023_gsseed_ccm.pdf, p. 1 (Vigência expressa fixada a partir de 01/01/2024);"Gestão cívico-militar em continuidade regular; sem publicação de ato de revogação, exclusão ou encerramento.";CONFIRMADO;
41124669;IVAN F DO AMARAL FILHO C E CM EF M P;Campina Grande do Sul;2020;INDETERMINADO;INDETERMINADO_SEM_DOCUMENTO_NO_PERIODO;2024;NAO_CONSTA;edital1142023_gsseed_ccm.pdf, p. 1 (Vigência expressa fixada a partir de 01/01/2024);Sem menção em editais nos autos para o ano de 2020. Conservadoramente mantido como INDETERMINADO conforme diretriz metodológica.;CONFIRMADO;
41124669;IVAN F DO AMARAL FILHO C E CM EF M P;Campina Grande do Sul;2021;INDETERMINADO;INDETERMINADO_SEM_DOCUMENTO_NO_PERIODO;2024;NAO_CONSTA;edital1142023_gsseed_ccm.pdf, p. 1 (Vigência expressa fixada a partir de 01/01/2024);Sem menção em editais nos autos para o ano de 2021. Conservadoramente mantido como INDETERMINADO conforme diretriz metodológica.;CONFIRMADO;
41124669;IVAN F DO AMARAL FILHO C E CM EF M P;Campina Grande do Sul;2022;INDETERMINADO;INDETERMINADO_SEM_DOCUMENTO_NO_PERIODO;2024;NAO_CONSTA;edital1142023_gsseed_ccm.pdf, p. 1 (Vigência expressa fixada a partir de 01/01/2024);Sem menção em editais nos autos para o ano de 2022. Conservadoramente mantido como INDETERMINADO conforme diretriz metodológica.;CONFIRMADO;
41124669;IVAN F DO AMARAL FILHO C E CM EF M P;Campina Grande do Sul;2023;NAO;NAO_CCM_EM_CONSULTA_PREPARATORIA;2024;NAO_CONSTA;edital1142023_gsseed_ccm.pdf, p. 1 (Vigência expressa fixada a partir de 01/01/2024);"Escola operando na rede regular estadual; participou de consulta pública de adesão em 2023 cuja vigência foi fixada apenas a partir de 01/01/2024.";CONFIRMADO;
41124669;IVAN F DO AMARAL FILHO C E CM EF M P;Campina Grande do Sul;2024;SIM;CCM_ATIVO_IMPLEMENTADO;2024;NAO_CONSTA;edital1142023_gsseed_ccm.pdf, p. 1 (Vigência expressa fixada a partir de 01/01/2024);Início formal da gestão cívico-militar em 01/01/2024 conforme edital1142023_gsseed_ccm.pdf, p. 1 (Vigência expressa fixada a partir de 01/01/2024).;CONFIRMADO;
41124669;IVAN F DO AMARAL FILHO C E CM EF M P;Campina Grande do Sul;2025;SIM;CCM_ATIVO_CONTINUIDADE;2024;NAO_CONSTA;edital1142023_gsseed_ccm.pdf, p. 1 (Vigência expressa fixada a partir de 01/01/2024);"Gestão cívico-militar em continuidade regular; sem publicação de ato de revogação, exclusão ou encerramento.";CONFIRMADO;
41124669;IVAN F DO AMARAL FILHO C E CM EF M P;Campina Grande do Sul;2026;SIM;CCM_ATIVO_CONTINUIDADE;2024;NAO_CONSTA;edital1142023_gsseed_ccm.pdf, p. 1 (Vigência expressa fixada a partir de 01/01/2024);"Gestão cívico-militar em continuidade regular; sem publicação de ato de revogação, exclusão ou encerramento.";CONFIRMADO;
41125053;DJALMA MARINHO C E CMEF M PROFIS;Campo Largo;2020;INDETERMINADO;INDETERMINADO_SEM_DOCUMENTO_NO_PERIODO;2024;NAO_CONSTA;edital1142023_gsseed_ccm.pdf, p. 1 (Vigência expressa fixada a partir de 01/01/2024);Sem menção em editais nos autos para o ano de 2020. Conservadoramente mantido como INDETERMINADO conforme diretriz metodológica.;CONFIRMADO;
41125053;DJALMA MARINHO C E CMEF M PROFIS;Campo Largo;2021;INDETERMINADO;INDETERMINADO_SEM_DOCUMENTO_NO_PERIODO;2024;NAO_CONSTA;edital1142023_gsseed_ccm.pdf, p. 1 (Vigência expressa fixada a partir de 01/01/2024);Sem menção em editais nos autos para o ano de 2021. Conservadoramente mantido como INDETERMINADO conforme diretriz metodológica.;CONFIRMADO;
41125053;DJALMA MARINHO C E CMEF M PROFIS;Campo Largo;2022;INDETERMINADO;INDETERMINADO_SEM_DOCUMENTO_NO_PERIODO;2024;NAO_CONSTA;edital1142023_gsseed_ccm.pdf, p. 1 (Vigência expressa fixada a partir de 01/01/2024);Sem menção em editais nos autos para o ano de 2022. Conservadoramente mantido como INDETERMINADO conforme diretriz metodológica.;CONFIRMADO;
41125053;DJALMA MARINHO C E CMEF M PROFIS;Campo Largo;2023;NAO;NAO_CCM_EM_CONSULTA_PREPARATORIA;2024;NAO_CONSTA;edital1142023_gsseed_ccm.pdf, p. 1 (Vigência expressa fixada a partir de 01/01/2024);"Escola operando na rede regular estadual; participou de consulta pública de adesão em 2023 cuja vigência foi fixada apenas a partir de 01/01/2024.";CONFIRMADO;
41125053;DJALMA MARINHO C E CMEF M PROFIS;Campo Largo;2024;SIM;CCM_ATIVO_IMPLEMENTADO;2024;NAO_CONSTA;edital1142023_gsseed_ccm.pdf, p. 1 (Vigência expressa fixada a partir de 01/01/2024);Início formal da gestão cívico-militar em 01/01/2024 conforme edital1142023_gsseed_ccm.pdf, p. 1 (Vigência expressa fixada a partir de 01/01/2024).;CONFIRMADO;
41125053;DJALMA MARINHO C E CMEF M PROFIS;Campo Largo;2025;SIM;CCM_ATIVO_CONTINUIDADE;2024;NAO_CONSTA;edital1142023_gsseed_ccm.pdf, p. 1 (Vigência expressa fixada a partir de 01/01/2024);"Gestão cívico-militar em continuidade regular; sem publicação de ato de revogação, exclusão ou encerramento.";CONFIRMADO;
41125053;DJALMA MARINHO C E CMEF M PROFIS;Campo Largo;2026;SIM;CCM_ATIVO_CONTINUIDADE;2024;NAO_CONSTA;edital1142023_gsseed_ccm.pdf, p. 1 (Vigência expressa fixada a partir de 01/01/2024);"Gestão cívico-militar em continuidade regular; sem publicação de ato de revogação, exclusão ou encerramento.";CONFIRMADO;
41125193;JOAO XXIII C E CMEF M;Campo Largo;2020;INDETERMINADO;INDETERMINADO_SEM_DOCUMENTO_NO_PERIODO;2024;NAO_CONSTA;edital1142023_gsseed_ccm.pdf, p. 2 (Vigência expressa fixada a partir de 01/01/2024);Sem menção em editais nos autos para o ano de 2020. Conservadoramente mantido como INDETERMINADO conforme diretriz metodológica.;CONFIRMADO;
41125193;JOAO XXIII C E CMEF M;Campo Largo;2021;INDETERMINADO;INDETERMINADO_SEM_DOCUMENTO_NO_PERIODO;2024;NAO_CONSTA;edital1142023_gsseed_ccm.pdf, p. 2 (Vigência expressa fixada a partir de 01/01/2024);Sem menção em editais nos autos para o ano de 2021. Conservadoramente mantido como INDETERMINADO conforme diretriz metodológica.;CONFIRMADO;
41125193;JOAO XXIII C E CMEF M;Campo Largo;2022;INDETERMINADO;INDETERMINADO_SEM_DOCUMENTO_NO_PERIODO;2024;NAO_CONSTA;edital1142023_gsseed_ccm.pdf, p. 2 (Vigência expressa fixada a partir de 01/01/2024);Sem menção em editais nos autos para o ano de 2022. Conservadoramente mantido como INDETERMINADO conforme diretriz metodológica.;CONFIRMADO;
41125193;JOAO XXIII C E CMEF M;Campo Largo;2023;NAO;NAO_CCM_EM_CONSULTA_PREPARATORIA;2024;NAO_CONSTA;edital1142023_gsseed_ccm.pdf, p. 2 (Vigência expressa fixada a partir de 01/01/2024);"Escola operando na rede regular estadual; participou de consulta pública de adesão em 2023 cuja vigência foi fixada apenas a partir de 01/01/2024.";CONFIRMADO;
41125193;JOAO XXIII C E CMEF M;Campo Largo;2024;SIM;CCM_ATIVO_IMPLEMENTADO;2024;NAO_CONSTA;edital1142023_gsseed_ccm.pdf, p. 2 (Vigência expressa fixada a partir de 01/01/2024);Início formal da gestão cívico-militar em 01/01/2024 conforme edital1142023_gsseed_ccm.pdf, p. 2 (Vigência expressa fixada a partir de 01/01/2024).;CONFIRMADO;
41125193;JOAO XXIII C E CMEF M;Campo Largo;2025;SIM;CCM_ATIVO_CONTINUIDADE;2024;NAO_CONSTA;edital1142023_gsseed_ccm.pdf, p. 2 (Vigência expressa fixada a partir de 01/01/2024);"Gestão cívico-militar em continuidade regular; sem publicação de ato de revogação, exclusão ou encerramento.";CONFIRMADO;
41125193;JOAO XXIII C E CMEF M;Campo Largo;2026;SIM;CCM_ATIVO_CONTINUIDADE;2024;NAO_CONSTA;edital1142023_gsseed_ccm.pdf, p. 2 (Vigência expressa fixada a partir de 01/01/2024);"Gestão cívico-militar em continuidade regular; sem publicação de ato de revogação, exclusão ou encerramento.";CONFIRMADO;
41125304;MACEDO SOARES C E CMEF M PROFIS;Campo Largo;2020;INDETERMINADO;INDETERMINADO_SEM_DOCUMENTO_NO_PERIODO;2024;NAO_CONSTA;edital1142023_gsseed_ccm.pdf, p. 2 (Vigência expressa fixada a partir de 01/01/2024);Sem menção em editais nos autos para o ano de 2020. Conservadoramente mantido como INDETERMINADO conforme diretriz metodológica.;CONFIRMADO;
41125304;MACEDO SOARES C E CMEF M PROFIS;Campo Largo;2021;INDETERMINADO;INDETERMINADO_SEM_DOCUMENTO_NO_PERIODO;2024;NAO_CONSTA;edital1142023_gsseed_ccm.pdf, p. 2 (Vigência expressa fixada a partir de 01/01/2024);Sem menção em editais nos autos para o ano de 2021. Conservadoramente mantido como INDETERMINADO conforme diretriz metodológica.;CONFIRMADO;
41125304;MACEDO SOARES C E CMEF M PROFIS;Campo Largo;2022;INDETERMINADO;INDETERMINADO_SEM_DOCUMENTO_NO_PERIODO;2024;NAO_CONSTA;edital1142023_gsseed_ccm.pdf, p. 2 (Vigência expressa fixada a partir de 01/01/2024);Sem menção em editais nos autos para o ano de 2022. Conservadoramente mantido como INDETERMINADO conforme diretriz metodológica.;CONFIRMADO;
41125304;MACEDO SOARES C E CMEF M PROFIS;Campo Largo;2023;NAO;NAO_CCM_EM_CONSULTA_PREPARATORIA;2024;NAO_CONSTA;edital1142023_gsseed_ccm.pdf, p. 2 (Vigência expressa fixada a partir de 01/01/2024);"Escola operando na rede regular estadual; participou de consulta pública de adesão em 2023 cuja vigência foi fixada apenas a partir de 01/01/2024.";CONFIRMADO;
41125304;MACEDO SOARES C E CMEF M PROFIS;Campo Largo;2024;SIM;CCM_ATIVO_IMPLEMENTADO;2024;NAO_CONSTA;edital1142023_gsseed_ccm.pdf, p. 2 (Vigência expressa fixada a partir de 01/01/2024);Início formal da gestão cívico-militar em 01/01/2024 conforme edital1142023_gsseed_ccm.pdf, p. 2 (Vigência expressa fixada a partir de 01/01/2024).;CONFIRMADO;
41125304;MACEDO SOARES C E CMEF M PROFIS;Campo Largo;2025;SIM;CCM_ATIVO_CONTINUIDADE;2024;NAO_CONSTA;edital1142023_gsseed_ccm.pdf, p. 2 (Vigência expressa fixada a partir de 01/01/2024);"Gestão cívico-militar em continuidade regular; sem publicação de ato de revogação, exclusão ou encerramento.";CONFIRMADO;
41125304;MACEDO SOARES C E CMEF M PROFIS;Campo Largo;2026;SIM;CCM_ATIVO_CONTINUIDADE;2024;NAO_CONSTA;edital1142023_gsseed_ccm.pdf, p. 2 (Vigência expressa fixada a partir de 01/01/2024);"Gestão cívico-militar em continuidade regular; sem publicação de ato de revogação, exclusão ou encerramento.";CONFIRMADO;
41126050;HELENA KOLODY C EEF M PROF;Colombo;2020;INDETERMINADO;INDETERMINADO_SEM_DOCUMENTO_NO_PERIODO;INDETERMINADO;NAO_CONSTA;NENHUMA_APROVACAO_DOCUMENTADA;Sem documentos nos autos para o ano de 2020.;CONFIRMADO;
41126050;HELENA KOLODY C EEF M PROF;Colombo;2021;INDETERMINADO;INDETERMINADO_SEM_DOCUMENTO_NO_PERIODO;INDETERMINADO;NAO_CONSTA;NENHUMA_APROVACAO_DOCUMENTADA;Sem documentos nos autos para o ano de 2021.;CONFIRMADO;
41126050;HELENA KOLODY C EEF M PROF;Colombo;2022;INDETERMINADO;INDETERMINADO_SEM_DOCUMENTO_NO_PERIODO;INDETERMINADO;NAO_CONSTA;NENHUMA_APROVACAO_DOCUMENTADA;Sem documentos nos autos para o ano de 2022.;CONFIRMADO;
41126050;HELENA KOLODY C EEF M PROF;Colombo;2023;NAO;NAO_CCM_EM_CONSULTA;INDETERMINADO;NAO_CONSTA;NENHUMA_APROVACAO_DOCUMENTADA;Escola convocada para consulta pública no ano de 2023, porém sem homologação de resultado favorável nos editais oficiais analisados (comunidade votou pela manutenção do modelo tradicional).;CONFIRMADO;
41126050;HELENA KOLODY C EEF M PROF;Colombo;2024;INDETERMINADO;INDETERMINADO_CONSULTA_SEM_HOMOLOGACAO;INDETERMINADO;NAO_CONSTA;NENHUMA_APROVACAO_DOCUMENTADA;"Consulta pública realizada não foi homologada nos editais oficiais analisados; comunidade escolar rejeitou o modelo ou quórum não foi atingido.";CONFIRMADO;
41126050;HELENA KOLODY C EEF M PROF;Colombo;2025;INDETERMINADO;INDETERMINADO_CONSULTA_SEM_HOMOLOGACAO;INDETERMINADO;NAO_CONSTA;NENHUMA_APROVACAO_DOCUMENTADA;"Consulta pública realizada não foi homologada nos editais oficiais analisados; comunidade escolar rejeitou o modelo ou quórum não foi atingido.";CONFIRMADO;
41126050;HELENA KOLODY C EEF M PROF;Colombo;2026;INDETERMINADO;INDETERMINADO_CONSULTA_SEM_HOMOLOGACAO;INDETERMINADO;NAO_CONSTA;NENHUMA_APROVACAO_DOCUMENTADA;"Consulta pública realizada não foi homologada nos editais oficiais analisados; comunidade escolar rejeitou o modelo ou quórum não foi atingido.";CONFIRMADO;
41126122;JOAO R DE CAMARGO C E CM EF M;Colombo;2020;INDETERMINADO;INDETERMINADO_SEM_DOCUMENTO_NO_PERIODO;2024;NAO_CONSTA;edital1142023_gsseed_ccm.pdf, p. 1 (Vigência expressa fixada a partir de 01/01/2024);Sem menção em editais nos autos para o ano de 2020. Conservadoramente mantido como INDETERMINADO conforme diretriz metodológica.;CONFIRMADO;
41126122;JOAO R DE CAMARGO C E CM EF M;Colombo;2021;INDETERMINADO;INDETERMINADO_SEM_DOCUMENTO_NO_PERIODO;2024;NAO_CONSTA;edital1142023_gsseed_ccm.pdf, p. 1 (Vigência expressa fixada a partir de 01/01/2024);Sem menção em editais nos autos para o ano de 2021. Conservadoramente mantido como INDETERMINADO conforme diretriz metodológica.;CONFIRMADO;
41126122;JOAO R DE CAMARGO C E CM EF M;Colombo;2022;INDETERMINADO;INDETERMINADO_SEM_DOCUMENTO_NO_PERIODO;2024;NAO_CONSTA;edital1142023_gsseed_ccm.pdf, p. 1 (Vigência expressa fixada a partir de 01/01/2024);Sem menção em editais nos autos para o ano de 2022. Conservadoramente mantido como INDETERMINADO conforme diretriz metodológica.;CONFIRMADO;
41126122;JOAO R DE CAMARGO C E CM EF M;Colombo;2023;NAO;NAO_CCM_EM_CONSULTA_PREPARATORIA;2024;NAO_CONSTA;edital1142023_gsseed_ccm.pdf, p. 1 (Vigência expressa fixada a partir de 01/01/2024);"Escola operando na rede regular estadual; participou de consulta pública de adesão em 2023 cuja vigência foi fixada apenas a partir de 01/01/2024.";CONFIRMADO;
41126122;JOAO R DE CAMARGO C E CM EF M;Colombo;2024;SIM;CCM_ATIVO_IMPLEMENTADO;2024;NAO_CONSTA;edital1142023_gsseed_ccm.pdf, p. 1 (Vigência expressa fixada a partir de 01/01/2024);Início formal da gestão cívico-militar em 01/01/2024 conforme edital1142023_gsseed_ccm.pdf, p. 1 (Vigência expressa fixada a partir de 01/01/2024).;CONFIRMADO;
41126122;JOAO R DE CAMARGO C E CM EF M;Colombo;2025;SIM;CCM_ATIVO_CONTINUIDADE;2024;NAO_CONSTA;edital1142023_gsseed_ccm.pdf, p. 1 (Vigência expressa fixada a partir de 01/01/2024);"Gestão cívico-militar em continuidade regular; sem publicação de ato de revogação, exclusão ou encerramento.";CONFIRMADO;
41126122;JOAO R DE CAMARGO C E CM EF M;Colombo;2026;SIM;CCM_ATIVO_CONTINUIDADE;2024;NAO_CONSTA;edital1142023_gsseed_ccm.pdf, p. 1 (Vigência expressa fixada a partir de 01/01/2024);"Gestão cívico-militar em continuidade regular; sem publicação de ato de revogação, exclusão ou encerramento.";CONFIRMADO;
41126670;MIGUEL FRANCO FILHO C E CMEF M PROFIS;Contenda;2020;INDETERMINADO;INDETERMINADO_SEM_DOCUMENTO_NO_PERIODO;2024;NAO_CONSTA;edital1142023_gsseed_ccm.pdf, p. 2 (Vigência expressa fixada a partir de 01/01/2024);Sem menção em editais nos autos para o ano de 2020. Conservadoramente mantido como INDETERMINADO conforme diretriz metodológica.;CONFIRMADO;
41126670;MIGUEL FRANCO FILHO C E CMEF M PROFIS;Contenda;2021;INDETERMINADO;INDETERMINADO_SEM_DOCUMENTO_NO_PERIODO;2024;NAO_CONSTA;edital1142023_gsseed_ccm.pdf, p. 2 (Vigência expressa fixada a partir de 01/01/2024);Sem menção em editais nos autos para o ano de 2021. Conservadoramente mantido como INDETERMINADO conforme diretriz metodológica.;CONFIRMADO;
41126670;MIGUEL FRANCO FILHO C E CMEF M PROFIS;Contenda;2022;INDETERMINADO;INDETERMINADO_SEM_DOCUMENTO_NO_PERIODO;2024;NAO_CONSTA;edital1142023_gsseed_ccm.pdf, p. 2 (Vigência expressa fixada a partir de 01/01/2024);Sem menção em editais nos autos para o ano de 2022. Conservadoramente mantido como INDETERMINADO conforme diretriz metodológica.;CONFIRMADO;
41126670;MIGUEL FRANCO FILHO C E CMEF M PROFIS;Contenda;2023;NAO;NAO_CCM_EM_CONSULTA_PREPARATORIA;2024;NAO_CONSTA;edital1142023_gsseed_ccm.pdf, p. 2 (Vigência expressa fixada a partir de 01/01/2024);"Escola operando na rede regular estadual; participou de consulta pública de adesão em 2023 cuja vigência foi fixada apenas a partir de 01/01/2024.";CONFIRMADO;
41126670;MIGUEL FRANCO FILHO C E CMEF M PROFIS;Contenda;2024;SIM;CCM_ATIVO_IMPLEMENTADO;2024;NAO_CONSTA;edital1142023_gsseed_ccm.pdf, p. 2 (Vigência expressa fixada a partir de 01/01/2024);Início formal da gestão cívico-militar em 01/01/2024 conforme edital1142023_gsseed_ccm.pdf, p. 2 (Vigência expressa fixada a partir de 01/01/2024).;CONFIRMADO;
41126670;MIGUEL FRANCO FILHO C E CMEF M PROFIS;Contenda;2025;SIM;CCM_ATIVO_CONTINUIDADE;2024;NAO_CONSTA;edital1142023_gsseed_ccm.pdf, p. 2 (Vigência expressa fixada a partir de 01/01/2024);"Gestão cívico-militar em continuidade regular; sem publicação de ato de revogação, exclusão ou encerramento.";CONFIRMADO;
41126670;MIGUEL FRANCO FILHO C E CMEF M PROFIS;Contenda;2026;SIM;CCM_ATIVO_CONTINUIDADE;2024;NAO_CONSTA;edital1142023_gsseed_ccm.pdf, p. 2 (Vigência expressa fixada a partir de 01/01/2024);"Gestão cívico-militar em continuidade regular; sem publicação de ato de revogação, exclusão ou encerramento.";CONFIRMADO;
41127048;ALFREDO PARODI C EEF M PROFIS;Curitiba;2020;INDETERMINADO;INDETERMINADO_SEM_DOCUMENTO_NO_PERIODO;INDETERMINADO;NAO_CONSTA;NENHUMA_APROVACAO_DOCUMENTADA;Sem documentos nos autos para o ano de 2020.;CONFIRMADO;
41127048;ALFREDO PARODI C EEF M PROFIS;Curitiba;2021;INDETERMINADO;INDETERMINADO_SEM_DOCUMENTO_NO_PERIODO;INDETERMINADO;NAO_CONSTA;NENHUMA_APROVACAO_DOCUMENTADA;Sem documentos nos autos para o ano de 2021.;CONFIRMADO;
41127048;ALFREDO PARODI C EEF M PROFIS;Curitiba;2022;INDETERMINADO;INDETERMINADO_SEM_DOCUMENTO_NO_PERIODO;INDETERMINADO;NAO_CONSTA;NENHUMA_APROVACAO_DOCUMENTADA;Sem documentos nos autos para o ano de 2022.;CONFIRMADO;
41127048;ALFREDO PARODI C EEF M PROFIS;Curitiba;2023;NAO;NAO_CCM_EM_CONSULTA;INDETERMINADO;NAO_CONSTA;NENHUMA_APROVACAO_DOCUMENTADA;Escola convocada para consulta pública no ano de 2023, porém sem homologação de resultado favorável nos editais oficiais analisados (comunidade votou pela manutenção do modelo tradicional).;CONFIRMADO;
41127048;ALFREDO PARODI C EEF M PROFIS;Curitiba;2024;INDETERMINADO;INDETERMINADO_CONSULTA_SEM_HOMOLOGACAO;INDETERMINADO;NAO_CONSTA;NENHUMA_APROVACAO_DOCUMENTADA;"Consulta pública realizada não foi homologada nos editais oficiais analisados; comunidade escolar rejeitou o modelo ou quórum não foi atingido.";CONFIRMADO;
41127048;ALFREDO PARODI C EEF M PROFIS;Curitiba;2025;INDETERMINADO;INDETERMINADO_CONSULTA_SEM_HOMOLOGACAO;INDETERMINADO;NAO_CONSTA;NENHUMA_APROVACAO_DOCUMENTADA;"Consulta pública realizada não foi homologada nos editais oficiais analisados; comunidade escolar rejeitou o modelo ou quórum não foi atingido.";CONFIRMADO;
41127048;ALFREDO PARODI C EEF M PROFIS;Curitiba;2026;INDETERMINADO;INDETERMINADO_CONSULTA_SEM_HOMOLOGACAO;INDETERMINADO;NAO_CONSTA;NENHUMA_APROVACAO_DOCUMENTADA;"Consulta pública realizada não foi homologada nos editais oficiais analisados; comunidade escolar rejeitou o modelo ou quórum não foi atingido.";CONFIRMADO;
41127668;BENTO M DA ROCHA NETO C EEF M PROFIS;Curitiba;2020;INDETERMINADO;INDETERMINADO_SEM_DOCUMENTO_NO_PERIODO;2026;NAO_CONSTA;edital1362025_gsseed_prot249175889_ccm_consulta_publica_resultado.pdf, p. 3 (Vigência expressa fixada a partir de 01/01/2026);Sem menção em editais nos autos para o ano de 2020. Conservadoramente mantido como INDETERMINADO conforme diretriz metodológica.;CONFIRMADO;
41127668;BENTO M DA ROCHA NETO C EEF M PROFIS;Curitiba;2021;INDETERMINADO;INDETERMINADO_SEM_DOCUMENTO_NO_PERIODO;2026;NAO_CONSTA;edital1362025_gsseed_prot249175889_ccm_consulta_publica_resultado.pdf, p. 3 (Vigência expressa fixada a partir de 01/01/2026);Sem menção em editais nos autos para o ano de 2021. Conservadoramente mantido como INDETERMINADO conforme diretriz metodológica.;CONFIRMADO;
41127668;BENTO M DA ROCHA NETO C EEF M PROFIS;Curitiba;2022;INDETERMINADO;INDETERMINADO_SEM_DOCUMENTO_NO_PERIODO;2026;NAO_CONSTA;edital1362025_gsseed_prot249175889_ccm_consulta_publica_resultado.pdf, p. 3 (Vigência expressa fixada a partir de 01/01/2026);Sem menção em editais nos autos para o ano de 2022. Conservadoramente mantido como INDETERMINADO conforme diretriz metodológica.;CONFIRMADO;
41127668;BENTO M DA ROCHA NETO C EEF M PROFIS;Curitiba;2023;INDETERMINADO;INDETERMINADO_SEM_DOCUMENTO_NO_PERIODO;2026;NAO_CONSTA;edital1362025_gsseed_prot249175889_ccm_consulta_publica_resultado.pdf, p. 3 (Vigência expressa fixada a partir de 01/01/2026);Sem menção em editais nos autos para o ano de 2023. Conservadoramente mantido como INDETERMINADO conforme diretriz metodológica.;CONFIRMADO;
41127668;BENTO M DA ROCHA NETO C EEF M PROFIS;Curitiba;2024;INDETERMINADO;INDETERMINADO_SEM_DOCUMENTO_NO_PERIODO;2026;NAO_CONSTA;edital1362025_gsseed_prot249175889_ccm_consulta_publica_resultado.pdf, p. 3 (Vigência expressa fixada a partir de 01/01/2026);Sem menção em editais nos autos para o ano de 2024. Conservadoramente mantido como INDETERMINADO conforme diretriz metodológica.;CONFIRMADO;
41127668;BENTO M DA ROCHA NETO C EEF M PROFIS;Curitiba;2025;NAO;NAO_CCM_EM_CONSULTA_PREPARATORIA;2026;NAO_CONSTA;edital1362025_gsseed_prot249175889_ccm_consulta_publica_resultado.pdf, p. 3 (Vigência expressa fixada a partir de 01/01/2026);"Escola operando na rede regular estadual; participou de consulta pública de adesão em 2025 cuja vigência foi fixada apenas a partir de 01/01/2026.";CONFIRMADO;
41127668;BENTO M DA ROCHA NETO C EEF M PROFIS;Curitiba;2026;SIM;CCM_ATIVO_IMPLEMENTADO;2026;NAO_CONSTA;edital1362025_gsseed_prot249175889_ccm_consulta_publica_resultado.pdf, p. 3 (Vigência expressa fixada a partir de 01/01/2026);Início formal da gestão cívico-militar em 01/01/2026 conforme edital1362025_gsseed_prot249175889_ccm_consulta_publica_resultado.pdf, p. 3 (Vigência expressa fixada a partir de 01/01/2026).;CONFIRMADO;
41128664;CRUZEIRO DO SUL C E CMEF M P;Curitiba;2020;INDETERMINADO;INDETERMINADO_SEM_DOCUMENTO_NO_PERIODO;2024;NAO_CONSTA;edital1142023_gsseed_ccm.pdf, p. 2 (Vigência expressa fixada a partir de 01/01/2024);Sem menção em editais nos autos para o ano de 2020. Conservadoramente mantido como INDETERMINADO conforme diretriz metodológica.;CONFIRMADO;
41128664;CRUZEIRO DO SUL C E CMEF M P;Curitiba;2021;INDETERMINADO;INDETERMINADO_SEM_DOCUMENTO_NO_PERIODO;2024;NAO_CONSTA;edital1142023_gsseed_ccm.pdf, p. 2 (Vigência expressa fixada a partir de 01/01/2024);Sem menção em editais nos autos para o ano de 2021. Conservadoramente mantido como INDETERMINADO conforme diretriz metodológica.;CONFIRMADO;
41128664;CRUZEIRO DO SUL C E CMEF M P;Curitiba;2022;INDETERMINADO;INDETERMINADO_SEM_DOCUMENTO_NO_PERIODO;2024;NAO_CONSTA;edital1142023_gsseed_ccm.pdf, p. 2 (Vigência expressa fixada a partir de 01/01/2024);Sem menção em editais nos autos para o ano de 2022. Conservadoramente mantido como INDETERMINADO conforme diretriz metodológica.;CONFIRMADO;
41128664;CRUZEIRO DO SUL C E CMEF M P;Curitiba;2023;NAO;NAO_CCM_EM_CONSULTA_PREPARATORIA;2024;NAO_CONSTA;edital1142023_gsseed_ccm.pdf, p. 2 (Vigência expressa fixada a partir de 01/01/2024);"Escola operando na rede regular estadual; participou de consulta pública de adesão em 2023 cuja vigência foi fixada apenas a partir de 01/01/2024.";CONFIRMADO;
41128664;CRUZEIRO DO SUL C E CMEF M P;Curitiba;2024;SIM;CCM_ATIVO_IMPLEMENTADO;2024;NAO_CONSTA;edital1142023_gsseed_ccm.pdf, p. 2 (Vigência expressa fixada a partir de 01/01/2024);Início formal da gestão cívico-militar em 01/01/2024 conforme edital1142023_gsseed_ccm.pdf, p. 2 (Vigência expressa fixada a partir de 01/01/2024).;CONFIRMADO;
41128664;CRUZEIRO DO SUL C E CMEF M P;Curitiba;2025;SIM;CCM_ATIVO_CONTINUIDADE;2024;NAO_CONSTA;edital1142023_gsseed_ccm.pdf, p. 2 (Vigência expressa fixada a partir de 01/01/2024);"Gestão cívico-militar em continuidade regular; sem publicação de ato de revogação, exclusão ou encerramento.";CONFIRMADO;
41128664;CRUZEIRO DO SUL C E CMEF M P;Curitiba;2026;SIM;CCM_ATIVO_CONTINUIDADE;2024;NAO_CONSTA;edital1142023_gsseed_ccm.pdf, p. 2 (Vigência expressa fixada a partir de 01/01/2024);"Gestão cívico-militar em continuidade regular; sem publicação de ato de revogação, exclusão ou encerramento.";CONFIRMADO;
41128885;DIRCE C DO AMARAL C E PROFAEF M PROFIS;Curitiba;2020;INDETERMINADO;INDETERMINADO_SEM_DOCUMENTO_NO_PERIODO;INDETERMINADO;NAO_CONSTA;NENHUMA_APROVACAO_DOCUMENTADA;Sem documentos nos autos para o ano de 2020.;CONFIRMADO;
41128885;DIRCE C DO AMARAL C E PROFAEF M PROFIS;Curitiba;2021;INDETERMINADO;INDETERMINADO_SEM_DOCUMENTO_NO_PERIODO;INDETERMINADO;NAO_CONSTA;NENHUMA_APROVACAO_DOCUMENTADA;Sem documentos nos autos para o ano de 2021.;CONFIRMADO;
41128885;DIRCE C DO AMARAL C E PROFAEF M PROFIS;Curitiba;2022;INDETERMINADO;INDETERMINADO_SEM_DOCUMENTO_NO_PERIODO;INDETERMINADO;NAO_CONSTA;NENHUMA_APROVACAO_DOCUMENTADA;Sem documentos nos autos para o ano de 2022.;CONFIRMADO;
41128885;DIRCE C DO AMARAL C E PROFAEF M PROFIS;Curitiba;2023;NAO;NAO_CCM_EM_CONSULTA;INDETERMINADO;NAO_CONSTA;NENHUMA_APROVACAO_DOCUMENTADA;Escola convocada para consulta pública no ano de 2023, porém sem homologação de resultado favorável nos editais oficiais analisados (comunidade votou pela manutenção do modelo tradicional).;CONFIRMADO;
41128885;DIRCE C DO AMARAL C E PROFAEF M PROFIS;Curitiba;2024;INDETERMINADO;INDETERMINADO_CONSULTA_SEM_HOMOLOGACAO;INDETERMINADO;NAO_CONSTA;NENHUMA_APROVACAO_DOCUMENTADA;"Consulta pública realizada não foi homologada nos editais oficiais analisados; comunidade escolar rejeitou o modelo ou quórum não foi atingido.";CONFIRMADO;
41128885;DIRCE C DO AMARAL C E PROFAEF M PROFIS;Curitiba;2025;INDETERMINADO;INDETERMINADO_CONSULTA_SEM_HOMOLOGACAO;INDETERMINADO;NAO_CONSTA;NENHUMA_APROVACAO_DOCUMENTADA;"Consulta pública realizada não foi homologada nos editais oficiais analisados; comunidade escolar rejeitou o modelo ou quórum não foi atingido.";CONFIRMADO;
41128885;DIRCE C DO AMARAL C E PROFAEF M PROFIS;Curitiba;2026;INDETERMINADO;INDETERMINADO_CONSULTA_SEM_HOMOLOGACAO;INDETERMINADO;NAO_CONSTA;NENHUMA_APROVACAO_DOCUMENTADA;"Consulta pública realizada não foi homologada nos editais oficiais analisados; comunidade escolar rejeitou o modelo ou quórum não foi atingido.";CONFIRMADO;
41128915;DOMINGOS ZANLORENZI C EEF M PROFIS;Curitiba;2020;INDETERMINADO;INDETERMINADO_SEM_DOCUMENTO_NO_PERIODO;2026;NAO_CONSTA;edital1362025_gsseed_prot249175889_ccm_consulta_publica_resultado.pdf, p. 2 (Vigência expressa fixada a partir de 01/01/2026);Sem menção em editais nos autos para o ano de 2020. Conservadoramente mantido como INDETERMINADO conforme diretriz metodológica.;CONFIRMADO;
41128915;DOMINGOS ZANLORENZI C EEF M PROFIS;Curitiba;2021;INDETERMINADO;INDETERMINADO_SEM_DOCUMENTO_NO_PERIODO;2026;NAO_CONSTA;edital1362025_gsseed_prot249175889_ccm_consulta_publica_resultado.pdf, p. 2 (Vigência expressa fixada a partir de 01/01/2026);Sem menção em editais nos autos para o ano de 2021. Conservadoramente mantido como INDETERMINADO conforme diretriz metodológica.;CONFIRMADO;
41128915;DOMINGOS ZANLORENZI C EEF M PROFIS;Curitiba;2022;INDETERMINADO;INDETERMINADO_SEM_DOCUMENTO_NO_PERIODO;2026;NAO_CONSTA;edital1362025_gsseed_prot249175889_ccm_consulta_publica_resultado.pdf, p. 2 (Vigência expressa fixada a partir de 01/01/2026);Sem menção em editais nos autos para o ano de 2022. Conservadoramente mantido como INDETERMINADO conforme diretriz metodológica.;CONFIRMADO;
41128915;DOMINGOS ZANLORENZI C EEF M PROFIS;Curitiba;2023;INDETERMINADO;INDETERMINADO_SEM_DOCUMENTO_NO_PERIODO;2026;NAO_CONSTA;edital1362025_gsseed_prot249175889_ccm_consulta_publica_resultado.pdf, p. 2 (Vigência expressa fixada a partir de 01/01/2026);Sem menção em editais nos autos para o ano de 2023. Conservadoramente mantido como INDETERMINADO conforme diretriz metodológica.;CONFIRMADO;
41128915;DOMINGOS ZANLORENZI C EEF M PROFIS;Curitiba;2024;INDETERMINADO;INDETERMINADO_SEM_DOCUMENTO_NO_PERIODO;2026;NAO_CONSTA;edital1362025_gsseed_prot249175889_ccm_consulta_publica_resultado.pdf, p. 2 (Vigência expressa fixada a partir de 01/01/2026);Sem menção em editais nos autos para o ano de 2024. Conservadoramente mantido como INDETERMINADO conforme diretriz metodológica.;CONFIRMADO;
41128915;DOMINGOS ZANLORENZI C EEF M PROFIS;Curitiba;2025;NAO;NAO_CCM_EM_CONSULTA_PREPARATORIA;2026;NAO_CONSTA;edital1362025_gsseed_prot249175889_ccm_consulta_publica_resultado.pdf, p. 2 (Vigência expressa fixada a partir de 01/01/2026);"Escola operando na rede regular estadual; participou de consulta pública de adesão em 2025 cuja vigência foi fixada apenas a partir de 01/01/2026.";CONFIRMADO;
41128915;DOMINGOS ZANLORENZI C EEF M PROFIS;Curitiba;2026;SIM;CCM_ATIVO_IMPLEMENTADO;2026;NAO_CONSTA;edital1362025_gsseed_prot249175889_ccm_consulta_publica_resultado.pdf, p. 2 (Vigência expressa fixada a partir de 01/01/2026);Início formal da gestão cívico-militar em 01/01/2026 conforme edital1362025_gsseed_prot249175889_ccm_consulta_publica_resultado.pdf, p. 2 (Vigência expressa fixada a partir de 01/01/2026).;CONFIRMADO;
41129512;GABRIELA MISTRAL C EEF M PROFIS;Curitiba;2020;INDETERMINADO;INDETERMINADO_SEM_DOCUMENTO_NO_PERIODO;INDETERMINADO;NAO_CONSTA;NENHUMA_APROVACAO_DOCUMENTADA;Sem documentos nos autos para o ano de 2020.;CONFIRMADO;
41129512;GABRIELA MISTRAL C EEF M PROFIS;Curitiba;2021;INDETERMINADO;INDETERMINADO_SEM_DOCUMENTO_NO_PERIODO;INDETERMINADO;NAO_CONSTA;NENHUMA_APROVACAO_DOCUMENTADA;Sem documentos nos autos para o ano de 2021.;CONFIRMADO;
41129512;GABRIELA MISTRAL C EEF M PROFIS;Curitiba;2022;INDETERMINADO;INDETERMINADO_SEM_DOCUMENTO_NO_PERIODO;INDETERMINADO;NAO_CONSTA;NENHUMA_APROVACAO_DOCUMENTADA;Sem documentos nos autos para o ano de 2022.;CONFIRMADO;
41129512;GABRIELA MISTRAL C EEF M PROFIS;Curitiba;2023;INDETERMINADO;INDETERMINADO_SEM_DOCUMENTO_NO_PERIODO;INDETERMINADO;NAO_CONSTA;NENHUMA_APROVACAO_DOCUMENTADA;Sem documentos nos autos para o ano de 2023.;CONFIRMADO;
41129512;GABRIELA MISTRAL C EEF M PROFIS;Curitiba;2024;INDETERMINADO;INDETERMINADO_CONSULTA_SEM_HOMOLOGACAO;INDETERMINADO;NAO_CONSTA;NENHUMA_APROVACAO_DOCUMENTADA;"Consulta pública realizada não foi homologada nos editais oficiais analisados; comunidade escolar rejeitou o modelo ou quórum não foi atingido.";CONFIRMADO;
41129512;GABRIELA MISTRAL C EEF M PROFIS;Curitiba;2025;NAO;NAO_CCM_EM_CONSULTA;INDETERMINADO;NAO_CONSTA;NENHUMA_APROVACAO_DOCUMENTADA;Escola convocada para consulta pública no ano de 2025, porém sem homologação de resultado favorável nos editais oficiais analisados (comunidade votou pela manutenção do modelo tradicional).;CONFIRMADO;
41129512;GABRIELA MISTRAL C EEF M PROFIS;Curitiba;2026;INDETERMINADO;INDETERMINADO_CONSULTA_SEM_HOMOLOGACAO;INDETERMINADO;NAO_CONSTA;NENHUMA_APROVACAO_DOCUMENTADA;"Consulta pública realizada não foi homologada nos editais oficiais analisados; comunidade escolar rejeitou o modelo ou quórum não foi atingido.";CONFIRMADO;
41129539;GELVIRA CORREA PACHECO C EEF M P;Curitiba;2020;INDETERMINADO;INDETERMINADO_SEM_DOCUMENTO_NO_PERIODO;INDETERMINADO;NAO_CONSTA;NENHUMA_APROVACAO_DOCUMENTADA;Sem documentos nos autos para o ano de 2020.;CONFIRMADO;
41129539;GELVIRA CORREA PACHECO C EEF M P;Curitiba;2021;INDETERMINADO;INDETERMINADO_SEM_DOCUMENTO_NO_PERIODO;INDETERMINADO;NAO_CONSTA;NENHUMA_APROVACAO_DOCUMENTADA;Sem documentos nos autos para o ano de 2021.;CONFIRMADO;
41129539;GELVIRA CORREA PACHECO C EEF M P;Curitiba;2022;INDETERMINADO;INDETERMINADO_SEM_DOCUMENTO_NO_PERIODO;INDETERMINADO;NAO_CONSTA;NENHUMA_APROVACAO_DOCUMENTADA;Sem documentos nos autos para o ano de 2022.;CONFIRMADO;
41129539;GELVIRA CORREA PACHECO C EEF M P;Curitiba;2023;NAO;NAO_CCM_EM_CONSULTA;INDETERMINADO;NAO_CONSTA;NENHUMA_APROVACAO_DOCUMENTADA;Escola convocada para consulta pública no ano de 2023, porém sem homologação de resultado favorável nos editais oficiais analisados (comunidade votou pela manutenção do modelo tradicional).;CONFIRMADO;
41129539;GELVIRA CORREA PACHECO C EEF M P;Curitiba;2024;INDETERMINADO;INDETERMINADO_CONSULTA_SEM_HOMOLOGACAO;INDETERMINADO;NAO_CONSTA;NENHUMA_APROVACAO_DOCUMENTADA;"Consulta pública realizada não foi homologada nos editais oficiais analisados; comunidade escolar rejeitou o modelo ou quórum não foi atingido.";CONFIRMADO;
41129539;GELVIRA CORREA PACHECO C EEF M P;Curitiba;2025;INDETERMINADO;INDETERMINADO_CONSULTA_SEM_HOMOLOGACAO;INDETERMINADO;NAO_CONSTA;NENHUMA_APROVACAO_DOCUMENTADA;"Consulta pública realizada não foi homologada nos editais oficiais analisados; comunidade escolar rejeitou o modelo ou quórum não foi atingido.";CONFIRMADO;
41129539;GELVIRA CORREA PACHECO C EEF M P;Curitiba;2026;INDETERMINADO;INDETERMINADO_CONSULTA_SEM_HOMOLOGACAO;INDETERMINADO;NAO_CONSTA;NENHUMA_APROVACAO_DOCUMENTADA;"Consulta pública realizada não foi homologada nos editais oficiais analisados; comunidade escolar rejeitou o modelo ou quórum não foi atingido.";CONFIRMADO;
41129687;GUIDO STRAUBE C E PROFEF M PROFIS;Curitiba;2020;INDETERMINADO;INDETERMINADO_SEM_DOCUMENTO_NO_PERIODO;INDETERMINADO;NAO_CONSTA;NENHUMA_APROVACAO_DOCUMENTADA;Sem documentos nos autos para o ano de 2020.;CONFIRMADO;
41129687;GUIDO STRAUBE C E PROFEF M PROFIS;Curitiba;2021;INDETERMINADO;INDETERMINADO_SEM_DOCUMENTO_NO_PERIODO;INDETERMINADO;NAO_CONSTA;NENHUMA_APROVACAO_DOCUMENTADA;Sem documentos nos autos para o ano de 2021.;CONFIRMADO;
41129687;GUIDO STRAUBE C E PROFEF M PROFIS;Curitiba;2022;INDETERMINADO;INDETERMINADO_SEM_DOCUMENTO_NO_PERIODO;INDETERMINADO;NAO_CONSTA;NENHUMA_APROVACAO_DOCUMENTADA;Sem documentos nos autos para o ano de 2022.;CONFIRMADO;
41129687;GUIDO STRAUBE C E PROFEF M PROFIS;Curitiba;2023;INDETERMINADO;INDETERMINADO_SEM_DOCUMENTO_NO_PERIODO;INDETERMINADO;NAO_CONSTA;NENHUMA_APROVACAO_DOCUMENTADA;Sem documentos nos autos para o ano de 2023.;CONFIRMADO;
41129687;GUIDO STRAUBE C E PROFEF M PROFIS;Curitiba;2024;INDETERMINADO;INDETERMINADO_CONSULTA_SEM_HOMOLOGACAO;INDETERMINADO;NAO_CONSTA;NENHUMA_APROVACAO_DOCUMENTADA;"Consulta pública realizada não foi homologada nos editais oficiais analisados; comunidade escolar rejeitou o modelo ou quórum não foi atingido.";CONFIRMADO;
41129687;GUIDO STRAUBE C E PROFEF M PROFIS;Curitiba;2025;NAO;NAO_CCM_EM_CONSULTA;INDETERMINADO;NAO_CONSTA;NENHUMA_APROVACAO_DOCUMENTADA;Escola convocada para consulta pública no ano de 2025, porém sem homologação de resultado favorável nos editais oficiais analisados (comunidade votou pela manutenção do modelo tradicional).;CONFIRMADO;
41129687;GUIDO STRAUBE C E PROFEF M PROFIS;Curitiba;2026;INDETERMINADO;INDETERMINADO_CONSULTA_SEM_HOMOLOGACAO;INDETERMINADO;NAO_CONSTA;NENHUMA_APROVACAO_DOCUMENTADA;"Consulta pública realizada não foi homologada nos editais oficiais analisados; comunidade escolar rejeitou o modelo ou quórum não foi atingido.";CONFIRMADO;
41129920;ISABEL L S SOUZA C E PROFAEF M PROFIS;Curitiba;2020;INDETERMINADO;INDETERMINADO_SEM_DOCUMENTO_NO_PERIODO;INDETERMINADO;NAO_CONSTA;NENHUMA_APROVACAO_DOCUMENTADA;Sem documentos nos autos para o ano de 2020.;CONFIRMADO;
41129920;ISABEL L S SOUZA C E PROFAEF M PROFIS;Curitiba;2021;INDETERMINADO;INDETERMINADO_SEM_DOCUMENTO_NO_PERIODO;INDETERMINADO;NAO_CONSTA;NENHUMA_APROVACAO_DOCUMENTADA;Sem documentos nos autos para o ano de 2021.;CONFIRMADO;
41129920;ISABEL L S SOUZA C E PROFAEF M PROFIS;Curitiba;2022;INDETERMINADO;INDETERMINADO_SEM_DOCUMENTO_NO_PERIODO;INDETERMINADO;NAO_CONSTA;NENHUMA_APROVACAO_DOCUMENTADA;Sem documentos nos autos para o ano de 2022.;CONFIRMADO;
41129920;ISABEL L S SOUZA C E PROFAEF M PROFIS;Curitiba;2023;NAO;NAO_CCM_EM_CONSULTA;INDETERMINADO;NAO_CONSTA;NENHUMA_APROVACAO_DOCUMENTADA;Escola convocada para consulta pública no ano de 2023, porém sem homologação de resultado favorável nos editais oficiais analisados (comunidade votou pela manutenção do modelo tradicional).;CONFIRMADO;
41129920;ISABEL L S SOUZA C E PROFAEF M PROFIS;Curitiba;2024;INDETERMINADO;INDETERMINADO_CONSULTA_SEM_HOMOLOGACAO;INDETERMINADO;NAO_CONSTA;NENHUMA_APROVACAO_DOCUMENTADA;"Consulta pública realizada não foi homologada nos editais oficiais analisados; comunidade escolar rejeitou o modelo ou quórum não foi atingido.";CONFIRMADO;
41129920;ISABEL L S SOUZA C E PROFAEF M PROFIS;Curitiba;2025;INDETERMINADO;INDETERMINADO_CONSULTA_SEM_HOMOLOGACAO;INDETERMINADO;NAO_CONSTA;NENHUMA_APROVACAO_DOCUMENTADA;"Consulta pública realizada não foi homologada nos editais oficiais analisados; comunidade escolar rejeitou o modelo ou quórum não foi atingido.";CONFIRMADO;
41129920;ISABEL L S SOUZA C E PROFAEF M PROFIS;Curitiba;2026;INDETERMINADO;INDETERMINADO_CONSULTA_SEM_HOMOLOGACAO;INDETERMINADO;NAO_CONSTA;NENHUMA_APROVACAO_DOCUMENTADA;"Consulta pública realizada não foi homologada nos editais oficiais analisados; comunidade escolar rejeitou o modelo ou quórum não foi atingido.";CONFIRMADO;
41129970;IVO LEAO C EEF M;Curitiba;2020;INDETERMINADO;INDETERMINADO_SEM_DOCUMENTO_NO_PERIODO;INDETERMINADO;NAO_CONSTA;NENHUMA_APROVACAO_DOCUMENTADA;Sem documentos nos autos para o ano de 2020.;CONFIRMADO;
41129970;IVO LEAO C EEF M;Curitiba;2021;INDETERMINADO;INDETERMINADO_SEM_DOCUMENTO_NO_PERIODO;INDETERMINADO;NAO_CONSTA;NENHUMA_APROVACAO_DOCUMENTADA;Sem documentos nos autos para o ano de 2021.;CONFIRMADO;
41129970;IVO LEAO C EEF M;Curitiba;2022;INDETERMINADO;INDETERMINADO_SEM_DOCUMENTO_NO_PERIODO;INDETERMINADO;NAO_CONSTA;NENHUMA_APROVACAO_DOCUMENTADA;Sem documentos nos autos para o ano de 2022.;CONFIRMADO;
41129970;IVO LEAO C EEF M;Curitiba;2023;NAO;NAO_CCM_EM_CONSULTA;INDETERMINADO;NAO_CONSTA;NENHUMA_APROVACAO_DOCUMENTADA;Escola convocada para consulta pública no ano de 2023, porém sem homologação de resultado favorável nos editais oficiais analisados (comunidade votou pela manutenção do modelo tradicional).;CONFIRMADO;
41129970;IVO LEAO C EEF M;Curitiba;2024;INDETERMINADO;INDETERMINADO_CONSULTA_SEM_HOMOLOGACAO;INDETERMINADO;NAO_CONSTA;NENHUMA_APROVACAO_DOCUMENTADA;"Consulta pública realizada não foi homologada nos editais oficiais analisados; comunidade escolar rejeitou o modelo ou quórum não foi atingido.";CONFIRMADO;
41129970;IVO LEAO C EEF M;Curitiba;2025;INDETERMINADO;INDETERMINADO_CONSULTA_SEM_HOMOLOGACAO;INDETERMINADO;NAO_CONSTA;NENHUMA_APROVACAO_DOCUMENTADA;"Consulta pública realizada não foi homologada nos editais oficiais analisados; comunidade escolar rejeitou o modelo ou quórum não foi atingido.";CONFIRMADO;
41129970;IVO LEAO C EEF M;Curitiba;2026;INDETERMINADO;INDETERMINADO_CONSULTA_SEM_HOMOLOGACAO;INDETERMINADO;NAO_CONSTA;NENHUMA_APROVACAO_DOCUMENTADA;"Consulta pública realizada não foi homologada nos editais oficiais analisados; comunidade escolar rejeitou o modelo ou quórum não foi atingido.";CONFIRMADO;
41129989;IVO ZANLORENZI E E MONSEF;Curitiba;2020;INDETERMINADO;INDETERMINADO_SEM_DOCUMENTO_NO_PERIODO;2026;NAO_CONSTA;edital1362025_gsseed_prot249175889_ccm_consulta_publica_resultado.pdf, p. 2 (Vigência expressa fixada a partir de 01/01/2026);Sem menção em editais nos autos para o ano de 2020. Conservadoramente mantido como INDETERMINADO conforme diretriz metodológica.;CONFIRMADO;
41129989;IVO ZANLORENZI E E MONSEF;Curitiba;2021;INDETERMINADO;INDETERMINADO_SEM_DOCUMENTO_NO_PERIODO;2026;NAO_CONSTA;edital1362025_gsseed_prot249175889_ccm_consulta_publica_resultado.pdf, p. 2 (Vigência expressa fixada a partir de 01/01/2026);Sem menção em editais nos autos para o ano de 2021. Conservadoramente mantido como INDETERMINADO conforme diretriz metodológica.;CONFIRMADO;
41129989;IVO ZANLORENZI E E MONSEF;Curitiba;2022;INDETERMINADO;INDETERMINADO_SEM_DOCUMENTO_NO_PERIODO;2026;NAO_CONSTA;edital1362025_gsseed_prot249175889_ccm_consulta_publica_resultado.pdf, p. 2 (Vigência expressa fixada a partir de 01/01/2026);Sem menção em editais nos autos para o ano de 2022. Conservadoramente mantido como INDETERMINADO conforme diretriz metodológica.;CONFIRMADO;
41129989;IVO ZANLORENZI E E MONSEF;Curitiba;2023;INDETERMINADO;INDETERMINADO_SEM_DOCUMENTO_NO_PERIODO;2026;NAO_CONSTA;edital1362025_gsseed_prot249175889_ccm_consulta_publica_resultado.pdf, p. 2 (Vigência expressa fixada a partir de 01/01/2026);Sem menção em editais nos autos para o ano de 2023. Conservadoramente mantido como INDETERMINADO conforme diretriz metodológica.;CONFIRMADO;
41129989;IVO ZANLORENZI E E MONSEF;Curitiba;2024;INDETERMINADO;INDETERMINADO_SEM_DOCUMENTO_NO_PERIODO;2026;NAO_CONSTA;edital1362025_gsseed_prot249175889_ccm_consulta_publica_resultado.pdf, p. 2 (Vigência expressa fixada a partir de 01/01/2026);Sem menção em editais nos autos para o ano de 2024. Conservadoramente mantido como INDETERMINADO conforme diretriz metodológica.;CONFIRMADO;
41129989;IVO ZANLORENZI E E MONSEF;Curitiba;2025;NAO;NAO_CCM_EM_CONSULTA_PREPARATORIA;2026;NAO_CONSTA;edital1362025_gsseed_prot249175889_ccm_consulta_publica_resultado.pdf, p. 2 (Vigência expressa fixada a partir de 01/01/2026);"Escola operando na rede regular estadual; participou de consulta pública de adesão em 2025 cuja vigência foi fixada apenas a partir de 01/01/2026.";CONFIRMADO;
41129989;IVO ZANLORENZI E E MONSEF;Curitiba;2026;SIM;CCM_ATIVO_IMPLEMENTADO;2026;NAO_CONSTA;edital1362025_gsseed_prot249175889_ccm_consulta_publica_resultado.pdf, p. 2 (Vigência expressa fixada a partir de 01/01/2026);Início formal da gestão cívico-militar em 01/01/2026 conforme edital1362025_gsseed_prot249175889_ccm_consulta_publica_resultado.pdf, p. 2 (Vigência expressa fixada a partir de 01/01/2026).;CONFIRMADO;
41130065;JAYME CANET C E CMEF M P;Curitiba;2020;INDETERMINADO;INDETERMINADO_SEM_DOCUMENTO_NO_PERIODO;2024;NAO_CONSTA;edital1142023_gsseed_ccm.pdf, p. 2 (Vigência expressa fixada a partir de 01/01/2024);Sem menção em editais nos autos para o ano de 2020. Conservadoramente mantido como INDETERMINADO conforme diretriz metodológica.;CONFIRMADO;
41130065;JAYME CANET C E CMEF M P;Curitiba;2021;INDETERMINADO;INDETERMINADO_SEM_DOCUMENTO_NO_PERIODO;2024;NAO_CONSTA;edital1142023_gsseed_ccm.pdf, p. 2 (Vigência expressa fixada a partir de 01/01/2024);Sem menção em editais nos autos para o ano de 2021. Conservadoramente mantido como INDETERMINADO conforme diretriz metodológica.;CONFIRMADO;
41130065;JAYME CANET C E CMEF M P;Curitiba;2022;INDETERMINADO;INDETERMINADO_SEM_DOCUMENTO_NO_PERIODO;2024;NAO_CONSTA;edital1142023_gsseed_ccm.pdf, p. 2 (Vigência expressa fixada a partir de 01/01/2024);Sem menção em editais nos autos para o ano de 2022. Conservadoramente mantido como INDETERMINADO conforme diretriz metodológica.;CONFIRMADO;
41130065;JAYME CANET C E CMEF M P;Curitiba;2023;NAO;NAO_CCM_EM_CONSULTA_PREPARATORIA;2024;NAO_CONSTA;edital1142023_gsseed_ccm.pdf, p. 2 (Vigência expressa fixada a partir de 01/01/2024);"Escola operando na rede regular estadual; participou de consulta pública de adesão em 2023 cuja vigência foi fixada apenas a partir de 01/01/2024.";CONFIRMADO;
41130065;JAYME CANET C E CMEF M P;Curitiba;2024;SIM;CCM_ATIVO_IMPLEMENTADO;2024;NAO_CONSTA;edital1142023_gsseed_ccm.pdf, p. 2 (Vigência expressa fixada a partir de 01/01/2024);Início formal da gestão cívico-militar em 01/01/2024 conforme edital1142023_gsseed_ccm.pdf, p. 2 (Vigência expressa fixada a partir de 01/01/2024).;CONFIRMADO;
41130065;JAYME CANET C E CMEF M P;Curitiba;2025;SIM;CCM_ATIVO_CONTINUIDADE;2024;NAO_CONSTA;edital1142023_gsseed_ccm.pdf, p. 2 (Vigência expressa fixada a partir de 01/01/2024);"Gestão cívico-militar em continuidade regular; sem publicação de ato de revogação, exclusão ou encerramento.";CONFIRMADO;
41130065;JAYME CANET C E CMEF M P;Curitiba;2026;SIM;CCM_ATIVO_CONTINUIDADE;2024;NAO_CONSTA;edital1142023_gsseed_ccm.pdf, p. 2 (Vigência expressa fixada a partir de 01/01/2024);"Gestão cívico-militar em continuidade regular; sem publicação de ato de revogação, exclusão ou encerramento.";CONFIRMADO;
41130146;JOAO LOYOLA C E CM PROFEF M P;Curitiba;2020;INDETERMINADO;INDETERMINADO_SEM_DOCUMENTO_NO_PERIODO;2024;NAO_CONSTA;edital1142023_gsseed_ccm.pdf, p. 2 (Vigência expressa fixada a partir de 01/01/2024);Sem menção em editais nos autos para o ano de 2020. Conservadoramente mantido como INDETERMINADO conforme diretriz metodológica.;CONFIRMADO;
41130146;JOAO LOYOLA C E CM PROFEF M P;Curitiba;2021;INDETERMINADO;INDETERMINADO_SEM_DOCUMENTO_NO_PERIODO;2024;NAO_CONSTA;edital1142023_gsseed_ccm.pdf, p. 2 (Vigência expressa fixada a partir de 01/01/2024);Sem menção em editais nos autos para o ano de 2021. Conservadoramente mantido como INDETERMINADO conforme diretriz metodológica.;CONFIRMADO;
41130146;JOAO LOYOLA C E CM PROFEF M P;Curitiba;2022;INDETERMINADO;INDETERMINADO_SEM_DOCUMENTO_NO_PERIODO;2024;NAO_CONSTA;edital1142023_gsseed_ccm.pdf, p. 2 (Vigência expressa fixada a partir de 01/01/2024);Sem menção em editais nos autos para o ano de 2022. Conservadoramente mantido como INDETERMINADO conforme diretriz metodológica.;CONFIRMADO;
41130146;JOAO LOYOLA C E CM PROFEF M P;Curitiba;2023;NAO;NAO_CCM_EM_CONSULTA_PREPARATORIA;2024;NAO_CONSTA;edital1142023_gsseed_ccm.pdf, p. 2 (Vigência expressa fixada a partir de 01/01/2024);"Escola operando na rede regular estadual; participou de consulta pública de adesão em 2023 cuja vigência foi fixada apenas a partir de 01/01/2024.";CONFIRMADO;
41130146;JOAO LOYOLA C E CM PROFEF M P;Curitiba;2024;SIM;CCM_ATIVO_IMPLEMENTADO;2024;NAO_CONSTA;edital1142023_gsseed_ccm.pdf, p. 2 (Vigência expressa fixada a partir de 01/01/2024);Início formal da gestão cívico-militar em 01/01/2024 conforme edital1142023_gsseed_ccm.pdf, p. 2 (Vigência expressa fixada a partir de 01/01/2024).;CONFIRMADO;
41130146;JOAO LOYOLA C E CM PROFEF M P;Curitiba;2025;SIM;CCM_ATIVO_CONTINUIDADE;2024;NAO_CONSTA;edital1142023_gsseed_ccm.pdf, p. 2 (Vigência expressa fixada a partir de 01/01/2024);"Gestão cívico-militar em continuidade regular; sem publicação de ato de revogação, exclusão ou encerramento.";CONFIRMADO;
41130146;JOAO LOYOLA C E CM PROFEF M P;Curitiba;2026;SIM;CCM_ATIVO_CONTINUIDADE;2024;NAO_CONSTA;edital1142023_gsseed_ccm.pdf, p. 2 (Vigência expressa fixada a partir de 01/01/2024);"Gestão cívico-militar em continuidade regular; sem publicação de ato de revogação, exclusão ou encerramento.";CONFIRMADO;
41130170;JOAO PAULO I C E CM PAPAEF M P;Curitiba;2020;INDETERMINADO;INDETERMINADO_SEM_DOCUMENTO_NO_PERIODO;2024;NAO_CONSTA;edital1142023_gsseed_ccm.pdf, p. 2 (Vigência expressa fixada a partir de 01/01/2024);Sem menção em editais nos autos para o ano de 2020. Conservadoramente mantido como INDETERMINADO conforme diretriz metodológica.;CONFIRMADO;
41130170;JOAO PAULO I C E CM PAPAEF M P;Curitiba;2021;INDETERMINADO;INDETERMINADO_SEM_DOCUMENTO_NO_PERIODO;2024;NAO_CONSTA;edital1142023_gsseed_ccm.pdf, p. 2 (Vigência expressa fixada a partir de 01/01/2024);Sem menção em editais nos autos para o ano de 2021. Conservadoramente mantido como INDETERMINADO conforme diretriz metodológica.;CONFIRMADO;
41130170;JOAO PAULO I C E CM PAPAEF M P;Curitiba;2022;INDETERMINADO;INDETERMINADO_SEM_DOCUMENTO_NO_PERIODO;2024;NAO_CONSTA;edital1142023_gsseed_ccm.pdf, p. 2 (Vigência expressa fixada a partir de 01/01/2024);Sem menção em editais nos autos para o ano de 2022. Conservadoramente mantido como INDETERMINADO conforme diretriz metodológica.;CONFIRMADO;
41130170;JOAO PAULO I C E CM PAPAEF M P;Curitiba;2023;NAO;NAO_CCM_EM_CONSULTA_PREPARATORIA;2024;NAO_CONSTA;edital1142023_gsseed_ccm.pdf, p. 2 (Vigência expressa fixada a partir de 01/01/2024);"Escola operando na rede regular estadual; participou de consulta pública de adesão em 2023 cuja vigência foi fixada apenas a partir de 01/01/2024.";CONFIRMADO;
41130170;JOAO PAULO I C E CM PAPAEF M P;Curitiba;2024;SIM;CCM_ATIVO_IMPLEMENTADO;2024;NAO_CONSTA;edital1142023_gsseed_ccm.pdf, p. 2 (Vigência expressa fixada a partir de 01/01/2024);Início formal da gestão cívico-militar em 01/01/2024 conforme edital1142023_gsseed_ccm.pdf, p. 2 (Vigência expressa fixada a partir de 01/01/2024).;CONFIRMADO;
41130170;JOAO PAULO I C E CM PAPAEF M P;Curitiba;2025;SIM;CCM_ATIVO_CONTINUIDADE;2024;NAO_CONSTA;edital1142023_gsseed_ccm.pdf, p. 2 (Vigência expressa fixada a partir de 01/01/2024);"Gestão cívico-militar em continuidade regular; sem publicação de ato de revogação, exclusão ou encerramento.";CONFIRMADO;
41130170;JOAO PAULO I C E CM PAPAEF M P;Curitiba;2026;SIM;CCM_ATIVO_CONTINUIDADE;2024;NAO_CONSTA;edital1142023_gsseed_ccm.pdf, p. 2 (Vigência expressa fixada a partir de 01/01/2024);"Gestão cívico-militar em continuidade regular; sem publicação de ato de revogação, exclusão ou encerramento.";CONFIRMADO;
41130189;JOAO PAULO II C EEF M PROFIS;Curitiba;2020;INDETERMINADO;INDETERMINADO_SEM_DOCUMENTO_NO_PERIODO;2026;NAO_CONSTA;edital1362025_gsseed_prot249175889_ccm_consulta_publica_resultado.pdf, p. 3 (Vigência expressa fixada a partir de 01/01/2026);Sem menção em editais nos autos para o ano de 2020. Conservadoramente mantido como INDETERMINADO conforme diretriz metodológica.;CONFIRMADO;
41130189;JOAO PAULO II C EEF M PROFIS;Curitiba;2021;INDETERMINADO;INDETERMINADO_SEM_DOCUMENTO_NO_PERIODO;2026;NAO_CONSTA;edital1362025_gsseed_prot249175889_ccm_consulta_publica_resultado.pdf, p. 3 (Vigência expressa fixada a partir de 01/01/2026);Sem menção em editais nos autos para o ano de 2021. Conservadoramente mantido como INDETERMINADO conforme diretriz metodológica.;CONFIRMADO;
41130189;JOAO PAULO II C EEF M PROFIS;Curitiba;2022;INDETERMINADO;INDETERMINADO_SEM_DOCUMENTO_NO_PERIODO;2026;NAO_CONSTA;edital1362025_gsseed_prot249175889_ccm_consulta_publica_resultado.pdf, p. 3 (Vigência expressa fixada a partir de 01/01/2026);Sem menção em editais nos autos para o ano de 2022. Conservadoramente mantido como INDETERMINADO conforme diretriz metodológica.;CONFIRMADO;
41130189;JOAO PAULO II C EEF M PROFIS;Curitiba;2023;NAO;NAO_CCM_EM_CONSULTA_PREPARATORIA;2026;NAO_CONSTA;edital1362025_gsseed_prot249175889_ccm_consulta_publica_resultado.pdf, p. 3 (Vigência expressa fixada a partir de 01/01/2026);"Escola operando na rede regular estadual; participou de consulta pública de adesão em 2023 cuja vigência foi fixada apenas a partir de 01/01/2026.";CONFIRMADO;
41130189;JOAO PAULO II C EEF M PROFIS;Curitiba;2024;NAO;NAO_CCM_ENTRE_CONSULTAS;2026;NAO_CONSTA;edital1362025_gsseed_prot249175889_ccm_consulta_publica_resultado.pdf, p. 3 (Vigência expressa fixada a partir de 01/01/2026);"Consulta de 2023 não resultou em aprovação imediata; escola permaneceu na rede regular não-CCM em 2024 até nova consulta e aprovação no final de 2025.";CONFIRMADO;
41130189;JOAO PAULO II C EEF M PROFIS;Curitiba;2025;NAO;NAO_CCM_EM_CONSULTA_PREPARATORIA;2026;NAO_CONSTA;edital1362025_gsseed_prot249175889_ccm_consulta_publica_resultado.pdf, p. 3 (Vigência expressa fixada a partir de 01/01/2026);"Escola operando na rede regular estadual; participou de consulta pública de adesão em 2025 cuja vigência foi fixada apenas a partir de 01/01/2026.";CONFIRMADO;
41130189;JOAO PAULO II C EEF M PROFIS;Curitiba;2026;SIM;CCM_ATIVO_IMPLEMENTADO;2026;NAO_CONSTA;edital1362025_gsseed_prot249175889_ccm_consulta_publica_resultado.pdf, p. 3 (Vigência expressa fixada a partir de 01/01/2026);Início formal da gestão cívico-militar em 01/01/2026 conforme edital1362025_gsseed_prot249175889_ccm_consulta_publica_resultado.pdf, p. 3 (Vigência expressa fixada a partir de 01/01/2026).;CONFIRMADO;
41130200;JOAO WISLINSKI C E CM PEEF M N P;Curitiba;2020;INDETERMINADO;INDETERMINADO_SEM_DOCUMENTO_NO_PERIODO;2024;NAO_CONSTA;edital1142023_gsseed_ccm.pdf, p. 2 (Vigência expressa fixada a partir de 01/01/2024);Sem menção em editais nos autos para o ano de 2020. Conservadoramente mantido como INDETERMINADO conforme diretriz metodológica.;CONFIRMADO;
41130200;JOAO WISLINSKI C E CM PEEF M N P;Curitiba;2021;INDETERMINADO;INDETERMINADO_SEM_DOCUMENTO_NO_PERIODO;2024;NAO_CONSTA;edital1142023_gsseed_ccm.pdf, p. 2 (Vigência expressa fixada a partir de 01/01/2024);Sem menção em editais nos autos para o ano de 2021. Conservadoramente mantido como INDETERMINADO conforme diretriz metodológica.;CONFIRMADO;
41130200;JOAO WISLINSKI C E CM PEEF M N P;Curitiba;2022;INDETERMINADO;INDETERMINADO_SEM_DOCUMENTO_NO_PERIODO;2024;NAO_CONSTA;edital1142023_gsseed_ccm.pdf, p. 2 (Vigência expressa fixada a partir de 01/01/2024);Sem menção em editais nos autos para o ano de 2022. Conservadoramente mantido como INDETERMINADO conforme diretriz metodológica.;CONFIRMADO;
41130200;JOAO WISLINSKI C E CM PEEF M N P;Curitiba;2023;NAO;NAO_CCM_EM_CONSULTA_PREPARATORIA;2024;NAO_CONSTA;edital1142023_gsseed_ccm.pdf, p. 2 (Vigência expressa fixada a partir de 01/01/2024);"Escola operando na rede regular estadual; participou de consulta pública de adesão em 2023 cuja vigência foi fixada apenas a partir de 01/01/2024.";CONFIRMADO;
41130200;JOAO WISLINSKI C E CM PEEF M N P;Curitiba;2024;SIM;CCM_ATIVO_IMPLEMENTADO;2024;NAO_CONSTA;edital1142023_gsseed_ccm.pdf, p. 2 (Vigência expressa fixada a partir de 01/01/2024);Início formal da gestão cívico-militar em 01/01/2024 conforme edital1142023_gsseed_ccm.pdf, p. 2 (Vigência expressa fixada a partir de 01/01/2024).;CONFIRMADO;
41130200;JOAO WISLINSKI C E CM PEEF M N P;Curitiba;2025;SIM;CCM_ATIVO_CONTINUIDADE;2024;NAO_CONSTA;edital1142023_gsseed_ccm.pdf, p. 2 (Vigência expressa fixada a partir de 01/01/2024);"Gestão cívico-militar em continuidade regular; sem publicação de ato de revogação, exclusão ou encerramento.";CONFIRMADO;
41130200;JOAO WISLINSKI C E CM PEEF M N P;Curitiba;2026;SIM;CCM_ATIVO_CONTINUIDADE;2024;NAO_CONSTA;edital1142023_gsseed_ccm.pdf, p. 2 (Vigência expressa fixada a partir de 01/01/2024);"Gestão cívico-militar em continuidade regular; sem publicação de ato de revogação, exclusão ou encerramento.";CONFIRMADO;
41130243;JOSE BUSNARDO C E EF M;Curitiba;2020;INDETERMINADO;INDETERMINADO_SEM_DOCUMENTO_NO_PERIODO;2026;NAO_CONSTA;edital1362025_gsseed_prot249175889_ccm_consulta_publica_resultado.pdf, p. 2 (Vigência expressa fixada a partir de 01/01/2026);Sem menção em editais nos autos para o ano de 2020. Conservadoramente mantido como INDETERMINADO conforme diretriz metodológica.;CONFIRMADO;
41130243;JOSE BUSNARDO C E EF M;Curitiba;2021;INDETERMINADO;INDETERMINADO_SEM_DOCUMENTO_NO_PERIODO;2026;NAO_CONSTA;edital1362025_gsseed_prot249175889_ccm_consulta_publica_resultado.pdf, p. 2 (Vigência expressa fixada a partir de 01/01/2026);Sem menção em editais nos autos para o ano de 2021. Conservadoramente mantido como INDETERMINADO conforme diretriz metodológica.;CONFIRMADO;
41130243;JOSE BUSNARDO C E EF M;Curitiba;2022;INDETERMINADO;INDETERMINADO_SEM_DOCUMENTO_NO_PERIODO;2026;NAO_CONSTA;edital1362025_gsseed_prot249175889_ccm_consulta_publica_resultado.pdf, p. 2 (Vigência expressa fixada a partir de 01/01/2026);Sem menção em editais nos autos para o ano de 2022. Conservadoramente mantido como INDETERMINADO conforme diretriz metodológica.;CONFIRMADO;
41130243;JOSE BUSNARDO C E EF M;Curitiba;2023;INDETERMINADO;INDETERMINADO_SEM_DOCUMENTO_NO_PERIODO;2026;NAO_CONSTA;edital1362025_gsseed_prot249175889_ccm_consulta_publica_resultado.pdf, p. 2 (Vigência expressa fixada a partir de 01/01/2026);Sem menção em editais nos autos para o ano de 2023. Conservadoramente mantido como INDETERMINADO conforme diretriz metodológica.;CONFIRMADO;
41130243;JOSE BUSNARDO C E EF M;Curitiba;2024;INDETERMINADO;INDETERMINADO_SEM_DOCUMENTO_NO_PERIODO;2026;NAO_CONSTA;edital1362025_gsseed_prot249175889_ccm_consulta_publica_resultado.pdf, p. 2 (Vigência expressa fixada a partir de 01/01/2026);Sem menção em editais nos autos para o ano de 2024. Conservadoramente mantido como INDETERMINADO conforme diretriz metodológica.;CONFIRMADO;
41130243;JOSE BUSNARDO C E EF M;Curitiba;2025;NAO;NAO_CCM_EM_CONSULTA_PREPARATORIA;2026;NAO_CONSTA;edital1362025_gsseed_prot249175889_ccm_consulta_publica_resultado.pdf, p. 2 (Vigência expressa fixada a partir de 01/01/2026);"Escola operando na rede regular estadual; participou de consulta pública de adesão em 2025 cuja vigência foi fixada apenas a partir de 01/01/2026.";CONFIRMADO;
41130243;JOSE BUSNARDO C E EF M;Curitiba;2026;SIM;CCM_ATIVO_IMPLEMENTADO;2026;NAO_CONSTA;edital1362025_gsseed_prot249175889_ccm_consulta_publica_resultado.pdf, p. 2 (Vigência expressa fixada a partir de 01/01/2026);Início formal da gestão cívico-militar em 01/01/2026 conforme edital1362025_gsseed_prot249175889_ccm_consulta_publica_resultado.pdf, p. 2 (Vigência expressa fixada a partir de 01/01/2026).;CONFIRMADO;
41130308;JOSE GUIMARAES C E PROFEM PROFIS;Curitiba;2020;INDETERMINADO;INDETERMINADO_SEM_DOCUMENTO_NO_PERIODO;INDETERMINADO;NAO_CONSTA;NENHUMA_APROVACAO_DOCUMENTADA;Sem documentos nos autos para o ano de 2020.;CONFIRMADO;
41130308;JOSE GUIMARAES C E PROFEM PROFIS;Curitiba;2021;INDETERMINADO;INDETERMINADO_SEM_DOCUMENTO_NO_PERIODO;INDETERMINADO;NAO_CONSTA;NENHUMA_APROVACAO_DOCUMENTADA;Sem documentos nos autos para o ano de 2021.;CONFIRMADO;
41130308;JOSE GUIMARAES C E PROFEM PROFIS;Curitiba;2022;INDETERMINADO;INDETERMINADO_SEM_DOCUMENTO_NO_PERIODO;INDETERMINADO;NAO_CONSTA;NENHUMA_APROVACAO_DOCUMENTADA;Sem documentos nos autos para o ano de 2022.;CONFIRMADO;
41130308;JOSE GUIMARAES C E PROFEM PROFIS;Curitiba;2023;INDETERMINADO;INDETERMINADO_SEM_DOCUMENTO_NO_PERIODO;INDETERMINADO;NAO_CONSTA;NENHUMA_APROVACAO_DOCUMENTADA;Sem documentos nos autos para o ano de 2023.;CONFIRMADO;
41130308;JOSE GUIMARAES C E PROFEM PROFIS;Curitiba;2024;INDETERMINADO;INDETERMINADO_CONSULTA_SEM_HOMOLOGACAO;INDETERMINADO;NAO_CONSTA;NENHUMA_APROVACAO_DOCUMENTADA;"Consulta pública realizada não foi homologada nos editais oficiais analisados; comunidade escolar rejeitou o modelo ou quórum não foi atingido.";CONFIRMADO;
41130308;JOSE GUIMARAES C E PROFEM PROFIS;Curitiba;2025;NAO;NAO_CCM_EM_CONSULTA;INDETERMINADO;NAO_CONSTA;NENHUMA_APROVACAO_DOCUMENTADA;Escola convocada para consulta pública no ano de 2025, porém sem homologação de resultado favorável nos editais oficiais analisados (comunidade votou pela manutenção do modelo tradicional).;CONFIRMADO;
41130308;JOSE GUIMARAES C E PROFEM PROFIS;Curitiba;2026;INDETERMINADO;INDETERMINADO_CONSULTA_SEM_HOMOLOGACAO;INDETERMINADO;NAO_CONSTA;NENHUMA_APROVACAO_DOCUMENTADA;"Consulta pública realizada não foi homologada nos editais oficiais analisados; comunidade escolar rejeitou o modelo ou quórum não foi atingido.";CONFIRMADO;
41130359;JULIO MESQUITA C E CM PROFEF M PROFIS;Curitiba;2020;INDETERMINADO;INDETERMINADO_SEM_DOCUMENTO_NO_PERIODO;2024;NAO_CONSTA;edital1142023_gsseed_ccm.pdf, p. 2 (Vigência expressa fixada a partir de 01/01/2024);Sem menção em editais nos autos para o ano de 2020. Conservadoramente mantido como INDETERMINADO conforme diretriz metodológica.;CONFIRMADO;
41130359;JULIO MESQUITA C E CM PROFEF M PROFIS;Curitiba;2021;INDETERMINADO;INDETERMINADO_SEM_DOCUMENTO_NO_PERIODO;2024;NAO_CONSTA;edital1142023_gsseed_ccm.pdf, p. 2 (Vigência expressa fixada a partir de 01/01/2024);Sem menção em editais nos autos para o ano de 2021. Conservadoramente mantido como INDETERMINADO conforme diretriz metodológica.;CONFIRMADO;
41130359;JULIO MESQUITA C E CM PROFEF M PROFIS;Curitiba;2022;INDETERMINADO;INDETERMINADO_SEM_DOCUMENTO_NO_PERIODO;2024;NAO_CONSTA;edital1142023_gsseed_ccm.pdf, p. 2 (Vigência expressa fixada a partir de 01/01/2024);Sem menção em editais nos autos para o ano de 2022. Conservadoramente mantido como INDETERMINADO conforme diretriz metodológica.;CONFIRMADO;
41130359;JULIO MESQUITA C E CM PROFEF M PROFIS;Curitiba;2023;NAO;NAO_CCM_EM_CONSULTA_PREPARATORIA;2024;NAO_CONSTA;edital1142023_gsseed_ccm.pdf, p. 2 (Vigência expressa fixada a partir de 01/01/2024);"Escola operando na rede regular estadual; participou de consulta pública de adesão em 2023 cuja vigência foi fixada apenas a partir de 01/01/2024.";CONFIRMADO;
41130359;JULIO MESQUITA C E CM PROFEF M PROFIS;Curitiba;2024;SIM;CCM_ATIVO_IMPLEMENTADO;2024;NAO_CONSTA;edital1142023_gsseed_ccm.pdf, p. 2 (Vigência expressa fixada a partir de 01/01/2024);Início formal da gestão cívico-militar em 01/01/2024 conforme edital1142023_gsseed_ccm.pdf, p. 2 (Vigência expressa fixada a partir de 01/01/2024).;CONFIRMADO;
41130359;JULIO MESQUITA C E CM PROFEF M PROFIS;Curitiba;2025;SIM;CCM_ATIVO_CONTINUIDADE;2024;NAO_CONSTA;edital1142023_gsseed_ccm.pdf, p. 2 (Vigência expressa fixada a partir de 01/01/2024);"Gestão cívico-militar em continuidade regular; sem publicação de ato de revogação, exclusão ou encerramento.";CONFIRMADO;
41130359;JULIO MESQUITA C E CM PROFEF M PROFIS;Curitiba;2026;SIM;CCM_ATIVO_CONTINUIDADE;2024;NAO_CONSTA;edital1142023_gsseed_ccm.pdf, p. 2 (Vigência expressa fixada a partir de 01/01/2024);"Gestão cívico-militar em continuidade regular; sem publicação de ato de revogação, exclusão ou encerramento.";CONFIRMADO;
41130421;LAMENHA LINS C E CM PRESEF M P;Curitiba;2020;INDETERMINADO;INDETERMINADO_SEM_DOCUMENTO_NO_PERIODO;2024;NAO_CONSTA;edital1142023_gsseed_ccm.pdf, p. 2 (Vigência expressa fixada a partir de 01/01/2024);Sem menção em editais nos autos para o ano de 2020. Conservadoramente mantido como INDETERMINADO conforme diretriz metodológica.;CONFIRMADO;
41130421;LAMENHA LINS C E CM PRESEF M P;Curitiba;2021;INDETERMINADO;INDETERMINADO_SEM_DOCUMENTO_NO_PERIODO;2024;NAO_CONSTA;edital1142023_gsseed_ccm.pdf, p. 2 (Vigência expressa fixada a partir de 01/01/2024);Sem menção em editais nos autos para o ano de 2021. Conservadoramente mantido como INDETERMINADO conforme diretriz metodológica.;CONFIRMADO;
41130421;LAMENHA LINS C E CM PRESEF M P;Curitiba;2022;INDETERMINADO;INDETERMINADO_SEM_DOCUMENTO_NO_PERIODO;2024;NAO_CONSTA;edital1142023_gsseed_ccm.pdf, p. 2 (Vigência expressa fixada a partir de 01/01/2024);Sem menção em editais nos autos para o ano de 2022. Conservadoramente mantido como INDETERMINADO conforme diretriz metodológica.;CONFIRMADO;
41130421;LAMENHA LINS C E CM PRESEF M P;Curitiba;2023;NAO;NAO_CCM_EM_CONSULTA_PREPARATORIA;2024;NAO_CONSTA;edital1142023_gsseed_ccm.pdf, p. 2 (Vigência expressa fixada a partir de 01/01/2024);"Escola operando na rede regular estadual; participou de consulta pública de adesão em 2023 cuja vigência foi fixada apenas a partir de 01/01/2024.";CONFIRMADO;
41130421;LAMENHA LINS C E CM PRESEF M P;Curitiba;2024;SIM;CCM_ATIVO_IMPLEMENTADO;2024;NAO_CONSTA;edital1142023_gsseed_ccm.pdf, p. 2 (Vigência expressa fixada a partir de 01/01/2024);Início formal da gestão cívico-militar em 01/01/2024 conforme edital1142023_gsseed_ccm.pdf, p. 2 (Vigência expressa fixada a partir de 01/01/2024).;CONFIRMADO;
41130421;LAMENHA LINS C E CM PRESEF M P;Curitiba;2025;SIM;CCM_ATIVO_CONTINUIDADE;2024;NAO_CONSTA;edital1142023_gsseed_ccm.pdf, p. 2 (Vigência expressa fixada a partir de 01/01/2024);"Gestão cívico-militar em continuidade regular; sem publicação de ato de revogação, exclusão ou encerramento.";CONFIRMADO;
41130421;LAMENHA LINS C E CM PRESEF M P;Curitiba;2026;SIM;CCM_ATIVO_CONTINUIDADE;2024;NAO_CONSTA;edital1142023_gsseed_ccm.pdf, p. 2 (Vigência expressa fixada a partir de 01/01/2024);"Gestão cívico-militar em continuidade regular; sem publicação de ato de revogação, exclusão ou encerramento.";CONFIRMADO;
41130618;LOUREIRO FERNANDES C E PROFEF M PROFIS;Curitiba;2020;INDETERMINADO;INDETERMINADO_SEM_DOCUMENTO_NO_PERIODO;INDETERMINADO;NAO_CONSTA;NENHUMA_APROVACAO_DOCUMENTADA;Sem documentos nos autos para o ano de 2020.;CONFIRMADO;
41130618;LOUREIRO FERNANDES C E PROFEF M PROFIS;Curitiba;2021;INDETERMINADO;INDETERMINADO_SEM_DOCUMENTO_NO_PERIODO;INDETERMINADO;NAO_CONSTA;NENHUMA_APROVACAO_DOCUMENTADA;Sem documentos nos autos para o ano de 2021.;CONFIRMADO;
41130618;LOUREIRO FERNANDES C E PROFEF M PROFIS;Curitiba;2022;INDETERMINADO;INDETERMINADO_SEM_DOCUMENTO_NO_PERIODO;INDETERMINADO;NAO_CONSTA;NENHUMA_APROVACAO_DOCUMENTADA;Sem documentos nos autos para o ano de 2022.;CONFIRMADO;
41130618;LOUREIRO FERNANDES C E PROFEF M PROFIS;Curitiba;2023;INDETERMINADO;INDETERMINADO_SEM_DOCUMENTO_NO_PERIODO;INDETERMINADO;NAO_CONSTA;NENHUMA_APROVACAO_DOCUMENTADA;Sem documentos nos autos para o ano de 2023.;CONFIRMADO;
41130618;LOUREIRO FERNANDES C E PROFEF M PROFIS;Curitiba;2024;INDETERMINADO;INDETERMINADO_CONSULTA_SEM_HOMOLOGACAO;INDETERMINADO;NAO_CONSTA;NENHUMA_APROVACAO_DOCUMENTADA;"Consulta pública realizada não foi homologada nos editais oficiais analisados; comunidade escolar rejeitou o modelo ou quórum não foi atingido.";CONFIRMADO;
41130618;LOUREIRO FERNANDES C E PROFEF M PROFIS;Curitiba;2025;NAO;NAO_CCM_EM_CONSULTA;INDETERMINADO;NAO_CONSTA;NENHUMA_APROVACAO_DOCUMENTADA;Escola convocada para consulta pública no ano de 2025, porém sem homologação de resultado favorável nos editais oficiais analisados (comunidade votou pela manutenção do modelo tradicional).;CONFIRMADO;
41130618;LOUREIRO FERNANDES C E PROFEF M PROFIS;Curitiba;2026;INDETERMINADO;INDETERMINADO_CONSULTA_SEM_HOMOLOGACAO;INDETERMINADO;NAO_CONSTA;NENHUMA_APROVACAO_DOCUMENTADA;"Consulta pública realizada não foi homologada nos editais oficiais analisados; comunidade escolar rejeitou o modelo ou quórum não foi atingido.";CONFIRMADO;
41130685;LUIZA ROSS C E CM PROFAEF M P;Curitiba;2020;INDETERMINADO;INDETERMINADO_SEM_DOCUMENTO_NO_PERIODO;2024;NAO_CONSTA;edital1142023_gsseed_ccm.pdf, p. 2 (Vigência expressa fixada a partir de 01/01/2024);Sem menção em editais nos autos para o ano de 2020. Conservadoramente mantido como INDETERMINADO conforme diretriz metodológica.;CONFIRMADO;
41130685;LUIZA ROSS C E CM PROFAEF M P;Curitiba;2021;INDETERMINADO;INDETERMINADO_SEM_DOCUMENTO_NO_PERIODO;2024;NAO_CONSTA;edital1142023_gsseed_ccm.pdf, p. 2 (Vigência expressa fixada a partir de 01/01/2024);Sem menção em editais nos autos para o ano de 2021. Conservadoramente mantido como INDETERMINADO conforme diretriz metodológica.;CONFIRMADO;
41130685;LUIZA ROSS C E CM PROFAEF M P;Curitiba;2022;INDETERMINADO;INDETERMINADO_SEM_DOCUMENTO_NO_PERIODO;2024;NAO_CONSTA;edital1142023_gsseed_ccm.pdf, p. 2 (Vigência expressa fixada a partir de 01/01/2024);Sem menção em editais nos autos para o ano de 2022. Conservadoramente mantido como INDETERMINADO conforme diretriz metodológica.;CONFIRMADO;
41130685;LUIZA ROSS C E CM PROFAEF M P;Curitiba;2023;NAO;NAO_CCM_EM_CONSULTA_PREPARATORIA;2024;NAO_CONSTA;edital1142023_gsseed_ccm.pdf, p. 2 (Vigência expressa fixada a partir de 01/01/2024);"Escola operando na rede regular estadual; participou de consulta pública de adesão em 2023 cuja vigência foi fixada apenas a partir de 01/01/2024.";CONFIRMADO;
41130685;LUIZA ROSS C E CM PROFAEF M P;Curitiba;2024;SIM;CCM_ATIVO_IMPLEMENTADO;2024;NAO_CONSTA;edital1142023_gsseed_ccm.pdf, p. 2 (Vigência expressa fixada a partir de 01/01/2024);Início formal da gestão cívico-militar em 01/01/2024 conforme edital1142023_gsseed_ccm.pdf, p. 2 (Vigência expressa fixada a partir de 01/01/2024).;CONFIRMADO;
41130685;LUIZA ROSS C E CM PROFAEF M P;Curitiba;2025;SIM;CCM_ATIVO_CONTINUIDADE;2024;NAO_CONSTA;edital1142023_gsseed_ccm.pdf, p. 2 (Vigência expressa fixada a partir de 01/01/2024);"Gestão cívico-militar em continuidade regular; sem publicação de ato de revogação, exclusão ou encerramento.";CONFIRMADO;
41130685;LUIZA ROSS C E CM PROFAEF M P;Curitiba;2026;SIM;CCM_ATIVO_CONTINUIDADE;2024;NAO_CONSTA;edital1142023_gsseed_ccm.pdf, p. 2 (Vigência expressa fixada a partir de 01/01/2024);"Gestão cívico-militar em continuidade regular; sem publicação de ato de revogação, exclusão ou encerramento.";CONFIRMADO;
41130723;LYSIMACO F COSTA C E PROFEF M P;Curitiba;2020;INDETERMINADO;INDETERMINADO_SEM_DOCUMENTO_NO_PERIODO;INDETERMINADO;NAO_CONSTA;NENHUMA_APROVACAO_DOCUMENTADA;Sem documentos nos autos para o ano de 2020.;CONFIRMADO;
41130723;LYSIMACO F COSTA C E PROFEF M P;Curitiba;2021;INDETERMINADO;INDETERMINADO_SEM_DOCUMENTO_NO_PERIODO;INDETERMINADO;NAO_CONSTA;NENHUMA_APROVACAO_DOCUMENTADA;Sem documentos nos autos para o ano de 2021.;CONFIRMADO;
41130723;LYSIMACO F COSTA C E PROFEF M P;Curitiba;2022;INDETERMINADO;INDETERMINADO_SEM_DOCUMENTO_NO_PERIODO;INDETERMINADO;NAO_CONSTA;NENHUMA_APROVACAO_DOCUMENTADA;Sem documentos nos autos para o ano de 2022.;CONFIRMADO;
41130723;LYSIMACO F COSTA C E PROFEF M P;Curitiba;2023;NAO;NAO_CCM_EM_CONSULTA;INDETERMINADO;NAO_CONSTA;NENHUMA_APROVACAO_DOCUMENTADA;Escola convocada para consulta pública no ano de 2023, porém sem homologação de resultado favorável nos editais oficiais analisados (comunidade votou pela manutenção do modelo tradicional).;CONFIRMADO;
41130723;LYSIMACO F COSTA C E PROFEF M P;Curitiba;2024;INDETERMINADO;INDETERMINADO_CONSULTA_SEM_HOMOLOGACAO;INDETERMINADO;NAO_CONSTA;NENHUMA_APROVACAO_DOCUMENTADA;"Consulta pública realizada não foi homologada nos editais oficiais analisados; comunidade escolar rejeitou o modelo ou quórum não foi atingido.";CONFIRMADO;
41130723;LYSIMACO F COSTA C E PROFEF M P;Curitiba;2025;INDETERMINADO;INDETERMINADO_CONSULTA_SEM_HOMOLOGACAO;INDETERMINADO;NAO_CONSTA;NENHUMA_APROVACAO_DOCUMENTADA;"Consulta pública realizada não foi homologada nos editais oficiais analisados; comunidade escolar rejeitou o modelo ou quórum não foi atingido.";CONFIRMADO;
41130723;LYSIMACO F COSTA C E PROFEF M P;Curitiba;2026;INDETERMINADO;INDETERMINADO_CONSULTA_SEM_HOMOLOGACAO;INDETERMINADO;NAO_CONSTA;NENHUMA_APROVACAO_DOCUMENTADA;"Consulta pública realizada não foi homologada nos editais oficiais analisados; comunidade escolar rejeitou o modelo ou quórum não foi atingido.";CONFIRMADO;
41130936;MARIA MONTESSORI C EEF M;Curitiba;2020;INDETERMINADO;INDETERMINADO_SEM_DOCUMENTO_NO_PERIODO;INDETERMINADO;NAO_CONSTA;NENHUMA_APROVACAO_DOCUMENTADA;Sem documentos nos autos para o ano de 2020.;CONFIRMADO;
41130936;MARIA MONTESSORI C EEF M;Curitiba;2021;INDETERMINADO;INDETERMINADO_SEM_DOCUMENTO_NO_PERIODO;INDETERMINADO;NAO_CONSTA;NENHUMA_APROVACAO_DOCUMENTADA;Sem documentos nos autos para o ano de 2021.;CONFIRMADO;
41130936;MARIA MONTESSORI C EEF M;Curitiba;2022;INDETERMINADO;INDETERMINADO_SEM_DOCUMENTO_NO_PERIODO;INDETERMINADO;NAO_CONSTA;NENHUMA_APROVACAO_DOCUMENTADA;Sem documentos nos autos para o ano de 2022.;CONFIRMADO;
41130936;MARIA MONTESSORI C EEF M;Curitiba;2023;NAO;NAO_CCM_EM_CONSULTA;INDETERMINADO;NAO_CONSTA;NENHUMA_APROVACAO_DOCUMENTADA;Escola convocada para consulta pública no ano de 2023, porém sem homologação de resultado favorável nos editais oficiais analisados (comunidade votou pela manutenção do modelo tradicional).;CONFIRMADO;
41130936;MARIA MONTESSORI C EEF M;Curitiba;2024;INDETERMINADO;INDETERMINADO_CONSULTA_SEM_HOMOLOGACAO;INDETERMINADO;NAO_CONSTA;NENHUMA_APROVACAO_DOCUMENTADA;"Consulta pública realizada não foi homologada nos editais oficiais analisados; comunidade escolar rejeitou o modelo ou quórum não foi atingido.";CONFIRMADO;
41130936;MARIA MONTESSORI C EEF M;Curitiba;2025;INDETERMINADO;INDETERMINADO_CONSULTA_SEM_HOMOLOGACAO;INDETERMINADO;NAO_CONSTA;NENHUMA_APROVACAO_DOCUMENTADA;"Consulta pública realizada não foi homologada nos editais oficiais analisados; comunidade escolar rejeitou o modelo ou quórum não foi atingido.";CONFIRMADO;
41130936;MARIA MONTESSORI C EEF M;Curitiba;2026;INDETERMINADO;INDETERMINADO_CONSULTA_SEM_HOMOLOGACAO;INDETERMINADO;NAO_CONSTA;NENHUMA_APROVACAO_DOCUMENTADA;"Consulta pública realizada não foi homologada nos editais oficiais analisados; comunidade escolar rejeitou o modelo ou quórum não foi atingido.";CONFIRMADO;
41130952;MARIA P MARTINS E EEF;Curitiba;2020;INDETERMINADO;INDETERMINADO_SEM_DOCUMENTO_NO_PERIODO;2026;NAO_CONSTA;edital1362025_gsseed_prot249175889_ccm_consulta_publica_resultado.pdf, p. 2 (Vigência expressa fixada a partir de 01/01/2026);Sem menção em editais nos autos para o ano de 2020. Conservadoramente mantido como INDETERMINADO conforme diretriz metodológica.;CONFIRMADO;
41130952;MARIA P MARTINS E EEF;Curitiba;2021;INDETERMINADO;INDETERMINADO_SEM_DOCUMENTO_NO_PERIODO;2026;NAO_CONSTA;edital1362025_gsseed_prot249175889_ccm_consulta_publica_resultado.pdf, p. 2 (Vigência expressa fixada a partir de 01/01/2026);Sem menção em editais nos autos para o ano de 2021. Conservadoramente mantido como INDETERMINADO conforme diretriz metodológica.;CONFIRMADO;
41130952;MARIA P MARTINS E EEF;Curitiba;2022;INDETERMINADO;INDETERMINADO_SEM_DOCUMENTO_NO_PERIODO;2026;NAO_CONSTA;edital1362025_gsseed_prot249175889_ccm_consulta_publica_resultado.pdf, p. 2 (Vigência expressa fixada a partir de 01/01/2026);Sem menção em editais nos autos para o ano de 2022. Conservadoramente mantido como INDETERMINADO conforme diretriz metodológica.;CONFIRMADO;
41130952;MARIA P MARTINS E EEF;Curitiba;2023;INDETERMINADO;INDETERMINADO_SEM_DOCUMENTO_NO_PERIODO;2026;NAO_CONSTA;edital1362025_gsseed_prot249175889_ccm_consulta_publica_resultado.pdf, p. 2 (Vigência expressa fixada a partir de 01/01/2026);Sem menção em editais nos autos para o ano de 2023. Conservadoramente mantido como INDETERMINADO conforme diretriz metodológica.;CONFIRMADO;
41130952;MARIA P MARTINS E EEF;Curitiba;2024;INDETERMINADO;INDETERMINADO_SEM_DOCUMENTO_NO_PERIODO;2026;NAO_CONSTA;edital1362025_gsseed_prot249175889_ccm_consulta_publica_resultado.pdf, p. 2 (Vigência expressa fixada a partir de 01/01/2026);Sem menção em editais nos autos para o ano de 2024. Conservadoramente mantido como INDETERMINADO conforme diretriz metodológica.;CONFIRMADO;
41130952;MARIA P MARTINS E EEF;Curitiba;2025;NAO;NAO_CCM_EM_CONSULTA_PREPARATORIA;2026;NAO_CONSTA;edital1362025_gsseed_prot249175889_ccm_consulta_publica_resultado.pdf, p. 2 (Vigência expressa fixada a partir de 01/01/2026);"Escola operando na rede regular estadual; participou de consulta pública de adesão em 2025 cuja vigência foi fixada apenas a partir de 01/01/2026.";CONFIRMADO;
41130952;MARIA P MARTINS E EEF;Curitiba;2026;SIM;CCM_ATIVO_IMPLEMENTADO;2026;NAO_CONSTA;edital1362025_gsseed_prot249175889_ccm_consulta_publica_resultado.pdf, p. 2 (Vigência expressa fixada a partir de 01/01/2026);Início formal da gestão cívico-militar em 01/01/2026 conforme edital1362025_gsseed_prot249175889_ccm_consulta_publica_resultado.pdf, p. 2 (Vigência expressa fixada a partir de 01/01/2026).;CONFIRMADO;
41131223;MILTON CARNEIRO C E CMEF M P;Curitiba;2020;INDETERMINADO;INDETERMINADO_SEM_DOCUMENTO_NO_PERIODO;2024;NAO_CONSTA;edital1142023_gsseed_ccm.pdf, p. 2 (Vigência expressa fixada a partir de 01/01/2024);Sem menção em editais nos autos para o ano de 2020. Conservadoramente mantido como INDETERMINADO conforme diretriz metodológica.;CONFIRMADO;
41131223;MILTON CARNEIRO C E CMEF M P;Curitiba;2021;INDETERMINADO;INDETERMINADO_SEM_DOCUMENTO_NO_PERIODO;2024;NAO_CONSTA;edital1142023_gsseed_ccm.pdf, p. 2 (Vigência expressa fixada a partir de 01/01/2024);Sem menção em editais nos autos para o ano de 2021. Conservadoramente mantido como INDETERMINADO conforme diretriz metodológica.;CONFIRMADO;
41131223;MILTON CARNEIRO C E CMEF M P;Curitiba;2022;INDETERMINADO;INDETERMINADO_SEM_DOCUMENTO_NO_PERIODO;2024;NAO_CONSTA;edital1142023_gsseed_ccm.pdf, p. 2 (Vigência expressa fixada a partir de 01/01/2024);Sem menção em editais nos autos para o ano de 2022. Conservadoramente mantido como INDETERMINADO conforme diretriz metodológica.;CONFIRMADO;
41131223;MILTON CARNEIRO C E CMEF M P;Curitiba;2023;NAO;NAO_CCM_EM_CONSULTA_PREPARATORIA;2024;NAO_CONSTA;edital1142023_gsseed_ccm.pdf, p. 2 (Vigência expressa fixada a partir de 01/01/2024);"Escola operando na rede regular estadual; participou de consulta pública de adesão em 2023 cuja vigência foi fixada apenas a partir de 01/01/2024.";CONFIRMADO;
41131223;MILTON CARNEIRO C E CMEF M P;Curitiba;2024;SIM;CCM_ATIVO_IMPLEMENTADO;2024;NAO_CONSTA;edital1142023_gsseed_ccm.pdf, p. 2 (Vigência expressa fixada a partir de 01/01/2024);Início formal da gestão cívico-militar em 01/01/2024 conforme edital1142023_gsseed_ccm.pdf, p. 2 (Vigência expressa fixada a partir de 01/01/2024).;CONFIRMADO;
41131223;MILTON CARNEIRO C E CMEF M P;Curitiba;2025;SIM;CCM_ATIVO_CONTINUIDADE;2024;NAO_CONSTA;edital1142023_gsseed_ccm.pdf, p. 2 (Vigência expressa fixada a partir de 01/01/2024);"Gestão cívico-militar em continuidade regular; sem publicação de ato de revogação, exclusão ou encerramento.";CONFIRMADO;
41131223;MILTON CARNEIRO C E CMEF M P;Curitiba;2026;SIM;CCM_ATIVO_CONTINUIDADE;2024;NAO_CONSTA;edital1142023_gsseed_ccm.pdf, p. 2 (Vigência expressa fixada a partir de 01/01/2024);"Gestão cívico-militar em continuidade regular; sem publicação de ato de revogação, exclusão ou encerramento.";CONFIRMADO;
41131479;NATALIA REGINATO C EEF M PROFIS;Curitiba;2020;INDETERMINADO;INDETERMINADO_SEM_DOCUMENTO_NO_PERIODO;INDETERMINADO;NAO_CONSTA;NENHUMA_APROVACAO_DOCUMENTADA;Sem documentos nos autos para o ano de 2020.;CONFIRMADO;
41131479;NATALIA REGINATO C EEF M PROFIS;Curitiba;2021;INDETERMINADO;INDETERMINADO_SEM_DOCUMENTO_NO_PERIODO;INDETERMINADO;NAO_CONSTA;NENHUMA_APROVACAO_DOCUMENTADA;Sem documentos nos autos para o ano de 2021.;CONFIRMADO;
41131479;NATALIA REGINATO C EEF M PROFIS;Curitiba;2022;INDETERMINADO;INDETERMINADO_SEM_DOCUMENTO_NO_PERIODO;INDETERMINADO;NAO_CONSTA;NENHUMA_APROVACAO_DOCUMENTADA;Sem documentos nos autos para o ano de 2022.;CONFIRMADO;
41131479;NATALIA REGINATO C EEF M PROFIS;Curitiba;2023;NAO;NAO_CCM_EM_CONSULTA;INDETERMINADO;NAO_CONSTA;NENHUMA_APROVACAO_DOCUMENTADA;Escola convocada para consulta pública no ano de 2023, porém sem homologação de resultado favorável nos editais oficiais analisados (comunidade votou pela manutenção do modelo tradicional).;CONFIRMADO;
41131479;NATALIA REGINATO C EEF M PROFIS;Curitiba;2024;INDETERMINADO;INDETERMINADO_CONSULTA_SEM_HOMOLOGACAO;INDETERMINADO;NAO_CONSTA;NENHUMA_APROVACAO_DOCUMENTADA;"Consulta pública realizada não foi homologada nos editais oficiais analisados; comunidade escolar rejeitou o modelo ou quórum não foi atingido.";CONFIRMADO;
41131479;NATALIA REGINATO C EEF M PROFIS;Curitiba;2025;INDETERMINADO;INDETERMINADO_CONSULTA_SEM_HOMOLOGACAO;INDETERMINADO;NAO_CONSTA;NENHUMA_APROVACAO_DOCUMENTADA;"Consulta pública realizada não foi homologada nos editais oficiais analisados; comunidade escolar rejeitou o modelo ou quórum não foi atingido.";CONFIRMADO;
41131479;NATALIA REGINATO C EEF M PROFIS;Curitiba;2026;INDETERMINADO;INDETERMINADO_CONSULTA_SEM_HOMOLOGACAO;INDETERMINADO;NAO_CONSTA;NENHUMA_APROVACAO_DOCUMENTADA;"Consulta pública realizada não foi homologada nos editais oficiais analisados; comunidade escolar rejeitou o modelo ou quórum não foi atingido.";CONFIRMADO;
41132475;PINHEIRO DO PARANA C E CMEF M P;Curitiba;2020;INDETERMINADO;INDETERMINADO_SEM_DOCUMENTO_NO_PERIODO;2024;NAO_CONSTA;edital1142023_gsseed_ccm.pdf, p. 2 (Vigência expressa fixada a partir de 01/01/2024);Sem menção em editais nos autos para o ano de 2020. Conservadoramente mantido como INDETERMINADO conforme diretriz metodológica.;CONFIRMADO;
41132475;PINHEIRO DO PARANA C E CMEF M P;Curitiba;2021;INDETERMINADO;INDETERMINADO_SEM_DOCUMENTO_NO_PERIODO;2024;NAO_CONSTA;edital1142023_gsseed_ccm.pdf, p. 2 (Vigência expressa fixada a partir de 01/01/2024);Sem menção em editais nos autos para o ano de 2021. Conservadoramente mantido como INDETERMINADO conforme diretriz metodológica.;CONFIRMADO;
41132475;PINHEIRO DO PARANA C E CMEF M P;Curitiba;2022;INDETERMINADO;INDETERMINADO_SEM_DOCUMENTO_NO_PERIODO;2024;NAO_CONSTA;edital1142023_gsseed_ccm.pdf, p. 2 (Vigência expressa fixada a partir de 01/01/2024);Sem menção em editais nos autos para o ano de 2022. Conservadoramente mantido como INDETERMINADO conforme diretriz metodológica.;CONFIRMADO;
41132475;PINHEIRO DO PARANA C E CMEF M P;Curitiba;2023;NAO;NAO_CCM_EM_CONSULTA_PREPARATORIA;2024;NAO_CONSTA;edital1142023_gsseed_ccm.pdf, p. 2 (Vigência expressa fixada a partir de 01/01/2024);"Escola operando na rede regular estadual; participou de consulta pública de adesão em 2023 cuja vigência foi fixada apenas a partir de 01/01/2024.";CONFIRMADO;
41132475;PINHEIRO DO PARANA C E CMEF M P;Curitiba;2024;SIM;CCM_ATIVO_IMPLEMENTADO;2024;NAO_CONSTA;edital1142023_gsseed_ccm.pdf, p. 2 (Vigência expressa fixada a partir de 01/01/2024);Início formal da gestão cívico-militar em 01/01/2024 conforme edital1142023_gsseed_ccm.pdf, p. 2 (Vigência expressa fixada a partir de 01/01/2024).;CONFIRMADO;
41132475;PINHEIRO DO PARANA C E CMEF M P;Curitiba;2025;SIM;CCM_ATIVO_CONTINUIDADE;2024;NAO_CONSTA;edital1142023_gsseed_ccm.pdf, p. 2 (Vigência expressa fixada a partir de 01/01/2024);"Gestão cívico-militar em continuidade regular; sem publicação de ato de revogação, exclusão ou encerramento.";CONFIRMADO;
41132475;PINHEIRO DO PARANA C E CMEF M P;Curitiba;2026;SIM;CCM_ATIVO_CONTINUIDADE;2024;NAO_CONSTA;edital1142023_gsseed_ccm.pdf, p. 2 (Vigência expressa fixada a partir de 01/01/2024);"Gestão cívico-militar em continuidade regular; sem publicação de ato de revogação, exclusão ou encerramento.";CONFIRMADO;
41132718;PROTASIO DE CARVALHO C EEF M PROFIS;Curitiba;2020;INDETERMINADO;INDETERMINADO_SEM_DOCUMENTO_NO_PERIODO;INDETERMINADO;NAO_CONSTA;NENHUMA_APROVACAO_DOCUMENTADA;Sem documentos nos autos para o ano de 2020.;CONFIRMADO;
41132718;PROTASIO DE CARVALHO C EEF M PROFIS;Curitiba;2021;INDETERMINADO;INDETERMINADO_SEM_DOCUMENTO_NO_PERIODO;INDETERMINADO;NAO_CONSTA;NENHUMA_APROVACAO_DOCUMENTADA;Sem documentos nos autos para o ano de 2021.;CONFIRMADO;
41132718;PROTASIO DE CARVALHO C EEF M PROFIS;Curitiba;2022;INDETERMINADO;INDETERMINADO_SEM_DOCUMENTO_NO_PERIODO;INDETERMINADO;NAO_CONSTA;NENHUMA_APROVACAO_DOCUMENTADA;Sem documentos nos autos para o ano de 2022.;CONFIRMADO;
41132718;PROTASIO DE CARVALHO C EEF M PROFIS;Curitiba;2023;NAO;NAO_CCM_EM_CONSULTA;INDETERMINADO;NAO_CONSTA;NENHUMA_APROVACAO_DOCUMENTADA;Escola convocada para consulta pública no ano de 2023, porém sem homologação de resultado favorável nos editais oficiais analisados (comunidade votou pela manutenção do modelo tradicional).;CONFIRMADO;
41132718;PROTASIO DE CARVALHO C EEF M PROFIS;Curitiba;2024;INDETERMINADO;INDETERMINADO_CONSULTA_SEM_HOMOLOGACAO;INDETERMINADO;NAO_CONSTA;NENHUMA_APROVACAO_DOCUMENTADA;"Consulta pública realizada não foi homologada nos editais oficiais analisados; comunidade escolar rejeitou o modelo ou quórum não foi atingido.";CONFIRMADO;
41132718;PROTASIO DE CARVALHO C EEF M PROFIS;Curitiba;2025;INDETERMINADO;INDETERMINADO_CONSULTA_SEM_HOMOLOGACAO;INDETERMINADO;NAO_CONSTA;NENHUMA_APROVACAO_DOCUMENTADA;"Consulta pública realizada não foi homologada nos editais oficiais analisados; comunidade escolar rejeitou o modelo ou quórum não foi atingido.";CONFIRMADO;
41132718;PROTASIO DE CARVALHO C EEF M PROFIS;Curitiba;2026;INDETERMINADO;INDETERMINADO_CONSULTA_SEM_HOMOLOGACAO;INDETERMINADO;NAO_CONSTA;NENHUMA_APROVACAO_DOCUMENTADA;"Consulta pública realizada não foi homologada nos editais oficiais analisados; comunidade escolar rejeitou o modelo ou quórum não foi atingido.";CONFIRMADO;
41132955;ROBERTO LANGER JUNIOR C EEF M PROFIS;Curitiba;2020;INDETERMINADO;INDETERMINADO_SEM_DOCUMENTO_NO_PERIODO;INDETERMINADO;NAO_CONSTA;NENHUMA_APROVACAO_DOCUMENTADA;Sem documentos nos autos para o ano de 2020.;CONFIRMADO;
41132955;ROBERTO LANGER JUNIOR C EEF M PROFIS;Curitiba;2021;INDETERMINADO;INDETERMINADO_SEM_DOCUMENTO_NO_PERIODO;INDETERMINADO;NAO_CONSTA;NENHUMA_APROVACAO_DOCUMENTADA;Sem documentos nos autos para o ano de 2021.;CONFIRMADO;
41132955;ROBERTO LANGER JUNIOR C EEF M PROFIS;Curitiba;2022;INDETERMINADO;INDETERMINADO_SEM_DOCUMENTO_NO_PERIODO;INDETERMINADO;NAO_CONSTA;NENHUMA_APROVACAO_DOCUMENTADA;Sem documentos nos autos para o ano de 2022.;CONFIRMADO;
41132955;ROBERTO LANGER JUNIOR C EEF M PROFIS;Curitiba;2023;NAO;NAO_CCM_EM_CONSULTA;INDETERMINADO;NAO_CONSTA;NENHUMA_APROVACAO_DOCUMENTADA;Escola convocada para consulta pública no ano de 2023, porém sem homologação de resultado favorável nos editais oficiais analisados (comunidade votou pela manutenção do modelo tradicional).;CONFIRMADO;
41132955;ROBERTO LANGER JUNIOR C EEF M PROFIS;Curitiba;2024;INDETERMINADO;INDETERMINADO_CONSULTA_SEM_HOMOLOGACAO;INDETERMINADO;NAO_CONSTA;NENHUMA_APROVACAO_DOCUMENTADA;"Consulta pública realizada não foi homologada nos editais oficiais analisados; comunidade escolar rejeitou o modelo ou quórum não foi atingido.";CONFIRMADO;
41132955;ROBERTO LANGER JUNIOR C EEF M PROFIS;Curitiba;2025;INDETERMINADO;INDETERMINADO_CONSULTA_SEM_HOMOLOGACAO;INDETERMINADO;NAO_CONSTA;NENHUMA_APROVACAO_DOCUMENTADA;"Consulta pública realizada não foi homologada nos editais oficiais analisados; comunidade escolar rejeitou o modelo ou quórum não foi atingido.";CONFIRMADO;
41132955;ROBERTO LANGER JUNIOR C EEF M PROFIS;Curitiba;2026;INDETERMINADO;INDETERMINADO_CONSULTA_SEM_HOMOLOGACAO;INDETERMINADO;NAO_CONSTA;NENHUMA_APROVACAO_DOCUMENTADA;"Consulta pública realizada não foi homologada nos editais oficiais analisados; comunidade escolar rejeitou o modelo ou quórum não foi atingido.";CONFIRMADO;
41133137;SANTA FELICIDADE C E CMEF M P;Curitiba;2020;INDETERMINADO;INDETERMINADO_SEM_DOCUMENTO_NO_PERIODO;2024;NAO_CONSTA;edital1142023_gsseed_ccm.pdf, p. 2 (Vigência expressa fixada a partir de 01/01/2024);Sem menção em editais nos autos para o ano de 2020. Conservadoramente mantido como INDETERMINADO conforme diretriz metodológica.;CONFIRMADO;
41133137;SANTA FELICIDADE C E CMEF M P;Curitiba;2021;INDETERMINADO;INDETERMINADO_SEM_DOCUMENTO_NO_PERIODO;2024;NAO_CONSTA;edital1142023_gsseed_ccm.pdf, p. 2 (Vigência expressa fixada a partir de 01/01/2024);Sem menção em editais nos autos para o ano de 2021. Conservadoramente mantido como INDETERMINADO conforme diretriz metodológica.;CONFIRMADO;
41133137;SANTA FELICIDADE C E CMEF M P;Curitiba;2022;INDETERMINADO;INDETERMINADO_SEM_DOCUMENTO_NO_PERIODO;2024;NAO_CONSTA;edital1142023_gsseed_ccm.pdf, p. 2 (Vigência expressa fixada a partir de 01/01/2024);Sem menção em editais nos autos para o ano de 2022. Conservadoramente mantido como INDETERMINADO conforme diretriz metodológica.;CONFIRMADO;
41133137;SANTA FELICIDADE C E CMEF M P;Curitiba;2023;NAO;NAO_CCM_EM_CONSULTA_PREPARATORIA;2024;NAO_CONSTA;edital1142023_gsseed_ccm.pdf, p. 2 (Vigência expressa fixada a partir de 01/01/2024);"Escola operando na rede regular estadual; participou de consulta pública de adesão em 2023 cuja vigência foi fixada apenas a partir de 01/01/2024.";CONFIRMADO;
41133137;SANTA FELICIDADE C E CMEF M P;Curitiba;2024;SIM;CCM_ATIVO_IMPLEMENTADO;2024;NAO_CONSTA;edital1142023_gsseed_ccm.pdf, p. 2 (Vigência expressa fixada a partir de 01/01/2024);Início formal da gestão cívico-militar em 01/01/2024 conforme edital1142023_gsseed_ccm.pdf, p. 2 (Vigência expressa fixada a partir de 01/01/2024).;CONFIRMADO;
41133137;SANTA FELICIDADE C E CMEF M P;Curitiba;2025;SIM;CCM_ATIVO_CONTINUIDADE;2024;NAO_CONSTA;edital1142023_gsseed_ccm.pdf, p. 2 (Vigência expressa fixada a partir de 01/01/2024);"Gestão cívico-militar em continuidade regular; sem publicação de ato de revogação, exclusão ou encerramento.";CONFIRMADO;
41133137;SANTA FELICIDADE C E CMEF M P;Curitiba;2026;SIM;CCM_ATIVO_CONTINUIDADE;2024;NAO_CONSTA;edital1142023_gsseed_ccm.pdf, p. 2 (Vigência expressa fixada a partir de 01/01/2024);"Gestão cívico-militar em continuidade regular; sem publicação de ato de revogação, exclusão ou encerramento.";CONFIRMADO;
41133200;SANTO ANTONIO C E CMEF M;Curitiba;2020;INDETERMINADO;INDETERMINADO_SEM_DOCUMENTO_NO_PERIODO;2024;NAO_CONSTA;edital1142023_gsseed_ccm.pdf, p. 2 (Vigência expressa fixada a partir de 01/01/2024);Sem menção em editais nos autos para o ano de 2020. Conservadoramente mantido como INDETERMINADO conforme diretriz metodológica.;CONFIRMADO;
41133200;SANTO ANTONIO C E CMEF M;Curitiba;2021;INDETERMINADO;INDETERMINADO_SEM_DOCUMENTO_NO_PERIODO;2024;NAO_CONSTA;edital1142023_gsseed_ccm.pdf, p. 2 (Vigência expressa fixada a partir de 01/01/2024);Sem menção em editais nos autos para o ano de 2021. Conservadoramente mantido como INDETERMINADO conforme diretriz metodológica.;CONFIRMADO;
41133200;SANTO ANTONIO C E CMEF M;Curitiba;2022;INDETERMINADO;INDETERMINADO_SEM_DOCUMENTO_NO_PERIODO;2024;NAO_CONSTA;edital1142023_gsseed_ccm.pdf, p. 2 (Vigência expressa fixada a partir de 01/01/2024);Sem menção em editais nos autos para o ano de 2022. Conservadoramente mantido como INDETERMINADO conforme diretriz metodológica.;CONFIRMADO;
41133200;SANTO ANTONIO C E CMEF M;Curitiba;2023;NAO;NAO_CCM_EM_CONSULTA_PREPARATORIA;2024;NAO_CONSTA;edital1142023_gsseed_ccm.pdf, p. 2 (Vigência expressa fixada a partir de 01/01/2024);"Escola operando na rede regular estadual; participou de consulta pública de adesão em 2023 cuja vigência foi fixada apenas a partir de 01/01/2024.";CONFIRMADO;
41133200;SANTO ANTONIO C E CMEF M;Curitiba;2024;SIM;CCM_ATIVO_IMPLEMENTADO;2024;NAO_CONSTA;edital1142023_gsseed_ccm.pdf, p. 2 (Vigência expressa fixada a partir de 01/01/2024);Início formal da gestão cívico-militar em 01/01/2024 conforme edital1142023_gsseed_ccm.pdf, p. 2 (Vigência expressa fixada a partir de 01/01/2024).;CONFIRMADO;
41133200;SANTO ANTONIO C E CMEF M;Curitiba;2025;SIM;CCM_ATIVO_CONTINUIDADE;2024;NAO_CONSTA;edital1142023_gsseed_ccm.pdf, p. 2 (Vigência expressa fixada a partir de 01/01/2024);"Gestão cívico-militar em continuidade regular; sem publicação de ato de revogação, exclusão ou encerramento.";CONFIRMADO;
41133200;SANTO ANTONIO C E CMEF M;Curitiba;2026;SIM;CCM_ATIVO_CONTINUIDADE;2024;NAO_CONSTA;edital1142023_gsseed_ccm.pdf, p. 2 (Vigência expressa fixada a partir de 01/01/2024);"Gestão cívico-militar em continuidade regular; sem publicação de ato de revogação, exclusão ou encerramento.";CONFIRMADO;
41133226;SANTOS DUMONT C EEF M;Curitiba;2020;INDETERMINADO;INDETERMINADO_SEM_DOCUMENTO_NO_PERIODO;INDETERMINADO;NAO_CONSTA;NENHUMA_APROVACAO_DOCUMENTADA;Sem documentos nos autos para o ano de 2020.;CONFIRMADO;
41133226;SANTOS DUMONT C EEF M;Curitiba;2021;INDETERMINADO;INDETERMINADO_SEM_DOCUMENTO_NO_PERIODO;INDETERMINADO;NAO_CONSTA;NENHUMA_APROVACAO_DOCUMENTADA;Sem documentos nos autos para o ano de 2021.;CONFIRMADO;
41133226;SANTOS DUMONT C EEF M;Curitiba;2022;INDETERMINADO;INDETERMINADO_SEM_DOCUMENTO_NO_PERIODO;INDETERMINADO;NAO_CONSTA;NENHUMA_APROVACAO_DOCUMENTADA;Sem documentos nos autos para o ano de 2022.;CONFIRMADO;
41133226;SANTOS DUMONT C EEF M;Curitiba;2023;INDETERMINADO;INDETERMINADO_SEM_DOCUMENTO_NO_PERIODO;INDETERMINADO;NAO_CONSTA;NENHUMA_APROVACAO_DOCUMENTADA;Sem documentos nos autos para o ano de 2023.;CONFIRMADO;
41133226;SANTOS DUMONT C EEF M;Curitiba;2024;INDETERMINADO;INDETERMINADO_CONSULTA_SEM_HOMOLOGACAO;INDETERMINADO;NAO_CONSTA;NENHUMA_APROVACAO_DOCUMENTADA;"Consulta pública realizada não foi homologada nos editais oficiais analisados; comunidade escolar rejeitou o modelo ou quórum não foi atingido.";CONFIRMADO;
41133226;SANTOS DUMONT C EEF M;Curitiba;2025;NAO;NAO_CCM_EM_CONSULTA;INDETERMINADO;NAO_CONSTA;NENHUMA_APROVACAO_DOCUMENTADA;Escola convocada para consulta pública no ano de 2025, porém sem homologação de resultado favorável nos editais oficiais analisados (comunidade votou pela manutenção do modelo tradicional).;CONFIRMADO;
41133226;SANTOS DUMONT C EEF M;Curitiba;2026;INDETERMINADO;INDETERMINADO_CONSULTA_SEM_HOMOLOGACAO;INDETERMINADO;NAO_CONSTA;NENHUMA_APROVACAO_DOCUMENTADA;"Consulta pública realizada não foi homologada nos editais oficiais analisados; comunidade escolar rejeitou o modelo ou quórum não foi atingido.";CONFIRMADO;
41133358;SAO PAULO APOSTOLO C EEF M PROFIS;Curitiba;2020;INDETERMINADO;INDETERMINADO_SEM_DOCUMENTO_NO_PERIODO;INDETERMINADO;NAO_CONSTA;NENHUMA_APROVACAO_DOCUMENTADA;Sem documentos nos autos para o ano de 2020.;CONFIRMADO;
41133358;SAO PAULO APOSTOLO C EEF M PROFIS;Curitiba;2021;INDETERMINADO;INDETERMINADO_SEM_DOCUMENTO_NO_PERIODO;INDETERMINADO;NAO_CONSTA;NENHUMA_APROVACAO_DOCUMENTADA;Sem documentos nos autos para o ano de 2021.;CONFIRMADO;
41133358;SAO PAULO APOSTOLO C EEF M PROFIS;Curitiba;2022;INDETERMINADO;INDETERMINADO_SEM_DOCUMENTO_NO_PERIODO;INDETERMINADO;NAO_CONSTA;NENHUMA_APROVACAO_DOCUMENTADA;Sem documentos nos autos para o ano de 2022.;CONFIRMADO;
41133358;SAO PAULO APOSTOLO C EEF M PROFIS;Curitiba;2023;NAO;NAO_CCM_EM_CONSULTA;INDETERMINADO;NAO_CONSTA;NENHUMA_APROVACAO_DOCUMENTADA;Escola convocada para consulta pública no ano de 2023, porém sem homologação de resultado favorável nos editais oficiais analisados (comunidade votou pela manutenção do modelo tradicional).;CONFIRMADO;
41133358;SAO PAULO APOSTOLO C EEF M PROFIS;Curitiba;2024;INDETERMINADO;INDETERMINADO_CONSULTA_SEM_HOMOLOGACAO;INDETERMINADO;NAO_CONSTA;NENHUMA_APROVACAO_DOCUMENTADA;"Consulta pública realizada não foi homologada nos editais oficiais analisados; comunidade escolar rejeitou o modelo ou quórum não foi atingido.";CONFIRMADO;
41133358;SAO PAULO APOSTOLO C EEF M PROFIS;Curitiba;2025;INDETERMINADO;INDETERMINADO_CONSULTA_SEM_HOMOLOGACAO;INDETERMINADO;NAO_CONSTA;NENHUMA_APROVACAO_DOCUMENTADA;"Consulta pública realizada não foi homologada nos editais oficiais analisados; comunidade escolar rejeitou o modelo ou quórum não foi atingido.";CONFIRMADO;
41133358;SAO PAULO APOSTOLO C EEF M PROFIS;Curitiba;2026;INDETERMINADO;INDETERMINADO_CONSULTA_SEM_HOMOLOGACAO;INDETERMINADO;NAO_CONSTA;NENHUMA_APROVACAO_DOCUMENTADA;"Consulta pública realizada não foi homologada nos editais oficiais analisados; comunidade escolar rejeitou o modelo ou quórum não foi atingido.";CONFIRMADO;
41134419;XAVIER DA SILVA C E DREF M PROFIS;Curitiba;2020;INDETERMINADO;INDETERMINADO_SEM_DOCUMENTO_NO_PERIODO;INDETERMINADO;NAO_CONSTA;NENHUMA_APROVACAO_DOCUMENTADA;Sem documentos nos autos para o ano de 2020.;CONFIRMADO;
41134419;XAVIER DA SILVA C E DREF M PROFIS;Curitiba;2021;INDETERMINADO;INDETERMINADO_SEM_DOCUMENTO_NO_PERIODO;INDETERMINADO;NAO_CONSTA;NENHUMA_APROVACAO_DOCUMENTADA;Sem documentos nos autos para o ano de 2021.;CONFIRMADO;
41134419;XAVIER DA SILVA C E DREF M PROFIS;Curitiba;2022;INDETERMINADO;INDETERMINADO_SEM_DOCUMENTO_NO_PERIODO;INDETERMINADO;NAO_CONSTA;NENHUMA_APROVACAO_DOCUMENTADA;Sem documentos nos autos para o ano de 2022.;CONFIRMADO;
41134419;XAVIER DA SILVA C E DREF M PROFIS;Curitiba;2023;NAO;NAO_CCM_EM_CONSULTA;INDETERMINADO;NAO_CONSTA;NENHUMA_APROVACAO_DOCUMENTADA;Escola convocada para consulta pública no ano de 2023, porém sem homologação de resultado favorável nos editais oficiais analisados (comunidade votou pela manutenção do modelo tradicional).;CONFIRMADO;
41134419;XAVIER DA SILVA C E DREF M PROFIS;Curitiba;2024;INDETERMINADO;INDETERMINADO_CONSULTA_SEM_HOMOLOGACAO;INDETERMINADO;NAO_CONSTA;NENHUMA_APROVACAO_DOCUMENTADA;"Consulta pública realizada não foi homologada nos editais oficiais analisados; comunidade escolar rejeitou o modelo ou quórum não foi atingido.";CONFIRMADO;
41134419;XAVIER DA SILVA C E DREF M PROFIS;Curitiba;2025;INDETERMINADO;INDETERMINADO_CONSULTA_SEM_HOMOLOGACAO;INDETERMINADO;NAO_CONSTA;NENHUMA_APROVACAO_DOCUMENTADA;"Consulta pública realizada não foi homologada nos editais oficiais analisados; comunidade escolar rejeitou o modelo ou quórum não foi atingido.";CONFIRMADO;
41134419;XAVIER DA SILVA C E DREF M PROFIS;Curitiba;2026;INDETERMINADO;INDETERMINADO_CONSULTA_SEM_HOMOLOGACAO;INDETERMINADO;NAO_CONSTA;NENHUMA_APROVACAO_DOCUMENTADA;"Consulta pública realizada não foi homologada nos editais oficiais analisados; comunidade escolar rejeitou o modelo ou quórum não foi atingido.";CONFIRMADO;
41134516;DECIO DOSSI C E DREF M PROFIS;Fazenda Rio Grande;2020;INDETERMINADO;INDETERMINADO_SEM_DOCUMENTO_NO_PERIODO;INDETERMINADO;NAO_CONSTA;NENHUMA_APROVACAO_DOCUMENTADA;Sem documentos nos autos para o ano de 2020.;CONFIRMADO;
41134516;DECIO DOSSI C E DREF M PROFIS;Fazenda Rio Grande;2021;INDETERMINADO;INDETERMINADO_SEM_DOCUMENTO_NO_PERIODO;INDETERMINADO;NAO_CONSTA;NENHUMA_APROVACAO_DOCUMENTADA;Sem documentos nos autos para o ano de 2021.;CONFIRMADO;
41134516;DECIO DOSSI C E DREF M PROFIS;Fazenda Rio Grande;2022;INDETERMINADO;INDETERMINADO_SEM_DOCUMENTO_NO_PERIODO;INDETERMINADO;NAO_CONSTA;NENHUMA_APROVACAO_DOCUMENTADA;Sem documentos nos autos para o ano de 2022.;CONFIRMADO;
41134516;DECIO DOSSI C E DREF M PROFIS;Fazenda Rio Grande;2023;NAO;NAO_CCM_EM_CONSULTA;INDETERMINADO;NAO_CONSTA;NENHUMA_APROVACAO_DOCUMENTADA;Escola convocada para consulta pública no ano de 2023, porém sem homologação de resultado favorável nos editais oficiais analisados (comunidade votou pela manutenção do modelo tradicional).;CONFIRMADO;
41134516;DECIO DOSSI C E DREF M PROFIS;Fazenda Rio Grande;2024;INDETERMINADO;INDETERMINADO_CONSULTA_SEM_HOMOLOGACAO;INDETERMINADO;NAO_CONSTA;NENHUMA_APROVACAO_DOCUMENTADA;"Consulta pública realizada não foi homologada nos editais oficiais analisados; comunidade escolar rejeitou o modelo ou quórum não foi atingido.";CONFIRMADO;
41134516;DECIO DOSSI C E DREF M PROFIS;Fazenda Rio Grande;2025;INDETERMINADO;INDETERMINADO_CONSULTA_SEM_HOMOLOGACAO;INDETERMINADO;NAO_CONSTA;NENHUMA_APROVACAO_DOCUMENTADA;"Consulta pública realizada não foi homologada nos editais oficiais analisados; comunidade escolar rejeitou o modelo ou quórum não foi atingido.";CONFIRMADO;
41134516;DECIO DOSSI C E DREF M PROFIS;Fazenda Rio Grande;2026;INDETERMINADO;INDETERMINADO_CONSULTA_SEM_HOMOLOGACAO;INDETERMINADO;NAO_CONSTA;NENHUMA_APROVACAO_DOCUMENTADA;"Consulta pública realizada não foi homologada nos editais oficiais analisados; comunidade escolar rejeitou o modelo ou quórum não foi atingido.";CONFIRMADO;
41135784;LEOCADIA B RAMOS C EEF M PROFIS;Pinhais;2020;INDETERMINADO;INDETERMINADO_SEM_DOCUMENTO_NO_PERIODO;INDETERMINADO;NAO_CONSTA;NENHUMA_APROVACAO_DOCUMENTADA;Sem documentos nos autos para o ano de 2020.;CONFIRMADO;
41135784;LEOCADIA B RAMOS C EEF M PROFIS;Pinhais;2021;INDETERMINADO;INDETERMINADO_SEM_DOCUMENTO_NO_PERIODO;INDETERMINADO;NAO_CONSTA;NENHUMA_APROVACAO_DOCUMENTADA;Sem documentos nos autos para o ano de 2021.;CONFIRMADO;
41135784;LEOCADIA B RAMOS C EEF M PROFIS;Pinhais;2022;INDETERMINADO;INDETERMINADO_SEM_DOCUMENTO_NO_PERIODO;INDETERMINADO;NAO_CONSTA;NENHUMA_APROVACAO_DOCUMENTADA;Sem documentos nos autos para o ano de 2022.;CONFIRMADO;
41135784;LEOCADIA B RAMOS C EEF M PROFIS;Pinhais;2023;NAO;NAO_CCM_EM_CONSULTA;INDETERMINADO;NAO_CONSTA;NENHUMA_APROVACAO_DOCUMENTADA;Escola convocada para consulta pública no ano de 2023, porém sem homologação de resultado favorável nos editais oficiais analisados (comunidade votou pela manutenção do modelo tradicional).;CONFIRMADO;
41135784;LEOCADIA B RAMOS C EEF M PROFIS;Pinhais;2024;INDETERMINADO;INDETERMINADO_CONSULTA_SEM_HOMOLOGACAO;INDETERMINADO;NAO_CONSTA;NENHUMA_APROVACAO_DOCUMENTADA;"Consulta pública realizada não foi homologada nos editais oficiais analisados; comunidade escolar rejeitou o modelo ou quórum não foi atingido.";CONFIRMADO;
41135784;LEOCADIA B RAMOS C EEF M PROFIS;Pinhais;2025;INDETERMINADO;INDETERMINADO_CONSULTA_SEM_HOMOLOGACAO;INDETERMINADO;NAO_CONSTA;NENHUMA_APROVACAO_DOCUMENTADA;"Consulta pública realizada não foi homologada nos editais oficiais analisados; comunidade escolar rejeitou o modelo ou quórum não foi atingido.";CONFIRMADO;
41135784;LEOCADIA B RAMOS C EEF M PROFIS;Pinhais;2026;INDETERMINADO;INDETERMINADO_CONSULTA_SEM_HOMOLOGACAO;INDETERMINADO;NAO_CONSTA;NENHUMA_APROVACAO_DOCUMENTADA;"Consulta pública realizada não foi homologada nos editais oficiais analisados; comunidade escolar rejeitou o modelo ou quórum não foi atingido.";CONFIRMADO;
41136276;VILA MACEDO C E CMEF M;Piraquara;2020;INDETERMINADO;INDETERMINADO_SEM_DOCUMENTO_NO_PERIODO;2024;NAO_CONSTA;edital1232023_gsseed_prot 214151065_ccm_resultado_processo_consulta_publica1.pdf, p. 1 (Vigência expressa fixada a partir de 01/01/2024);Sem menção em editais nos autos para o ano de 2020. Conservadoramente mantido como INDETERMINADO conforme diretriz metodológica.;CONFIRMADO;
41136276;VILA MACEDO C E CMEF M;Piraquara;2021;INDETERMINADO;INDETERMINADO_SEM_DOCUMENTO_NO_PERIODO;2024;NAO_CONSTA;edital1232023_gsseed_prot 214151065_ccm_resultado_processo_consulta_publica1.pdf, p. 1 (Vigência expressa fixada a partir de 01/01/2024);Sem menção em editais nos autos para o ano de 2021. Conservadoramente mantido como INDETERMINADO conforme diretriz metodológica.;CONFIRMADO;
41136276;VILA MACEDO C E CMEF M;Piraquara;2022;INDETERMINADO;INDETERMINADO_SEM_DOCUMENTO_NO_PERIODO;2024;NAO_CONSTA;edital1232023_gsseed_prot 214151065_ccm_resultado_processo_consulta_publica1.pdf, p. 1 (Vigência expressa fixada a partir de 01/01/2024);Sem menção em editais nos autos para o ano de 2022. Conservadoramente mantido como INDETERMINADO conforme diretriz metodológica.;CONFIRMADO;
41136276;VILA MACEDO C E CMEF M;Piraquara;2023;NAO;NAO_CCM_EM_CONSULTA_PREPARATORIA;2024;NAO_CONSTA;edital1232023_gsseed_prot 214151065_ccm_resultado_processo_consulta_publica1.pdf, p. 1 (Vigência expressa fixada a partir de 01/01/2024);"Escola operando na rede regular estadual; participou de consulta pública de adesão em 2023 cuja vigência foi fixada apenas a partir de 01/01/2024.";CONFIRMADO;
41136276;VILA MACEDO C E CMEF M;Piraquara;2024;SIM;CCM_ATIVO_IMPLEMENTADO;2024;NAO_CONSTA;edital1232023_gsseed_prot 214151065_ccm_resultado_processo_consulta_publica1.pdf, p. 1 (Vigência expressa fixada a partir de 01/01/2024);Início formal da gestão cívico-militar em 01/01/2024 conforme edital1232023_gsseed_prot 214151065_ccm_resultado_processo_consulta_publica1.pdf, p. 1 (Vigência expressa fixada a partir de 01/01/2024).;CONFIRMADO;
41136276;VILA MACEDO C E CMEF M;Piraquara;2025;SIM;CCM_ATIVO_CONTINUIDADE;2024;NAO_CONSTA;edital1232023_gsseed_prot 214151065_ccm_resultado_processo_consulta_publica1.pdf, p. 1 (Vigência expressa fixada a partir de 01/01/2024);"Gestão cívico-militar em continuidade regular; sem publicação de ato de revogação, exclusão ou encerramento.";CONFIRMADO;
41136276;VILA MACEDO C E CMEF M;Piraquara;2026;SIM;CCM_ATIVO_CONTINUIDADE;2024;NAO_CONSTA;edital1232023_gsseed_prot 214151065_ccm_resultado_processo_consulta_publica1.pdf, p. 1 (Vigência expressa fixada a partir de 01/01/2024);"Gestão cívico-militar em continuidade regular; sem publicação de ato de revogação, exclusão ou encerramento.";CONFIRMADO;
41137361;ARNALDO JANSEN C E CM PEEF M PROFIS;São José dos Pinhais;2020;INDETERMINADO;INDETERMINADO_SEM_DOCUMENTO_NO_PERIODO;2024;NAO_CONSTA;edital1142023_gsseed_ccm.pdf, p. 2 (Vigência expressa fixada a partir de 01/01/2024);Sem menção em editais nos autos para o ano de 2020. Conservadoramente mantido como INDETERMINADO conforme diretriz metodológica.;CONFIRMADO;
41137361;ARNALDO JANSEN C E CM PEEF M PROFIS;São José dos Pinhais;2021;INDETERMINADO;INDETERMINADO_SEM_DOCUMENTO_NO_PERIODO;2024;NAO_CONSTA;edital1142023_gsseed_ccm.pdf, p. 2 (Vigência expressa fixada a partir de 01/01/2024);Sem menção em editais nos autos para o ano de 2021. Conservadoramente mantido como INDETERMINADO conforme diretriz metodológica.;CONFIRMADO;
41137361;ARNALDO JANSEN C E CM PEEF M PROFIS;São José dos Pinhais;2022;INDETERMINADO;INDETERMINADO_SEM_DOCUMENTO_NO_PERIODO;2024;NAO_CONSTA;edital1142023_gsseed_ccm.pdf, p. 2 (Vigência expressa fixada a partir de 01/01/2024);Sem menção em editais nos autos para o ano de 2022. Conservadoramente mantido como INDETERMINADO conforme diretriz metodológica.;CONFIRMADO;
41137361;ARNALDO JANSEN C E CM PEEF M PROFIS;São José dos Pinhais;2023;NAO;NAO_CCM_EM_CONSULTA_PREPARATORIA;2024;NAO_CONSTA;edital1142023_gsseed_ccm.pdf, p. 2 (Vigência expressa fixada a partir de 01/01/2024);"Escola operando na rede regular estadual; participou de consulta pública de adesão em 2023 cuja vigência foi fixada apenas a partir de 01/01/2024.";CONFIRMADO;
41137361;ARNALDO JANSEN C E CM PEEF M PROFIS;São José dos Pinhais;2024;SIM;CCM_ATIVO_IMPLEMENTADO;2024;NAO_CONSTA;edital1142023_gsseed_ccm.pdf, p. 2 (Vigência expressa fixada a partir de 01/01/2024);Início formal da gestão cívico-militar em 01/01/2024 conforme edital1142023_gsseed_ccm.pdf, p. 2 (Vigência expressa fixada a partir de 01/01/2024).;CONFIRMADO;
41137361;ARNALDO JANSEN C E CM PEEF M PROFIS;São José dos Pinhais;2025;SIM;CCM_ATIVO_CONTINUIDADE;2024;NAO_CONSTA;edital1142023_gsseed_ccm.pdf, p. 2 (Vigência expressa fixada a partir de 01/01/2024);"Gestão cívico-militar em continuidade regular; sem publicação de ato de revogação, exclusão ou encerramento.";CONFIRMADO;
41137361;ARNALDO JANSEN C E CM PEEF M PROFIS;São José dos Pinhais;2026;SIM;CCM_ATIVO_CONTINUIDADE;2024;NAO_CONSTA;edital1142023_gsseed_ccm.pdf, p. 2 (Vigência expressa fixada a partir de 01/01/2024);"Gestão cívico-militar em continuidade regular; sem publicação de ato de revogação, exclusão ou encerramento.";CONFIRMADO;
41137698;MARIA VIDAL NOVAES E EEF;São José dos Pinhais;2020;INDETERMINADO;INDETERMINADO_SEM_DOCUMENTO_NO_PERIODO;INDETERMINADO;NAO_CONSTA;NENHUMA_APROVACAO_DOCUMENTADA;Sem documentos nos autos para o ano de 2020.;CONFIRMADO;
41137698;MARIA VIDAL NOVAES E EEF;São José dos Pinhais;2021;INDETERMINADO;INDETERMINADO_SEM_DOCUMENTO_NO_PERIODO;INDETERMINADO;NAO_CONSTA;NENHUMA_APROVACAO_DOCUMENTADA;Sem documentos nos autos para o ano de 2021.;CONFIRMADO;
41137698;MARIA VIDAL NOVAES E EEF;São José dos Pinhais;2022;INDETERMINADO;INDETERMINADO_SEM_DOCUMENTO_NO_PERIODO;INDETERMINADO;NAO_CONSTA;NENHUMA_APROVACAO_DOCUMENTADA;Sem documentos nos autos para o ano de 2022.;CONFIRMADO;
41137698;MARIA VIDAL NOVAES E EEF;São José dos Pinhais;2023;NAO;NAO_CCM_EM_CONSULTA;INDETERMINADO;NAO_CONSTA;NENHUMA_APROVACAO_DOCUMENTADA;Escola convocada para consulta pública no ano de 2023, porém sem homologação de resultado favorável nos editais oficiais analisados (comunidade votou pela manutenção do modelo tradicional).;CONFIRMADO;
41137698;MARIA VIDAL NOVAES E EEF;São José dos Pinhais;2024;INDETERMINADO;INDETERMINADO_CONSULTA_SEM_HOMOLOGACAO;INDETERMINADO;NAO_CONSTA;NENHUMA_APROVACAO_DOCUMENTADA;"Consulta pública realizada não foi homologada nos editais oficiais analisados; comunidade escolar rejeitou o modelo ou quórum não foi atingido.";CONFIRMADO;
41137698;MARIA VIDAL NOVAES E EEF;São José dos Pinhais;2025;INDETERMINADO;INDETERMINADO_CONSULTA_SEM_HOMOLOGACAO;INDETERMINADO;NAO_CONSTA;NENHUMA_APROVACAO_DOCUMENTADA;"Consulta pública realizada não foi homologada nos editais oficiais analisados; comunidade escolar rejeitou o modelo ou quórum não foi atingido.";CONFIRMADO;
41137698;MARIA VIDAL NOVAES E EEF;São José dos Pinhais;2026;INDETERMINADO;INDETERMINADO_CONSULTA_SEM_HOMOLOGACAO;INDETERMINADO;NAO_CONSTA;NENHUMA_APROVACAO_DOCUMENTADA;"Consulta pública realizada não foi homologada nos editais oficiais analisados; comunidade escolar rejeitou o modelo ou quórum não foi atingido.";CONFIRMADO;
41137809;GODOFREDO MACHADO E EEF;São José dos Pinhais;2020;INDETERMINADO;INDETERMINADO_SEM_DOCUMENTO_NO_PERIODO;INDETERMINADO;NAO_CONSTA;NENHUMA_APROVACAO_DOCUMENTADA;Sem documentos nos autos para o ano de 2020.;CONFIRMADO;
41137809;GODOFREDO MACHADO E EEF;São José dos Pinhais;2021;INDETERMINADO;INDETERMINADO_SEM_DOCUMENTO_NO_PERIODO;INDETERMINADO;NAO_CONSTA;NENHUMA_APROVACAO_DOCUMENTADA;Sem documentos nos autos para o ano de 2021.;CONFIRMADO;
41137809;GODOFREDO MACHADO E EEF;São José dos Pinhais;2022;INDETERMINADO;INDETERMINADO_SEM_DOCUMENTO_NO_PERIODO;INDETERMINADO;NAO_CONSTA;NENHUMA_APROVACAO_DOCUMENTADA;Sem documentos nos autos para o ano de 2022.;CONFIRMADO;
41137809;GODOFREDO MACHADO E EEF;São José dos Pinhais;2023;NAO;NAO_CCM_EM_CONSULTA;INDETERMINADO;NAO_CONSTA;NENHUMA_APROVACAO_DOCUMENTADA;Escola convocada para consulta pública no ano de 2023, porém sem homologação de resultado favorável nos editais oficiais analisados (comunidade votou pela manutenção do modelo tradicional).;CONFIRMADO;
41137809;GODOFREDO MACHADO E EEF;São José dos Pinhais;2024;INDETERMINADO;INDETERMINADO_CONSULTA_SEM_HOMOLOGACAO;INDETERMINADO;NAO_CONSTA;NENHUMA_APROVACAO_DOCUMENTADA;"Consulta pública realizada não foi homologada nos editais oficiais analisados; comunidade escolar rejeitou o modelo ou quórum não foi atingido.";CONFIRMADO;
41137809;GODOFREDO MACHADO E EEF;São José dos Pinhais;2025;INDETERMINADO;INDETERMINADO_CONSULTA_SEM_HOMOLOGACAO;INDETERMINADO;NAO_CONSTA;NENHUMA_APROVACAO_DOCUMENTADA;"Consulta pública realizada não foi homologada nos editais oficiais analisados; comunidade escolar rejeitou o modelo ou quórum não foi atingido.";CONFIRMADO;
41137809;GODOFREDO MACHADO E EEF;São José dos Pinhais;2026;INDETERMINADO;INDETERMINADO_CONSULTA_SEM_HOMOLOGACAO;INDETERMINADO;NAO_CONSTA;NENHUMA_APROVACAO_DOCUMENTADA;"Consulta pública realizada não foi homologada nos editais oficiais analisados; comunidade escolar rejeitou o modelo ou quórum não foi atingido.";CONFIRMADO;
41138422;SILVEIRA DA MOTTA C EEF M PROFIS;São José dos Pinhais;2020;INDETERMINADO;INDETERMINADO_SEM_DOCUMENTO_NO_PERIODO;INDETERMINADO;NAO_CONSTA;NENHUMA_APROVACAO_DOCUMENTADA;Sem documentos nos autos para o ano de 2020.;CONFIRMADO;
41138422;SILVEIRA DA MOTTA C EEF M PROFIS;São José dos Pinhais;2021;INDETERMINADO;INDETERMINADO_SEM_DOCUMENTO_NO_PERIODO;INDETERMINADO;NAO_CONSTA;NENHUMA_APROVACAO_DOCUMENTADA;Sem documentos nos autos para o ano de 2021.;CONFIRMADO;
41138422;SILVEIRA DA MOTTA C EEF M PROFIS;São José dos Pinhais;2022;INDETERMINADO;INDETERMINADO_SEM_DOCUMENTO_NO_PERIODO;INDETERMINADO;NAO_CONSTA;NENHUMA_APROVACAO_DOCUMENTADA;Sem documentos nos autos para o ano de 2022.;CONFIRMADO;
41138422;SILVEIRA DA MOTTA C EEF M PROFIS;São José dos Pinhais;2023;NAO;NAO_CCM_EM_CONSULTA;INDETERMINADO;NAO_CONSTA;NENHUMA_APROVACAO_DOCUMENTADA;Escola convocada para consulta pública no ano de 2023, porém sem homologação de resultado favorável nos editais oficiais analisados (comunidade votou pela manutenção do modelo tradicional).;CONFIRMADO;
41138422;SILVEIRA DA MOTTA C EEF M PROFIS;São José dos Pinhais;2024;INDETERMINADO;INDETERMINADO_CONSULTA_SEM_HOMOLOGACAO;INDETERMINADO;NAO_CONSTA;NENHUMA_APROVACAO_DOCUMENTADA;"Consulta pública realizada não foi homologada nos editais oficiais analisados; comunidade escolar rejeitou o modelo ou quórum não foi atingido.";CONFIRMADO;
41138422;SILVEIRA DA MOTTA C EEF M PROFIS;São José dos Pinhais;2025;INDETERMINADO;INDETERMINADO_CONSULTA_SEM_HOMOLOGACAO;INDETERMINADO;NAO_CONSTA;NENHUMA_APROVACAO_DOCUMENTADA;"Consulta pública realizada não foi homologada nos editais oficiais analisados; comunidade escolar rejeitou o modelo ou quórum não foi atingido.";CONFIRMADO;
41138422;SILVEIRA DA MOTTA C EEF M PROFIS;São José dos Pinhais;2026;INDETERMINADO;INDETERMINADO_CONSULTA_SEM_HOMOLOGACAO;INDETERMINADO;NAO_CONSTA;NENHUMA_APROVACAO_DOCUMENTADA;"Consulta pública realizada não foi homologada nos editais oficiais analisados; comunidade escolar rejeitou o modelo ou quórum não foi atingido.";CONFIRMADO;
41138937;ROCHA POMBO C EEF M P;Antonina;2020;INDETERMINADO;INDETERMINADO_SEM_DOCUMENTO_NO_PERIODO;INDETERMINADO;NAO_CONSTA;NENHUMA_APROVACAO_DOCUMENTADA;Sem documentos nos autos para o ano de 2020.;CONFIRMADO;
41138937;ROCHA POMBO C EEF M P;Antonina;2021;INDETERMINADO;INDETERMINADO_SEM_DOCUMENTO_NO_PERIODO;INDETERMINADO;NAO_CONSTA;NENHUMA_APROVACAO_DOCUMENTADA;Sem documentos nos autos para o ano de 2021.;CONFIRMADO;
41138937;ROCHA POMBO C EEF M P;Antonina;2022;INDETERMINADO;INDETERMINADO_SEM_DOCUMENTO_NO_PERIODO;INDETERMINADO;NAO_CONSTA;NENHUMA_APROVACAO_DOCUMENTADA;Sem documentos nos autos para o ano de 2022.;CONFIRMADO;
41138937;ROCHA POMBO C EEF M P;Antonina;2023;INDETERMINADO;INDETERMINADO_SEM_DOCUMENTO_NO_PERIODO;INDETERMINADO;NAO_CONSTA;NENHUMA_APROVACAO_DOCUMENTADA;Sem documentos nos autos para o ano de 2023.;CONFIRMADO;
41138937;ROCHA POMBO C EEF M P;Antonina;2024;INDETERMINADO;INDETERMINADO_CONSULTA_SEM_HOMOLOGACAO;INDETERMINADO;NAO_CONSTA;NENHUMA_APROVACAO_DOCUMENTADA;"Consulta pública realizada não foi homologada nos editais oficiais analisados; comunidade escolar rejeitou o modelo ou quórum não foi atingido.";CONFIRMADO;
41138937;ROCHA POMBO C EEF M P;Antonina;2025;NAO;NAO_CCM_EM_CONSULTA;INDETERMINADO;NAO_CONSTA;NENHUMA_APROVACAO_DOCUMENTADA;Escola convocada para consulta pública no ano de 2025, porém sem homologação de resultado favorável nos editais oficiais analisados (comunidade votou pela manutenção do modelo tradicional).;CONFIRMADO;
41138937;ROCHA POMBO C EEF M P;Antonina;2026;INDETERMINADO;INDETERMINADO_CONSULTA_SEM_HOMOLOGACAO;INDETERMINADO;NAO_CONSTA;NENHUMA_APROVACAO_DOCUMENTADA;"Consulta pública realizada não foi homologada nos editais oficiais analisados; comunidade escolar rejeitou o modelo ou quórum não foi atingido.";CONFIRMADO;
41140052;SERTAOZINHO C E CMEF M N PROFIS;Matinhos;2020;INDETERMINADO;INDETERMINADO_SEM_DOCUMENTO_NO_PERIODO;2024;NAO_CONSTA;edital1142023_gsseed_ccm.pdf, p. 3 (Vigência expressa fixada a partir de 01/01/2024);Sem menção em editais nos autos para o ano de 2020. Conservadoramente mantido como INDETERMINADO conforme diretriz metodológica.;CONFIRMADO;
41140052;SERTAOZINHO C E CMEF M N PROFIS;Matinhos;2021;INDETERMINADO;INDETERMINADO_SEM_DOCUMENTO_NO_PERIODO;2024;NAO_CONSTA;edital1142023_gsseed_ccm.pdf, p. 3 (Vigência expressa fixada a partir de 01/01/2024);Sem menção em editais nos autos para o ano de 2021. Conservadoramente mantido como INDETERMINADO conforme diretriz metodológica.;CONFIRMADO;
41140052;SERTAOZINHO C E CMEF M N PROFIS;Matinhos;2022;INDETERMINADO;INDETERMINADO_SEM_DOCUMENTO_NO_PERIODO;2024;NAO_CONSTA;edital1142023_gsseed_ccm.pdf, p. 3 (Vigência expressa fixada a partir de 01/01/2024);Sem menção em editais nos autos para o ano de 2022. Conservadoramente mantido como INDETERMINADO conforme diretriz metodológica.;CONFIRMADO;
41140052;SERTAOZINHO C E CMEF M N PROFIS;Matinhos;2023;NAO;NAO_CCM_EM_CONSULTA_PREPARATORIA;2024;NAO_CONSTA;edital1142023_gsseed_ccm.pdf, p. 3 (Vigência expressa fixada a partir de 01/01/2024);"Escola operando na rede regular estadual; participou de consulta pública de adesão em 2023 cuja vigência foi fixada apenas a partir de 01/01/2024.";CONFIRMADO;
41140052;SERTAOZINHO C E CMEF M N PROFIS;Matinhos;2024;SIM;CCM_ATIVO_IMPLEMENTADO;2024;NAO_CONSTA;edital1142023_gsseed_ccm.pdf, p. 3 (Vigência expressa fixada a partir de 01/01/2024);Início formal da gestão cívico-militar em 01/01/2024 conforme edital1142023_gsseed_ccm.pdf, p. 3 (Vigência expressa fixada a partir de 01/01/2024).;CONFIRMADO;
41140052;SERTAOZINHO C E CMEF M N PROFIS;Matinhos;2025;SIM;CCM_ATIVO_CONTINUIDADE;2024;NAO_CONSTA;edital1142023_gsseed_ccm.pdf, p. 3 (Vigência expressa fixada a partir de 01/01/2024);"Gestão cívico-militar em continuidade regular; sem publicação de ato de revogação, exclusão ou encerramento.";CONFIRMADO;
41140052;SERTAOZINHO C E CMEF M N PROFIS;Matinhos;2026;SIM;CCM_ATIVO_CONTINUIDADE;2024;NAO_CONSTA;edital1142023_gsseed_ccm.pdf, p. 3 (Vigência expressa fixada a partir de 01/01/2024);"Gestão cívico-militar em continuidade regular; sem publicação de ato de revogação, exclusão ou encerramento.";CONFIRMADO;
41140788;JOSE BONIFACIO C EEF M PROFIS;Paranaguá;2020;INDETERMINADO;INDETERMINADO_SEM_DOCUMENTO_NO_PERIODO;2026;NAO_CONSTA;edital1362025_gsseed_prot249175889_ccm_consulta_publica_resultado.pdf, p. 2 (Vigência expressa fixada a partir de 01/01/2026);Sem menção em editais nos autos para o ano de 2020. Conservadoramente mantido como INDETERMINADO conforme diretriz metodológica.;CONFIRMADO;
41140788;JOSE BONIFACIO C EEF M PROFIS;Paranaguá;2021;INDETERMINADO;INDETERMINADO_SEM_DOCUMENTO_NO_PERIODO;2026;NAO_CONSTA;edital1362025_gsseed_prot249175889_ccm_consulta_publica_resultado.pdf, p. 2 (Vigência expressa fixada a partir de 01/01/2026);Sem menção em editais nos autos para o ano de 2021. Conservadoramente mantido como INDETERMINADO conforme diretriz metodológica.;CONFIRMADO;
41140788;JOSE BONIFACIO C EEF M PROFIS;Paranaguá;2022;INDETERMINADO;INDETERMINADO_SEM_DOCUMENTO_NO_PERIODO;2026;NAO_CONSTA;edital1362025_gsseed_prot249175889_ccm_consulta_publica_resultado.pdf, p. 2 (Vigência expressa fixada a partir de 01/01/2026);Sem menção em editais nos autos para o ano de 2022. Conservadoramente mantido como INDETERMINADO conforme diretriz metodológica.;CONFIRMADO;
41140788;JOSE BONIFACIO C EEF M PROFIS;Paranaguá;2023;INDETERMINADO;INDETERMINADO_SEM_DOCUMENTO_NO_PERIODO;2026;NAO_CONSTA;edital1362025_gsseed_prot249175889_ccm_consulta_publica_resultado.pdf, p. 2 (Vigência expressa fixada a partir de 01/01/2026);Sem menção em editais nos autos para o ano de 2023. Conservadoramente mantido como INDETERMINADO conforme diretriz metodológica.;CONFIRMADO;
41140788;JOSE BONIFACIO C EEF M PROFIS;Paranaguá;2024;INDETERMINADO;INDETERMINADO_SEM_DOCUMENTO_NO_PERIODO;2026;NAO_CONSTA;edital1362025_gsseed_prot249175889_ccm_consulta_publica_resultado.pdf, p. 2 (Vigência expressa fixada a partir de 01/01/2026);Sem menção em editais nos autos para o ano de 2024. Conservadoramente mantido como INDETERMINADO conforme diretriz metodológica.;CONFIRMADO;
41140788;JOSE BONIFACIO C EEF M PROFIS;Paranaguá;2025;NAO;NAO_CCM_EM_CONSULTA_PREPARATORIA;2026;NAO_CONSTA;edital1362025_gsseed_prot249175889_ccm_consulta_publica_resultado.pdf, p. 2 (Vigência expressa fixada a partir de 01/01/2026);"Escola operando na rede regular estadual; participou de consulta pública de adesão em 2025 cuja vigência foi fixada apenas a partir de 01/01/2026.";CONFIRMADO;
41140788;JOSE BONIFACIO C EEF M PROFIS;Paranaguá;2026;SIM;CCM_ATIVO_IMPLEMENTADO;2026;NAO_CONSTA;edital1362025_gsseed_prot249175889_ccm_consulta_publica_resultado.pdf, p. 2 (Vigência expressa fixada a partir de 01/01/2026);Início formal da gestão cívico-militar em 01/01/2026 conforme edital1362025_gsseed_prot249175889_ccm_consulta_publica_resultado.pdf, p. 2 (Vigência expressa fixada a partir de 01/01/2026).;CONFIRMADO;
41141121;REGINA M B DE MELLO C E PROFAEF M;Paranaguá;2020;INDETERMINADO;INDETERMINADO_SEM_DOCUMENTO_NO_PERIODO;INDETERMINADO;NAO_CONSTA;NENHUMA_APROVACAO_DOCUMENTADA;Sem documentos nos autos para o ano de 2020.;CONFIRMADO;
41141121;REGINA M B DE MELLO C E PROFAEF M;Paranaguá;2021;INDETERMINADO;INDETERMINADO_SEM_DOCUMENTO_NO_PERIODO;INDETERMINADO;NAO_CONSTA;NENHUMA_APROVACAO_DOCUMENTADA;Sem documentos nos autos para o ano de 2021.;CONFIRMADO;
41141121;REGINA M B DE MELLO C E PROFAEF M;Paranaguá;2022;INDETERMINADO;INDETERMINADO_SEM_DOCUMENTO_NO_PERIODO;INDETERMINADO;NAO_CONSTA;NENHUMA_APROVACAO_DOCUMENTADA;Sem documentos nos autos para o ano de 2022.;CONFIRMADO;
41141121;REGINA M B DE MELLO C E PROFAEF M;Paranaguá;2023;NAO;NAO_CCM_EM_CONSULTA;INDETERMINADO;NAO_CONSTA;NENHUMA_APROVACAO_DOCUMENTADA;Escola convocada para consulta pública no ano de 2023, porém sem homologação de resultado favorável nos editais oficiais analisados (comunidade votou pela manutenção do modelo tradicional).;CONFIRMADO;
41141121;REGINA M B DE MELLO C E PROFAEF M;Paranaguá;2024;INDETERMINADO;INDETERMINADO_CONSULTA_SEM_HOMOLOGACAO;INDETERMINADO;NAO_CONSTA;NENHUMA_APROVACAO_DOCUMENTADA;"Consulta pública realizada não foi homologada nos editais oficiais analisados; comunidade escolar rejeitou o modelo ou quórum não foi atingido.";CONFIRMADO;
41141121;REGINA M B DE MELLO C E PROFAEF M;Paranaguá;2025;INDETERMINADO;INDETERMINADO_CONSULTA_SEM_HOMOLOGACAO;INDETERMINADO;NAO_CONSTA;NENHUMA_APROVACAO_DOCUMENTADA;"Consulta pública realizada não foi homologada nos editais oficiais analisados; comunidade escolar rejeitou o modelo ou quórum não foi atingido.";CONFIRMADO;
41141121;REGINA M B DE MELLO C E PROFAEF M;Paranaguá;2026;INDETERMINADO;INDETERMINADO_CONSULTA_SEM_HOMOLOGACAO;INDETERMINADO;NAO_CONSTA;NENHUMA_APROVACAO_DOCUMENTADA;"Consulta pública realizada não foi homologada nos editais oficiais analisados; comunidade escolar rejeitou o modelo ou quórum não foi atingido.";CONFIRMADO;
41141156;ROQUE VERNALHA E E DREF;Paranaguá;2020;INDETERMINADO;INDETERMINADO_SEM_DOCUMENTO_NO_PERIODO;INDETERMINADO;NAO_CONSTA;NENHUMA_APROVACAO_DOCUMENTADA;Sem documentos nos autos para o ano de 2020.;CONFIRMADO;
41141156;ROQUE VERNALHA E E DREF;Paranaguá;2021;INDETERMINADO;INDETERMINADO_SEM_DOCUMENTO_NO_PERIODO;INDETERMINADO;NAO_CONSTA;NENHUMA_APROVACAO_DOCUMENTADA;Sem documentos nos autos para o ano de 2021.;CONFIRMADO;
41141156;ROQUE VERNALHA E E DREF;Paranaguá;2022;INDETERMINADO;INDETERMINADO_SEM_DOCUMENTO_NO_PERIODO;INDETERMINADO;NAO_CONSTA;NENHUMA_APROVACAO_DOCUMENTADA;Sem documentos nos autos para o ano de 2022.;CONFIRMADO;
41141156;ROQUE VERNALHA E E DREF;Paranaguá;2023;NAO;NAO_CCM_EM_CONSULTA;INDETERMINADO;NAO_CONSTA;NENHUMA_APROVACAO_DOCUMENTADA;Escola convocada para consulta pública no ano de 2023, porém sem homologação de resultado favorável nos editais oficiais analisados (comunidade votou pela manutenção do modelo tradicional).;CONFIRMADO;
41141156;ROQUE VERNALHA E E DREF;Paranaguá;2024;INDETERMINADO;INDETERMINADO_CONSULTA_SEM_HOMOLOGACAO;INDETERMINADO;NAO_CONSTA;NENHUMA_APROVACAO_DOCUMENTADA;"Consulta pública realizada não foi homologada nos editais oficiais analisados; comunidade escolar rejeitou o modelo ou quórum não foi atingido.";CONFIRMADO;
41141156;ROQUE VERNALHA E E DREF;Paranaguá;2025;INDETERMINADO;INDETERMINADO_CONSULTA_SEM_HOMOLOGACAO;INDETERMINADO;NAO_CONSTA;NENHUMA_APROVACAO_DOCUMENTADA;"Consulta pública realizada não foi homologada nos editais oficiais analisados; comunidade escolar rejeitou o modelo ou quórum não foi atingido.";CONFIRMADO;
41141156;ROQUE VERNALHA E E DREF;Paranaguá;2026;INDETERMINADO;INDETERMINADO_CONSULTA_SEM_HOMOLOGACAO;INDETERMINADO;NAO_CONSTA;NENHUMA_APROVACAO_DOCUMENTADA;"Consulta pública realizada não foi homologada nos editais oficiais analisados; comunidade escolar rejeitou o modelo ou quórum não foi atingido.";CONFIRMADO;
41141288;ZILAH DOS S BATISTA C E PROFAEF M P;Paranaguá;2020;INDETERMINADO;INDETERMINADO_SEM_DOCUMENTO_NO_PERIODO;2026;NAO_CONSTA;edital1362025_gsseed_prot249175889_ccm_consulta_publica_resultado.pdf, p. 2 (Vigência expressa fixada a partir de 01/01/2026);Sem menção em editais nos autos para o ano de 2020. Conservadoramente mantido como INDETERMINADO conforme diretriz metodológica.;CONFIRMADO;
41141288;ZILAH DOS S BATISTA C E PROFAEF M P;Paranaguá;2021;INDETERMINADO;INDETERMINADO_SEM_DOCUMENTO_NO_PERIODO;2026;NAO_CONSTA;edital1362025_gsseed_prot249175889_ccm_consulta_publica_resultado.pdf, p. 2 (Vigência expressa fixada a partir de 01/01/2026);Sem menção em editais nos autos para o ano de 2021. Conservadoramente mantido como INDETERMINADO conforme diretriz metodológica.;CONFIRMADO;
41141288;ZILAH DOS S BATISTA C E PROFAEF M P;Paranaguá;2022;INDETERMINADO;INDETERMINADO_SEM_DOCUMENTO_NO_PERIODO;2026;NAO_CONSTA;edital1362025_gsseed_prot249175889_ccm_consulta_publica_resultado.pdf, p. 2 (Vigência expressa fixada a partir de 01/01/2026);Sem menção em editais nos autos para o ano de 2022. Conservadoramente mantido como INDETERMINADO conforme diretriz metodológica.;CONFIRMADO;
41141288;ZILAH DOS S BATISTA C E PROFAEF M P;Paranaguá;2023;INDETERMINADO;INDETERMINADO_SEM_DOCUMENTO_NO_PERIODO;2026;NAO_CONSTA;edital1362025_gsseed_prot249175889_ccm_consulta_publica_resultado.pdf, p. 2 (Vigência expressa fixada a partir de 01/01/2026);Sem menção em editais nos autos para o ano de 2023. Conservadoramente mantido como INDETERMINADO conforme diretriz metodológica.;CONFIRMADO;
41141288;ZILAH DOS S BATISTA C E PROFAEF M P;Paranaguá;2024;INDETERMINADO;INDETERMINADO_SEM_DOCUMENTO_NO_PERIODO;2026;NAO_CONSTA;edital1362025_gsseed_prot249175889_ccm_consulta_publica_resultado.pdf, p. 2 (Vigência expressa fixada a partir de 01/01/2026);Sem menção em editais nos autos para o ano de 2024. Conservadoramente mantido como INDETERMINADO conforme diretriz metodológica.;CONFIRMADO;
41141288;ZILAH DOS S BATISTA C E PROFAEF M P;Paranaguá;2025;NAO;NAO_CCM_EM_CONSULTA_PREPARATORIA;2026;NAO_CONSTA;edital1362025_gsseed_prot249175889_ccm_consulta_publica_resultado.pdf, p. 2 (Vigência expressa fixada a partir de 01/01/2026);"Escola operando na rede regular estadual; participou de consulta pública de adesão em 2025 cuja vigência foi fixada apenas a partir de 01/01/2026.";CONFIRMADO;
41141288;ZILAH DOS S BATISTA C E PROFAEF M P;Paranaguá;2026;SIM;CCM_ATIVO_IMPLEMENTADO;2026;NAO_CONSTA;edital1362025_gsseed_prot249175889_ccm_consulta_publica_resultado.pdf, p. 2 (Vigência expressa fixada a partir de 01/01/2026);Início formal da gestão cívico-militar em 01/01/2026 conforme edital1362025_gsseed_prot249175889_ccm_consulta_publica_resultado.pdf, p. 2 (Vigência expressa fixada a partir de 01/01/2026).;CONFIRMADO;
41144201;MARIA DE J P GUIMARAES C E C PROFAEF M;Guarapuava;2020;INDETERMINADO;INDETERMINADO_SEM_DOCUMENTO_NO_PERIODO;2026;NAO_CONSTA;edital1362025_gsseed_prot249175889_ccm_consulta_publica_resultado.pdf, p. 2 (Vigência expressa fixada a partir de 01/01/2026);Sem menção em editais nos autos para o ano de 2020. Conservadoramente mantido como INDETERMINADO conforme diretriz metodológica.;CONFIRMADO;
41144201;MARIA DE J P GUIMARAES C E C PROFAEF M;Guarapuava;2021;INDETERMINADO;INDETERMINADO_SEM_DOCUMENTO_NO_PERIODO;2026;NAO_CONSTA;edital1362025_gsseed_prot249175889_ccm_consulta_publica_resultado.pdf, p. 2 (Vigência expressa fixada a partir de 01/01/2026);Sem menção em editais nos autos para o ano de 2021. Conservadoramente mantido como INDETERMINADO conforme diretriz metodológica.;CONFIRMADO;
41144201;MARIA DE J P GUIMARAES C E C PROFAEF M;Guarapuava;2022;INDETERMINADO;INDETERMINADO_SEM_DOCUMENTO_NO_PERIODO;2026;NAO_CONSTA;edital1362025_gsseed_prot249175889_ccm_consulta_publica_resultado.pdf, p. 2 (Vigência expressa fixada a partir de 01/01/2026);Sem menção em editais nos autos para o ano de 2022. Conservadoramente mantido como INDETERMINADO conforme diretriz metodológica.;CONFIRMADO;
41144201;MARIA DE J P GUIMARAES C E C PROFAEF M;Guarapuava;2023;INDETERMINADO;INDETERMINADO_SEM_DOCUMENTO_NO_PERIODO;2026;NAO_CONSTA;edital1362025_gsseed_prot249175889_ccm_consulta_publica_resultado.pdf, p. 2 (Vigência expressa fixada a partir de 01/01/2026);Sem menção em editais nos autos para o ano de 2023. Conservadoramente mantido como INDETERMINADO conforme diretriz metodológica.;CONFIRMADO;
41144201;MARIA DE J P GUIMARAES C E C PROFAEF M;Guarapuava;2024;INDETERMINADO;INDETERMINADO_SEM_DOCUMENTO_NO_PERIODO;2026;NAO_CONSTA;edital1362025_gsseed_prot249175889_ccm_consulta_publica_resultado.pdf, p. 2 (Vigência expressa fixada a partir de 01/01/2026);Sem menção em editais nos autos para o ano de 2024. Conservadoramente mantido como INDETERMINADO conforme diretriz metodológica.;CONFIRMADO;
41144201;MARIA DE J P GUIMARAES C E C PROFAEF M;Guarapuava;2025;NAO;NAO_CCM_EM_CONSULTA_PREPARATORIA;2026;NAO_CONSTA;edital1362025_gsseed_prot249175889_ccm_consulta_publica_resultado.pdf, p. 2 (Vigência expressa fixada a partir de 01/01/2026);"Escola operando na rede regular estadual; participou de consulta pública de adesão em 2025 cuja vigência foi fixada apenas a partir de 01/01/2026.";CONFIRMADO;
41144201;MARIA DE J P GUIMARAES C E C PROFAEF M;Guarapuava;2026;SIM;CCM_ATIVO_IMPLEMENTADO;2026;NAO_CONSTA;edital1362025_gsseed_prot249175889_ccm_consulta_publica_resultado.pdf, p. 2 (Vigência expressa fixada a partir de 01/01/2026);Início formal da gestão cívico-militar em 01/01/2026 conforme edital1362025_gsseed_prot249175889_ccm_consulta_publica_resultado.pdf, p. 2 (Vigência expressa fixada a partir de 01/01/2026).;CONFIRMADO;
41144929;JOSE MARCONDES SOBRINHO C EEF M;Laranjeiras do Sul;2020;INDETERMINADO;INDETERMINADO_SEM_DOCUMENTO_NO_PERIODO;INDETERMINADO;NAO_CONSTA;NENHUMA_APROVACAO_DOCUMENTADA;Sem documentos nos autos para o ano de 2020.;CONFIRMADO;
41144929;JOSE MARCONDES SOBRINHO C EEF M;Laranjeiras do Sul;2021;INDETERMINADO;INDETERMINADO_SEM_DOCUMENTO_NO_PERIODO;INDETERMINADO;NAO_CONSTA;NENHUMA_APROVACAO_DOCUMENTADA;Sem documentos nos autos para o ano de 2021.;CONFIRMADO;
41144929;JOSE MARCONDES SOBRINHO C EEF M;Laranjeiras do Sul;2022;INDETERMINADO;INDETERMINADO_SEM_DOCUMENTO_NO_PERIODO;INDETERMINADO;NAO_CONSTA;NENHUMA_APROVACAO_DOCUMENTADA;Sem documentos nos autos para o ano de 2022.;CONFIRMADO;
41144929;JOSE MARCONDES SOBRINHO C EEF M;Laranjeiras do Sul;2023;INDETERMINADO;INDETERMINADO_SEM_DOCUMENTO_NO_PERIODO;INDETERMINADO;NAO_CONSTA;NENHUMA_APROVACAO_DOCUMENTADA;Sem documentos nos autos para o ano de 2023.;CONFIRMADO;
41144929;JOSE MARCONDES SOBRINHO C EEF M;Laranjeiras do Sul;2024;INDETERMINADO;INDETERMINADO_CONSULTA_SEM_HOMOLOGACAO;INDETERMINADO;NAO_CONSTA;NENHUMA_APROVACAO_DOCUMENTADA;"Consulta pública realizada não foi homologada nos editais oficiais analisados; comunidade escolar rejeitou o modelo ou quórum não foi atingido.";CONFIRMADO;
41144929;JOSE MARCONDES SOBRINHO C EEF M;Laranjeiras do Sul;2025;NAO;NAO_CCM_EM_CONSULTA;INDETERMINADO;NAO_CONSTA;NENHUMA_APROVACAO_DOCUMENTADA;Escola convocada para consulta pública no ano de 2025, porém sem homologação de resultado favorável nos editais oficiais analisados (comunidade votou pela manutenção do modelo tradicional).;CONFIRMADO;
41144929;JOSE MARCONDES SOBRINHO C EEF M;Laranjeiras do Sul;2026;INDETERMINADO;INDETERMINADO_CONSULTA_SEM_HOMOLOGACAO;INDETERMINADO;NAO_CONSTA;NENHUMA_APROVACAO_DOCUMENTADA;"Consulta pública realizada não foi homologada nos editais oficiais analisados; comunidade escolar rejeitou o modelo ou quórum não foi atingido.";CONFIRMADO;
41146093;ANTONIO VIEIRA C E CM PEEF M;São José dos Pinhais;2020;INDETERMINADO;INDETERMINADO_ERRO_MATERIAL_DOCUMENTAL;INDETERMINADO;NAO_CONSTA;ERRO_MATERIAL_RETIFICADO_SEED;Edital nº 125/2025 (p. 2) registrou código 41146093 por erro de digitação para escola de Engenheiro Beltrão, retificado no Edital 136/2025 para 41016254.;AMBÍGUO;Caso AMBÍGUO isolado. A escola física de São José dos Pinhais correspondente a este código no INEP não possui processo de adesão válido no corpus.
41146093;ANTONIO VIEIRA C E CM PEEF M;São José dos Pinhais;2021;INDETERMINADO;INDETERMINADO_ERRO_MATERIAL_DOCUMENTAL;INDETERMINADO;NAO_CONSTA;ERRO_MATERIAL_RETIFICADO_SEED;Edital nº 125/2025 (p. 2) registrou código 41146093 por erro de digitação para escola de Engenheiro Beltrão, retificado no Edital 136/2025 para 41016254.;AMBÍGUO;Caso AMBÍGUO isolado. A escola física de São José dos Pinhais correspondente a este código no INEP não possui processo de adesão válido no corpus.
41146093;ANTONIO VIEIRA C E CM PEEF M;São José dos Pinhais;2022;INDETERMINADO;INDETERMINADO_ERRO_MATERIAL_DOCUMENTAL;INDETERMINADO;NAO_CONSTA;ERRO_MATERIAL_RETIFICADO_SEED;Edital nº 125/2025 (p. 2) registrou código 41146093 por erro de digitação para escola de Engenheiro Beltrão, retificado no Edital 136/2025 para 41016254.;AMBÍGUO;Caso AMBÍGUO isolado. A escola física de São José dos Pinhais correspondente a este código no INEP não possui processo de adesão válido no corpus.
41146093;ANTONIO VIEIRA C E CM PEEF M;São José dos Pinhais;2023;INDETERMINADO;INDETERMINADO_ERRO_MATERIAL_DOCUMENTAL;INDETERMINADO;NAO_CONSTA;ERRO_MATERIAL_RETIFICADO_SEED;Edital nº 125/2025 (p. 2) registrou código 41146093 por erro de digitação para escola de Engenheiro Beltrão, retificado no Edital 136/2025 para 41016254.;AMBÍGUO;Caso AMBÍGUO isolado. A escola física de São José dos Pinhais correspondente a este código no INEP não possui processo de adesão válido no corpus.
41146093;ANTONIO VIEIRA C E CM PEEF M;São José dos Pinhais;2024;INDETERMINADO;INDETERMINADO_ERRO_MATERIAL_DOCUMENTAL;INDETERMINADO;NAO_CONSTA;ERRO_MATERIAL_RETIFICADO_SEED;Edital nº 125/2025 (p. 2) registrou código 41146093 por erro de digitação para escola de Engenheiro Beltrão, retificado no Edital 136/2025 para 41016254.;AMBÍGUO;Caso AMBÍGUO isolado. A escola física de São José dos Pinhais correspondente a este código no INEP não possui processo de adesão válido no corpus.
41146093;ANTONIO VIEIRA C E CM PEEF M;São José dos Pinhais;2025;INDETERMINADO;INDETERMINADO_ERRO_MATERIAL_DOCUMENTAL;INDETERMINADO;NAO_CONSTA;ERRO_MATERIAL_RETIFICADO_SEED;Edital nº 125/2025 (p. 2) registrou código 41146093 por erro de digitação para escola de Engenheiro Beltrão, retificado no Edital 136/2025 para 41016254.;AMBÍGUO;Caso AMBÍGUO isolado. A escola física de São José dos Pinhais correspondente a este código no INEP não possui processo de adesão válido no corpus.
41146093;ANTONIO VIEIRA C E CM PEEF M;São José dos Pinhais;2026;INDETERMINADO;INDETERMINADO_ERRO_MATERIAL_DOCUMENTAL;INDETERMINADO;NAO_CONSTA;ERRO_MATERIAL_RETIFICADO_SEED;Edital nº 125/2025 (p. 2) registrou código 41146093 por erro de digitação para escola de Engenheiro Beltrão, retificado no Edital 136/2025 para 41016254.;AMBÍGUO;Caso AMBÍGUO isolado. A escola física de São José dos Pinhais correspondente a este código no INEP não possui processo de adesão válido no corpus.
41148550;SANTA RITA E E CMEF;Foz do Iguaçu;2020;INDETERMINADO;INDETERMINADO_SEM_DOCUMENTO_NO_PERIODO;2024;NAO_CONSTA;edital1142023_gsseed_ccm.pdf, p. 2 (Vigência expressa fixada a partir de 01/01/2024);Sem menção em editais nos autos para o ano de 2020. Conservadoramente mantido como INDETERMINADO conforme diretriz metodológica.;CONFIRMADO;
41148550;SANTA RITA E E CMEF;Foz do Iguaçu;2021;INDETERMINADO;INDETERMINADO_SEM_DOCUMENTO_NO_PERIODO;2024;NAO_CONSTA;edital1142023_gsseed_ccm.pdf, p. 2 (Vigência expressa fixada a partir de 01/01/2024);Sem menção em editais nos autos para o ano de 2021. Conservadoramente mantido como INDETERMINADO conforme diretriz metodológica.;CONFIRMADO;
41148550;SANTA RITA E E CMEF;Foz do Iguaçu;2022;INDETERMINADO;INDETERMINADO_SEM_DOCUMENTO_NO_PERIODO;2024;NAO_CONSTA;edital1142023_gsseed_ccm.pdf, p. 2 (Vigência expressa fixada a partir de 01/01/2024);Sem menção em editais nos autos para o ano de 2022. Conservadoramente mantido como INDETERMINADO conforme diretriz metodológica.;CONFIRMADO;
41148550;SANTA RITA E E CMEF;Foz do Iguaçu;2023;NAO;NAO_CCM_EM_CONSULTA_PREPARATORIA;2024;NAO_CONSTA;edital1142023_gsseed_ccm.pdf, p. 2 (Vigência expressa fixada a partir de 01/01/2024);"Escola operando na rede regular estadual; participou de consulta pública de adesão em 2023 cuja vigência foi fixada apenas a partir de 01/01/2024.";CONFIRMADO;
41148550;SANTA RITA E E CMEF;Foz do Iguaçu;2024;SIM;CCM_ATIVO_IMPLEMENTADO;2024;NAO_CONSTA;edital1142023_gsseed_ccm.pdf, p. 2 (Vigência expressa fixada a partir de 01/01/2024);Início formal da gestão cívico-militar em 01/01/2024 conforme edital1142023_gsseed_ccm.pdf, p. 2 (Vigência expressa fixada a partir de 01/01/2024).;CONFIRMADO;
41148550;SANTA RITA E E CMEF;Foz do Iguaçu;2025;SIM;CCM_ATIVO_CONTINUIDADE;2024;NAO_CONSTA;edital1142023_gsseed_ccm.pdf, p. 2 (Vigência expressa fixada a partir de 01/01/2024);"Gestão cívico-militar em continuidade regular; sem publicação de ato de revogação, exclusão ou encerramento.";CONFIRMADO;
41148550;SANTA RITA E E CMEF;Foz do Iguaçu;2026;SIM;CCM_ATIVO_CONTINUIDADE;2024;NAO_CONSTA;edital1142023_gsseed_ccm.pdf, p. 2 (Vigência expressa fixada a partir de 01/01/2024);"Gestão cívico-militar em continuidade regular; sem publicação de ato de revogação, exclusão ou encerramento.";CONFIRMADO;
41150902;PLANTA DEODORO C E CM EF M;Piraquara;2020;INDETERMINADO;INDETERMINADO_SEM_DOCUMENTO_NO_PERIODO;2024;NAO_CONSTA;edital1142023_gsseed_ccm.pdf, p. 1 (Vigência expressa fixada a partir de 01/01/2024);Sem menção em editais nos autos para o ano de 2020. Conservadoramente mantido como INDETERMINADO conforme diretriz metodológica.;CONFIRMADO;
41150902;PLANTA DEODORO C E CM EF M;Piraquara;2021;INDETERMINADO;INDETERMINADO_SEM_DOCUMENTO_NO_PERIODO;2024;NAO_CONSTA;edital1142023_gsseed_ccm.pdf, p. 1 (Vigência expressa fixada a partir de 01/01/2024);Sem menção em editais nos autos para o ano de 2021. Conservadoramente mantido como INDETERMINADO conforme diretriz metodológica.;CONFIRMADO;
41150902;PLANTA DEODORO C E CM EF M;Piraquara;2022;INDETERMINADO;INDETERMINADO_SEM_DOCUMENTO_NO_PERIODO;2024;NAO_CONSTA;edital1142023_gsseed_ccm.pdf, p. 1 (Vigência expressa fixada a partir de 01/01/2024);Sem menção em editais nos autos para o ano de 2022. Conservadoramente mantido como INDETERMINADO conforme diretriz metodológica.;CONFIRMADO;
41150902;PLANTA DEODORO C E CM EF M;Piraquara;2023;NAO;NAO_CCM_EM_CONSULTA_PREPARATORIA;2024;NAO_CONSTA;edital1142023_gsseed_ccm.pdf, p. 1 (Vigência expressa fixada a partir de 01/01/2024);"Escola operando na rede regular estadual; participou de consulta pública de adesão em 2023 cuja vigência foi fixada apenas a partir de 01/01/2024.";CONFIRMADO;
41150902;PLANTA DEODORO C E CM EF M;Piraquara;2024;SIM;CCM_ATIVO_IMPLEMENTADO;2024;NAO_CONSTA;edital1142023_gsseed_ccm.pdf, p. 1 (Vigência expressa fixada a partir de 01/01/2024);Início formal da gestão cívico-militar em 01/01/2024 conforme edital1142023_gsseed_ccm.pdf, p. 1 (Vigência expressa fixada a partir de 01/01/2024).;CONFIRMADO;
41150902;PLANTA DEODORO C E CM EF M;Piraquara;2025;SIM;CCM_ATIVO_CONTINUIDADE;2024;NAO_CONSTA;edital1142023_gsseed_ccm.pdf, p. 1 (Vigência expressa fixada a partir de 01/01/2024);"Gestão cívico-militar em continuidade regular; sem publicação de ato de revogação, exclusão ou encerramento.";CONFIRMADO;
41150902;PLANTA DEODORO C E CM EF M;Piraquara;2026;SIM;CCM_ATIVO_CONTINUIDADE;2024;NAO_CONSTA;edital1142023_gsseed_ccm.pdf, p. 1 (Vigência expressa fixada a partir de 01/01/2024);"Gestão cívico-militar em continuidade regular; sem publicação de ato de revogação, exclusão ou encerramento.";CONFIRMADO;
41158806;ROCHA POMBO C E CMEF M;Araucária;2020;INDETERMINADO;INDETERMINADO_SEM_DOCUMENTO_NO_PERIODO;2024;NAO_CONSTA;edital1142023_gsseed_ccm.pdf, p. 1 (Vigência expressa fixada a partir de 01/01/2024);Sem menção em editais nos autos para o ano de 2020. Conservadoramente mantido como INDETERMINADO conforme diretriz metodológica.;CONFIRMADO;
41158806;ROCHA POMBO C E CMEF M;Araucária;2021;INDETERMINADO;INDETERMINADO_SEM_DOCUMENTO_NO_PERIODO;2024;NAO_CONSTA;edital1142023_gsseed_ccm.pdf, p. 1 (Vigência expressa fixada a partir de 01/01/2024);Sem menção em editais nos autos para o ano de 2021. Conservadoramente mantido como INDETERMINADO conforme diretriz metodológica.;CONFIRMADO;
41158806;ROCHA POMBO C E CMEF M;Araucária;2022;INDETERMINADO;INDETERMINADO_SEM_DOCUMENTO_NO_PERIODO;2024;NAO_CONSTA;edital1142023_gsseed_ccm.pdf, p. 1 (Vigência expressa fixada a partir de 01/01/2024);Sem menção em editais nos autos para o ano de 2022. Conservadoramente mantido como INDETERMINADO conforme diretriz metodológica.;CONFIRMADO;
41158806;ROCHA POMBO C E CMEF M;Araucária;2023;NAO;NAO_CCM_EM_CONSULTA_PREPARATORIA;2024;NAO_CONSTA;edital1142023_gsseed_ccm.pdf, p. 1 (Vigência expressa fixada a partir de 01/01/2024);"Escola operando na rede regular estadual; participou de consulta pública de adesão em 2023 cuja vigência foi fixada apenas a partir de 01/01/2024.";CONFIRMADO;
41158806;ROCHA POMBO C E CMEF M;Araucária;2024;SIM;CCM_ATIVO_IMPLEMENTADO;2024;NAO_CONSTA;edital1142023_gsseed_ccm.pdf, p. 1 (Vigência expressa fixada a partir de 01/01/2024);Início formal da gestão cívico-militar em 01/01/2024 conforme edital1142023_gsseed_ccm.pdf, p. 1 (Vigência expressa fixada a partir de 01/01/2024).;CONFIRMADO;
41158806;ROCHA POMBO C E CMEF M;Araucária;2025;SIM;CCM_ATIVO_CONTINUIDADE;2024;NAO_CONSTA;edital1142023_gsseed_ccm.pdf, p. 1 (Vigência expressa fixada a partir de 01/01/2024);"Gestão cívico-militar em continuidade regular; sem publicação de ato de revogação, exclusão ou encerramento.";CONFIRMADO;
41158806;ROCHA POMBO C E CMEF M;Araucária;2026;SIM;CCM_ATIVO_CONTINUIDADE;2024;NAO_CONSTA;edital1142023_gsseed_ccm.pdf, p. 1 (Vigência expressa fixada a partir de 01/01/2024);"Gestão cívico-militar em continuidade regular; sem publicação de ato de revogação, exclusão ou encerramento.";CONFIRMADO;
41164920;IRONDI MANTOVANI PUGLIESI C E CMEF M;Arapongas;2020;INDETERMINADO;INDETERMINADO_SEM_DOCUMENTO_NO_PERIODO;2024;NAO_CONSTA;edital1142023_gsseed_ccm.pdf, p. 1 (Vigência expressa fixada a partir de 01/01/2024);Sem menção em editais nos autos para o ano de 2020. Conservadoramente mantido como INDETERMINADO conforme diretriz metodológica.;CONFIRMADO;
41164920;IRONDI MANTOVANI PUGLIESI C E CMEF M;Arapongas;2021;INDETERMINADO;INDETERMINADO_SEM_DOCUMENTO_NO_PERIODO;2024;NAO_CONSTA;edital1142023_gsseed_ccm.pdf, p. 1 (Vigência expressa fixada a partir de 01/01/2024);Sem menção em editais nos autos para o ano de 2021. Conservadoramente mantido como INDETERMINADO conforme diretriz metodológica.;CONFIRMADO;
41164920;IRONDI MANTOVANI PUGLIESI C E CMEF M;Arapongas;2022;INDETERMINADO;INDETERMINADO_SEM_DOCUMENTO_NO_PERIODO;2024;NAO_CONSTA;edital1142023_gsseed_ccm.pdf, p. 1 (Vigência expressa fixada a partir de 01/01/2024);Sem menção em editais nos autos para o ano de 2022. Conservadoramente mantido como INDETERMINADO conforme diretriz metodológica.;CONFIRMADO;
41164920;IRONDI MANTOVANI PUGLIESI C E CMEF M;Arapongas;2023;NAO;NAO_CCM_EM_CONSULTA_PREPARATORIA;2024;NAO_CONSTA;edital1142023_gsseed_ccm.pdf, p. 1 (Vigência expressa fixada a partir de 01/01/2024);"Escola operando na rede regular estadual; participou de consulta pública de adesão em 2023 cuja vigência foi fixada apenas a partir de 01/01/2024.";CONFIRMADO;
41164920;IRONDI MANTOVANI PUGLIESI C E CMEF M;Arapongas;2024;SIM;CCM_ATIVO_IMPLEMENTADO;2024;NAO_CONSTA;edital1142023_gsseed_ccm.pdf, p. 1 (Vigência expressa fixada a partir de 01/01/2024);Início formal da gestão cívico-militar em 01/01/2024 conforme edital1142023_gsseed_ccm.pdf, p. 1 (Vigência expressa fixada a partir de 01/01/2024).;CONFIRMADO;
41164920;IRONDI MANTOVANI PUGLIESI C E CMEF M;Arapongas;2025;SIM;CCM_ATIVO_CONTINUIDADE;2024;NAO_CONSTA;edital1142023_gsseed_ccm.pdf, p. 1 (Vigência expressa fixada a partir de 01/01/2024);"Gestão cívico-militar em continuidade regular; sem publicação de ato de revogação, exclusão ou encerramento.";CONFIRMADO;
41164920;IRONDI MANTOVANI PUGLIESI C E CMEF M;Arapongas;2026;SIM;CCM_ATIVO_CONTINUIDADE;2024;NAO_CONSTA;edital1142023_gsseed_ccm.pdf, p. 1 (Vigência expressa fixada a partir de 01/01/2024);"Gestão cívico-militar em continuidade regular; sem publicação de ato de revogação, exclusão ou encerramento.";CONFIRMADO;
41167090;ANDREIA NERES DOS SANTOS C E PROFAEFM;Cascavel;2020;INDETERMINADO;INDETERMINADO_SEM_DOCUMENTO_NO_PERIODO;2026;NAO_CONSTA;edital1362025_gsseed_prot249175889_ccm_consulta_publica_resultado.pdf, p. 3 (Vigência expressa fixada a partir de 01/01/2026);Sem menção em editais nos autos para o ano de 2020. Conservadoramente mantido como INDETERMINADO conforme diretriz metodológica.;CONFIRMADO;
41167090;ANDREIA NERES DOS SANTOS C E PROFAEFM;Cascavel;2021;INDETERMINADO;INDETERMINADO_SEM_DOCUMENTO_NO_PERIODO;2026;NAO_CONSTA;edital1362025_gsseed_prot249175889_ccm_consulta_publica_resultado.pdf, p. 3 (Vigência expressa fixada a partir de 01/01/2026);Sem menção em editais nos autos para o ano de 2021. Conservadoramente mantido como INDETERMINADO conforme diretriz metodológica.;CONFIRMADO;
41167090;ANDREIA NERES DOS SANTOS C E PROFAEFM;Cascavel;2022;INDETERMINADO;INDETERMINADO_SEM_DOCUMENTO_NO_PERIODO;2026;NAO_CONSTA;edital1362025_gsseed_prot249175889_ccm_consulta_publica_resultado.pdf, p. 3 (Vigência expressa fixada a partir de 01/01/2026);Sem menção em editais nos autos para o ano de 2022. Conservadoramente mantido como INDETERMINADO conforme diretriz metodológica.;CONFIRMADO;
41167090;ANDREIA NERES DOS SANTOS C E PROFAEFM;Cascavel;2023;INDETERMINADO;INDETERMINADO_SEM_DOCUMENTO_NO_PERIODO;2026;NAO_CONSTA;edital1362025_gsseed_prot249175889_ccm_consulta_publica_resultado.pdf, p. 3 (Vigência expressa fixada a partir de 01/01/2026);Sem menção em editais nos autos para o ano de 2023. Conservadoramente mantido como INDETERMINADO conforme diretriz metodológica.;CONFIRMADO;
41167090;ANDREIA NERES DOS SANTOS C E PROFAEFM;Cascavel;2024;INDETERMINADO;INDETERMINADO_SEM_DOCUMENTO_NO_PERIODO;2026;NAO_CONSTA;edital1362025_gsseed_prot249175889_ccm_consulta_publica_resultado.pdf, p. 3 (Vigência expressa fixada a partir de 01/01/2026);Sem menção em editais nos autos para o ano de 2024. Conservadoramente mantido como INDETERMINADO conforme diretriz metodológica.;CONFIRMADO;
41167090;ANDREIA NERES DOS SANTOS C E PROFAEFM;Cascavel;2025;NAO;NAO_CCM_EM_CONSULTA_PREPARATORIA;2026;NAO_CONSTA;edital1362025_gsseed_prot249175889_ccm_consulta_publica_resultado.pdf, p. 3 (Vigência expressa fixada a partir de 01/01/2026);"Escola operando na rede regular estadual; participou de consulta pública de adesão em 2025 cuja vigência foi fixada apenas a partir de 01/01/2026.";CONFIRMADO;
41167090;ANDREIA NERES DOS SANTOS C E PROFAEFM;Cascavel;2026;SIM;CCM_ATIVO_IMPLEMENTADO;2026;NAO_CONSTA;edital1362025_gsseed_prot249175889_ccm_consulta_publica_resultado.pdf, p. 3 (Vigência expressa fixada a partir de 01/01/2026);Início formal da gestão cívico-militar em 01/01/2026 conforme edital1362025_gsseed_prot249175889_ccm_consulta_publica_resultado.pdf, p. 3 (Vigência expressa fixada a partir de 01/01/2026).;CONFIRMADO;
41354273;EDISON PIETROBELLI E E CM PROFEF;Ponta Grossa;2020;INDETERMINADO;INDETERMINADO_SEM_DOCUMENTO_NO_PERIODO;2024;NAO_CONSTA;edital1142023_gsseed_ccm.pdf, p. 3 (Vigência expressa fixada a partir de 01/01/2024);Sem menção em editais nos autos para o ano de 2020. Conservadoramente mantido como INDETERMINADO conforme diretriz metodológica.;CONFIRMADO;
41354273;EDISON PIETROBELLI E E CM PROFEF;Ponta Grossa;2021;INDETERMINADO;INDETERMINADO_SEM_DOCUMENTO_NO_PERIODO;2024;NAO_CONSTA;edital1142023_gsseed_ccm.pdf, p. 3 (Vigência expressa fixada a partir de 01/01/2024);Sem menção em editais nos autos para o ano de 2021. Conservadoramente mantido como INDETERMINADO conforme diretriz metodológica.;CONFIRMADO;
41354273;EDISON PIETROBELLI E E CM PROFEF;Ponta Grossa;2022;INDETERMINADO;INDETERMINADO_SEM_DOCUMENTO_NO_PERIODO;2024;NAO_CONSTA;edital1142023_gsseed_ccm.pdf, p. 3 (Vigência expressa fixada a partir de 01/01/2024);Sem menção em editais nos autos para o ano de 2022. Conservadoramente mantido como INDETERMINADO conforme diretriz metodológica.;CONFIRMADO;
41354273;EDISON PIETROBELLI E E CM PROFEF;Ponta Grossa;2023;NAO;NAO_CCM_EM_CONSULTA_PREPARATORIA;2024;NAO_CONSTA;edital1142023_gsseed_ccm.pdf, p. 3 (Vigência expressa fixada a partir de 01/01/2024);"Escola operando na rede regular estadual; participou de consulta pública de adesão em 2023 cuja vigência foi fixada apenas a partir de 01/01/2024.";CONFIRMADO;
41354273;EDISON PIETROBELLI E E CM PROFEF;Ponta Grossa;2024;SIM;CCM_ATIVO_IMPLEMENTADO;2024;NAO_CONSTA;edital1142023_gsseed_ccm.pdf, p. 3 (Vigência expressa fixada a partir de 01/01/2024);Início formal da gestão cívico-militar em 01/01/2024 conforme edital1142023_gsseed_ccm.pdf, p. 3 (Vigência expressa fixada a partir de 01/01/2024).;CONFIRMADO;
41354273;EDISON PIETROBELLI E E CM PROFEF;Ponta Grossa;2025;SIM;CCM_ATIVO_CONTINUIDADE;2024;NAO_CONSTA;edital1142023_gsseed_ccm.pdf, p. 3 (Vigência expressa fixada a partir de 01/01/2024);"Gestão cívico-militar em continuidade regular; sem publicação de ato de revogação, exclusão ou encerramento.";CONFIRMADO;
41354273;EDISON PIETROBELLI E E CM PROFEF;Ponta Grossa;2026;SIM;CCM_ATIVO_CONTINUIDADE;2024;NAO_CONSTA;edital1142023_gsseed_ccm.pdf, p. 3 (Vigência expressa fixada a partir de 01/01/2024);"Gestão cívico-militar em continuidade regular; sem publicação de ato de revogação, exclusão ou encerramento.";CONFIRMADO;
41355156;THIAGO TERRA C E CMEF M PROF;Londrina;2020;INDETERMINADO;INDETERMINADO_SEM_DOCUMENTO_NO_PERIODO;2024;NAO_CONSTA;edital1142023_gsseed_ccm.pdf, p. 3 (Vigência expressa fixada a partir de 01/01/2024);Sem menção em editais nos autos para o ano de 2020. Conservadoramente mantido como INDETERMINADO conforme diretriz metodológica.;CONFIRMADO;
41355156;THIAGO TERRA C E CMEF M PROF;Londrina;2021;INDETERMINADO;INDETERMINADO_SEM_DOCUMENTO_NO_PERIODO;2024;NAO_CONSTA;edital1142023_gsseed_ccm.pdf, p. 3 (Vigência expressa fixada a partir de 01/01/2024);Sem menção em editais nos autos para o ano de 2021. Conservadoramente mantido como INDETERMINADO conforme diretriz metodológica.;CONFIRMADO;
41355156;THIAGO TERRA C E CMEF M PROF;Londrina;2022;INDETERMINADO;INDETERMINADO_SEM_DOCUMENTO_NO_PERIODO;2024;NAO_CONSTA;edital1142023_gsseed_ccm.pdf, p. 3 (Vigência expressa fixada a partir de 01/01/2024);Sem menção em editais nos autos para o ano de 2022. Conservadoramente mantido como INDETERMINADO conforme diretriz metodológica.;CONFIRMADO;
41355156;THIAGO TERRA C E CMEF M PROF;Londrina;2023;NAO;NAO_CCM_EM_CONSULTA_PREPARATORIA;2024;NAO_CONSTA;edital1142023_gsseed_ccm.pdf, p. 3 (Vigência expressa fixada a partir de 01/01/2024);"Escola operando na rede regular estadual; participou de consulta pública de adesão em 2023 cuja vigência foi fixada apenas a partir de 01/01/2024.";CONFIRMADO;
41355156;THIAGO TERRA C E CMEF M PROF;Londrina;2024;SIM;CCM_ATIVO_IMPLEMENTADO;2024;NAO_CONSTA;edital1142023_gsseed_ccm.pdf, p. 3 (Vigência expressa fixada a partir de 01/01/2024);Início formal da gestão cívico-militar em 01/01/2024 conforme edital1142023_gsseed_ccm.pdf, p. 3 (Vigência expressa fixada a partir de 01/01/2024).;CONFIRMADO;
41355156;THIAGO TERRA C E CMEF M PROF;Londrina;2025;SIM;CCM_ATIVO_CONTINUIDADE;2024;NAO_CONSTA;edital1142023_gsseed_ccm.pdf, p. 3 (Vigência expressa fixada a partir de 01/01/2024);"Gestão cívico-militar em continuidade regular; sem publicação de ato de revogação, exclusão ou encerramento.";CONFIRMADO;
41355156;THIAGO TERRA C E CMEF M PROF;Londrina;2026;SIM;CCM_ATIVO_CONTINUIDADE;2024;NAO_CONSTA;edital1142023_gsseed_ccm.pdf, p. 3 (Vigência expressa fixada a partir de 01/01/2024);"Gestão cívico-militar em continuidade regular; sem publicação de ato de revogação, exclusão ou encerramento.";CONFIRMADO;
41356136;RINA M DE J FRANCOVIG C E PROFAEF M;Londrina;2020;INDETERMINADO;INDETERMINADO_SEM_DOCUMENTO_NO_PERIODO;INDETERMINADO;NAO_CONSTA;NENHUMA_APROVACAO_DOCUMENTADA;Sem documentos nos autos para o ano de 2020.;CONFIRMADO;
41356136;RINA M DE J FRANCOVIG C E PROFAEF M;Londrina;2021;INDETERMINADO;INDETERMINADO_SEM_DOCUMENTO_NO_PERIODO;INDETERMINADO;NAO_CONSTA;NENHUMA_APROVACAO_DOCUMENTADA;Sem documentos nos autos para o ano de 2021.;CONFIRMADO;
41356136;RINA M DE J FRANCOVIG C E PROFAEF M;Londrina;2022;INDETERMINADO;INDETERMINADO_SEM_DOCUMENTO_NO_PERIODO;INDETERMINADO;NAO_CONSTA;NENHUMA_APROVACAO_DOCUMENTADA;Sem documentos nos autos para o ano de 2022.;CONFIRMADO;
41356136;RINA M DE J FRANCOVIG C E PROFAEF M;Londrina;2023;NAO;NAO_CCM_EM_CONSULTA;INDETERMINADO;NAO_CONSTA;NENHUMA_APROVACAO_DOCUMENTADA;Escola convocada para consulta pública no ano de 2023, porém sem homologação de resultado favorável nos editais oficiais analisados (comunidade votou pela manutenção do modelo tradicional).;CONFIRMADO;
41356136;RINA M DE J FRANCOVIG C E PROFAEF M;Londrina;2024;INDETERMINADO;INDETERMINADO_CONSULTA_SEM_HOMOLOGACAO;INDETERMINADO;NAO_CONSTA;NENHUMA_APROVACAO_DOCUMENTADA;"Consulta pública realizada não foi homologada nos editais oficiais analisados; comunidade escolar rejeitou o modelo ou quórum não foi atingido.";CONFIRMADO;
41356136;RINA M DE J FRANCOVIG C E PROFAEF M;Londrina;2025;INDETERMINADO;INDETERMINADO_CONSULTA_SEM_HOMOLOGACAO;INDETERMINADO;NAO_CONSTA;NENHUMA_APROVACAO_DOCUMENTADA;"Consulta pública realizada não foi homologada nos editais oficiais analisados; comunidade escolar rejeitou o modelo ou quórum não foi atingido.";CONFIRMADO;
41356136;RINA M DE J FRANCOVIG C E PROFAEF M;Londrina;2026;INDETERMINADO;INDETERMINADO_CONSULTA_SEM_HOMOLOGACAO;INDETERMINADO;NAO_CONSTA;NENHUMA_APROVACAO_DOCUMENTADA;"Consulta pública realizada não foi homologada nos editais oficiais analisados; comunidade escolar rejeitou o modelo ou quórum não foi atingido.";CONFIRMADO;
41357027;TEOBALDO L KLETEMBERG C E PREF M P;Curitiba;2020;INDETERMINADO;INDETERMINADO_SEM_DOCUMENTO_NO_PERIODO;INDETERMINADO;NAO_CONSTA;NENHUMA_APROVACAO_DOCUMENTADA;Sem documentos nos autos para o ano de 2020.;CONFIRMADO;
41357027;TEOBALDO L KLETEMBERG C E PREF M P;Curitiba;2021;INDETERMINADO;INDETERMINADO_SEM_DOCUMENTO_NO_PERIODO;INDETERMINADO;NAO_CONSTA;NENHUMA_APROVACAO_DOCUMENTADA;Sem documentos nos autos para o ano de 2021.;CONFIRMADO;
41357027;TEOBALDO L KLETEMBERG C E PREF M P;Curitiba;2022;INDETERMINADO;INDETERMINADO_SEM_DOCUMENTO_NO_PERIODO;INDETERMINADO;NAO_CONSTA;NENHUMA_APROVACAO_DOCUMENTADA;Sem documentos nos autos para o ano de 2022.;CONFIRMADO;
41357027;TEOBALDO L KLETEMBERG C E PREF M P;Curitiba;2023;NAO;NAO_CCM_EM_CONSULTA;INDETERMINADO;NAO_CONSTA;NENHUMA_APROVACAO_DOCUMENTADA;Escola convocada para consulta pública no ano de 2023, porém sem homologação de resultado favorável nos editais oficiais analisados (comunidade votou pela manutenção do modelo tradicional).;CONFIRMADO;
41357027;TEOBALDO L KLETEMBERG C E PREF M P;Curitiba;2024;INDETERMINADO;INDETERMINADO_CONSULTA_SEM_HOMOLOGACAO;INDETERMINADO;NAO_CONSTA;NENHUMA_APROVACAO_DOCUMENTADA;"Consulta pública realizada não foi homologada nos editais oficiais analisados; comunidade escolar rejeitou o modelo ou quórum não foi atingido.";CONFIRMADO;
41357027;TEOBALDO L KLETEMBERG C E PREF M P;Curitiba;2025;INDETERMINADO;INDETERMINADO_CONSULTA_SEM_HOMOLOGACAO;INDETERMINADO;NAO_CONSTA;NENHUMA_APROVACAO_DOCUMENTADA;"Consulta pública realizada não foi homologada nos editais oficiais analisados; comunidade escolar rejeitou o modelo ou quórum não foi atingido.";CONFIRMADO;
41357027;TEOBALDO L KLETEMBERG C E PREF M P;Curitiba;2026;INDETERMINADO;INDETERMINADO_CONSULTA_SEM_HOMOLOGACAO;INDETERMINADO;NAO_CONSTA;NENHUMA_APROVACAO_DOCUMENTADA;"Consulta pública realizada não foi homologada nos editais oficiais analisados; comunidade escolar rejeitou o modelo ou quórum não foi atingido.";CONFIRMADO;
41358872;JOAO R DA SILVA E E CM PROFEF;Londrina;2020;INDETERMINADO;INDETERMINADO_SEM_DOCUMENTO_NO_PERIODO;2024;NAO_CONSTA;edital1222023_gsseed_prot214105004_ccm_resultado_processo_consulta_publica.pdf, p. 1 (Vigência expressa fixada a partir de 01/01/2024);Sem menção em editais nos autos para o ano de 2020. Conservadoramente mantido como INDETERMINADO conforme diretriz metodológica.;CONFIRMADO;
41358872;JOAO R DA SILVA E E CM PROFEF;Londrina;2021;INDETERMINADO;INDETERMINADO_SEM_DOCUMENTO_NO_PERIODO;2024;NAO_CONSTA;edital1222023_gsseed_prot214105004_ccm_resultado_processo_consulta_publica.pdf, p. 1 (Vigência expressa fixada a partir de 01/01/2024);Sem menção em editais nos autos para o ano de 2021. Conservadoramente mantido como INDETERMINADO conforme diretriz metodológica.;CONFIRMADO;
41358872;JOAO R DA SILVA E E CM PROFEF;Londrina;2022;INDETERMINADO;INDETERMINADO_SEM_DOCUMENTO_NO_PERIODO;2024;NAO_CONSTA;edital1222023_gsseed_prot214105004_ccm_resultado_processo_consulta_publica.pdf, p. 1 (Vigência expressa fixada a partir de 01/01/2024);Sem menção em editais nos autos para o ano de 2022. Conservadoramente mantido como INDETERMINADO conforme diretriz metodológica.;CONFIRMADO;
41358872;JOAO R DA SILVA E E CM PROFEF;Londrina;2023;NAO;NAO_CCM_EM_CONSULTA_PREPARATORIA;2024;NAO_CONSTA;edital1222023_gsseed_prot214105004_ccm_resultado_processo_consulta_publica.pdf, p. 1 (Vigência expressa fixada a partir de 01/01/2024);"Escola operando na rede regular estadual; participou de consulta pública de adesão em 2023 cuja vigência foi fixada apenas a partir de 01/01/2024.";CONFIRMADO;
41358872;JOAO R DA SILVA E E CM PROFEF;Londrina;2024;SIM;CCM_ATIVO_IMPLEMENTADO;2024;NAO_CONSTA;edital1222023_gsseed_prot214105004_ccm_resultado_processo_consulta_publica.pdf, p. 1 (Vigência expressa fixada a partir de 01/01/2024);Início formal da gestão cívico-militar em 01/01/2024 conforme edital1222023_gsseed_prot214105004_ccm_resultado_processo_consulta_publica.pdf, p. 1 (Vigência expressa fixada a partir de 01/01/2024).;CONFIRMADO;
41358872;JOAO R DA SILVA E E CM PROFEF;Londrina;2025;SIM;CCM_ATIVO_CONTINUIDADE;2024;NAO_CONSTA;edital1222023_gsseed_prot214105004_ccm_resultado_processo_consulta_publica.pdf, p. 1 (Vigência expressa fixada a partir de 01/01/2024);"Gestão cívico-militar em continuidade regular; sem publicação de ato de revogação, exclusão ou encerramento.";CONFIRMADO;
41358872;JOAO R DA SILVA E E CM PROFEF;Londrina;2026;SIM;CCM_ATIVO_CONTINUIDADE;2024;NAO_CONSTA;edital1222023_gsseed_prot214105004_ccm_resultado_processo_consulta_publica.pdf, p. 1 (Vigência expressa fixada a partir de 01/01/2024);"Gestão cívico-militar em continuidade regular; sem publicação de ato de revogação, exclusão ou encerramento.";CONFIRMADO;
41360567;WALDE ROSI GALVAO C EEF M;Pinhais;2020;INDETERMINADO;INDETERMINADO_SEM_DOCUMENTO_NO_PERIODO;INDETERMINADO;NAO_CONSTA;NENHUMA_APROVACAO_DOCUMENTADA;Sem documentos nos autos para o ano de 2020.;CONFIRMADO;
41360567;WALDE ROSI GALVAO C EEF M;Pinhais;2021;INDETERMINADO;INDETERMINADO_SEM_DOCUMENTO_NO_PERIODO;INDETERMINADO;NAO_CONSTA;NENHUMA_APROVACAO_DOCUMENTADA;Sem documentos nos autos para o ano de 2021.;CONFIRMADO;
41360567;WALDE ROSI GALVAO C EEF M;Pinhais;2022;INDETERMINADO;INDETERMINADO_SEM_DOCUMENTO_NO_PERIODO;INDETERMINADO;NAO_CONSTA;NENHUMA_APROVACAO_DOCUMENTADA;Sem documentos nos autos para o ano de 2022.;CONFIRMADO;
41360567;WALDE ROSI GALVAO C EEF M;Pinhais;2023;NAO;NAO_CCM_EM_CONSULTA;INDETERMINADO;NAO_CONSTA;NENHUMA_APROVACAO_DOCUMENTADA;Escola convocada para consulta pública no ano de 2023, porém sem homologação de resultado favorável nos editais oficiais analisados (comunidade votou pela manutenção do modelo tradicional).;CONFIRMADO;
41360567;WALDE ROSI GALVAO C EEF M;Pinhais;2024;INDETERMINADO;INDETERMINADO_CONSULTA_SEM_HOMOLOGACAO;INDETERMINADO;NAO_CONSTA;NENHUMA_APROVACAO_DOCUMENTADA;"Consulta pública realizada não foi homologada nos editais oficiais analisados; comunidade escolar rejeitou o modelo ou quórum não foi atingido.";CONFIRMADO;
41360567;WALDE ROSI GALVAO C EEF M;Pinhais;2025;INDETERMINADO;INDETERMINADO_CONSULTA_SEM_HOMOLOGACAO;INDETERMINADO;NAO_CONSTA;NENHUMA_APROVACAO_DOCUMENTADA;"Consulta pública realizada não foi homologada nos editais oficiais analisados; comunidade escolar rejeitou o modelo ou quórum não foi atingido.";CONFIRMADO;
41360567;WALDE ROSI GALVAO C EEF M;Pinhais;2026;INDETERMINADO;INDETERMINADO_CONSULTA_SEM_HOMOLOGACAO;INDETERMINADO;NAO_CONSTA;NENHUMA_APROVACAO_DOCUMENTADA;"Consulta pública realizada não foi homologada nos editais oficiais analisados; comunidade escolar rejeitou o modelo ou quórum não foi atingido.";CONFIRMADO;
41366620;VIDAL VANHONI C E PROFEF M;Paranaguá;2020;INDETERMINADO;INDETERMINADO_SEM_DOCUMENTO_NO_PERIODO;2026;NAO_CONSTA;edital1362025_gsseed_prot249175889_ccm_consulta_publica_resultado.pdf, p. 2 (Vigência expressa fixada a partir de 01/01/2026);Sem menção em editais nos autos para o ano de 2020. Conservadoramente mantido como INDETERMINADO conforme diretriz metodológica.;CONFIRMADO;
41366620;VIDAL VANHONI C E PROFEF M;Paranaguá;2021;INDETERMINADO;INDETERMINADO_SEM_DOCUMENTO_NO_PERIODO;2026;NAO_CONSTA;edital1362025_gsseed_prot249175889_ccm_consulta_publica_resultado.pdf, p. 2 (Vigência expressa fixada a partir de 01/01/2026);Sem menção em editais nos autos para o ano de 2021. Conservadoramente mantido como INDETERMINADO conforme diretriz metodológica.;CONFIRMADO;
41366620;VIDAL VANHONI C E PROFEF M;Paranaguá;2022;INDETERMINADO;INDETERMINADO_SEM_DOCUMENTO_NO_PERIODO;2026;NAO_CONSTA;edital1362025_gsseed_prot249175889_ccm_consulta_publica_resultado.pdf, p. 2 (Vigência expressa fixada a partir de 01/01/2026);Sem menção em editais nos autos para o ano de 2022. Conservadoramente mantido como INDETERMINADO conforme diretriz metodológica.;CONFIRMADO;
41366620;VIDAL VANHONI C E PROFEF M;Paranaguá;2023;NAO;NAO_CCM_EM_CONSULTA_PREPARATORIA;2026;NAO_CONSTA;edital1362025_gsseed_prot249175889_ccm_consulta_publica_resultado.pdf, p. 2 (Vigência expressa fixada a partir de 01/01/2026);"Escola operando na rede regular estadual; participou de consulta pública de adesão em 2023 cuja vigência foi fixada apenas a partir de 01/01/2026.";CONFIRMADO;
41366620;VIDAL VANHONI C E PROFEF M;Paranaguá;2024;NAO;NAO_CCM_ENTRE_CONSULTAS;2026;NAO_CONSTA;edital1362025_gsseed_prot249175889_ccm_consulta_publica_resultado.pdf, p. 2 (Vigência expressa fixada a partir de 01/01/2026);"Consulta de 2023 não resultou em aprovação imediata; escola permaneceu na rede regular não-CCM em 2024 até nova consulta e aprovação no final de 2025.";CONFIRMADO;
41366620;VIDAL VANHONI C E PROFEF M;Paranaguá;2025;NAO;NAO_CCM_EM_CONSULTA_PREPARATORIA;2026;NAO_CONSTA;edital1362025_gsseed_prot249175889_ccm_consulta_publica_resultado.pdf, p. 2 (Vigência expressa fixada a partir de 01/01/2026);"Escola operando na rede regular estadual; participou de consulta pública de adesão em 2025 cuja vigência foi fixada apenas a partir de 01/01/2026.";CONFIRMADO;
41366620;VIDAL VANHONI C E PROFEF M;Paranaguá;2026;SIM;CCM_ATIVO_IMPLEMENTADO;2026;NAO_CONSTA;edital1362025_gsseed_prot249175889_ccm_consulta_publica_resultado.pdf, p. 2 (Vigência expressa fixada a partir de 01/01/2026);Início formal da gestão cívico-militar em 01/01/2026 conforme edital1362025_gsseed_prot249175889_ccm_consulta_publica_resultado.pdf, p. 2 (Vigência expressa fixada a partir de 01/01/2026).;CONFIRMADO;
41370597;PILAR MATURANA C EEF M P;Curitiba;2020;INDETERMINADO;INDETERMINADO_SEM_DOCUMENTO_NO_PERIODO;INDETERMINADO;NAO_CONSTA;NENHUMA_APROVACAO_DOCUMENTADA;Sem documentos nos autos para o ano de 2020.;CONFIRMADO;
41370597;PILAR MATURANA C EEF M P;Curitiba;2021;INDETERMINADO;INDETERMINADO_SEM_DOCUMENTO_NO_PERIODO;INDETERMINADO;NAO_CONSTA;NENHUMA_APROVACAO_DOCUMENTADA;Sem documentos nos autos para o ano de 2021.;CONFIRMADO;
41370597;PILAR MATURANA C EEF M P;Curitiba;2022;INDETERMINADO;INDETERMINADO_SEM_DOCUMENTO_NO_PERIODO;INDETERMINADO;NAO_CONSTA;NENHUMA_APROVACAO_DOCUMENTADA;Sem documentos nos autos para o ano de 2022.;CONFIRMADO;
41370597;PILAR MATURANA C EEF M P;Curitiba;2023;NAO;NAO_CCM_EM_CONSULTA;INDETERMINADO;NAO_CONSTA;NENHUMA_APROVACAO_DOCUMENTADA;Escola convocada para consulta pública no ano de 2023, porém sem homologação de resultado favorável nos editais oficiais analisados (comunidade votou pela manutenção do modelo tradicional).;CONFIRMADO;
41370597;PILAR MATURANA C EEF M P;Curitiba;2024;INDETERMINADO;INDETERMINADO_CONSULTA_SEM_HOMOLOGACAO;INDETERMINADO;NAO_CONSTA;NENHUMA_APROVACAO_DOCUMENTADA;"Consulta pública realizada não foi homologada nos editais oficiais analisados; comunidade escolar rejeitou o modelo ou quórum não foi atingido.";CONFIRMADO;
41370597;PILAR MATURANA C EEF M P;Curitiba;2025;INDETERMINADO;INDETERMINADO_CONSULTA_SEM_HOMOLOGACAO;INDETERMINADO;NAO_CONSTA;NENHUMA_APROVACAO_DOCUMENTADA;"Consulta pública realizada não foi homologada nos editais oficiais analisados; comunidade escolar rejeitou o modelo ou quórum não foi atingido.";CONFIRMADO;
41370597;PILAR MATURANA C EEF M P;Curitiba;2026;INDETERMINADO;INDETERMINADO_CONSULTA_SEM_HOMOLOGACAO;INDETERMINADO;NAO_CONSTA;NENHUMA_APROVACAO_DOCUMENTADA;"Consulta pública realizada não foi homologada nos editais oficiais analisados; comunidade escolar rejeitou o modelo ou quórum não foi atingido.";CONFIRMADO;
41373375;MARIA HELENA T LUCIANO C E PROFEF MNP;Pontal do Paraná;2020;INDETERMINADO;INDETERMINADO_SEM_DOCUMENTO_NO_PERIODO;2026;NAO_CONSTA;edital1362025_gsseed_prot249175889_ccm_consulta_publica_resultado.pdf, p. 2 (Vigência expressa fixada a partir de 01/01/2026);Sem menção em editais nos autos para o ano de 2020. Conservadoramente mantido como INDETERMINADO conforme diretriz metodológica.;CONFIRMADO;
41373375;MARIA HELENA T LUCIANO C E PROFEF MNP;Pontal do Paraná;2021;INDETERMINADO;INDETERMINADO_SEM_DOCUMENTO_NO_PERIODO;2026;NAO_CONSTA;edital1362025_gsseed_prot249175889_ccm_consulta_publica_resultado.pdf, p. 2 (Vigência expressa fixada a partir de 01/01/2026);Sem menção em editais nos autos para o ano de 2021. Conservadoramente mantido como INDETERMINADO conforme diretriz metodológica.;CONFIRMADO;
41373375;MARIA HELENA T LUCIANO C E PROFEF MNP;Pontal do Paraná;2022;INDETERMINADO;INDETERMINADO_SEM_DOCUMENTO_NO_PERIODO;2026;NAO_CONSTA;edital1362025_gsseed_prot249175889_ccm_consulta_publica_resultado.pdf, p. 2 (Vigência expressa fixada a partir de 01/01/2026);Sem menção em editais nos autos para o ano de 2022. Conservadoramente mantido como INDETERMINADO conforme diretriz metodológica.;CONFIRMADO;
41373375;MARIA HELENA T LUCIANO C E PROFEF MNP;Pontal do Paraná;2023;INDETERMINADO;INDETERMINADO_SEM_DOCUMENTO_NO_PERIODO;2026;NAO_CONSTA;edital1362025_gsseed_prot249175889_ccm_consulta_publica_resultado.pdf, p. 2 (Vigência expressa fixada a partir de 01/01/2026);Sem menção em editais nos autos para o ano de 2023. Conservadoramente mantido como INDETERMINADO conforme diretriz metodológica.;CONFIRMADO;
41373375;MARIA HELENA T LUCIANO C E PROFEF MNP;Pontal do Paraná;2024;INDETERMINADO;INDETERMINADO_SEM_DOCUMENTO_NO_PERIODO;2026;NAO_CONSTA;edital1362025_gsseed_prot249175889_ccm_consulta_publica_resultado.pdf, p. 2 (Vigência expressa fixada a partir de 01/01/2026);Sem menção em editais nos autos para o ano de 2024. Conservadoramente mantido como INDETERMINADO conforme diretriz metodológica.;CONFIRMADO;
41373375;MARIA HELENA T LUCIANO C E PROFEF MNP;Pontal do Paraná;2025;NAO;NAO_CCM_EM_CONSULTA_PREPARATORIA;2026;NAO_CONSTA;edital1362025_gsseed_prot249175889_ccm_consulta_publica_resultado.pdf, p. 2 (Vigência expressa fixada a partir de 01/01/2026);"Escola operando na rede regular estadual; participou de consulta pública de adesão em 2025 cuja vigência foi fixada apenas a partir de 01/01/2026.";CONFIRMADO;
41373375;MARIA HELENA T LUCIANO C E PROFEF MNP;Pontal do Paraná;2026;SIM;CCM_ATIVO_IMPLEMENTADO;2026;NAO_CONSTA;edital1362025_gsseed_prot249175889_ccm_consulta_publica_resultado.pdf, p. 2 (Vigência expressa fixada a partir de 01/01/2026);Início formal da gestão cívico-militar em 01/01/2026 conforme edital1362025_gsseed_prot249175889_ccm_consulta_publica_resultado.pdf, p. 2 (Vigência expressa fixada a partir de 01/01/2026).;CONFIRMADO;
41373456;OSCAR J D P E SILVA C E CM EF M;Pinhais;2020;INDETERMINADO;INDETERMINADO_SEM_DOCUMENTO_NO_PERIODO;2024;NAO_CONSTA;edital1142023_gsseed_ccm.pdf, p. 1 (Vigência expressa fixada a partir de 01/01/2024);Sem menção em editais nos autos para o ano de 2020. Conservadoramente mantido como INDETERMINADO conforme diretriz metodológica.;CONFIRMADO;
41373456;OSCAR J D P E SILVA C E CM EF M;Pinhais;2021;INDETERMINADO;INDETERMINADO_SEM_DOCUMENTO_NO_PERIODO;2024;NAO_CONSTA;edital1142023_gsseed_ccm.pdf, p. 1 (Vigência expressa fixada a partir de 01/01/2024);Sem menção em editais nos autos para o ano de 2021. Conservadoramente mantido como INDETERMINADO conforme diretriz metodológica.;CONFIRMADO;
41373456;OSCAR J D P E SILVA C E CM EF M;Pinhais;2022;INDETERMINADO;INDETERMINADO_SEM_DOCUMENTO_NO_PERIODO;2024;NAO_CONSTA;edital1142023_gsseed_ccm.pdf, p. 1 (Vigência expressa fixada a partir de 01/01/2024);Sem menção em editais nos autos para o ano de 2022. Conservadoramente mantido como INDETERMINADO conforme diretriz metodológica.;CONFIRMADO;
41373456;OSCAR J D P E SILVA C E CM EF M;Pinhais;2023;NAO;NAO_CCM_EM_CONSULTA_PREPARATORIA;2024;NAO_CONSTA;edital1142023_gsseed_ccm.pdf, p. 1 (Vigência expressa fixada a partir de 01/01/2024);"Escola operando na rede regular estadual; participou de consulta pública de adesão em 2023 cuja vigência foi fixada apenas a partir de 01/01/2024.";CONFIRMADO;
41373456;OSCAR J D P E SILVA C E CM EF M;Pinhais;2024;SIM;CCM_ATIVO_IMPLEMENTADO;2024;NAO_CONSTA;edital1142023_gsseed_ccm.pdf, p. 1 (Vigência expressa fixada a partir de 01/01/2024);Início formal da gestão cívico-militar em 01/01/2024 conforme edital1142023_gsseed_ccm.pdf, p. 1 (Vigência expressa fixada a partir de 01/01/2024).;CONFIRMADO;
41373456;OSCAR J D P E SILVA C E CM EF M;Pinhais;2025;SIM;CCM_ATIVO_CONTINUIDADE;2024;NAO_CONSTA;edital1142023_gsseed_ccm.pdf, p. 1 (Vigência expressa fixada a partir de 01/01/2024);"Gestão cívico-militar em continuidade regular; sem publicação de ato de revogação, exclusão ou encerramento.";CONFIRMADO;
41373456;OSCAR J D P E SILVA C E CM EF M;Pinhais;2026;SIM;CCM_ATIVO_CONTINUIDADE;2024;NAO_CONSTA;edital1142023_gsseed_ccm.pdf, p. 1 (Vigência expressa fixada a partir de 01/01/2024);"Gestão cívico-militar em continuidade regular; sem publicação de ato de revogação, exclusão ou encerramento.";CONFIRMADO;
41373936;ANIBAL KHURY C E DEPE F M P;Guaratuba;2020;INDETERMINADO;INDETERMINADO_SEM_DOCUMENTO_NO_PERIODO;INDETERMINADO;NAO_CONSTA;NENHUMA_APROVACAO_DOCUMENTADA;Sem documentos nos autos para o ano de 2020.;CONFIRMADO;
41373936;ANIBAL KHURY C E DEPE F M P;Guaratuba;2021;INDETERMINADO;INDETERMINADO_SEM_DOCUMENTO_NO_PERIODO;INDETERMINADO;NAO_CONSTA;NENHUMA_APROVACAO_DOCUMENTADA;Sem documentos nos autos para o ano de 2021.;CONFIRMADO;
41373936;ANIBAL KHURY C E DEPE F M P;Guaratuba;2022;INDETERMINADO;INDETERMINADO_SEM_DOCUMENTO_NO_PERIODO;INDETERMINADO;NAO_CONSTA;NENHUMA_APROVACAO_DOCUMENTADA;Sem documentos nos autos para o ano de 2022.;CONFIRMADO;
41373936;ANIBAL KHURY C E DEPE F M P;Guaratuba;2023;INDETERMINADO;INDETERMINADO_SEM_DOCUMENTO_NO_PERIODO;INDETERMINADO;NAO_CONSTA;NENHUMA_APROVACAO_DOCUMENTADA;Sem documentos nos autos para o ano de 2023.;CONFIRMADO;
41373936;ANIBAL KHURY C E DEPE F M P;Guaratuba;2024;INDETERMINADO;INDETERMINADO_CONSULTA_SEM_HOMOLOGACAO;INDETERMINADO;NAO_CONSTA;NENHUMA_APROVACAO_DOCUMENTADA;"Consulta pública realizada não foi homologada nos editais oficiais analisados; comunidade escolar rejeitou o modelo ou quórum não foi atingido.";CONFIRMADO;
41373936;ANIBAL KHURY C E DEPE F M P;Guaratuba;2025;NAO;NAO_CCM_EM_CONSULTA;INDETERMINADO;NAO_CONSTA;NENHUMA_APROVACAO_DOCUMENTADA;Escola convocada para consulta pública no ano de 2025, porém sem homologação de resultado favorável nos editais oficiais analisados (comunidade votou pela manutenção do modelo tradicional).;CONFIRMADO;
41373936;ANIBAL KHURY C E DEPE F M P;Guaratuba;2026;INDETERMINADO;INDETERMINADO_CONSULTA_SEM_HOMOLOGACAO;INDETERMINADO;NAO_CONSTA;NENHUMA_APROVACAO_DOCUMENTADA;"Consulta pública realizada não foi homologada nos editais oficiais analisados; comunidade escolar rejeitou o modelo ou quórum não foi atingido.";CONFIRMADO;
41378580;CATARATAS DO IGUACU C EEF M PROFIS;Foz do Iguaçu;2020;INDETERMINADO;INDETERMINADO_SEM_DOCUMENTO_NO_PERIODO;INDETERMINADO;NAO_CONSTA;NENHUMA_APROVACAO_DOCUMENTADA;Sem documentos nos autos para o ano de 2020.;CONFIRMADO;
41378580;CATARATAS DO IGUACU C EEF M PROFIS;Foz do Iguaçu;2021;INDETERMINADO;INDETERMINADO_SEM_DOCUMENTO_NO_PERIODO;INDETERMINADO;NAO_CONSTA;NENHUMA_APROVACAO_DOCUMENTADA;Sem documentos nos autos para o ano de 2021.;CONFIRMADO;
41378580;CATARATAS DO IGUACU C EEF M PROFIS;Foz do Iguaçu;2022;INDETERMINADO;INDETERMINADO_SEM_DOCUMENTO_NO_PERIODO;INDETERMINADO;NAO_CONSTA;NENHUMA_APROVACAO_DOCUMENTADA;Sem documentos nos autos para o ano de 2022.;CONFIRMADO;
41378580;CATARATAS DO IGUACU C EEF M PROFIS;Foz do Iguaçu;2023;NAO;NAO_CCM_EM_CONSULTA;INDETERMINADO;NAO_CONSTA;NENHUMA_APROVACAO_DOCUMENTADA;Escola convocada para consulta pública no ano de 2023, porém sem homologação de resultado favorável nos editais oficiais analisados (comunidade votou pela manutenção do modelo tradicional).;CONFIRMADO;
41378580;CATARATAS DO IGUACU C EEF M PROFIS;Foz do Iguaçu;2024;NAO;NAO_CCM_ENTRE_CONSULTAS;INDETERMINADO;NAO_CONSTA;NENHUMA_APROVACAO_DOCUMENTADA;"Escola consultada em 2023 e reconsultada em 2025 sem homologação comprovada; permaneceu na rede regular não-CCM em 2024.";CONFIRMADO;
41378580;CATARATAS DO IGUACU C EEF M PROFIS;Foz do Iguaçu;2025;NAO;NAO_CCM_EM_CONSULTA;INDETERMINADO;NAO_CONSTA;NENHUMA_APROVACAO_DOCUMENTADA;Escola convocada para consulta pública no ano de 2025, porém sem homologação de resultado favorável nos editais oficiais analisados (comunidade votou pela manutenção do modelo tradicional).;CONFIRMADO;
41378580;CATARATAS DO IGUACU C EEF M PROFIS;Foz do Iguaçu;2026;INDETERMINADO;INDETERMINADO_CONSULTA_SEM_HOMOLOGACAO;INDETERMINADO;NAO_CONSTA;NENHUMA_APROVACAO_DOCUMENTADA;"Consulta pública realizada não foi homologada nos editais oficiais analisados; comunidade escolar rejeitou o modelo ou quórum não foi atingido.";CONFIRMADO;
41378962;ANA DIVANIR BORATTO C EEFM;Ponta Grossa;2020;INDETERMINADO;INDETERMINADO_SEM_DOCUMENTO_NO_PERIODO;INDETERMINADO;NAO_CONSTA;NENHUMA_APROVACAO_DOCUMENTADA;Sem documentos nos autos para o ano de 2020.;CONFIRMADO;
41378962;ANA DIVANIR BORATTO C EEFM;Ponta Grossa;2021;INDETERMINADO;INDETERMINADO_SEM_DOCUMENTO_NO_PERIODO;INDETERMINADO;NAO_CONSTA;NENHUMA_APROVACAO_DOCUMENTADA;Sem documentos nos autos para o ano de 2021.;CONFIRMADO;
41378962;ANA DIVANIR BORATTO C EEFM;Ponta Grossa;2022;INDETERMINADO;INDETERMINADO_SEM_DOCUMENTO_NO_PERIODO;INDETERMINADO;NAO_CONSTA;NENHUMA_APROVACAO_DOCUMENTADA;Sem documentos nos autos para o ano de 2022.;CONFIRMADO;
41378962;ANA DIVANIR BORATTO C EEFM;Ponta Grossa;2023;NAO;NAO_CCM_EM_CONSULTA;INDETERMINADO;NAO_CONSTA;NENHUMA_APROVACAO_DOCUMENTADA;Escola convocada para consulta pública no ano de 2023, porém sem homologação de resultado favorável nos editais oficiais analisados (comunidade votou pela manutenção do modelo tradicional).;CONFIRMADO;
41378962;ANA DIVANIR BORATTO C EEFM;Ponta Grossa;2024;INDETERMINADO;INDETERMINADO_CONSULTA_SEM_HOMOLOGACAO;INDETERMINADO;NAO_CONSTA;NENHUMA_APROVACAO_DOCUMENTADA;"Consulta pública realizada não foi homologada nos editais oficiais analisados; comunidade escolar rejeitou o modelo ou quórum não foi atingido.";CONFIRMADO;
41378962;ANA DIVANIR BORATTO C EEFM;Ponta Grossa;2025;INDETERMINADO;INDETERMINADO_CONSULTA_SEM_HOMOLOGACAO;INDETERMINADO;NAO_CONSTA;NENHUMA_APROVACAO_DOCUMENTADA;"Consulta pública realizada não foi homologada nos editais oficiais analisados; comunidade escolar rejeitou o modelo ou quórum não foi atingido.";CONFIRMADO;
41378962;ANA DIVANIR BORATTO C EEFM;Ponta Grossa;2026;INDETERMINADO;INDETERMINADO_CONSULTA_SEM_HOMOLOGACAO;INDETERMINADO;NAO_CONSTA;NENHUMA_APROVACAO_DOCUMENTADA;"Consulta pública realizada não foi homologada nos editais oficiais analisados; comunidade escolar rejeitou o modelo ou quórum não foi atingido.";CONFIRMADO;
41387724;DANIEL ROCHA C E PROFEF M PROFIS;Pinhais;2020;INDETERMINADO;INDETERMINADO_SEM_DOCUMENTO_NO_PERIODO;INDETERMINADO;NAO_CONSTA;NENHUMA_APROVACAO_DOCUMENTADA;Sem documentos nos autos para o ano de 2020.;CONFIRMADO;
41387724;DANIEL ROCHA C E PROFEF M PROFIS;Pinhais;2021;INDETERMINADO;INDETERMINADO_SEM_DOCUMENTO_NO_PERIODO;INDETERMINADO;NAO_CONSTA;NENHUMA_APROVACAO_DOCUMENTADA;Sem documentos nos autos para o ano de 2021.;CONFIRMADO;
41387724;DANIEL ROCHA C E PROFEF M PROFIS;Pinhais;2022;INDETERMINADO;INDETERMINADO_SEM_DOCUMENTO_NO_PERIODO;INDETERMINADO;NAO_CONSTA;NENHUMA_APROVACAO_DOCUMENTADA;Sem documentos nos autos para o ano de 2022.;CONFIRMADO;
41387724;DANIEL ROCHA C E PROFEF M PROFIS;Pinhais;2023;NAO;NAO_CCM_EM_CONSULTA;INDETERMINADO;NAO_CONSTA;NENHUMA_APROVACAO_DOCUMENTADA;Escola convocada para consulta pública no ano de 2023, porém sem homologação de resultado favorável nos editais oficiais analisados (comunidade votou pela manutenção do modelo tradicional).;CONFIRMADO;
41387724;DANIEL ROCHA C E PROFEF M PROFIS;Pinhais;2024;INDETERMINADO;INDETERMINADO_CONSULTA_SEM_HOMOLOGACAO;INDETERMINADO;NAO_CONSTA;NENHUMA_APROVACAO_DOCUMENTADA;"Consulta pública realizada não foi homologada nos editais oficiais analisados; comunidade escolar rejeitou o modelo ou quórum não foi atingido.";CONFIRMADO;
41387724;DANIEL ROCHA C E PROFEF M PROFIS;Pinhais;2025;INDETERMINADO;INDETERMINADO_CONSULTA_SEM_HOMOLOGACAO;INDETERMINADO;NAO_CONSTA;NENHUMA_APROVACAO_DOCUMENTADA;"Consulta pública realizada não foi homologada nos editais oficiais analisados; comunidade escolar rejeitou o modelo ou quórum não foi atingido.";CONFIRMADO;
41387724;DANIEL ROCHA C E PROFEF M PROFIS;Pinhais;2026;INDETERMINADO;INDETERMINADO_CONSULTA_SEM_HOMOLOGACAO;INDETERMINADO;NAO_CONSTA;NENHUMA_APROVACAO_DOCUMENTADA;"Consulta pública realizada não foi homologada nos editais oficiais analisados; comunidade escolar rejeitou o modelo ou quórum não foi atingido.";CONFIRMADO;
41531876;GUIDO ARZUA C E CMEF M P;Curitiba;2020;INDETERMINADO;INDETERMINADO_SEM_DOCUMENTO_NO_PERIODO;2024;NAO_CONSTA;edital1142023_gsseed_ccm.pdf, p. 2 (Vigência expressa fixada a partir de 01/01/2024);Sem menção em editais nos autos para o ano de 2020. Conservadoramente mantido como INDETERMINADO conforme diretriz metodológica.;CONFIRMADO;
41531876;GUIDO ARZUA C E CMEF M P;Curitiba;2021;INDETERMINADO;INDETERMINADO_SEM_DOCUMENTO_NO_PERIODO;2024;NAO_CONSTA;edital1142023_gsseed_ccm.pdf, p. 2 (Vigência expressa fixada a partir de 01/01/2024);Sem menção em editais nos autos para o ano de 2021. Conservadoramente mantido como INDETERMINADO conforme diretriz metodológica.;CONFIRMADO;
41531876;GUIDO ARZUA C E CMEF M P;Curitiba;2022;INDETERMINADO;INDETERMINADO_SEM_DOCUMENTO_NO_PERIODO;2024;NAO_CONSTA;edital1142023_gsseed_ccm.pdf, p. 2 (Vigência expressa fixada a partir de 01/01/2024);Sem menção em editais nos autos para o ano de 2022. Conservadoramente mantido como INDETERMINADO conforme diretriz metodológica.;CONFIRMADO;
41531876;GUIDO ARZUA C E CMEF M P;Curitiba;2023;NAO;NAO_CCM_EM_CONSULTA_PREPARATORIA;2024;NAO_CONSTA;edital1142023_gsseed_ccm.pdf, p. 2 (Vigência expressa fixada a partir de 01/01/2024);"Escola operando na rede regular estadual; participou de consulta pública de adesão em 2023 cuja vigência foi fixada apenas a partir de 01/01/2024.";CONFIRMADO;
41531876;GUIDO ARZUA C E CMEF M P;Curitiba;2024;SIM;CCM_ATIVO_IMPLEMENTADO;2024;NAO_CONSTA;edital1142023_gsseed_ccm.pdf, p. 2 (Vigência expressa fixada a partir de 01/01/2024);Início formal da gestão cívico-militar em 01/01/2024 conforme edital1142023_gsseed_ccm.pdf, p. 2 (Vigência expressa fixada a partir de 01/01/2024).;CONFIRMADO;
41531876;GUIDO ARZUA C E CMEF M P;Curitiba;2025;SIM;CCM_ATIVO_CONTINUIDADE;2024;NAO_CONSTA;edital1142023_gsseed_ccm.pdf, p. 2 (Vigência expressa fixada a partir de 01/01/2024);"Gestão cívico-militar em continuidade regular; sem publicação de ato de revogação, exclusão ou encerramento.";CONFIRMADO;
41531876;GUIDO ARZUA C E CMEF M P;Curitiba;2026;SIM;CCM_ATIVO_CONTINUIDADE;2024;NAO_CONSTA;edital1142023_gsseed_ccm.pdf, p. 2 (Vigência expressa fixada a partir de 01/01/2024);"Gestão cívico-militar em continuidade regular; sem publicação de ato de revogação, exclusão ou encerramento.";CONFIRMADO;
41597915;PATRIMONIO REGINA C E CM DOEF M;Londrina;2020;INDETERMINADO;INDETERMINADO_SEM_DOCUMENTO_NO_PERIODO;2024;NAO_CONSTA;edital1142023_gsseed_ccm.pdf, p. 3 (Vigência expressa fixada a partir de 01/01/2024);Sem menção em editais nos autos para o ano de 2020. Conservadoramente mantido como INDETERMINADO conforme diretriz metodológica.;CONFIRMADO;
41597915;PATRIMONIO REGINA C E CM DOEF M;Londrina;2021;INDETERMINADO;INDETERMINADO_SEM_DOCUMENTO_NO_PERIODO;2024;NAO_CONSTA;edital1142023_gsseed_ccm.pdf, p. 3 (Vigência expressa fixada a partir de 01/01/2024);Sem menção em editais nos autos para o ano de 2021. Conservadoramente mantido como INDETERMINADO conforme diretriz metodológica.;CONFIRMADO;
41597915;PATRIMONIO REGINA C E CM DOEF M;Londrina;2022;INDETERMINADO;INDETERMINADO_SEM_DOCUMENTO_NO_PERIODO;2024;NAO_CONSTA;edital1142023_gsseed_ccm.pdf, p. 3 (Vigência expressa fixada a partir de 01/01/2024);Sem menção em editais nos autos para o ano de 2022. Conservadoramente mantido como INDETERMINADO conforme diretriz metodológica.;CONFIRMADO;
41597915;PATRIMONIO REGINA C E CM DOEF M;Londrina;2023;NAO;NAO_CCM_EM_CONSULTA_PREPARATORIA;2024;NAO_CONSTA;edital1142023_gsseed_ccm.pdf, p. 3 (Vigência expressa fixada a partir de 01/01/2024);"Escola operando na rede regular estadual; participou de consulta pública de adesão em 2023 cuja vigência foi fixada apenas a partir de 01/01/2024.";CONFIRMADO;
41597915;PATRIMONIO REGINA C E CM DOEF M;Londrina;2024;SIM;CCM_ATIVO_IMPLEMENTADO;2024;NAO_CONSTA;edital1142023_gsseed_ccm.pdf, p. 3 (Vigência expressa fixada a partir de 01/01/2024);Início formal da gestão cívico-militar em 01/01/2024 conforme edital1142023_gsseed_ccm.pdf, p. 3 (Vigência expressa fixada a partir de 01/01/2024).;CONFIRMADO;
41597915;PATRIMONIO REGINA C E CM DOEF M;Londrina;2025;SIM;CCM_ATIVO_CONTINUIDADE;2024;NAO_CONSTA;edital1142023_gsseed_ccm.pdf, p. 3 (Vigência expressa fixada a partir de 01/01/2024);"Gestão cívico-militar em continuidade regular; sem publicação de ato de revogação, exclusão ou encerramento.";CONFIRMADO;
41597915;PATRIMONIO REGINA C E CM DOEF M;Londrina;2026;SIM;CCM_ATIVO_CONTINUIDADE;2024;NAO_CONSTA;edital1142023_gsseed_ccm.pdf, p. 3 (Vigência expressa fixada a partir de 01/01/2024);"Gestão cívico-militar em continuidade regular; sem publicação de ato de revogação, exclusão ou encerramento.";CONFIRMADO;
