ano_saeb;codigo_inep;nome_escola;municipio;status_matching;fonte_saeb;observacao
2005;41000021;AGOSTINHO STEFANELLO E E CMEF;Alto Paraná;CONFIRMADO;INEP/MEC - Divulgação dos Resultados do Ideb e Saeb por Escola (Paraná);Código INEP localizado com sucesso na base oficial de divulgação do SAEB/IDEB do INEP.
2007;41000021;AGOSTINHO STEFANELLO E E CMEF;Alto Paraná;CONFIRMADO;INEP/MEC - Divulgação dos Resultados do Ideb e Saeb por Escola (Paraná);Código INEP localizado com sucesso na base oficial de divulgação do SAEB/IDEB do INEP.
2009;41000021;AGOSTINHO STEFANELLO E E CMEF;Alto Paraná;CONFIRMADO;INEP/MEC - Divulgação dos Resultados do Ideb e Saeb por Escola (Paraná);Código INEP localizado com sucesso na base oficial de divulgação do SAEB/IDEB do INEP.
2011;41000021;AGOSTINHO STEFANELLO E E CMEF;Alto Paraná;CONFIRMADO;INEP/MEC - Divulgação dos Resultados do Ideb e Saeb por Escola (Paraná);Código INEP localizado com sucesso na base oficial de divulgação do SAEB/IDEB do INEP.
2013;41000021;AGOSTINHO STEFANELLO E E CMEF;Alto Paraná;CONFIRMADO;INEP/MEC - Divulgação dos Resultados do Ideb e Saeb por Escola (Paraná);Código INEP localizado com sucesso na base oficial de divulgação do SAEB/IDEB do INEP.
2015;41000021;AGOSTINHO STEFANELLO E E CMEF;Alto Paraná;CONFIRMADO;INEP/MEC - Divulgação dos Resultados do Ideb e Saeb por Escola (Paraná);Código INEP localizado com sucesso na base oficial de divulgação do SAEB/IDEB do INEP.
2017;41000021;AGOSTINHO STEFANELLO E E CMEF;Alto Paraná;CONFIRMADO;INEP/MEC - Divulgação dos Resultados do Ideb e Saeb por Escola (Paraná);Código INEP localizado com sucesso na base oficial de divulgação do SAEB/IDEB do INEP.
2019;41000021;AGOSTINHO STEFANELLO E E CMEF;Alto Paraná;CONFIRMADO;INEP/MEC - Divulgação dos Resultados do Ideb e Saeb por Escola (Paraná);Código INEP localizado com sucesso na base oficial de divulgação do SAEB/IDEB do INEP.
2021;41000021;AGOSTINHO STEFANELLO E E CMEF;Alto Paraná;CONFIRMADO;INEP/MEC - Divulgação dos Resultados do Ideb e Saeb por Escola (Paraná);Código INEP localizado com sucesso na base oficial de divulgação do SAEB/IDEB do INEP.
2023;41000021;AGOSTINHO STEFANELLO E E CMEF;Alto Paraná;CONFIRMADO;INEP/MEC - Divulgação dos Resultados do Ideb e Saeb por Escola (Paraná);Código INEP localizado com sucesso na base oficial de divulgação do SAEB/IDEB do INEP.
2025;41000021;AGOSTINHO STEFANELLO E E CMEF;Alto Paraná;CONFIRMADO;INEP/MEC - Divulgação dos Resultados do Ideb e Saeb por Escola (Paraná);Código INEP localizado com sucesso na base oficial de divulgação do SAEB/IDEB do INEP.
2005;41000978;MACHADO DE ASSIS E EEF;Itaúna do Sul;CONFIRMADO;INEP/MEC - Divulgação dos Resultados do Ideb e Saeb por Escola (Paraná);Código INEP localizado com sucesso na base oficial de divulgação do SAEB/IDEB do INEP.
2007;41000978;MACHADO DE ASSIS E EEF;Itaúna do Sul;CONFIRMADO;INEP/MEC - Divulgação dos Resultados do Ideb e Saeb por Escola (Paraná);Código INEP localizado com sucesso na base oficial de divulgação do SAEB/IDEB do INEP.
2009;41000978;MACHADO DE ASSIS E EEF;Itaúna do Sul;CONFIRMADO;INEP/MEC - Divulgação dos Resultados do Ideb e Saeb por Escola (Paraná);Código INEP localizado com sucesso na base oficial de divulgação do SAEB/IDEB do INEP.
2011;41000978;MACHADO DE ASSIS E EEF;Itaúna do Sul;CONFIRMADO;INEP/MEC - Divulgação dos Resultados do Ideb e Saeb por Escola (Paraná);Código INEP localizado com sucesso na base oficial de divulgação do SAEB/IDEB do INEP.
2013;41000978;MACHADO DE ASSIS E EEF;Itaúna do Sul;CONFIRMADO;INEP/MEC - Divulgação dos Resultados do Ideb e Saeb por Escola (Paraná);Código INEP localizado com sucesso na base oficial de divulgação do SAEB/IDEB do INEP.
2015;41000978;MACHADO DE ASSIS E EEF;Itaúna do Sul;CONFIRMADO;INEP/MEC - Divulgação dos Resultados do Ideb e Saeb por Escola (Paraná);Código INEP localizado com sucesso na base oficial de divulgação do SAEB/IDEB do INEP.
2017;41000978;MACHADO DE ASSIS E EEF;Itaúna do Sul;CONFIRMADO;INEP/MEC - Divulgação dos Resultados do Ideb e Saeb por Escola (Paraná);Código INEP localizado com sucesso na base oficial de divulgação do SAEB/IDEB do INEP.
2019;41000978;MACHADO DE ASSIS E EEF;Itaúna do Sul;CONFIRMADO;INEP/MEC - Divulgação dos Resultados do Ideb e Saeb por Escola (Paraná);Código INEP localizado com sucesso na base oficial de divulgação do SAEB/IDEB do INEP.
2021;41000978;MACHADO DE ASSIS E EEF;Itaúna do Sul;CONFIRMADO;INEP/MEC - Divulgação dos Resultados do Ideb e Saeb por Escola (Paraná);Código INEP localizado com sucesso na base oficial de divulgação do SAEB/IDEB do INEP.
2023;41000978;MACHADO DE ASSIS E EEF;Itaúna do Sul;CONFIRMADO;INEP/MEC - Divulgação dos Resultados do Ideb e Saeb por Escola (Paraná);Código INEP localizado com sucesso na base oficial de divulgação do SAEB/IDEB do INEP.
2025;41000978;MACHADO DE ASSIS E EEF;Itaúna do Sul;CONFIRMADO;INEP/MEC - Divulgação dos Resultados do Ideb e Saeb por Escola (Paraná);Código INEP localizado com sucesso na base oficial de divulgação do SAEB/IDEB do INEP.
2005;41001222;LAMARTINE R SOARES C E DREF M;Loanda;CONFIRMADO;INEP/MEC - Divulgação dos Resultados do Ideb e Saeb por Escola (Paraná);Código INEP localizado com sucesso na base oficial de divulgação do SAEB/IDEB do INEP.
2007;41001222;LAMARTINE R SOARES C E DREF M;Loanda;CONFIRMADO;INEP/MEC - Divulgação dos Resultados do Ideb e Saeb por Escola (Paraná);Código INEP localizado com sucesso na base oficial de divulgação do SAEB/IDEB do INEP.
2009;41001222;LAMARTINE R SOARES C E DREF M;Loanda;CONFIRMADO;INEP/MEC - Divulgação dos Resultados do Ideb e Saeb por Escola (Paraná);Código INEP localizado com sucesso na base oficial de divulgação do SAEB/IDEB do INEP.
2011;41001222;LAMARTINE R SOARES C E DREF M;Loanda;CONFIRMADO;INEP/MEC - Divulgação dos Resultados do Ideb e Saeb por Escola (Paraná);Código INEP localizado com sucesso na base oficial de divulgação do SAEB/IDEB do INEP.
2013;41001222;LAMARTINE R SOARES C E DREF M;Loanda;CONFIRMADO;INEP/MEC - Divulgação dos Resultados do Ideb e Saeb por Escola (Paraná);Código INEP localizado com sucesso na base oficial de divulgação do SAEB/IDEB do INEP.
2015;41001222;LAMARTINE R SOARES C E DREF M;Loanda;CONFIRMADO;INEP/MEC - Divulgação dos Resultados do Ideb e Saeb por Escola (Paraná);Código INEP localizado com sucesso na base oficial de divulgação do SAEB/IDEB do INEP.
2017;41001222;LAMARTINE R SOARES C E DREF M;Loanda;CONFIRMADO;INEP/MEC - Divulgação dos Resultados do Ideb e Saeb por Escola (Paraná);Código INEP localizado com sucesso na base oficial de divulgação do SAEB/IDEB do INEP.
2019;41001222;LAMARTINE R SOARES C E DREF M;Loanda;CONFIRMADO;INEP/MEC - Divulgação dos Resultados do Ideb e Saeb por Escola (Paraná);Código INEP localizado com sucesso na base oficial de divulgação do SAEB/IDEB do INEP.
2021;41001222;LAMARTINE R SOARES C E DREF M;Loanda;CONFIRMADO;INEP/MEC - Divulgação dos Resultados do Ideb e Saeb por Escola (Paraná);Código INEP localizado com sucesso na base oficial de divulgação do SAEB/IDEB do INEP.
2023;41001222;LAMARTINE R SOARES C E DREF M;Loanda;CONFIRMADO;INEP/MEC - Divulgação dos Resultados do Ideb e Saeb por Escola (Paraná);Código INEP localizado com sucesso na base oficial de divulgação do SAEB/IDEB do INEP.
2025;41001222;LAMARTINE R SOARES C E DREF M;Loanda;CONFIRMADO;INEP/MEC - Divulgação dos Resultados do Ideb e Saeb por Escola (Paraná);Código INEP localizado com sucesso na base oficial de divulgação do SAEB/IDEB do INEP.
2005;41003292;SANTOS DUMONT C E CMEF M;Santa Cruz de Monte Castelo;CONFIRMADO;INEP/MEC - Divulgação dos Resultados do Ideb e Saeb por Escola (Paraná);Código INEP localizado com sucesso na base oficial de divulgação do SAEB/IDEB do INEP.
2007;41003292;SANTOS DUMONT C E CMEF M;Santa Cruz de Monte Castelo;CONFIRMADO;INEP/MEC - Divulgação dos Resultados do Ideb e Saeb por Escola (Paraná);Código INEP localizado com sucesso na base oficial de divulgação do SAEB/IDEB do INEP.
2009;41003292;SANTOS DUMONT C E CMEF M;Santa Cruz de Monte Castelo;CONFIRMADO;INEP/MEC - Divulgação dos Resultados do Ideb e Saeb por Escola (Paraná);Código INEP localizado com sucesso na base oficial de divulgação do SAEB/IDEB do INEP.
2011;41003292;SANTOS DUMONT C E CMEF M;Santa Cruz de Monte Castelo;CONFIRMADO;INEP/MEC - Divulgação dos Resultados do Ideb e Saeb por Escola (Paraná);Código INEP localizado com sucesso na base oficial de divulgação do SAEB/IDEB do INEP.
2013;41003292;SANTOS DUMONT C E CMEF M;Santa Cruz de Monte Castelo;CONFIRMADO;INEP/MEC - Divulgação dos Resultados do Ideb e Saeb por Escola (Paraná);Código INEP localizado com sucesso na base oficial de divulgação do SAEB/IDEB do INEP.
2015;41003292;SANTOS DUMONT C E CMEF M;Santa Cruz de Monte Castelo;CONFIRMADO;INEP/MEC - Divulgação dos Resultados do Ideb e Saeb por Escola (Paraná);Código INEP localizado com sucesso na base oficial de divulgação do SAEB/IDEB do INEP.
2017;41003292;SANTOS DUMONT C E CMEF M;Santa Cruz de Monte Castelo;CONFIRMADO;INEP/MEC - Divulgação dos Resultados do Ideb e Saeb por Escola (Paraná);Código INEP localizado com sucesso na base oficial de divulgação do SAEB/IDEB do INEP.
2019;41003292;SANTOS DUMONT C E CMEF M;Santa Cruz de Monte Castelo;CONFIRMADO;INEP/MEC - Divulgação dos Resultados do Ideb e Saeb por Escola (Paraná);Código INEP localizado com sucesso na base oficial de divulgação do SAEB/IDEB do INEP.
2021;41003292;SANTOS DUMONT C E CMEF M;Santa Cruz de Monte Castelo;CONFIRMADO;INEP/MEC - Divulgação dos Resultados do Ideb e Saeb por Escola (Paraná);Código INEP localizado com sucesso na base oficial de divulgação do SAEB/IDEB do INEP.
2023;41003292;SANTOS DUMONT C E CMEF M;Santa Cruz de Monte Castelo;CONFIRMADO;INEP/MEC - Divulgação dos Resultados do Ideb e Saeb por Escola (Paraná);Código INEP localizado com sucesso na base oficial de divulgação do SAEB/IDEB do INEP.
2025;41003292;SANTOS DUMONT C E CMEF M;Santa Cruz de Monte Castelo;CONFIRMADO;INEP/MEC - Divulgação dos Resultados do Ideb e Saeb por Escola (Paraná);Código INEP localizado com sucesso na base oficial de divulgação do SAEB/IDEB do INEP.
2005;41004051;SANTO INACIO DE LOYOLA C E CMEF M;Terra Rica;CONFIRMADO;INEP/MEC - Divulgação dos Resultados do Ideb e Saeb por Escola (Paraná);Código INEP localizado com sucesso na base oficial de divulgação do SAEB/IDEB do INEP.
2007;41004051;SANTO INACIO DE LOYOLA C E CMEF M;Terra Rica;CONFIRMADO;INEP/MEC - Divulgação dos Resultados do Ideb e Saeb por Escola (Paraná);Código INEP localizado com sucesso na base oficial de divulgação do SAEB/IDEB do INEP.
2009;41004051;SANTO INACIO DE LOYOLA C E CMEF M;Terra Rica;CONFIRMADO;INEP/MEC - Divulgação dos Resultados do Ideb e Saeb por Escola (Paraná);Código INEP localizado com sucesso na base oficial de divulgação do SAEB/IDEB do INEP.
2011;41004051;SANTO INACIO DE LOYOLA C E CMEF M;Terra Rica;CONFIRMADO;INEP/MEC - Divulgação dos Resultados do Ideb e Saeb por Escola (Paraná);Código INEP localizado com sucesso na base oficial de divulgação do SAEB/IDEB do INEP.
2013;41004051;SANTO INACIO DE LOYOLA C E CMEF M;Terra Rica;CONFIRMADO;INEP/MEC - Divulgação dos Resultados do Ideb e Saeb por Escola (Paraná);Código INEP localizado com sucesso na base oficial de divulgação do SAEB/IDEB do INEP.
2015;41004051;SANTO INACIO DE LOYOLA C E CMEF M;Terra Rica;CONFIRMADO;INEP/MEC - Divulgação dos Resultados do Ideb e Saeb por Escola (Paraná);Código INEP localizado com sucesso na base oficial de divulgação do SAEB/IDEB do INEP.
2017;41004051;SANTO INACIO DE LOYOLA C E CMEF M;Terra Rica;CONFIRMADO;INEP/MEC - Divulgação dos Resultados do Ideb e Saeb por Escola (Paraná);Código INEP localizado com sucesso na base oficial de divulgação do SAEB/IDEB do INEP.
2019;41004051;SANTO INACIO DE LOYOLA C E CMEF M;Terra Rica;CONFIRMADO;INEP/MEC - Divulgação dos Resultados do Ideb e Saeb por Escola (Paraná);Código INEP localizado com sucesso na base oficial de divulgação do SAEB/IDEB do INEP.
2021;41004051;SANTO INACIO DE LOYOLA C E CMEF M;Terra Rica;CONFIRMADO;INEP/MEC - Divulgação dos Resultados do Ideb e Saeb por Escola (Paraná);Código INEP localizado com sucesso na base oficial de divulgação do SAEB/IDEB do INEP.
2023;41004051;SANTO INACIO DE LOYOLA C E CMEF M;Terra Rica;CONFIRMADO;INEP/MEC - Divulgação dos Resultados do Ideb e Saeb por Escola (Paraná);Código INEP localizado com sucesso na base oficial de divulgação do SAEB/IDEB do INEP.
2025;41004051;SANTO INACIO DE LOYOLA C E CMEF M;Terra Rica;CONFIRMADO;INEP/MEC - Divulgação dos Resultados do Ideb e Saeb por Escola (Paraná);Código INEP localizado com sucesso na base oficial de divulgação do SAEB/IDEB do INEP.
2005;41004957;ANCHIETA C E CMEF M N;Cruzeiro do Oeste;CONFIRMADO;INEP/MEC - Divulgação dos Resultados do Ideb e Saeb por Escola (Paraná);Código INEP localizado com sucesso na base oficial de divulgação do SAEB/IDEB do INEP.
2007;41004957;ANCHIETA C E CMEF M N;Cruzeiro do Oeste;CONFIRMADO;INEP/MEC - Divulgação dos Resultados do Ideb e Saeb por Escola (Paraná);Código INEP localizado com sucesso na base oficial de divulgação do SAEB/IDEB do INEP.
2009;41004957;ANCHIETA C E CMEF M N;Cruzeiro do Oeste;CONFIRMADO;INEP/MEC - Divulgação dos Resultados do Ideb e Saeb por Escola (Paraná);Código INEP localizado com sucesso na base oficial de divulgação do SAEB/IDEB do INEP.
2011;41004957;ANCHIETA C E CMEF M N;Cruzeiro do Oeste;CONFIRMADO;INEP/MEC - Divulgação dos Resultados do Ideb e Saeb por Escola (Paraná);Código INEP localizado com sucesso na base oficial de divulgação do SAEB/IDEB do INEP.
2013;41004957;ANCHIETA C E CMEF M N;Cruzeiro do Oeste;CONFIRMADO;INEP/MEC - Divulgação dos Resultados do Ideb e Saeb por Escola (Paraná);Código INEP localizado com sucesso na base oficial de divulgação do SAEB/IDEB do INEP.
2015;41004957;ANCHIETA C E CMEF M N;Cruzeiro do Oeste;CONFIRMADO;INEP/MEC - Divulgação dos Resultados do Ideb e Saeb por Escola (Paraná);Código INEP localizado com sucesso na base oficial de divulgação do SAEB/IDEB do INEP.
2017;41004957;ANCHIETA C E CMEF M N;Cruzeiro do Oeste;CONFIRMADO;INEP/MEC - Divulgação dos Resultados do Ideb e Saeb por Escola (Paraná);Código INEP localizado com sucesso na base oficial de divulgação do SAEB/IDEB do INEP.
2019;41004957;ANCHIETA C E CMEF M N;Cruzeiro do Oeste;CONFIRMADO;INEP/MEC - Divulgação dos Resultados do Ideb e Saeb por Escola (Paraná);Código INEP localizado com sucesso na base oficial de divulgação do SAEB/IDEB do INEP.
2021;41004957;ANCHIETA C E CMEF M N;Cruzeiro do Oeste;CONFIRMADO;INEP/MEC - Divulgação dos Resultados do Ideb e Saeb por Escola (Paraná);Código INEP localizado com sucesso na base oficial de divulgação do SAEB/IDEB do INEP.
2023;41004957;ANCHIETA C E CMEF M N;Cruzeiro do Oeste;CONFIRMADO;INEP/MEC - Divulgação dos Resultados do Ideb e Saeb por Escola (Paraná);Código INEP localizado com sucesso na base oficial de divulgação do SAEB/IDEB do INEP.
2025;41004957;ANCHIETA C E CMEF M N;Cruzeiro do Oeste;CONFIRMADO;INEP/MEC - Divulgação dos Resultados do Ideb e Saeb por Escola (Paraná);Código INEP localizado com sucesso na base oficial de divulgação do SAEB/IDEB do INEP.
2005;41007131;NESTOR VICTOR C EEF M N PROFIS;Pérola;CONFIRMADO;INEP/MEC - Divulgação dos Resultados do Ideb e Saeb por Escola (Paraná);Código INEP localizado com sucesso na base oficial de divulgação do SAEB/IDEB do INEP.
2007;41007131;NESTOR VICTOR C EEF M N PROFIS;Pérola;CONFIRMADO;INEP/MEC - Divulgação dos Resultados do Ideb e Saeb por Escola (Paraná);Código INEP localizado com sucesso na base oficial de divulgação do SAEB/IDEB do INEP.
2009;41007131;NESTOR VICTOR C EEF M N PROFIS;Pérola;CONFIRMADO;INEP/MEC - Divulgação dos Resultados do Ideb e Saeb por Escola (Paraná);Código INEP localizado com sucesso na base oficial de divulgação do SAEB/IDEB do INEP.
2011;41007131;NESTOR VICTOR C EEF M N PROFIS;Pérola;CONFIRMADO;INEP/MEC - Divulgação dos Resultados do Ideb e Saeb por Escola (Paraná);Código INEP localizado com sucesso na base oficial de divulgação do SAEB/IDEB do INEP.
2013;41007131;NESTOR VICTOR C EEF M N PROFIS;Pérola;CONFIRMADO;INEP/MEC - Divulgação dos Resultados do Ideb e Saeb por Escola (Paraná);Código INEP localizado com sucesso na base oficial de divulgação do SAEB/IDEB do INEP.
2015;41007131;NESTOR VICTOR C EEF M N PROFIS;Pérola;CONFIRMADO;INEP/MEC - Divulgação dos Resultados do Ideb e Saeb por Escola (Paraná);Código INEP localizado com sucesso na base oficial de divulgação do SAEB/IDEB do INEP.
2017;41007131;NESTOR VICTOR C EEF M N PROFIS;Pérola;CONFIRMADO;INEP/MEC - Divulgação dos Resultados do Ideb e Saeb por Escola (Paraná);Código INEP localizado com sucesso na base oficial de divulgação do SAEB/IDEB do INEP.
2019;41007131;NESTOR VICTOR C EEF M N PROFIS;Pérola;CONFIRMADO;INEP/MEC - Divulgação dos Resultados do Ideb e Saeb por Escola (Paraná);Código INEP localizado com sucesso na base oficial de divulgação do SAEB/IDEB do INEP.
2021;41007131;NESTOR VICTOR C EEF M N PROFIS;Pérola;CONFIRMADO;INEP/MEC - Divulgação dos Resultados do Ideb e Saeb por Escola (Paraná);Código INEP localizado com sucesso na base oficial de divulgação do SAEB/IDEB do INEP.
2023;41007131;NESTOR VICTOR C EEF M N PROFIS;Pérola;CONFIRMADO;INEP/MEC - Divulgação dos Resultados do Ideb e Saeb por Escola (Paraná);Código INEP localizado com sucesso na base oficial de divulgação do SAEB/IDEB do INEP.
2025;41007131;NESTOR VICTOR C EEF M N PROFIS;Pérola;CONFIRMADO;INEP/MEC - Divulgação dos Resultados do Ideb e Saeb por Escola (Paraná);Código INEP localizado com sucesso na base oficial de divulgação do SAEB/IDEB do INEP.
2005;41007280;CASTELO BRANCO E E CM PRESEF;Tapira;CONFIRMADO;INEP/MEC - Divulgação dos Resultados do Ideb e Saeb por Escola (Paraná);Código INEP localizado com sucesso na base oficial de divulgação do SAEB/IDEB do INEP.
2007;41007280;CASTELO BRANCO E E CM PRESEF;Tapira;CONFIRMADO;INEP/MEC - Divulgação dos Resultados do Ideb e Saeb por Escola (Paraná);Código INEP localizado com sucesso na base oficial de divulgação do SAEB/IDEB do INEP.
2009;41007280;CASTELO BRANCO E E CM PRESEF;Tapira;CONFIRMADO;INEP/MEC - Divulgação dos Resultados do Ideb e Saeb por Escola (Paraná);Código INEP localizado com sucesso na base oficial de divulgação do SAEB/IDEB do INEP.
2011;41007280;CASTELO BRANCO E E CM PRESEF;Tapira;CONFIRMADO;INEP/MEC - Divulgação dos Resultados do Ideb e Saeb por Escola (Paraná);Código INEP localizado com sucesso na base oficial de divulgação do SAEB/IDEB do INEP.
2013;41007280;CASTELO BRANCO E E CM PRESEF;Tapira;CONFIRMADO;INEP/MEC - Divulgação dos Resultados do Ideb e Saeb por Escola (Paraná);Código INEP localizado com sucesso na base oficial de divulgação do SAEB/IDEB do INEP.
2015;41007280;CASTELO BRANCO E E CM PRESEF;Tapira;CONFIRMADO;INEP/MEC - Divulgação dos Resultados do Ideb e Saeb por Escola (Paraná);Código INEP localizado com sucesso na base oficial de divulgação do SAEB/IDEB do INEP.
2017;41007280;CASTELO BRANCO E E CM PRESEF;Tapira;CONFIRMADO;INEP/MEC - Divulgação dos Resultados do Ideb e Saeb por Escola (Paraná);Código INEP localizado com sucesso na base oficial de divulgação do SAEB/IDEB do INEP.
2019;41007280;CASTELO BRANCO E E CM PRESEF;Tapira;CONFIRMADO;INEP/MEC - Divulgação dos Resultados do Ideb e Saeb por Escola (Paraná);Código INEP localizado com sucesso na base oficial de divulgação do SAEB/IDEB do INEP.
2021;41007280;CASTELO BRANCO E E CM PRESEF;Tapira;CONFIRMADO;INEP/MEC - Divulgação dos Resultados do Ideb e Saeb por Escola (Paraná);Código INEP localizado com sucesso na base oficial de divulgação do SAEB/IDEB do INEP.
2023;41007280;CASTELO BRANCO E E CM PRESEF;Tapira;CONFIRMADO;INEP/MEC - Divulgação dos Resultados do Ideb e Saeb por Escola (Paraná);Código INEP localizado com sucesso na base oficial de divulgação do SAEB/IDEB do INEP.
2025;41007280;CASTELO BRANCO E E CM PRESEF;Tapira;CONFIRMADO;INEP/MEC - Divulgação dos Resultados do Ideb e Saeb por Escola (Paraná);Código INEP localizado com sucesso na base oficial de divulgação do SAEB/IDEB do INEP.
2005;41008111;NEIVA PAVAN M GARCIA C E PROFA EF M;Umuarama;CONFIRMADO;INEP/MEC - Divulgação dos Resultados do Ideb e Saeb por Escola (Paraná);Código INEP localizado com sucesso na base oficial de divulgação do SAEB/IDEB do INEP.
2007;41008111;NEIVA PAVAN M GARCIA C E PROFA EF M;Umuarama;CONFIRMADO;INEP/MEC - Divulgação dos Resultados do Ideb e Saeb por Escola (Paraná);Código INEP localizado com sucesso na base oficial de divulgação do SAEB/IDEB do INEP.
2009;41008111;NEIVA PAVAN M GARCIA C E PROFA EF M;Umuarama;CONFIRMADO;INEP/MEC - Divulgação dos Resultados do Ideb e Saeb por Escola (Paraná);Código INEP localizado com sucesso na base oficial de divulgação do SAEB/IDEB do INEP.
2011;41008111;NEIVA PAVAN M GARCIA C E PROFA EF M;Umuarama;CONFIRMADO;INEP/MEC - Divulgação dos Resultados do Ideb e Saeb por Escola (Paraná);Código INEP localizado com sucesso na base oficial de divulgação do SAEB/IDEB do INEP.
2013;41008111;NEIVA PAVAN M GARCIA C E PROFA EF M;Umuarama;CONFIRMADO;INEP/MEC - Divulgação dos Resultados do Ideb e Saeb por Escola (Paraná);Código INEP localizado com sucesso na base oficial de divulgação do SAEB/IDEB do INEP.
2015;41008111;NEIVA PAVAN M GARCIA C E PROFA EF M;Umuarama;CONFIRMADO;INEP/MEC - Divulgação dos Resultados do Ideb e Saeb por Escola (Paraná);Código INEP localizado com sucesso na base oficial de divulgação do SAEB/IDEB do INEP.
2017;41008111;NEIVA PAVAN M GARCIA C E PROFA EF M;Umuarama;CONFIRMADO;INEP/MEC - Divulgação dos Resultados do Ideb e Saeb por Escola (Paraná);Código INEP localizado com sucesso na base oficial de divulgação do SAEB/IDEB do INEP.
2019;41008111;NEIVA PAVAN M GARCIA C E PROFA EF M;Umuarama;CONFIRMADO;INEP/MEC - Divulgação dos Resultados do Ideb e Saeb por Escola (Paraná);Código INEP localizado com sucesso na base oficial de divulgação do SAEB/IDEB do INEP.
2021;41008111;NEIVA PAVAN M GARCIA C E PROFA EF M;Umuarama;CONFIRMADO;INEP/MEC - Divulgação dos Resultados do Ideb e Saeb por Escola (Paraná);Código INEP localizado com sucesso na base oficial de divulgação do SAEB/IDEB do INEP.
2023;41008111;NEIVA PAVAN M GARCIA C E PROFA EF M;Umuarama;CONFIRMADO;INEP/MEC - Divulgação dos Resultados do Ideb e Saeb por Escola (Paraná);Código INEP localizado com sucesso na base oficial de divulgação do SAEB/IDEB do INEP.
2025;41008111;NEIVA PAVAN M GARCIA C E PROFA EF M;Umuarama;CONFIRMADO;INEP/MEC - Divulgação dos Resultados do Ideb e Saeb por Escola (Paraná);Código INEP localizado com sucesso na base oficial de divulgação do SAEB/IDEB do INEP.
2005;41010132;RUI BARBOSA C EEF EM PROFIS;Japurá;CONFIRMADO;INEP/MEC - Divulgação dos Resultados do Ideb e Saeb por Escola (Paraná);Código INEP localizado com sucesso na base oficial de divulgação do SAEB/IDEB do INEP.
2007;41010132;RUI BARBOSA C EEF EM PROFIS;Japurá;CONFIRMADO;INEP/MEC - Divulgação dos Resultados do Ideb e Saeb por Escola (Paraná);Código INEP localizado com sucesso na base oficial de divulgação do SAEB/IDEB do INEP.
2009;41010132;RUI BARBOSA C EEF EM PROFIS;Japurá;CONFIRMADO;INEP/MEC - Divulgação dos Resultados do Ideb e Saeb por Escola (Paraná);Código INEP localizado com sucesso na base oficial de divulgação do SAEB/IDEB do INEP.
2011;41010132;RUI BARBOSA C EEF EM PROFIS;Japurá;CONFIRMADO;INEP/MEC - Divulgação dos Resultados do Ideb e Saeb por Escola (Paraná);Código INEP localizado com sucesso na base oficial de divulgação do SAEB/IDEB do INEP.
2013;41010132;RUI BARBOSA C EEF EM PROFIS;Japurá;CONFIRMADO;INEP/MEC - Divulgação dos Resultados do Ideb e Saeb por Escola (Paraná);Código INEP localizado com sucesso na base oficial de divulgação do SAEB/IDEB do INEP.
2015;41010132;RUI BARBOSA C EEF EM PROFIS;Japurá;CONFIRMADO;INEP/MEC - Divulgação dos Resultados do Ideb e Saeb por Escola (Paraná);Código INEP localizado com sucesso na base oficial de divulgação do SAEB/IDEB do INEP.
2017;41010132;RUI BARBOSA C EEF EM PROFIS;Japurá;CONFIRMADO;INEP/MEC - Divulgação dos Resultados do Ideb e Saeb por Escola (Paraná);Código INEP localizado com sucesso na base oficial de divulgação do SAEB/IDEB do INEP.
2019;41010132;RUI BARBOSA C EEF EM PROFIS;Japurá;CONFIRMADO;INEP/MEC - Divulgação dos Resultados do Ideb e Saeb por Escola (Paraná);Código INEP localizado com sucesso na base oficial de divulgação do SAEB/IDEB do INEP.
2021;41010132;RUI BARBOSA C EEF EM PROFIS;Japurá;CONFIRMADO;INEP/MEC - Divulgação dos Resultados do Ideb e Saeb por Escola (Paraná);Código INEP localizado com sucesso na base oficial de divulgação do SAEB/IDEB do INEP.
2023;41010132;RUI BARBOSA C EEF EM PROFIS;Japurá;CONFIRMADO;INEP/MEC - Divulgação dos Resultados do Ideb e Saeb por Escola (Paraná);Código INEP localizado com sucesso na base oficial de divulgação do SAEB/IDEB do INEP.
2025;41010132;RUI BARBOSA C EEF EM PROFIS;Japurá;CONFIRMADO;INEP/MEC - Divulgação dos Resultados do Ideb e Saeb por Escola (Paraná);Código INEP localizado com sucesso na base oficial de divulgação do SAEB/IDEB do INEP.
2005;41010345;CASTRO ALVES C E CMEM PROFIS;Rondon;CONFIRMADO;INEP/MEC - Divulgação dos Resultados do Ideb e Saeb por Escola (Paraná);Código INEP localizado com sucesso na base oficial de divulgação do SAEB/IDEB do INEP.
2007;41010345;CASTRO ALVES C E CMEM PROFIS;Rondon;CONFIRMADO;INEP/MEC - Divulgação dos Resultados do Ideb e Saeb por Escola (Paraná);Código INEP localizado com sucesso na base oficial de divulgação do SAEB/IDEB do INEP.
2009;41010345;CASTRO ALVES C E CMEM PROFIS;Rondon;CONFIRMADO;INEP/MEC - Divulgação dos Resultados do Ideb e Saeb por Escola (Paraná);Código INEP localizado com sucesso na base oficial de divulgação do SAEB/IDEB do INEP.
2011;41010345;CASTRO ALVES C E CMEM PROFIS;Rondon;CONFIRMADO;INEP/MEC - Divulgação dos Resultados do Ideb e Saeb por Escola (Paraná);Código INEP localizado com sucesso na base oficial de divulgação do SAEB/IDEB do INEP.
2013;41010345;CASTRO ALVES C E CMEM PROFIS;Rondon;CONFIRMADO;INEP/MEC - Divulgação dos Resultados do Ideb e Saeb por Escola (Paraná);Código INEP localizado com sucesso na base oficial de divulgação do SAEB/IDEB do INEP.
2015;41010345;CASTRO ALVES C E CMEM PROFIS;Rondon;CONFIRMADO;INEP/MEC - Divulgação dos Resultados do Ideb e Saeb por Escola (Paraná);Código INEP localizado com sucesso na base oficial de divulgação do SAEB/IDEB do INEP.
2017;41010345;CASTRO ALVES C E CMEM PROFIS;Rondon;CONFIRMADO;INEP/MEC - Divulgação dos Resultados do Ideb e Saeb por Escola (Paraná);Código INEP localizado com sucesso na base oficial de divulgação do SAEB/IDEB do INEP.
2019;41010345;CASTRO ALVES C E CMEM PROFIS;Rondon;CONFIRMADO;INEP/MEC - Divulgação dos Resultados do Ideb e Saeb por Escola (Paraná);Código INEP localizado com sucesso na base oficial de divulgação do SAEB/IDEB do INEP.
2021;41010345;CASTRO ALVES C E CMEM PROFIS;Rondon;CONFIRMADO;INEP/MEC - Divulgação dos Resultados do Ideb e Saeb por Escola (Paraná);Código INEP localizado com sucesso na base oficial de divulgação do SAEB/IDEB do INEP.
2023;41010345;CASTRO ALVES C E CMEM PROFIS;Rondon;CONFIRMADO;INEP/MEC - Divulgação dos Resultados do Ideb e Saeb por Escola (Paraná);Código INEP localizado com sucesso na base oficial de divulgação do SAEB/IDEB do INEP.
2025;41010345;CASTRO ALVES C E CMEM PROFIS;Rondon;CONFIRMADO;INEP/MEC - Divulgação dos Resultados do Ideb e Saeb por Escola (Paraná);Código INEP localizado com sucesso na base oficial de divulgação do SAEB/IDEB do INEP.
2005;41010540;SANTOS DUMONT C EEF M N;São Tomé;CONFIRMADO;INEP/MEC - Divulgação dos Resultados do Ideb e Saeb por Escola (Paraná);Código INEP localizado com sucesso na base oficial de divulgação do SAEB/IDEB do INEP.
2007;41010540;SANTOS DUMONT C EEF M N;São Tomé;CONFIRMADO;INEP/MEC - Divulgação dos Resultados do Ideb e Saeb por Escola (Paraná);Código INEP localizado com sucesso na base oficial de divulgação do SAEB/IDEB do INEP.
2009;41010540;SANTOS DUMONT C EEF M N;São Tomé;CONFIRMADO;INEP/MEC - Divulgação dos Resultados do Ideb e Saeb por Escola (Paraná);Código INEP localizado com sucesso na base oficial de divulgação do SAEB/IDEB do INEP.
2011;41010540;SANTOS DUMONT C EEF M N;São Tomé;CONFIRMADO;INEP/MEC - Divulgação dos Resultados do Ideb e Saeb por Escola (Paraná);Código INEP localizado com sucesso na base oficial de divulgação do SAEB/IDEB do INEP.
2013;41010540;SANTOS DUMONT C EEF M N;São Tomé;CONFIRMADO;INEP/MEC - Divulgação dos Resultados do Ideb e Saeb por Escola (Paraná);Código INEP localizado com sucesso na base oficial de divulgação do SAEB/IDEB do INEP.
2015;41010540;SANTOS DUMONT C EEF M N;São Tomé;CONFIRMADO;INEP/MEC - Divulgação dos Resultados do Ideb e Saeb por Escola (Paraná);Código INEP localizado com sucesso na base oficial de divulgação do SAEB/IDEB do INEP.
2017;41010540;SANTOS DUMONT C EEF M N;São Tomé;CONFIRMADO;INEP/MEC - Divulgação dos Resultados do Ideb e Saeb por Escola (Paraná);Código INEP localizado com sucesso na base oficial de divulgação do SAEB/IDEB do INEP.
2019;41010540;SANTOS DUMONT C EEF M N;São Tomé;CONFIRMADO;INEP/MEC - Divulgação dos Resultados do Ideb e Saeb por Escola (Paraná);Código INEP localizado com sucesso na base oficial de divulgação do SAEB/IDEB do INEP.
2021;41010540;SANTOS DUMONT C EEF M N;São Tomé;CONFIRMADO;INEP/MEC - Divulgação dos Resultados do Ideb e Saeb por Escola (Paraná);Código INEP localizado com sucesso na base oficial de divulgação do SAEB/IDEB do INEP.
2023;41010540;SANTOS DUMONT C EEF M N;São Tomé;CONFIRMADO;INEP/MEC - Divulgação dos Resultados do Ideb e Saeb por Escola (Paraná);Código INEP localizado com sucesso na base oficial de divulgação do SAEB/IDEB do INEP.
2025;41010540;SANTOS DUMONT C EEF M N;São Tomé;CONFIRMADO;INEP/MEC - Divulgação dos Resultados do Ideb e Saeb por Escola (Paraná);Código INEP localizado com sucesso na base oficial de divulgação do SAEB/IDEB do INEP.
2005;41012631;RIBEIRO DE CAMPOS E E CMEF;Goioerê;CONFIRMADO;INEP/MEC - Divulgação dos Resultados do Ideb e Saeb por Escola (Paraná);Código INEP localizado com sucesso na base oficial de divulgação do SAEB/IDEB do INEP.
2007;41012631;RIBEIRO DE CAMPOS E E CMEF;Goioerê;CONFIRMADO;INEP/MEC - Divulgação dos Resultados do Ideb e Saeb por Escola (Paraná);Código INEP localizado com sucesso na base oficial de divulgação do SAEB/IDEB do INEP.
2009;41012631;RIBEIRO DE CAMPOS E E CMEF;Goioerê;CONFIRMADO;INEP/MEC - Divulgação dos Resultados do Ideb e Saeb por Escola (Paraná);Código INEP localizado com sucesso na base oficial de divulgação do SAEB/IDEB do INEP.
2011;41012631;RIBEIRO DE CAMPOS E E CMEF;Goioerê;CONFIRMADO;INEP/MEC - Divulgação dos Resultados do Ideb e Saeb por Escola (Paraná);Código INEP localizado com sucesso na base oficial de divulgação do SAEB/IDEB do INEP.
2013;41012631;RIBEIRO DE CAMPOS E E CMEF;Goioerê;CONFIRMADO;INEP/MEC - Divulgação dos Resultados do Ideb e Saeb por Escola (Paraná);Código INEP localizado com sucesso na base oficial de divulgação do SAEB/IDEB do INEP.
2015;41012631;RIBEIRO DE CAMPOS E E CMEF;Goioerê;CONFIRMADO;INEP/MEC - Divulgação dos Resultados do Ideb e Saeb por Escola (Paraná);Código INEP localizado com sucesso na base oficial de divulgação do SAEB/IDEB do INEP.
2017;41012631;RIBEIRO DE CAMPOS E E CMEF;Goioerê;CONFIRMADO;INEP/MEC - Divulgação dos Resultados do Ideb e Saeb por Escola (Paraná);Código INEP localizado com sucesso na base oficial de divulgação do SAEB/IDEB do INEP.
2019;41012631;RIBEIRO DE CAMPOS E E CMEF;Goioerê;CONFIRMADO;INEP/MEC - Divulgação dos Resultados do Ideb e Saeb por Escola (Paraná);Código INEP localizado com sucesso na base oficial de divulgação do SAEB/IDEB do INEP.
2021;41012631;RIBEIRO DE CAMPOS E E CMEF;Goioerê;CONFIRMADO;INEP/MEC - Divulgação dos Resultados do Ideb e Saeb por Escola (Paraná);Código INEP localizado com sucesso na base oficial de divulgação do SAEB/IDEB do INEP.
2023;41012631;RIBEIRO DE CAMPOS E E CMEF;Goioerê;CONFIRMADO;INEP/MEC - Divulgação dos Resultados do Ideb e Saeb por Escola (Paraná);Código INEP localizado com sucesso na base oficial de divulgação do SAEB/IDEB do INEP.
2025;41012631;RIBEIRO DE CAMPOS E E CMEF;Goioerê;CONFIRMADO;INEP/MEC - Divulgação dos Resultados do Ideb e Saeb por Escola (Paraná);Código INEP localizado com sucesso na base oficial de divulgação do SAEB/IDEB do INEP.
2005;41016254;ANTONIO VIEIRA C E PEEF M PROF NORMAL;Engenheiro Beltrão;CONFIRMADO;INEP/MEC - Divulgação dos Resultados do Ideb e Saeb por Escola (Paraná);Código INEP localizado com sucesso na base oficial de divulgação do SAEB/IDEB do INEP.
2007;41016254;ANTONIO VIEIRA C E PEEF M PROF NORMAL;Engenheiro Beltrão;CONFIRMADO;INEP/MEC - Divulgação dos Resultados do Ideb e Saeb por Escola (Paraná);Código INEP localizado com sucesso na base oficial de divulgação do SAEB/IDEB do INEP.
2009;41016254;ANTONIO VIEIRA C E PEEF M PROF NORMAL;Engenheiro Beltrão;CONFIRMADO;INEP/MEC - Divulgação dos Resultados do Ideb e Saeb por Escola (Paraná);Código INEP localizado com sucesso na base oficial de divulgação do SAEB/IDEB do INEP.
2011;41016254;ANTONIO VIEIRA C E PEEF M PROF NORMAL;Engenheiro Beltrão;CONFIRMADO;INEP/MEC - Divulgação dos Resultados do Ideb e Saeb por Escola (Paraná);Código INEP localizado com sucesso na base oficial de divulgação do SAEB/IDEB do INEP.
2013;41016254;ANTONIO VIEIRA C E PEEF M PROF NORMAL;Engenheiro Beltrão;CONFIRMADO;INEP/MEC - Divulgação dos Resultados do Ideb e Saeb por Escola (Paraná);Código INEP localizado com sucesso na base oficial de divulgação do SAEB/IDEB do INEP.
2015;41016254;ANTONIO VIEIRA C E PEEF M PROF NORMAL;Engenheiro Beltrão;CONFIRMADO;INEP/MEC - Divulgação dos Resultados do Ideb e Saeb por Escola (Paraná);Código INEP localizado com sucesso na base oficial de divulgação do SAEB/IDEB do INEP.
2017;41016254;ANTONIO VIEIRA C E PEEF M PROF NORMAL;Engenheiro Beltrão;CONFIRMADO;INEP/MEC - Divulgação dos Resultados do Ideb e Saeb por Escola (Paraná);Código INEP localizado com sucesso na base oficial de divulgação do SAEB/IDEB do INEP.
2019;41016254;ANTONIO VIEIRA C E PEEF M PROF NORMAL;Engenheiro Beltrão;CONFIRMADO;INEP/MEC - Divulgação dos Resultados do Ideb e Saeb por Escola (Paraná);Código INEP localizado com sucesso na base oficial de divulgação do SAEB/IDEB do INEP.
2021;41016254;ANTONIO VIEIRA C E PEEF M PROF NORMAL;Engenheiro Beltrão;CONFIRMADO;INEP/MEC - Divulgação dos Resultados do Ideb e Saeb por Escola (Paraná);Código INEP localizado com sucesso na base oficial de divulgação do SAEB/IDEB do INEP.
2023;41016254;ANTONIO VIEIRA C E PEEF M PROF NORMAL;Engenheiro Beltrão;CONFIRMADO;INEP/MEC - Divulgação dos Resultados do Ideb e Saeb por Escola (Paraná);Código INEP localizado com sucesso na base oficial de divulgação do SAEB/IDEB do INEP.
2025;41016254;ANTONIO VIEIRA C E PEEF M PROF NORMAL;Engenheiro Beltrão;CONFIRMADO;INEP/MEC - Divulgação dos Resultados do Ideb e Saeb por Escola (Paraná);Código INEP localizado com sucesso na base oficial de divulgação do SAEB/IDEB do INEP.
2005;41018800;LEO KOHLER E E CM PROFEF;Terra Boa;CONFIRMADO;INEP/MEC - Divulgação dos Resultados do Ideb e Saeb por Escola (Paraná);Código INEP localizado com sucesso na base oficial de divulgação do SAEB/IDEB do INEP.
2007;41018800;LEO KOHLER E E CM PROFEF;Terra Boa;CONFIRMADO;INEP/MEC - Divulgação dos Resultados do Ideb e Saeb por Escola (Paraná);Código INEP localizado com sucesso na base oficial de divulgação do SAEB/IDEB do INEP.
2009;41018800;LEO KOHLER E E CM PROFEF;Terra Boa;CONFIRMADO;INEP/MEC - Divulgação dos Resultados do Ideb e Saeb por Escola (Paraná);Código INEP localizado com sucesso na base oficial de divulgação do SAEB/IDEB do INEP.
2011;41018800;LEO KOHLER E E CM PROFEF;Terra Boa;CONFIRMADO;INEP/MEC - Divulgação dos Resultados do Ideb e Saeb por Escola (Paraná);Código INEP localizado com sucesso na base oficial de divulgação do SAEB/IDEB do INEP.
2013;41018800;LEO KOHLER E E CM PROFEF;Terra Boa;CONFIRMADO;INEP/MEC - Divulgação dos Resultados do Ideb e Saeb por Escola (Paraná);Código INEP localizado com sucesso na base oficial de divulgação do SAEB/IDEB do INEP.
2015;41018800;LEO KOHLER E E CM PROFEF;Terra Boa;CONFIRMADO;INEP/MEC - Divulgação dos Resultados do Ideb e Saeb por Escola (Paraná);Código INEP localizado com sucesso na base oficial de divulgação do SAEB/IDEB do INEP.
2017;41018800;LEO KOHLER E E CM PROFEF;Terra Boa;CONFIRMADO;INEP/MEC - Divulgação dos Resultados do Ideb e Saeb por Escola (Paraná);Código INEP localizado com sucesso na base oficial de divulgação do SAEB/IDEB do INEP.
2019;41018800;LEO KOHLER E E CM PROFEF;Terra Boa;CONFIRMADO;INEP/MEC - Divulgação dos Resultados do Ideb e Saeb por Escola (Paraná);Código INEP localizado com sucesso na base oficial de divulgação do SAEB/IDEB do INEP.
2021;41018800;LEO KOHLER E E CM PROFEF;Terra Boa;CONFIRMADO;INEP/MEC - Divulgação dos Resultados do Ideb e Saeb por Escola (Paraná);Código INEP localizado com sucesso na base oficial de divulgação do SAEB/IDEB do INEP.
2023;41018800;LEO KOHLER E E CM PROFEF;Terra Boa;CONFIRMADO;INEP/MEC - Divulgação dos Resultados do Ideb e Saeb por Escola (Paraná);Código INEP localizado com sucesso na base oficial de divulgação do SAEB/IDEB do INEP.
2025;41018800;LEO KOHLER E E CM PROFEF;Terra Boa;CONFIRMADO;INEP/MEC - Divulgação dos Resultados do Ideb e Saeb por Escola (Paraná);Código INEP localizado com sucesso na base oficial de divulgação do SAEB/IDEB do INEP.
2005;41020189;OSVALDO ARANHA E EEF;Lobato;CONFIRMADO;INEP/MEC - Divulgação dos Resultados do Ideb e Saeb por Escola (Paraná);Código INEP localizado com sucesso na base oficial de divulgação do SAEB/IDEB do INEP.
2007;41020189;OSVALDO ARANHA E EEF;Lobato;CONFIRMADO;INEP/MEC - Divulgação dos Resultados do Ideb e Saeb por Escola (Paraná);Código INEP localizado com sucesso na base oficial de divulgação do SAEB/IDEB do INEP.
2009;41020189;OSVALDO ARANHA E EEF;Lobato;CONFIRMADO;INEP/MEC - Divulgação dos Resultados do Ideb e Saeb por Escola (Paraná);Código INEP localizado com sucesso na base oficial de divulgação do SAEB/IDEB do INEP.
2011;41020189;OSVALDO ARANHA E EEF;Lobato;CONFIRMADO;INEP/MEC - Divulgação dos Resultados do Ideb e Saeb por Escola (Paraná);Código INEP localizado com sucesso na base oficial de divulgação do SAEB/IDEB do INEP.
2013;41020189;OSVALDO ARANHA E EEF;Lobato;CONFIRMADO;INEP/MEC - Divulgação dos Resultados do Ideb e Saeb por Escola (Paraná);Código INEP localizado com sucesso na base oficial de divulgação do SAEB/IDEB do INEP.
2015;41020189;OSVALDO ARANHA E EEF;Lobato;CONFIRMADO;INEP/MEC - Divulgação dos Resultados do Ideb e Saeb por Escola (Paraná);Código INEP localizado com sucesso na base oficial de divulgação do SAEB/IDEB do INEP.
2017;41020189;OSVALDO ARANHA E EEF;Lobato;CONFIRMADO;INEP/MEC - Divulgação dos Resultados do Ideb e Saeb por Escola (Paraná);Código INEP localizado com sucesso na base oficial de divulgação do SAEB/IDEB do INEP.
2019;41020189;OSVALDO ARANHA E EEF;Lobato;CONFIRMADO;INEP/MEC - Divulgação dos Resultados do Ideb e Saeb por Escola (Paraná);Código INEP localizado com sucesso na base oficial de divulgação do SAEB/IDEB do INEP.
2021;41020189;OSVALDO ARANHA E EEF;Lobato;CONFIRMADO;INEP/MEC - Divulgação dos Resultados do Ideb e Saeb por Escola (Paraná);Código INEP localizado com sucesso na base oficial de divulgação do SAEB/IDEB do INEP.
2023;41020189;OSVALDO ARANHA E EEF;Lobato;CONFIRMADO;INEP/MEC - Divulgação dos Resultados do Ideb e Saeb por Escola (Paraná);Código INEP localizado com sucesso na base oficial de divulgação do SAEB/IDEB do INEP.
2025;41020189;OSVALDO ARANHA E EEF;Lobato;CONFIRMADO;INEP/MEC - Divulgação dos Resultados do Ideb e Saeb por Escola (Paraná);Código INEP localizado com sucesso na base oficial de divulgação do SAEB/IDEB do INEP.
2005;41020286;FRANCISCO J PERIOTO E E CM PROFEF;Mandaguaçu;CONFIRMADO;INEP/MEC - Divulgação dos Resultados do Ideb e Saeb por Escola (Paraná);Código INEP localizado com sucesso na base oficial de divulgação do SAEB/IDEB do INEP.
2007;41020286;FRANCISCO J PERIOTO E E CM PROFEF;Mandaguaçu;CONFIRMADO;INEP/MEC - Divulgação dos Resultados do Ideb e Saeb por Escola (Paraná);Código INEP localizado com sucesso na base oficial de divulgação do SAEB/IDEB do INEP.
2009;41020286;FRANCISCO J PERIOTO E E CM PROFEF;Mandaguaçu;CONFIRMADO;INEP/MEC - Divulgação dos Resultados do Ideb e Saeb por Escola (Paraná);Código INEP localizado com sucesso na base oficial de divulgação do SAEB/IDEB do INEP.
2011;41020286;FRANCISCO J PERIOTO E E CM PROFEF;Mandaguaçu;CONFIRMADO;INEP/MEC - Divulgação dos Resultados do Ideb e Saeb por Escola (Paraná);Código INEP localizado com sucesso na base oficial de divulgação do SAEB/IDEB do INEP.
2013;41020286;FRANCISCO J PERIOTO E E CM PROFEF;Mandaguaçu;CONFIRMADO;INEP/MEC - Divulgação dos Resultados do Ideb e Saeb por Escola (Paraná);Código INEP localizado com sucesso na base oficial de divulgação do SAEB/IDEB do INEP.
2015;41020286;FRANCISCO J PERIOTO E E CM PROFEF;Mandaguaçu;CONFIRMADO;INEP/MEC - Divulgação dos Resultados do Ideb e Saeb por Escola (Paraná);Código INEP localizado com sucesso na base oficial de divulgação do SAEB/IDEB do INEP.
2017;41020286;FRANCISCO J PERIOTO E E CM PROFEF;Mandaguaçu;CONFIRMADO;INEP/MEC - Divulgação dos Resultados do Ideb e Saeb por Escola (Paraná);Código INEP localizado com sucesso na base oficial de divulgação do SAEB/IDEB do INEP.
2019;41020286;FRANCISCO J PERIOTO E E CM PROFEF;Mandaguaçu;CONFIRMADO;INEP/MEC - Divulgação dos Resultados do Ideb e Saeb por Escola (Paraná);Código INEP localizado com sucesso na base oficial de divulgação do SAEB/IDEB do INEP.
2021;41020286;FRANCISCO J PERIOTO E E CM PROFEF;Mandaguaçu;CONFIRMADO;INEP/MEC - Divulgação dos Resultados do Ideb e Saeb por Escola (Paraná);Código INEP localizado com sucesso na base oficial de divulgação do SAEB/IDEB do INEP.
2023;41020286;FRANCISCO J PERIOTO E E CM PROFEF;Mandaguaçu;CONFIRMADO;INEP/MEC - Divulgação dos Resultados do Ideb e Saeb por Escola (Paraná);Código INEP localizado com sucesso na base oficial de divulgação do SAEB/IDEB do INEP.
2025;41020286;FRANCISCO J PERIOTO E E CM PROFEF;Mandaguaçu;CONFIRMADO;INEP/MEC - Divulgação dos Resultados do Ideb e Saeb por Escola (Paraná);Código INEP localizado com sucesso na base oficial de divulgação do SAEB/IDEB do INEP.
2005;41020685;FRANCISCO P X LOPES E E CONEF;Nova Esperança;CONFIRMADO;INEP/MEC - Divulgação dos Resultados do Ideb e Saeb por Escola (Paraná);Código INEP localizado com sucesso na base oficial de divulgação do SAEB/IDEB do INEP.
2007;41020685;FRANCISCO P X LOPES E E CONEF;Nova Esperança;CONFIRMADO;INEP/MEC - Divulgação dos Resultados do Ideb e Saeb por Escola (Paraná);Código INEP localizado com sucesso na base oficial de divulgação do SAEB/IDEB do INEP.
2009;41020685;FRANCISCO P X LOPES E E CONEF;Nova Esperança;CONFIRMADO;INEP/MEC - Divulgação dos Resultados do Ideb e Saeb por Escola (Paraná);Código INEP localizado com sucesso na base oficial de divulgação do SAEB/IDEB do INEP.
2011;41020685;FRANCISCO P X LOPES E E CONEF;Nova Esperança;CONFIRMADO;INEP/MEC - Divulgação dos Resultados do Ideb e Saeb por Escola (Paraná);Código INEP localizado com sucesso na base oficial de divulgação do SAEB/IDEB do INEP.
2013;41020685;FRANCISCO P X LOPES E E CONEF;Nova Esperança;CONFIRMADO;INEP/MEC - Divulgação dos Resultados do Ideb e Saeb por Escola (Paraná);Código INEP localizado com sucesso na base oficial de divulgação do SAEB/IDEB do INEP.
2015;41020685;FRANCISCO P X LOPES E E CONEF;Nova Esperança;CONFIRMADO;INEP/MEC - Divulgação dos Resultados do Ideb e Saeb por Escola (Paraná);Código INEP localizado com sucesso na base oficial de divulgação do SAEB/IDEB do INEP.
2017;41020685;FRANCISCO P X LOPES E E CONEF;Nova Esperança;CONFIRMADO;INEP/MEC - Divulgação dos Resultados do Ideb e Saeb por Escola (Paraná);Código INEP localizado com sucesso na base oficial de divulgação do SAEB/IDEB do INEP.
2019;41020685;FRANCISCO P X LOPES E E CONEF;Nova Esperança;CONFIRMADO;INEP/MEC - Divulgação dos Resultados do Ideb e Saeb por Escola (Paraná);Código INEP localizado com sucesso na base oficial de divulgação do SAEB/IDEB do INEP.
2021;41020685;FRANCISCO P X LOPES E E CONEF;Nova Esperança;CONFIRMADO;INEP/MEC - Divulgação dos Resultados do Ideb e Saeb por Escola (Paraná);Código INEP localizado com sucesso na base oficial de divulgação do SAEB/IDEB do INEP.
2023;41020685;FRANCISCO P X LOPES E E CONEF;Nova Esperança;CONFIRMADO;INEP/MEC - Divulgação dos Resultados do Ideb e Saeb por Escola (Paraná);Código INEP localizado com sucesso na base oficial de divulgação do SAEB/IDEB do INEP.
2025;41020685;FRANCISCO P X LOPES E E CONEF;Nova Esperança;CONFIRMADO;INEP/MEC - Divulgação dos Resultados do Ideb e Saeb por Escola (Paraná);Código INEP localizado com sucesso na base oficial de divulgação do SAEB/IDEB do INEP.
2005;41020910;CECILIA MEIRELES E E CMEF;Santa Fé;CONFIRMADO;INEP/MEC - Divulgação dos Resultados do Ideb e Saeb por Escola (Paraná);Código INEP localizado com sucesso na base oficial de divulgação do SAEB/IDEB do INEP.
2007;41020910;CECILIA MEIRELES E E CMEF;Santa Fé;CONFIRMADO;INEP/MEC - Divulgação dos Resultados do Ideb e Saeb por Escola (Paraná);Código INEP localizado com sucesso na base oficial de divulgação do SAEB/IDEB do INEP.
2009;41020910;CECILIA MEIRELES E E CMEF;Santa Fé;CONFIRMADO;INEP/MEC - Divulgação dos Resultados do Ideb e Saeb por Escola (Paraná);Código INEP localizado com sucesso na base oficial de divulgação do SAEB/IDEB do INEP.
2011;41020910;CECILIA MEIRELES E E CMEF;Santa Fé;CONFIRMADO;INEP/MEC - Divulgação dos Resultados do Ideb e Saeb por Escola (Paraná);Código INEP localizado com sucesso na base oficial de divulgação do SAEB/IDEB do INEP.
2013;41020910;CECILIA MEIRELES E E CMEF;Santa Fé;CONFIRMADO;INEP/MEC - Divulgação dos Resultados do Ideb e Saeb por Escola (Paraná);Código INEP localizado com sucesso na base oficial de divulgação do SAEB/IDEB do INEP.
2015;41020910;CECILIA MEIRELES E E CMEF;Santa Fé;CONFIRMADO;INEP/MEC - Divulgação dos Resultados do Ideb e Saeb por Escola (Paraná);Código INEP localizado com sucesso na base oficial de divulgação do SAEB/IDEB do INEP.
2017;41020910;CECILIA MEIRELES E E CMEF;Santa Fé;CONFIRMADO;INEP/MEC - Divulgação dos Resultados do Ideb e Saeb por Escola (Paraná);Código INEP localizado com sucesso na base oficial de divulgação do SAEB/IDEB do INEP.
2019;41020910;CECILIA MEIRELES E E CMEF;Santa Fé;CONFIRMADO;INEP/MEC - Divulgação dos Resultados do Ideb e Saeb por Escola (Paraná);Código INEP localizado com sucesso na base oficial de divulgação do SAEB/IDEB do INEP.
2021;41020910;CECILIA MEIRELES E E CMEF;Santa Fé;CONFIRMADO;INEP/MEC - Divulgação dos Resultados do Ideb e Saeb por Escola (Paraná);Código INEP localizado com sucesso na base oficial de divulgação do SAEB/IDEB do INEP.
2023;41020910;CECILIA MEIRELES E E CMEF;Santa Fé;CONFIRMADO;INEP/MEC - Divulgação dos Resultados do Ideb e Saeb por Escola (Paraná);Código INEP localizado com sucesso na base oficial de divulgação do SAEB/IDEB do INEP.
2025;41020910;CECILIA MEIRELES E E CMEF;Santa Fé;CONFIRMADO;INEP/MEC - Divulgação dos Resultados do Ideb e Saeb por Escola (Paraná);Código INEP localizado com sucesso na base oficial de divulgação do SAEB/IDEB do INEP.
2005;41021010;MANOEL F ALMEIDA E E CM DREF;Santo Inácio;CONFIRMADO;INEP/MEC - Divulgação dos Resultados do Ideb e Saeb por Escola (Paraná);Código INEP localizado com sucesso na base oficial de divulgação do SAEB/IDEB do INEP.
2007;41021010;MANOEL F ALMEIDA E E CM DREF;Santo Inácio;CONFIRMADO;INEP/MEC - Divulgação dos Resultados do Ideb e Saeb por Escola (Paraná);Código INEP localizado com sucesso na base oficial de divulgação do SAEB/IDEB do INEP.
2009;41021010;MANOEL F ALMEIDA E E CM DREF;Santo Inácio;CONFIRMADO;INEP/MEC - Divulgação dos Resultados do Ideb e Saeb por Escola (Paraná);Código INEP localizado com sucesso na base oficial de divulgação do SAEB/IDEB do INEP.
2011;41021010;MANOEL F ALMEIDA E E CM DREF;Santo Inácio;CONFIRMADO;INEP/MEC - Divulgação dos Resultados do Ideb e Saeb por Escola (Paraná);Código INEP localizado com sucesso na base oficial de divulgação do SAEB/IDEB do INEP.
2013;41021010;MANOEL F ALMEIDA E E CM DREF;Santo Inácio;CONFIRMADO;INEP/MEC - Divulgação dos Resultados do Ideb e Saeb por Escola (Paraná);Código INEP localizado com sucesso na base oficial de divulgação do SAEB/IDEB do INEP.
2015;41021010;MANOEL F ALMEIDA E E CM DREF;Santo Inácio;CONFIRMADO;INEP/MEC - Divulgação dos Resultados do Ideb e Saeb por Escola (Paraná);Código INEP localizado com sucesso na base oficial de divulgação do SAEB/IDEB do INEP.
2017;41021010;MANOEL F ALMEIDA E E CM DREF;Santo Inácio;CONFIRMADO;INEP/MEC - Divulgação dos Resultados do Ideb e Saeb por Escola (Paraná);Código INEP localizado com sucesso na base oficial de divulgação do SAEB/IDEB do INEP.
2019;41021010;MANOEL F ALMEIDA E E CM DREF;Santo Inácio;CONFIRMADO;INEP/MEC - Divulgação dos Resultados do Ideb e Saeb por Escola (Paraná);Código INEP localizado com sucesso na base oficial de divulgação do SAEB/IDEB do INEP.
2021;41021010;MANOEL F ALMEIDA E E CM DREF;Santo Inácio;CONFIRMADO;INEP/MEC - Divulgação dos Resultados do Ideb e Saeb por Escola (Paraná);Código INEP localizado com sucesso na base oficial de divulgação do SAEB/IDEB do INEP.
2023;41021010;MANOEL F ALMEIDA E E CM DREF;Santo Inácio;CONFIRMADO;INEP/MEC - Divulgação dos Resultados do Ideb e Saeb por Escola (Paraná);Código INEP localizado com sucesso na base oficial de divulgação do SAEB/IDEB do INEP.
2025;41021010;MANOEL F ALMEIDA E E CM DREF;Santo Inácio;CONFIRMADO;INEP/MEC - Divulgação dos Resultados do Ideb e Saeb por Escola (Paraná);Código INEP localizado com sucesso na base oficial de divulgação do SAEB/IDEB do INEP.
2005;41021100;ANASTACIO CEREZINE E E CMEF;Alvorada do Sul;CONFIRMADO;INEP/MEC - Divulgação dos Resultados do Ideb e Saeb por Escola (Paraná);Código INEP localizado com sucesso na base oficial de divulgação do SAEB/IDEB do INEP.
2007;41021100;ANASTACIO CEREZINE E E CMEF;Alvorada do Sul;CONFIRMADO;INEP/MEC - Divulgação dos Resultados do Ideb e Saeb por Escola (Paraná);Código INEP localizado com sucesso na base oficial de divulgação do SAEB/IDEB do INEP.
2009;41021100;ANASTACIO CEREZINE E E CMEF;Alvorada do Sul;CONFIRMADO;INEP/MEC - Divulgação dos Resultados do Ideb e Saeb por Escola (Paraná);Código INEP localizado com sucesso na base oficial de divulgação do SAEB/IDEB do INEP.
2011;41021100;ANASTACIO CEREZINE E E CMEF;Alvorada do Sul;CONFIRMADO;INEP/MEC - Divulgação dos Resultados do Ideb e Saeb por Escola (Paraná);Código INEP localizado com sucesso na base oficial de divulgação do SAEB/IDEB do INEP.
2013;41021100;ANASTACIO CEREZINE E E CMEF;Alvorada do Sul;CONFIRMADO;INEP/MEC - Divulgação dos Resultados do Ideb e Saeb por Escola (Paraná);Código INEP localizado com sucesso na base oficial de divulgação do SAEB/IDEB do INEP.
2015;41021100;ANASTACIO CEREZINE E E CMEF;Alvorada do Sul;CONFIRMADO;INEP/MEC - Divulgação dos Resultados do Ideb e Saeb por Escola (Paraná);Código INEP localizado com sucesso na base oficial de divulgação do SAEB/IDEB do INEP.
2017;41021100;ANASTACIO CEREZINE E E CMEF;Alvorada do Sul;CONFIRMADO;INEP/MEC - Divulgação dos Resultados do Ideb e Saeb por Escola (Paraná);Código INEP localizado com sucesso na base oficial de divulgação do SAEB/IDEB do INEP.
2019;41021100;ANASTACIO CEREZINE E E CMEF;Alvorada do Sul;CONFIRMADO;INEP/MEC - Divulgação dos Resultados do Ideb e Saeb por Escola (Paraná);Código INEP localizado com sucesso na base oficial de divulgação do SAEB/IDEB do INEP.
2021;41021100;ANASTACIO CEREZINE E E CMEF;Alvorada do Sul;CONFIRMADO;INEP/MEC - Divulgação dos Resultados do Ideb e Saeb por Escola (Paraná);Código INEP localizado com sucesso na base oficial de divulgação do SAEB/IDEB do INEP.
2023;41021100;ANASTACIO CEREZINE E E CMEF;Alvorada do Sul;CONFIRMADO;INEP/MEC - Divulgação dos Resultados do Ideb e Saeb por Escola (Paraná);Código INEP localizado com sucesso na base oficial de divulgação do SAEB/IDEB do INEP.
2025;41021100;ANASTACIO CEREZINE E E CMEF;Alvorada do Sul;CONFIRMADO;INEP/MEC - Divulgação dos Resultados do Ideb e Saeb por Escola (Paraná);Código INEP localizado com sucesso na base oficial de divulgação do SAEB/IDEB do INEP.
2005;41022750;ARTHUR C E SILVA E E CM PRESEF;Floresta;CONFIRMADO;INEP/MEC - Divulgação dos Resultados do Ideb e Saeb por Escola (Paraná);Código INEP localizado com sucesso na base oficial de divulgação do SAEB/IDEB do INEP.
2007;41022750;ARTHUR C E SILVA E E CM PRESEF;Floresta;CONFIRMADO;INEP/MEC - Divulgação dos Resultados do Ideb e Saeb por Escola (Paraná);Código INEP localizado com sucesso na base oficial de divulgação do SAEB/IDEB do INEP.
2009;41022750;ARTHUR C E SILVA E E CM PRESEF;Floresta;CONFIRMADO;INEP/MEC - Divulgação dos Resultados do Ideb e Saeb por Escola (Paraná);Código INEP localizado com sucesso na base oficial de divulgação do SAEB/IDEB do INEP.
2011;41022750;ARTHUR C E SILVA E E CM PRESEF;Floresta;CONFIRMADO;INEP/MEC - Divulgação dos Resultados do Ideb e Saeb por Escola (Paraná);Código INEP localizado com sucesso na base oficial de divulgação do SAEB/IDEB do INEP.
2013;41022750;ARTHUR C E SILVA E E CM PRESEF;Floresta;CONFIRMADO;INEP/MEC - Divulgação dos Resultados do Ideb e Saeb por Escola (Paraná);Código INEP localizado com sucesso na base oficial de divulgação do SAEB/IDEB do INEP.
2015;41022750;ARTHUR C E SILVA E E CM PRESEF;Floresta;CONFIRMADO;INEP/MEC - Divulgação dos Resultados do Ideb e Saeb por Escola (Paraná);Código INEP localizado com sucesso na base oficial de divulgação do SAEB/IDEB do INEP.
2017;41022750;ARTHUR C E SILVA E E CM PRESEF;Floresta;CONFIRMADO;INEP/MEC - Divulgação dos Resultados do Ideb e Saeb por Escola (Paraná);Código INEP localizado com sucesso na base oficial de divulgação do SAEB/IDEB do INEP.
2019;41022750;ARTHUR C E SILVA E E CM PRESEF;Floresta;CONFIRMADO;INEP/MEC - Divulgação dos Resultados do Ideb e Saeb por Escola (Paraná);Código INEP localizado com sucesso na base oficial de divulgação do SAEB/IDEB do INEP.
2021;41022750;ARTHUR C E SILVA E E CM PRESEF;Floresta;CONFIRMADO;INEP/MEC - Divulgação dos Resultados do Ideb e Saeb por Escola (Paraná);Código INEP localizado com sucesso na base oficial de divulgação do SAEB/IDEB do INEP.
2023;41022750;ARTHUR C E SILVA E E CM PRESEF;Floresta;CONFIRMADO;INEP/MEC - Divulgação dos Resultados do Ideb e Saeb por Escola (Paraná);Código INEP localizado com sucesso na base oficial de divulgação do SAEB/IDEB do INEP.
2025;41022750;ARTHUR C E SILVA E E CM PRESEF;Floresta;CONFIRMADO;INEP/MEC - Divulgação dos Resultados do Ideb e Saeb por Escola (Paraná);Código INEP localizado com sucesso na base oficial de divulgação do SAEB/IDEB do INEP.
2005;41024281;MARCO A PIMENTA C EEF M;Maringá;CONFIRMADO;INEP/MEC - Divulgação dos Resultados do Ideb e Saeb por Escola (Paraná);Código INEP localizado com sucesso na base oficial de divulgação do SAEB/IDEB do INEP.
2007;41024281;MARCO A PIMENTA C EEF M;Maringá;CONFIRMADO;INEP/MEC - Divulgação dos Resultados do Ideb e Saeb por Escola (Paraná);Código INEP localizado com sucesso na base oficial de divulgação do SAEB/IDEB do INEP.
2009;41024281;MARCO A PIMENTA C EEF M;Maringá;CONFIRMADO;INEP/MEC - Divulgação dos Resultados do Ideb e Saeb por Escola (Paraná);Código INEP localizado com sucesso na base oficial de divulgação do SAEB/IDEB do INEP.
2011;41024281;MARCO A PIMENTA C EEF M;Maringá;CONFIRMADO;INEP/MEC - Divulgação dos Resultados do Ideb e Saeb por Escola (Paraná);Código INEP localizado com sucesso na base oficial de divulgação do SAEB/IDEB do INEP.
2013;41024281;MARCO A PIMENTA C EEF M;Maringá;CONFIRMADO;INEP/MEC - Divulgação dos Resultados do Ideb e Saeb por Escola (Paraná);Código INEP localizado com sucesso na base oficial de divulgação do SAEB/IDEB do INEP.
2015;41024281;MARCO A PIMENTA C EEF M;Maringá;CONFIRMADO;INEP/MEC - Divulgação dos Resultados do Ideb e Saeb por Escola (Paraná);Código INEP localizado com sucesso na base oficial de divulgação do SAEB/IDEB do INEP.
2017;41024281;MARCO A PIMENTA C EEF M;Maringá;CONFIRMADO;INEP/MEC - Divulgação dos Resultados do Ideb e Saeb por Escola (Paraná);Código INEP localizado com sucesso na base oficial de divulgação do SAEB/IDEB do INEP.
2019;41024281;MARCO A PIMENTA C EEF M;Maringá;CONFIRMADO;INEP/MEC - Divulgação dos Resultados do Ideb e Saeb por Escola (Paraná);Código INEP localizado com sucesso na base oficial de divulgação do SAEB/IDEB do INEP.
2021;41024281;MARCO A PIMENTA C EEF M;Maringá;CONFIRMADO;INEP/MEC - Divulgação dos Resultados do Ideb e Saeb por Escola (Paraná);Código INEP localizado com sucesso na base oficial de divulgação do SAEB/IDEB do INEP.
2023;41024281;MARCO A PIMENTA C EEF M;Maringá;CONFIRMADO;INEP/MEC - Divulgação dos Resultados do Ideb e Saeb por Escola (Paraná);Código INEP localizado com sucesso na base oficial de divulgação do SAEB/IDEB do INEP.
2025;41024281;MARCO A PIMENTA C EEF M;Maringá;CONFIRMADO;INEP/MEC - Divulgação dos Resultados do Ideb e Saeb por Escola (Paraná);Código INEP localizado com sucesso na base oficial de divulgação do SAEB/IDEB do INEP.
2005;41024923;IZABEL C E PRINCEF M;Paiçandu;CONFIRMADO;INEP/MEC - Divulgação dos Resultados do Ideb e Saeb por Escola (Paraná);Código INEP localizado com sucesso na base oficial de divulgação do SAEB/IDEB do INEP.
2007;41024923;IZABEL C E PRINCEF M;Paiçandu;CONFIRMADO;INEP/MEC - Divulgação dos Resultados do Ideb e Saeb por Escola (Paraná);Código INEP localizado com sucesso na base oficial de divulgação do SAEB/IDEB do INEP.
2009;41024923;IZABEL C E PRINCEF M;Paiçandu;CONFIRMADO;INEP/MEC - Divulgação dos Resultados do Ideb e Saeb por Escola (Paraná);Código INEP localizado com sucesso na base oficial de divulgação do SAEB/IDEB do INEP.
2011;41024923;IZABEL C E PRINCEF M;Paiçandu;CONFIRMADO;INEP/MEC - Divulgação dos Resultados do Ideb e Saeb por Escola (Paraná);Código INEP localizado com sucesso na base oficial de divulgação do SAEB/IDEB do INEP.
2013;41024923;IZABEL C E PRINCEF M;Paiçandu;CONFIRMADO;INEP/MEC - Divulgação dos Resultados do Ideb e Saeb por Escola (Paraná);Código INEP localizado com sucesso na base oficial de divulgação do SAEB/IDEB do INEP.
2015;41024923;IZABEL C E PRINCEF M;Paiçandu;CONFIRMADO;INEP/MEC - Divulgação dos Resultados do Ideb e Saeb por Escola (Paraná);Código INEP localizado com sucesso na base oficial de divulgação do SAEB/IDEB do INEP.
2017;41024923;IZABEL C E PRINCEF M;Paiçandu;CONFIRMADO;INEP/MEC - Divulgação dos Resultados do Ideb e Saeb por Escola (Paraná);Código INEP localizado com sucesso na base oficial de divulgação do SAEB/IDEB do INEP.
2019;41024923;IZABEL C E PRINCEF M;Paiçandu;CONFIRMADO;INEP/MEC - Divulgação dos Resultados do Ideb e Saeb por Escola (Paraná);Código INEP localizado com sucesso na base oficial de divulgação do SAEB/IDEB do INEP.
2021;41024923;IZABEL C E PRINCEF M;Paiçandu;CONFIRMADO;INEP/MEC - Divulgação dos Resultados do Ideb e Saeb por Escola (Paraná);Código INEP localizado com sucesso na base oficial de divulgação do SAEB/IDEB do INEP.
2023;41024923;IZABEL C E PRINCEF M;Paiçandu;CONFIRMADO;INEP/MEC - Divulgação dos Resultados do Ideb e Saeb por Escola (Paraná);Código INEP localizado com sucesso na base oficial de divulgação do SAEB/IDEB do INEP.
2025;41024923;IZABEL C E PRINCEF M;Paiçandu;CONFIRMADO;INEP/MEC - Divulgação dos Resultados do Ideb e Saeb por Escola (Paraná);Código INEP localizado com sucesso na base oficial de divulgação do SAEB/IDEB do INEP.
2005;41024931;NEIDE BERTASSO BERALDO C EEF M PROFIS;Paiçandu;CONFIRMADO;INEP/MEC - Divulgação dos Resultados do Ideb e Saeb por Escola (Paraná);Código INEP localizado com sucesso na base oficial de divulgação do SAEB/IDEB do INEP.
2007;41024931;NEIDE BERTASSO BERALDO C EEF M PROFIS;Paiçandu;CONFIRMADO;INEP/MEC - Divulgação dos Resultados do Ideb e Saeb por Escola (Paraná);Código INEP localizado com sucesso na base oficial de divulgação do SAEB/IDEB do INEP.
2009;41024931;NEIDE BERTASSO BERALDO C EEF M PROFIS;Paiçandu;CONFIRMADO;INEP/MEC - Divulgação dos Resultados do Ideb e Saeb por Escola (Paraná);Código INEP localizado com sucesso na base oficial de divulgação do SAEB/IDEB do INEP.
2011;41024931;NEIDE BERTASSO BERALDO C EEF M PROFIS;Paiçandu;CONFIRMADO;INEP/MEC - Divulgação dos Resultados do Ideb e Saeb por Escola (Paraná);Código INEP localizado com sucesso na base oficial de divulgação do SAEB/IDEB do INEP.
2013;41024931;NEIDE BERTASSO BERALDO C EEF M PROFIS;Paiçandu;CONFIRMADO;INEP/MEC - Divulgação dos Resultados do Ideb e Saeb por Escola (Paraná);Código INEP localizado com sucesso na base oficial de divulgação do SAEB/IDEB do INEP.
2015;41024931;NEIDE BERTASSO BERALDO C EEF M PROFIS;Paiçandu;CONFIRMADO;INEP/MEC - Divulgação dos Resultados do Ideb e Saeb por Escola (Paraná);Código INEP localizado com sucesso na base oficial de divulgação do SAEB/IDEB do INEP.
2017;41024931;NEIDE BERTASSO BERALDO C EEF M PROFIS;Paiçandu;CONFIRMADO;INEP/MEC - Divulgação dos Resultados do Ideb e Saeb por Escola (Paraná);Código INEP localizado com sucesso na base oficial de divulgação do SAEB/IDEB do INEP.
2019;41024931;NEIDE BERTASSO BERALDO C EEF M PROFIS;Paiçandu;CONFIRMADO;INEP/MEC - Divulgação dos Resultados do Ideb e Saeb por Escola (Paraná);Código INEP localizado com sucesso na base oficial de divulgação do SAEB/IDEB do INEP.
2021;41024931;NEIDE BERTASSO BERALDO C EEF M PROFIS;Paiçandu;CONFIRMADO;INEP/MEC - Divulgação dos Resultados do Ideb e Saeb por Escola (Paraná);Código INEP localizado com sucesso na base oficial de divulgação do SAEB/IDEB do INEP.
2023;41024931;NEIDE BERTASSO BERALDO C EEF M PROFIS;Paiçandu;CONFIRMADO;INEP/MEC - Divulgação dos Resultados do Ideb e Saeb por Escola (Paraná);Código INEP localizado com sucesso na base oficial de divulgação do SAEB/IDEB do INEP.
2025;41024931;NEIDE BERTASSO BERALDO C EEF M PROFIS;Paiçandu;CONFIRMADO;INEP/MEC - Divulgação dos Resultados do Ideb e Saeb por Escola (Paraná);Código INEP localizado com sucesso na base oficial de divulgação do SAEB/IDEB do INEP.
2005;41025318;ALBERTO SANTOS DUMONT C E CMEF M P;Apucarana;CONFIRMADO;INEP/MEC - Divulgação dos Resultados do Ideb e Saeb por Escola (Paraná);Código INEP localizado com sucesso na base oficial de divulgação do SAEB/IDEB do INEP.
2007;41025318;ALBERTO SANTOS DUMONT C E CMEF M P;Apucarana;CONFIRMADO;INEP/MEC - Divulgação dos Resultados do Ideb e Saeb por Escola (Paraná);Código INEP localizado com sucesso na base oficial de divulgação do SAEB/IDEB do INEP.
2009;41025318;ALBERTO SANTOS DUMONT C E CMEF M P;Apucarana;CONFIRMADO;INEP/MEC - Divulgação dos Resultados do Ideb e Saeb por Escola (Paraná);Código INEP localizado com sucesso na base oficial de divulgação do SAEB/IDEB do INEP.
2011;41025318;ALBERTO SANTOS DUMONT C E CMEF M P;Apucarana;CONFIRMADO;INEP/MEC - Divulgação dos Resultados do Ideb e Saeb por Escola (Paraná);Código INEP localizado com sucesso na base oficial de divulgação do SAEB/IDEB do INEP.
2013;41025318;ALBERTO SANTOS DUMONT C E CMEF M P;Apucarana;CONFIRMADO;INEP/MEC - Divulgação dos Resultados do Ideb e Saeb por Escola (Paraná);Código INEP localizado com sucesso na base oficial de divulgação do SAEB/IDEB do INEP.
2015;41025318;ALBERTO SANTOS DUMONT C E CMEF M P;Apucarana;CONFIRMADO;INEP/MEC - Divulgação dos Resultados do Ideb e Saeb por Escola (Paraná);Código INEP localizado com sucesso na base oficial de divulgação do SAEB/IDEB do INEP.
2017;41025318;ALBERTO SANTOS DUMONT C E CMEF M P;Apucarana;CONFIRMADO;INEP/MEC - Divulgação dos Resultados do Ideb e Saeb por Escola (Paraná);Código INEP localizado com sucesso na base oficial de divulgação do SAEB/IDEB do INEP.
2019;41025318;ALBERTO SANTOS DUMONT C E CMEF M P;Apucarana;CONFIRMADO;INEP/MEC - Divulgação dos Resultados do Ideb e Saeb por Escola (Paraná);Código INEP localizado com sucesso na base oficial de divulgação do SAEB/IDEB do INEP.
2021;41025318;ALBERTO SANTOS DUMONT C E CMEF M P;Apucarana;CONFIRMADO;INEP/MEC - Divulgação dos Resultados do Ideb e Saeb por Escola (Paraná);Código INEP localizado com sucesso na base oficial de divulgação do SAEB/IDEB do INEP.
2023;41025318;ALBERTO SANTOS DUMONT C E CMEF M P;Apucarana;CONFIRMADO;INEP/MEC - Divulgação dos Resultados do Ideb e Saeb por Escola (Paraná);Código INEP localizado com sucesso na base oficial de divulgação do SAEB/IDEB do INEP.
2025;41025318;ALBERTO SANTOS DUMONT C E CMEF M P;Apucarana;CONFIRMADO;INEP/MEC - Divulgação dos Resultados do Ideb e Saeb por Escola (Paraná);Código INEP localizado com sucesso na base oficial de divulgação do SAEB/IDEB do INEP.
2005;41025636;FRANCISCO A SOUSA E E PROFEF;Apucarana;CONFIRMADO;INEP/MEC - Divulgação dos Resultados do Ideb e Saeb por Escola (Paraná);Código INEP localizado com sucesso na base oficial de divulgação do SAEB/IDEB do INEP.
2007;41025636;FRANCISCO A SOUSA E E PROFEF;Apucarana;CONFIRMADO;INEP/MEC - Divulgação dos Resultados do Ideb e Saeb por Escola (Paraná);Código INEP localizado com sucesso na base oficial de divulgação do SAEB/IDEB do INEP.
2009;41025636;FRANCISCO A SOUSA E E PROFEF;Apucarana;CONFIRMADO;INEP/MEC - Divulgação dos Resultados do Ideb e Saeb por Escola (Paraná);Código INEP localizado com sucesso na base oficial de divulgação do SAEB/IDEB do INEP.
2011;41025636;FRANCISCO A SOUSA E E PROFEF;Apucarana;CONFIRMADO;INEP/MEC - Divulgação dos Resultados do Ideb e Saeb por Escola (Paraná);Código INEP localizado com sucesso na base oficial de divulgação do SAEB/IDEB do INEP.
2013;41025636;FRANCISCO A SOUSA E E PROFEF;Apucarana;CONFIRMADO;INEP/MEC - Divulgação dos Resultados do Ideb e Saeb por Escola (Paraná);Código INEP localizado com sucesso na base oficial de divulgação do SAEB/IDEB do INEP.
2015;41025636;FRANCISCO A SOUSA E E PROFEF;Apucarana;CONFIRMADO;INEP/MEC - Divulgação dos Resultados do Ideb e Saeb por Escola (Paraná);Código INEP localizado com sucesso na base oficial de divulgação do SAEB/IDEB do INEP.
2017;41025636;FRANCISCO A SOUSA E E PROFEF;Apucarana;CONFIRMADO;INEP/MEC - Divulgação dos Resultados do Ideb e Saeb por Escola (Paraná);Código INEP localizado com sucesso na base oficial de divulgação do SAEB/IDEB do INEP.
2019;41025636;FRANCISCO A SOUSA E E PROFEF;Apucarana;CONFIRMADO;INEP/MEC - Divulgação dos Resultados do Ideb e Saeb por Escola (Paraná);Código INEP localizado com sucesso na base oficial de divulgação do SAEB/IDEB do INEP.
2021;41025636;FRANCISCO A SOUSA E E PROFEF;Apucarana;CONFIRMADO;INEP/MEC - Divulgação dos Resultados do Ideb e Saeb por Escola (Paraná);Código INEP localizado com sucesso na base oficial de divulgação do SAEB/IDEB do INEP.
2023;41025636;FRANCISCO A SOUSA E E PROFEF;Apucarana;CONFIRMADO;INEP/MEC - Divulgação dos Resultados do Ideb e Saeb por Escola (Paraná);Código INEP localizado com sucesso na base oficial de divulgação do SAEB/IDEB do INEP.
2025;41025636;FRANCISCO A SOUSA E E PROFEF;Apucarana;CONFIRMADO;INEP/MEC - Divulgação dos Resultados do Ideb e Saeb por Escola (Paraná);Código INEP localizado com sucesso na base oficial de divulgação do SAEB/IDEB do INEP.
2005;41025806;JOSE DE ANCHIETA C E CM PEEF M PROFIS;Apucarana;CONFIRMADO;INEP/MEC - Divulgação dos Resultados do Ideb e Saeb por Escola (Paraná);Código INEP localizado com sucesso na base oficial de divulgação do SAEB/IDEB do INEP.
2007;41025806;JOSE DE ANCHIETA C E CM PEEF M PROFIS;Apucarana;CONFIRMADO;INEP/MEC - Divulgação dos Resultados do Ideb e Saeb por Escola (Paraná);Código INEP localizado com sucesso na base oficial de divulgação do SAEB/IDEB do INEP.
2009;41025806;JOSE DE ANCHIETA C E CM PEEF M PROFIS;Apucarana;CONFIRMADO;INEP/MEC - Divulgação dos Resultados do Ideb e Saeb por Escola (Paraná);Código INEP localizado com sucesso na base oficial de divulgação do SAEB/IDEB do INEP.
2011;41025806;JOSE DE ANCHIETA C E CM PEEF M PROFIS;Apucarana;CONFIRMADO;INEP/MEC - Divulgação dos Resultados do Ideb e Saeb por Escola (Paraná);Código INEP localizado com sucesso na base oficial de divulgação do SAEB/IDEB do INEP.
2013;41025806;JOSE DE ANCHIETA C E CM PEEF M PROFIS;Apucarana;CONFIRMADO;INEP/MEC - Divulgação dos Resultados do Ideb e Saeb por Escola (Paraná);Código INEP localizado com sucesso na base oficial de divulgação do SAEB/IDEB do INEP.
2015;41025806;JOSE DE ANCHIETA C E CM PEEF M PROFIS;Apucarana;CONFIRMADO;INEP/MEC - Divulgação dos Resultados do Ideb e Saeb por Escola (Paraná);Código INEP localizado com sucesso na base oficial de divulgação do SAEB/IDEB do INEP.
2017;41025806;JOSE DE ANCHIETA C E CM PEEF M PROFIS;Apucarana;CONFIRMADO;INEP/MEC - Divulgação dos Resultados do Ideb e Saeb por Escola (Paraná);Código INEP localizado com sucesso na base oficial de divulgação do SAEB/IDEB do INEP.
2019;41025806;JOSE DE ANCHIETA C E CM PEEF M PROFIS;Apucarana;CONFIRMADO;INEP/MEC - Divulgação dos Resultados do Ideb e Saeb por Escola (Paraná);Código INEP localizado com sucesso na base oficial de divulgação do SAEB/IDEB do INEP.
2021;41025806;JOSE DE ANCHIETA C E CM PEEF M PROFIS;Apucarana;CONFIRMADO;INEP/MEC - Divulgação dos Resultados do Ideb e Saeb por Escola (Paraná);Código INEP localizado com sucesso na base oficial de divulgação do SAEB/IDEB do INEP.
2023;41025806;JOSE DE ANCHIETA C E CM PEEF M PROFIS;Apucarana;CONFIRMADO;INEP/MEC - Divulgação dos Resultados do Ideb e Saeb por Escola (Paraná);Código INEP localizado com sucesso na base oficial de divulgação do SAEB/IDEB do INEP.
2025;41025806;JOSE DE ANCHIETA C E CM PEEF M PROFIS;Apucarana;CONFIRMADO;INEP/MEC - Divulgação dos Resultados do Ideb e Saeb por Escola (Paraná);Código INEP localizado com sucesso na base oficial de divulgação do SAEB/IDEB do INEP.
2005;41026055;OSMAR GUARACY FREIRE C E CMEF M P;Apucarana;CONFIRMADO;INEP/MEC - Divulgação dos Resultados do Ideb e Saeb por Escola (Paraná);Código INEP localizado com sucesso na base oficial de divulgação do SAEB/IDEB do INEP.
2007;41026055;OSMAR GUARACY FREIRE C E CMEF M P;Apucarana;CONFIRMADO;INEP/MEC - Divulgação dos Resultados do Ideb e Saeb por Escola (Paraná);Código INEP localizado com sucesso na base oficial de divulgação do SAEB/IDEB do INEP.
2009;41026055;OSMAR GUARACY FREIRE C E CMEF M P;Apucarana;CONFIRMADO;INEP/MEC - Divulgação dos Resultados do Ideb e Saeb por Escola (Paraná);Código INEP localizado com sucesso na base oficial de divulgação do SAEB/IDEB do INEP.
2011;41026055;OSMAR GUARACY FREIRE C E CMEF M P;Apucarana;CONFIRMADO;INEP/MEC - Divulgação dos Resultados do Ideb e Saeb por Escola (Paraná);Código INEP localizado com sucesso na base oficial de divulgação do SAEB/IDEB do INEP.
2013;41026055;OSMAR GUARACY FREIRE C E CMEF M P;Apucarana;CONFIRMADO;INEP/MEC - Divulgação dos Resultados do Ideb e Saeb por Escola (Paraná);Código INEP localizado com sucesso na base oficial de divulgação do SAEB/IDEB do INEP.
2015;41026055;OSMAR GUARACY FREIRE C E CMEF M P;Apucarana;CONFIRMADO;INEP/MEC - Divulgação dos Resultados do Ideb e Saeb por Escola (Paraná);Código INEP localizado com sucesso na base oficial de divulgação do SAEB/IDEB do INEP.
2017;41026055;OSMAR GUARACY FREIRE C E CMEF M P;Apucarana;CONFIRMADO;INEP/MEC - Divulgação dos Resultados do Ideb e Saeb por Escola (Paraná);Código INEP localizado com sucesso na base oficial de divulgação do SAEB/IDEB do INEP.
2019;41026055;OSMAR GUARACY FREIRE C E CMEF M P;Apucarana;CONFIRMADO;INEP/MEC - Divulgação dos Resultados do Ideb e Saeb por Escola (Paraná);Código INEP localizado com sucesso na base oficial de divulgação do SAEB/IDEB do INEP.
2021;41026055;OSMAR GUARACY FREIRE C E CMEF M P;Apucarana;CONFIRMADO;INEP/MEC - Divulgação dos Resultados do Ideb e Saeb por Escola (Paraná);Código INEP localizado com sucesso na base oficial de divulgação do SAEB/IDEB do INEP.
2023;41026055;OSMAR GUARACY FREIRE C E CMEF M P;Apucarana;CONFIRMADO;INEP/MEC - Divulgação dos Resultados do Ideb e Saeb por Escola (Paraná);Código INEP localizado com sucesso na base oficial de divulgação do SAEB/IDEB do INEP.
2025;41026055;OSMAR GUARACY FREIRE C E CMEF M P;Apucarana;CONFIRMADO;INEP/MEC - Divulgação dos Resultados do Ideb e Saeb por Escola (Paraná);Código INEP localizado com sucesso na base oficial de divulgação do SAEB/IDEB do INEP.
2005;41026152;POLIVALENTE C D SILVA C E CMEF M P;Apucarana;CONFIRMADO;INEP/MEC - Divulgação dos Resultados do Ideb e Saeb por Escola (Paraná);Código INEP localizado com sucesso na base oficial de divulgação do SAEB/IDEB do INEP.
2007;41026152;POLIVALENTE C D SILVA C E CMEF M P;Apucarana;CONFIRMADO;INEP/MEC - Divulgação dos Resultados do Ideb e Saeb por Escola (Paraná);Código INEP localizado com sucesso na base oficial de divulgação do SAEB/IDEB do INEP.
2009;41026152;POLIVALENTE C D SILVA C E CMEF M P;Apucarana;CONFIRMADO;INEP/MEC - Divulgação dos Resultados do Ideb e Saeb por Escola (Paraná);Código INEP localizado com sucesso na base oficial de divulgação do SAEB/IDEB do INEP.
2011;41026152;POLIVALENTE C D SILVA C E CMEF M P;Apucarana;CONFIRMADO;INEP/MEC - Divulgação dos Resultados do Ideb e Saeb por Escola (Paraná);Código INEP localizado com sucesso na base oficial de divulgação do SAEB/IDEB do INEP.
2013;41026152;POLIVALENTE C D SILVA C E CMEF M P;Apucarana;CONFIRMADO;INEP/MEC - Divulgação dos Resultados do Ideb e Saeb por Escola (Paraná);Código INEP localizado com sucesso na base oficial de divulgação do SAEB/IDEB do INEP.
2015;41026152;POLIVALENTE C D SILVA C E CMEF M P;Apucarana;CONFIRMADO;INEP/MEC - Divulgação dos Resultados do Ideb e Saeb por Escola (Paraná);Código INEP localizado com sucesso na base oficial de divulgação do SAEB/IDEB do INEP.
2017;41026152;POLIVALENTE C D SILVA C E CMEF M P;Apucarana;CONFIRMADO;INEP/MEC - Divulgação dos Resultados do Ideb e Saeb por Escola (Paraná);Código INEP localizado com sucesso na base oficial de divulgação do SAEB/IDEB do INEP.
2019;41026152;POLIVALENTE C D SILVA C E CMEF M P;Apucarana;CONFIRMADO;INEP/MEC - Divulgação dos Resultados do Ideb e Saeb por Escola (Paraná);Código INEP localizado com sucesso na base oficial de divulgação do SAEB/IDEB do INEP.
2021;41026152;POLIVALENTE C D SILVA C E CMEF M P;Apucarana;CONFIRMADO;INEP/MEC - Divulgação dos Resultados do Ideb e Saeb por Escola (Paraná);Código INEP localizado com sucesso na base oficial de divulgação do SAEB/IDEB do INEP.
2023;41026152;POLIVALENTE C D SILVA C E CMEF M P;Apucarana;CONFIRMADO;INEP/MEC - Divulgação dos Resultados do Ideb e Saeb por Escola (Paraná);Código INEP localizado com sucesso na base oficial de divulgação do SAEB/IDEB do INEP.
2025;41026152;POLIVALENTE C D SILVA C E CMEF M P;Apucarana;CONFIRMADO;INEP/MEC - Divulgação dos Resultados do Ideb e Saeb por Escola (Paraná);Código INEP localizado com sucesso na base oficial de divulgação do SAEB/IDEB do INEP.
2005;41026411;ANTONIO RACANELLO SAMPAIO C EEF M;Arapongas;CONFIRMADO;INEP/MEC - Divulgação dos Resultados do Ideb e Saeb por Escola (Paraná);Código INEP localizado com sucesso na base oficial de divulgação do SAEB/IDEB do INEP.
2007;41026411;ANTONIO RACANELLO SAMPAIO C EEF M;Arapongas;CONFIRMADO;INEP/MEC - Divulgação dos Resultados do Ideb e Saeb por Escola (Paraná);Código INEP localizado com sucesso na base oficial de divulgação do SAEB/IDEB do INEP.
2009;41026411;ANTONIO RACANELLO SAMPAIO C EEF M;Arapongas;CONFIRMADO;INEP/MEC - Divulgação dos Resultados do Ideb e Saeb por Escola (Paraná);Código INEP localizado com sucesso na base oficial de divulgação do SAEB/IDEB do INEP.
2011;41026411;ANTONIO RACANELLO SAMPAIO C EEF M;Arapongas;CONFIRMADO;INEP/MEC - Divulgação dos Resultados do Ideb e Saeb por Escola (Paraná);Código INEP localizado com sucesso na base oficial de divulgação do SAEB/IDEB do INEP.
2013;41026411;ANTONIO RACANELLO SAMPAIO C EEF M;Arapongas;CONFIRMADO;INEP/MEC - Divulgação dos Resultados do Ideb e Saeb por Escola (Paraná);Código INEP localizado com sucesso na base oficial de divulgação do SAEB/IDEB do INEP.
2015;41026411;ANTONIO RACANELLO SAMPAIO C EEF M;Arapongas;CONFIRMADO;INEP/MEC - Divulgação dos Resultados do Ideb e Saeb por Escola (Paraná);Código INEP localizado com sucesso na base oficial de divulgação do SAEB/IDEB do INEP.
2017;41026411;ANTONIO RACANELLO SAMPAIO C EEF M;Arapongas;CONFIRMADO;INEP/MEC - Divulgação dos Resultados do Ideb e Saeb por Escola (Paraná);Código INEP localizado com sucesso na base oficial de divulgação do SAEB/IDEB do INEP.
2019;41026411;ANTONIO RACANELLO SAMPAIO C EEF M;Arapongas;CONFIRMADO;INEP/MEC - Divulgação dos Resultados do Ideb e Saeb por Escola (Paraná);Código INEP localizado com sucesso na base oficial de divulgação do SAEB/IDEB do INEP.
2021;41026411;ANTONIO RACANELLO SAMPAIO C EEF M;Arapongas;CONFIRMADO;INEP/MEC - Divulgação dos Resultados do Ideb e Saeb por Escola (Paraná);Código INEP localizado com sucesso na base oficial de divulgação do SAEB/IDEB do INEP.
2023;41026411;ANTONIO RACANELLO SAMPAIO C EEF M;Arapongas;CONFIRMADO;INEP/MEC - Divulgação dos Resultados do Ideb e Saeb por Escola (Paraná);Código INEP localizado com sucesso na base oficial de divulgação do SAEB/IDEB do INEP.
2025;41026411;ANTONIO RACANELLO SAMPAIO C EEF M;Arapongas;CONFIRMADO;INEP/MEC - Divulgação dos Resultados do Ideb e Saeb por Escola (Paraná);Código INEP localizado com sucesso na base oficial de divulgação do SAEB/IDEB do INEP.
2005;41026705;IVANILDE DE NORONHA C EEF M;Arapongas;CONFIRMADO;INEP/MEC - Divulgação dos Resultados do Ideb e Saeb por Escola (Paraná);Código INEP localizado com sucesso na base oficial de divulgação do SAEB/IDEB do INEP.
2007;41026705;IVANILDE DE NORONHA C EEF M;Arapongas;CONFIRMADO;INEP/MEC - Divulgação dos Resultados do Ideb e Saeb por Escola (Paraná);Código INEP localizado com sucesso na base oficial de divulgação do SAEB/IDEB do INEP.
2009;41026705;IVANILDE DE NORONHA C EEF M;Arapongas;CONFIRMADO;INEP/MEC - Divulgação dos Resultados do Ideb e Saeb por Escola (Paraná);Código INEP localizado com sucesso na base oficial de divulgação do SAEB/IDEB do INEP.
2011;41026705;IVANILDE DE NORONHA C EEF M;Arapongas;CONFIRMADO;INEP/MEC - Divulgação dos Resultados do Ideb e Saeb por Escola (Paraná);Código INEP localizado com sucesso na base oficial de divulgação do SAEB/IDEB do INEP.
2013;41026705;IVANILDE DE NORONHA C EEF M;Arapongas;CONFIRMADO;INEP/MEC - Divulgação dos Resultados do Ideb e Saeb por Escola (Paraná);Código INEP localizado com sucesso na base oficial de divulgação do SAEB/IDEB do INEP.
2015;41026705;IVANILDE DE NORONHA C EEF M;Arapongas;CONFIRMADO;INEP/MEC - Divulgação dos Resultados do Ideb e Saeb por Escola (Paraná);Código INEP localizado com sucesso na base oficial de divulgação do SAEB/IDEB do INEP.
2017;41026705;IVANILDE DE NORONHA C EEF M;Arapongas;CONFIRMADO;INEP/MEC - Divulgação dos Resultados do Ideb e Saeb por Escola (Paraná);Código INEP localizado com sucesso na base oficial de divulgação do SAEB/IDEB do INEP.
2019;41026705;IVANILDE DE NORONHA C EEF M;Arapongas;CONFIRMADO;INEP/MEC - Divulgação dos Resultados do Ideb e Saeb por Escola (Paraná);Código INEP localizado com sucesso na base oficial de divulgação do SAEB/IDEB do INEP.
2021;41026705;IVANILDE DE NORONHA C EEF M;Arapongas;CONFIRMADO;INEP/MEC - Divulgação dos Resultados do Ideb e Saeb por Escola (Paraná);Código INEP localizado com sucesso na base oficial de divulgação do SAEB/IDEB do INEP.
2023;41026705;IVANILDE DE NORONHA C EEF M;Arapongas;CONFIRMADO;INEP/MEC - Divulgação dos Resultados do Ideb e Saeb por Escola (Paraná);Código INEP localizado com sucesso na base oficial de divulgação do SAEB/IDEB do INEP.
2025;41026705;IVANILDE DE NORONHA C EEF M;Arapongas;CONFIRMADO;INEP/MEC - Divulgação dos Resultados do Ideb e Saeb por Escola (Paraná);Código INEP localizado com sucesso na base oficial de divulgação do SAEB/IDEB do INEP.
2005;41026764;JULIA WANDERLEY E E PROFAEF;Arapongas;CONFIRMADO;INEP/MEC - Divulgação dos Resultados do Ideb e Saeb por Escola (Paraná);Código INEP localizado com sucesso na base oficial de divulgação do SAEB/IDEB do INEP.
2007;41026764;JULIA WANDERLEY E E PROFAEF;Arapongas;CONFIRMADO;INEP/MEC - Divulgação dos Resultados do Ideb e Saeb por Escola (Paraná);Código INEP localizado com sucesso na base oficial de divulgação do SAEB/IDEB do INEP.
2009;41026764;JULIA WANDERLEY E E PROFAEF;Arapongas;CONFIRMADO;INEP/MEC - Divulgação dos Resultados do Ideb e Saeb por Escola (Paraná);Código INEP localizado com sucesso na base oficial de divulgação do SAEB/IDEB do INEP.
2011;41026764;JULIA WANDERLEY E E PROFAEF;Arapongas;CONFIRMADO;INEP/MEC - Divulgação dos Resultados do Ideb e Saeb por Escola (Paraná);Código INEP localizado com sucesso na base oficial de divulgação do SAEB/IDEB do INEP.
2013;41026764;JULIA WANDERLEY E E PROFAEF;Arapongas;CONFIRMADO;INEP/MEC - Divulgação dos Resultados do Ideb e Saeb por Escola (Paraná);Código INEP localizado com sucesso na base oficial de divulgação do SAEB/IDEB do INEP.
2015;41026764;JULIA WANDERLEY E E PROFAEF;Arapongas;CONFIRMADO;INEP/MEC - Divulgação dos Resultados do Ideb e Saeb por Escola (Paraná);Código INEP localizado com sucesso na base oficial de divulgação do SAEB/IDEB do INEP.
2017;41026764;JULIA WANDERLEY E E PROFAEF;Arapongas;CONFIRMADO;INEP/MEC - Divulgação dos Resultados do Ideb e Saeb por Escola (Paraná);Código INEP localizado com sucesso na base oficial de divulgação do SAEB/IDEB do INEP.
2019;41026764;JULIA WANDERLEY E E PROFAEF;Arapongas;CONFIRMADO;INEP/MEC - Divulgação dos Resultados do Ideb e Saeb por Escola (Paraná);Código INEP localizado com sucesso na base oficial de divulgação do SAEB/IDEB do INEP.
2021;41026764;JULIA WANDERLEY E E PROFAEF;Arapongas;CONFIRMADO;INEP/MEC - Divulgação dos Resultados do Ideb e Saeb por Escola (Paraná);Código INEP localizado com sucesso na base oficial de divulgação do SAEB/IDEB do INEP.
2023;41026764;JULIA WANDERLEY E E PROFAEF;Arapongas;CONFIRMADO;INEP/MEC - Divulgação dos Resultados do Ideb e Saeb por Escola (Paraná);Código INEP localizado com sucesso na base oficial de divulgação do SAEB/IDEB do INEP.
2025;41026764;JULIA WANDERLEY E E PROFAEF;Arapongas;CONFIRMADO;INEP/MEC - Divulgação dos Resultados do Ideb e Saeb por Escola (Paraná);Código INEP localizado com sucesso na base oficial de divulgação do SAEB/IDEB do INEP.
2005;41027370;ROSA D CALSAVARA C E CMEF M PROFIS;Cambira;CONFIRMADO;INEP/MEC - Divulgação dos Resultados do Ideb e Saeb por Escola (Paraná);Código INEP localizado com sucesso na base oficial de divulgação do SAEB/IDEB do INEP.
2007;41027370;ROSA D CALSAVARA C E CMEF M PROFIS;Cambira;CONFIRMADO;INEP/MEC - Divulgação dos Resultados do Ideb e Saeb por Escola (Paraná);Código INEP localizado com sucesso na base oficial de divulgação do SAEB/IDEB do INEP.
2009;41027370;ROSA D CALSAVARA C E CMEF M PROFIS;Cambira;CONFIRMADO;INEP/MEC - Divulgação dos Resultados do Ideb e Saeb por Escola (Paraná);Código INEP localizado com sucesso na base oficial de divulgação do SAEB/IDEB do INEP.
2011;41027370;ROSA D CALSAVARA C E CMEF M PROFIS;Cambira;CONFIRMADO;INEP/MEC - Divulgação dos Resultados do Ideb e Saeb por Escola (Paraná);Código INEP localizado com sucesso na base oficial de divulgação do SAEB/IDEB do INEP.
2013;41027370;ROSA D CALSAVARA C E CMEF M PROFIS;Cambira;CONFIRMADO;INEP/MEC - Divulgação dos Resultados do Ideb e Saeb por Escola (Paraná);Código INEP localizado com sucesso na base oficial de divulgação do SAEB/IDEB do INEP.
2015;41027370;ROSA D CALSAVARA C E CMEF M PROFIS;Cambira;CONFIRMADO;INEP/MEC - Divulgação dos Resultados do Ideb e Saeb por Escola (Paraná);Código INEP localizado com sucesso na base oficial de divulgação do SAEB/IDEB do INEP.
2017;41027370;ROSA D CALSAVARA C E CMEF M PROFIS;Cambira;CONFIRMADO;INEP/MEC - Divulgação dos Resultados do Ideb e Saeb por Escola (Paraná);Código INEP localizado com sucesso na base oficial de divulgação do SAEB/IDEB do INEP.
2019;41027370;ROSA D CALSAVARA C E CMEF M PROFIS;Cambira;CONFIRMADO;INEP/MEC - Divulgação dos Resultados do Ideb e Saeb por Escola (Paraná);Código INEP localizado com sucesso na base oficial de divulgação do SAEB/IDEB do INEP.
2021;41027370;ROSA D CALSAVARA C E CMEF M PROFIS;Cambira;CONFIRMADO;INEP/MEC - Divulgação dos Resultados do Ideb e Saeb por Escola (Paraná);Código INEP localizado com sucesso na base oficial de divulgação do SAEB/IDEB do INEP.
2023;41027370;ROSA D CALSAVARA C E CMEF M PROFIS;Cambira;CONFIRMADO;INEP/MEC - Divulgação dos Resultados do Ideb e Saeb por Escola (Paraná);Código INEP localizado com sucesso na base oficial de divulgação do SAEB/IDEB do INEP.
2025;41027370;ROSA D CALSAVARA C E CMEF M PROFIS;Cambira;CONFIRMADO;INEP/MEC - Divulgação dos Resultados do Ideb e Saeb por Escola (Paraná);Código INEP localizado com sucesso na base oficial de divulgação do SAEB/IDEB do INEP.
2005;41028279;HERMINIA R LUPION C EEF M PROFIS;Sabáudia;CONFIRMADO;INEP/MEC - Divulgação dos Resultados do Ideb e Saeb por Escola (Paraná);Código INEP localizado com sucesso na base oficial de divulgação do SAEB/IDEB do INEP.
2007;41028279;HERMINIA R LUPION C EEF M PROFIS;Sabáudia;CONFIRMADO;INEP/MEC - Divulgação dos Resultados do Ideb e Saeb por Escola (Paraná);Código INEP localizado com sucesso na base oficial de divulgação do SAEB/IDEB do INEP.
2009;41028279;HERMINIA R LUPION C EEF M PROFIS;Sabáudia;CONFIRMADO;INEP/MEC - Divulgação dos Resultados do Ideb e Saeb por Escola (Paraná);Código INEP localizado com sucesso na base oficial de divulgação do SAEB/IDEB do INEP.
2011;41028279;HERMINIA R LUPION C EEF M PROFIS;Sabáudia;CONFIRMADO;INEP/MEC - Divulgação dos Resultados do Ideb e Saeb por Escola (Paraná);Código INEP localizado com sucesso na base oficial de divulgação do SAEB/IDEB do INEP.
2013;41028279;HERMINIA R LUPION C EEF M PROFIS;Sabáudia;CONFIRMADO;INEP/MEC - Divulgação dos Resultados do Ideb e Saeb por Escola (Paraná);Código INEP localizado com sucesso na base oficial de divulgação do SAEB/IDEB do INEP.
2015;41028279;HERMINIA R LUPION C EEF M PROFIS;Sabáudia;CONFIRMADO;INEP/MEC - Divulgação dos Resultados do Ideb e Saeb por Escola (Paraná);Código INEP localizado com sucesso na base oficial de divulgação do SAEB/IDEB do INEP.
2017;41028279;HERMINIA R LUPION C EEF M PROFIS;Sabáudia;CONFIRMADO;INEP/MEC - Divulgação dos Resultados do Ideb e Saeb por Escola (Paraná);Código INEP localizado com sucesso na base oficial de divulgação do SAEB/IDEB do INEP.
2019;41028279;HERMINIA R LUPION C EEF M PROFIS;Sabáudia;CONFIRMADO;INEP/MEC - Divulgação dos Resultados do Ideb e Saeb por Escola (Paraná);Código INEP localizado com sucesso na base oficial de divulgação do SAEB/IDEB do INEP.
2021;41028279;HERMINIA R LUPION C EEF M PROFIS;Sabáudia;CONFIRMADO;INEP/MEC - Divulgação dos Resultados do Ideb e Saeb por Escola (Paraná);Código INEP localizado com sucesso na base oficial de divulgação do SAEB/IDEB do INEP.
2023;41028279;HERMINIA R LUPION C EEF M PROFIS;Sabáudia;CONFIRMADO;INEP/MEC - Divulgação dos Resultados do Ideb e Saeb por Escola (Paraná);Código INEP localizado com sucesso na base oficial de divulgação do SAEB/IDEB do INEP.
2025;41028279;HERMINIA R LUPION C EEF M PROFIS;Sabáudia;CONFIRMADO;INEP/MEC - Divulgação dos Resultados do Ideb e Saeb por Escola (Paraná);Código INEP localizado com sucesso na base oficial de divulgação do SAEB/IDEB do INEP.
2005;41028406;ANDREA NUZZI C E CM MAESTROEF M P;Cambé;CONFIRMADO;INEP/MEC - Divulgação dos Resultados do Ideb e Saeb por Escola (Paraná);Código INEP localizado com sucesso na base oficial de divulgação do SAEB/IDEB do INEP.
2007;41028406;ANDREA NUZZI C E CM MAESTROEF M P;Cambé;CONFIRMADO;INEP/MEC - Divulgação dos Resultados do Ideb e Saeb por Escola (Paraná);Código INEP localizado com sucesso na base oficial de divulgação do SAEB/IDEB do INEP.
2009;41028406;ANDREA NUZZI C E CM MAESTROEF M P;Cambé;CONFIRMADO;INEP/MEC - Divulgação dos Resultados do Ideb e Saeb por Escola (Paraná);Código INEP localizado com sucesso na base oficial de divulgação do SAEB/IDEB do INEP.
2011;41028406;ANDREA NUZZI C E CM MAESTROEF M P;Cambé;CONFIRMADO;INEP/MEC - Divulgação dos Resultados do Ideb e Saeb por Escola (Paraná);Código INEP localizado com sucesso na base oficial de divulgação do SAEB/IDEB do INEP.
2013;41028406;ANDREA NUZZI C E CM MAESTROEF M P;Cambé;CONFIRMADO;INEP/MEC - Divulgação dos Resultados do Ideb e Saeb por Escola (Paraná);Código INEP localizado com sucesso na base oficial de divulgação do SAEB/IDEB do INEP.
2015;41028406;ANDREA NUZZI C E CM MAESTROEF M P;Cambé;CONFIRMADO;INEP/MEC - Divulgação dos Resultados do Ideb e Saeb por Escola (Paraná);Código INEP localizado com sucesso na base oficial de divulgação do SAEB/IDEB do INEP.
2017;41028406;ANDREA NUZZI C E CM MAESTROEF M P;Cambé;CONFIRMADO;INEP/MEC - Divulgação dos Resultados do Ideb e Saeb por Escola (Paraná);Código INEP localizado com sucesso na base oficial de divulgação do SAEB/IDEB do INEP.
2019;41028406;ANDREA NUZZI C E CM MAESTROEF M P;Cambé;CONFIRMADO;INEP/MEC - Divulgação dos Resultados do Ideb e Saeb por Escola (Paraná);Código INEP localizado com sucesso na base oficial de divulgação do SAEB/IDEB do INEP.
2021;41028406;ANDREA NUZZI C E CM MAESTROEF M P;Cambé;CONFIRMADO;INEP/MEC - Divulgação dos Resultados do Ideb e Saeb por Escola (Paraná);Código INEP localizado com sucesso na base oficial de divulgação do SAEB/IDEB do INEP.
2023;41028406;ANDREA NUZZI C E CM MAESTROEF M P;Cambé;CONFIRMADO;INEP/MEC - Divulgação dos Resultados do Ideb e Saeb por Escola (Paraná);Código INEP localizado com sucesso na base oficial de divulgação do SAEB/IDEB do INEP.
2025;41028406;ANDREA NUZZI C E CM MAESTROEF M P;Cambé;CONFIRMADO;INEP/MEC - Divulgação dos Resultados do Ideb e Saeb por Escola (Paraná);Código INEP localizado com sucesso na base oficial de divulgação do SAEB/IDEB do INEP.
2005;41028457;ATTILIO CODATO C E CMEF M;Cambé;CONFIRMADO;INEP/MEC - Divulgação dos Resultados do Ideb e Saeb por Escola (Paraná);Código INEP localizado com sucesso na base oficial de divulgação do SAEB/IDEB do INEP.
2007;41028457;ATTILIO CODATO C E CMEF M;Cambé;CONFIRMADO;INEP/MEC - Divulgação dos Resultados do Ideb e Saeb por Escola (Paraná);Código INEP localizado com sucesso na base oficial de divulgação do SAEB/IDEB do INEP.
2009;41028457;ATTILIO CODATO C E CMEF M;Cambé;CONFIRMADO;INEP/MEC - Divulgação dos Resultados do Ideb e Saeb por Escola (Paraná);Código INEP localizado com sucesso na base oficial de divulgação do SAEB/IDEB do INEP.
2011;41028457;ATTILIO CODATO C E CMEF M;Cambé;CONFIRMADO;INEP/MEC - Divulgação dos Resultados do Ideb e Saeb por Escola (Paraná);Código INEP localizado com sucesso na base oficial de divulgação do SAEB/IDEB do INEP.
2013;41028457;ATTILIO CODATO C E CMEF M;Cambé;CONFIRMADO;INEP/MEC - Divulgação dos Resultados do Ideb e Saeb por Escola (Paraná);Código INEP localizado com sucesso na base oficial de divulgação do SAEB/IDEB do INEP.
2015;41028457;ATTILIO CODATO C E CMEF M;Cambé;CONFIRMADO;INEP/MEC - Divulgação dos Resultados do Ideb e Saeb por Escola (Paraná);Código INEP localizado com sucesso na base oficial de divulgação do SAEB/IDEB do INEP.
2017;41028457;ATTILIO CODATO C E CMEF M;Cambé;CONFIRMADO;INEP/MEC - Divulgação dos Resultados do Ideb e Saeb por Escola (Paraná);Código INEP localizado com sucesso na base oficial de divulgação do SAEB/IDEB do INEP.
2019;41028457;ATTILIO CODATO C E CMEF M;Cambé;CONFIRMADO;INEP/MEC - Divulgação dos Resultados do Ideb e Saeb por Escola (Paraná);Código INEP localizado com sucesso na base oficial de divulgação do SAEB/IDEB do INEP.
2021;41028457;ATTILIO CODATO C E CMEF M;Cambé;CONFIRMADO;INEP/MEC - Divulgação dos Resultados do Ideb e Saeb por Escola (Paraná);Código INEP localizado com sucesso na base oficial de divulgação do SAEB/IDEB do INEP.
2023;41028457;ATTILIO CODATO C E CMEF M;Cambé;CONFIRMADO;INEP/MEC - Divulgação dos Resultados do Ideb e Saeb por Escola (Paraná);Código INEP localizado com sucesso na base oficial de divulgação do SAEB/IDEB do INEP.
2025;41028457;ATTILIO CODATO C E CMEF M;Cambé;CONFIRMADO;INEP/MEC - Divulgação dos Resultados do Ideb e Saeb por Escola (Paraná);Código INEP localizado com sucesso na base oficial de divulgação do SAEB/IDEB do INEP.
2005;41028732;HELENA KOLODY C E CM PROFEF M;Cambé;CONFIRMADO;INEP/MEC - Divulgação dos Resultados do Ideb e Saeb por Escola (Paraná);Código INEP localizado com sucesso na base oficial de divulgação do SAEB/IDEB do INEP.
2007;41028732;HELENA KOLODY C E CM PROFEF M;Cambé;CONFIRMADO;INEP/MEC - Divulgação dos Resultados do Ideb e Saeb por Escola (Paraná);Código INEP localizado com sucesso na base oficial de divulgação do SAEB/IDEB do INEP.
2009;41028732;HELENA KOLODY C E CM PROFEF M;Cambé;CONFIRMADO;INEP/MEC - Divulgação dos Resultados do Ideb e Saeb por Escola (Paraná);Código INEP localizado com sucesso na base oficial de divulgação do SAEB/IDEB do INEP.
2011;41028732;HELENA KOLODY C E CM PROFEF M;Cambé;CONFIRMADO;INEP/MEC - Divulgação dos Resultados do Ideb e Saeb por Escola (Paraná);Código INEP localizado com sucesso na base oficial de divulgação do SAEB/IDEB do INEP.
2013;41028732;HELENA KOLODY C E CM PROFEF M;Cambé;CONFIRMADO;INEP/MEC - Divulgação dos Resultados do Ideb e Saeb por Escola (Paraná);Código INEP localizado com sucesso na base oficial de divulgação do SAEB/IDEB do INEP.
2015;41028732;HELENA KOLODY C E CM PROFEF M;Cambé;CONFIRMADO;INEP/MEC - Divulgação dos Resultados do Ideb e Saeb por Escola (Paraná);Código INEP localizado com sucesso na base oficial de divulgação do SAEB/IDEB do INEP.
2017;41028732;HELENA KOLODY C E CM PROFEF M;Cambé;CONFIRMADO;INEP/MEC - Divulgação dos Resultados do Ideb e Saeb por Escola (Paraná);Código INEP localizado com sucesso na base oficial de divulgação do SAEB/IDEB do INEP.
2019;41028732;HELENA KOLODY C E CM PROFEF M;Cambé;CONFIRMADO;INEP/MEC - Divulgação dos Resultados do Ideb e Saeb por Escola (Paraná);Código INEP localizado com sucesso na base oficial de divulgação do SAEB/IDEB do INEP.
2021;41028732;HELENA KOLODY C E CM PROFEF M;Cambé;CONFIRMADO;INEP/MEC - Divulgação dos Resultados do Ideb e Saeb por Escola (Paraná);Código INEP localizado com sucesso na base oficial de divulgação do SAEB/IDEB do INEP.
2023;41028732;HELENA KOLODY C E CM PROFEF M;Cambé;CONFIRMADO;INEP/MEC - Divulgação dos Resultados do Ideb e Saeb por Escola (Paraná);Código INEP localizado com sucesso na base oficial de divulgação do SAEB/IDEB do INEP.
2025;41028732;HELENA KOLODY C E CM PROFEF M;Cambé;CONFIRMADO;INEP/MEC - Divulgação dos Resultados do Ideb e Saeb por Escola (Paraná);Código INEP localizado com sucesso na base oficial de divulgação do SAEB/IDEB do INEP.
2005;41028902;MANUEL BANDEIRA C E CMEF M PROFIS;Cambé;CONFIRMADO;INEP/MEC - Divulgação dos Resultados do Ideb e Saeb por Escola (Paraná);Código INEP localizado com sucesso na base oficial de divulgação do SAEB/IDEB do INEP.
2007;41028902;MANUEL BANDEIRA C E CMEF M PROFIS;Cambé;CONFIRMADO;INEP/MEC - Divulgação dos Resultados do Ideb e Saeb por Escola (Paraná);Código INEP localizado com sucesso na base oficial de divulgação do SAEB/IDEB do INEP.
2009;41028902;MANUEL BANDEIRA C E CMEF M PROFIS;Cambé;CONFIRMADO;INEP/MEC - Divulgação dos Resultados do Ideb e Saeb por Escola (Paraná);Código INEP localizado com sucesso na base oficial de divulgação do SAEB/IDEB do INEP.
2011;41028902;MANUEL BANDEIRA C E CMEF M PROFIS;Cambé;CONFIRMADO;INEP/MEC - Divulgação dos Resultados do Ideb e Saeb por Escola (Paraná);Código INEP localizado com sucesso na base oficial de divulgação do SAEB/IDEB do INEP.
2013;41028902;MANUEL BANDEIRA C E CMEF M PROFIS;Cambé;CONFIRMADO;INEP/MEC - Divulgação dos Resultados do Ideb e Saeb por Escola (Paraná);Código INEP localizado com sucesso na base oficial de divulgação do SAEB/IDEB do INEP.
2015;41028902;MANUEL BANDEIRA C E CMEF M PROFIS;Cambé;CONFIRMADO;INEP/MEC - Divulgação dos Resultados do Ideb e Saeb por Escola (Paraná);Código INEP localizado com sucesso na base oficial de divulgação do SAEB/IDEB do INEP.
2017;41028902;MANUEL BANDEIRA C E CMEF M PROFIS;Cambé;CONFIRMADO;INEP/MEC - Divulgação dos Resultados do Ideb e Saeb por Escola (Paraná);Código INEP localizado com sucesso na base oficial de divulgação do SAEB/IDEB do INEP.
2019;41028902;MANUEL BANDEIRA C E CMEF M PROFIS;Cambé;CONFIRMADO;INEP/MEC - Divulgação dos Resultados do Ideb e Saeb por Escola (Paraná);Código INEP localizado com sucesso na base oficial de divulgação do SAEB/IDEB do INEP.
2021;41028902;MANUEL BANDEIRA C E CMEF M PROFIS;Cambé;CONFIRMADO;INEP/MEC - Divulgação dos Resultados do Ideb e Saeb por Escola (Paraná);Código INEP localizado com sucesso na base oficial de divulgação do SAEB/IDEB do INEP.
2023;41028902;MANUEL BANDEIRA C E CMEF M PROFIS;Cambé;CONFIRMADO;INEP/MEC - Divulgação dos Resultados do Ideb e Saeb por Escola (Paraná);Código INEP localizado com sucesso na base oficial de divulgação do SAEB/IDEB do INEP.
2025;41028902;MANUEL BANDEIRA C E CMEF M PROFIS;Cambé;CONFIRMADO;INEP/MEC - Divulgação dos Resultados do Ideb e Saeb por Escola (Paraná);Código INEP localizado com sucesso na base oficial de divulgação do SAEB/IDEB do INEP.
2005;41030125;CARLOS DE ALMEIDA C E CMEF M PROFIS;Londrina;CONFIRMADO;INEP/MEC - Divulgação dos Resultados do Ideb e Saeb por Escola (Paraná);Código INEP localizado com sucesso na base oficial de divulgação do SAEB/IDEB do INEP.
2007;41030125;CARLOS DE ALMEIDA C E CMEF M PROFIS;Londrina;CONFIRMADO;INEP/MEC - Divulgação dos Resultados do Ideb e Saeb por Escola (Paraná);Código INEP localizado com sucesso na base oficial de divulgação do SAEB/IDEB do INEP.
2009;41030125;CARLOS DE ALMEIDA C E CMEF M PROFIS;Londrina;CONFIRMADO;INEP/MEC - Divulgação dos Resultados do Ideb e Saeb por Escola (Paraná);Código INEP localizado com sucesso na base oficial de divulgação do SAEB/IDEB do INEP.
2011;41030125;CARLOS DE ALMEIDA C E CMEF M PROFIS;Londrina;CONFIRMADO;INEP/MEC - Divulgação dos Resultados do Ideb e Saeb por Escola (Paraná);Código INEP localizado com sucesso na base oficial de divulgação do SAEB/IDEB do INEP.
2013;41030125;CARLOS DE ALMEIDA C E CMEF M PROFIS;Londrina;CONFIRMADO;INEP/MEC - Divulgação dos Resultados do Ideb e Saeb por Escola (Paraná);Código INEP localizado com sucesso na base oficial de divulgação do SAEB/IDEB do INEP.
2015;41030125;CARLOS DE ALMEIDA C E CMEF M PROFIS;Londrina;CONFIRMADO;INEP/MEC - Divulgação dos Resultados do Ideb e Saeb por Escola (Paraná);Código INEP localizado com sucesso na base oficial de divulgação do SAEB/IDEB do INEP.
2017;41030125;CARLOS DE ALMEIDA C E CMEF M PROFIS;Londrina;CONFIRMADO;INEP/MEC - Divulgação dos Resultados do Ideb e Saeb por Escola (Paraná);Código INEP localizado com sucesso na base oficial de divulgação do SAEB/IDEB do INEP.
2019;41030125;CARLOS DE ALMEIDA C E CMEF M PROFIS;Londrina;CONFIRMADO;INEP/MEC - Divulgação dos Resultados do Ideb e Saeb por Escola (Paraná);Código INEP localizado com sucesso na base oficial de divulgação do SAEB/IDEB do INEP.
2021;41030125;CARLOS DE ALMEIDA C E CMEF M PROFIS;Londrina;CONFIRMADO;INEP/MEC - Divulgação dos Resultados do Ideb e Saeb por Escola (Paraná);Código INEP localizado com sucesso na base oficial de divulgação do SAEB/IDEB do INEP.
2023;41030125;CARLOS DE ALMEIDA C E CMEF M PROFIS;Londrina;CONFIRMADO;INEP/MEC - Divulgação dos Resultados do Ideb e Saeb por Escola (Paraná);Código INEP localizado com sucesso na base oficial de divulgação do SAEB/IDEB do INEP.
2025;41030125;CARLOS DE ALMEIDA C E CMEF M PROFIS;Londrina;CONFIRMADO;INEP/MEC - Divulgação dos Resultados do Ideb e Saeb por Escola (Paraná);Código INEP localizado com sucesso na base oficial de divulgação do SAEB/IDEB do INEP.
2005;41030265;CELIA M DE OLIVEIRA C E CM PROFEF M P;Londrina;CONFIRMADO;INEP/MEC - Divulgação dos Resultados do Ideb e Saeb por Escola (Paraná);Código INEP localizado com sucesso na base oficial de divulgação do SAEB/IDEB do INEP.
2007;41030265;CELIA M DE OLIVEIRA C E CM PROFEF M P;Londrina;CONFIRMADO;INEP/MEC - Divulgação dos Resultados do Ideb e Saeb por Escola (Paraná);Código INEP localizado com sucesso na base oficial de divulgação do SAEB/IDEB do INEP.
2009;41030265;CELIA M DE OLIVEIRA C E CM PROFEF M P;Londrina;CONFIRMADO;INEP/MEC - Divulgação dos Resultados do Ideb e Saeb por Escola (Paraná);Código INEP localizado com sucesso na base oficial de divulgação do SAEB/IDEB do INEP.
2011;41030265;CELIA M DE OLIVEIRA C E CM PROFEF M P;Londrina;CONFIRMADO;INEP/MEC - Divulgação dos Resultados do Ideb e Saeb por Escola (Paraná);Código INEP localizado com sucesso na base oficial de divulgação do SAEB/IDEB do INEP.
2013;41030265;CELIA M DE OLIVEIRA C E CM PROFEF M P;Londrina;CONFIRMADO;INEP/MEC - Divulgação dos Resultados do Ideb e Saeb por Escola (Paraná);Código INEP localizado com sucesso na base oficial de divulgação do SAEB/IDEB do INEP.
2015;41030265;CELIA M DE OLIVEIRA C E CM PROFEF M P;Londrina;CONFIRMADO;INEP/MEC - Divulgação dos Resultados do Ideb e Saeb por Escola (Paraná);Código INEP localizado com sucesso na base oficial de divulgação do SAEB/IDEB do INEP.
2017;41030265;CELIA M DE OLIVEIRA C E CM PROFEF M P;Londrina;CONFIRMADO;INEP/MEC - Divulgação dos Resultados do Ideb e Saeb por Escola (Paraná);Código INEP localizado com sucesso na base oficial de divulgação do SAEB/IDEB do INEP.
2019;41030265;CELIA M DE OLIVEIRA C E CM PROFEF M P;Londrina;CONFIRMADO;INEP/MEC - Divulgação dos Resultados do Ideb e Saeb por Escola (Paraná);Código INEP localizado com sucesso na base oficial de divulgação do SAEB/IDEB do INEP.
2021;41030265;CELIA M DE OLIVEIRA C E CM PROFEF M P;Londrina;CONFIRMADO;INEP/MEC - Divulgação dos Resultados do Ideb e Saeb por Escola (Paraná);Código INEP localizado com sucesso na base oficial de divulgação do SAEB/IDEB do INEP.
2023;41030265;CELIA M DE OLIVEIRA C E CM PROFEF M P;Londrina;CONFIRMADO;INEP/MEC - Divulgação dos Resultados do Ideb e Saeb por Escola (Paraná);Código INEP localizado com sucesso na base oficial de divulgação do SAEB/IDEB do INEP.
2025;41030265;CELIA M DE OLIVEIRA C E CM PROFEF M P;Londrina;CONFIRMADO;INEP/MEC - Divulgação dos Resultados do Ideb e Saeb por Escola (Paraná);Código INEP localizado com sucesso na base oficial de divulgação do SAEB/IDEB do INEP.
2005;41030486;WISTREMUNDO R P GARCIA C E CM PEEFM P;Londrina;CONFIRMADO;INEP/MEC - Divulgação dos Resultados do Ideb e Saeb por Escola (Paraná);Código INEP localizado com sucesso na base oficial de divulgação do SAEB/IDEB do INEP.
2007;41030486;WISTREMUNDO R P GARCIA C E CM PEEFM P;Londrina;CONFIRMADO;INEP/MEC - Divulgação dos Resultados do Ideb e Saeb por Escola (Paraná);Código INEP localizado com sucesso na base oficial de divulgação do SAEB/IDEB do INEP.
2009;41030486;WISTREMUNDO R P GARCIA C E CM PEEFM P;Londrina;CONFIRMADO;INEP/MEC - Divulgação dos Resultados do Ideb e Saeb por Escola (Paraná);Código INEP localizado com sucesso na base oficial de divulgação do SAEB/IDEB do INEP.
2011;41030486;WISTREMUNDO R P GARCIA C E CM PEEFM P;Londrina;CONFIRMADO;INEP/MEC - Divulgação dos Resultados do Ideb e Saeb por Escola (Paraná);Código INEP localizado com sucesso na base oficial de divulgação do SAEB/IDEB do INEP.
2013;41030486;WISTREMUNDO R P GARCIA C E CM PEEFM P;Londrina;CONFIRMADO;INEP/MEC - Divulgação dos Resultados do Ideb e Saeb por Escola (Paraná);Código INEP localizado com sucesso na base oficial de divulgação do SAEB/IDEB do INEP.
2015;41030486;WISTREMUNDO R P GARCIA C E CM PEEFM P;Londrina;CONFIRMADO;INEP/MEC - Divulgação dos Resultados do Ideb e Saeb por Escola (Paraná);Código INEP localizado com sucesso na base oficial de divulgação do SAEB/IDEB do INEP.
2017;41030486;WISTREMUNDO R P GARCIA C E CM PEEFM P;Londrina;CONFIRMADO;INEP/MEC - Divulgação dos Resultados do Ideb e Saeb por Escola (Paraná);Código INEP localizado com sucesso na base oficial de divulgação do SAEB/IDEB do INEP.
2019;41030486;WISTREMUNDO R P GARCIA C E CM PEEFM P;Londrina;CONFIRMADO;INEP/MEC - Divulgação dos Resultados do Ideb e Saeb por Escola (Paraná);Código INEP localizado com sucesso na base oficial de divulgação do SAEB/IDEB do INEP.
2021;41030486;WISTREMUNDO R P GARCIA C E CM PEEFM P;Londrina;CONFIRMADO;INEP/MEC - Divulgação dos Resultados do Ideb e Saeb por Escola (Paraná);Código INEP localizado com sucesso na base oficial de divulgação do SAEB/IDEB do INEP.
2023;41030486;WISTREMUNDO R P GARCIA C E CM PEEFM P;Londrina;CONFIRMADO;INEP/MEC - Divulgação dos Resultados do Ideb e Saeb por Escola (Paraná);Código INEP localizado com sucesso na base oficial de divulgação do SAEB/IDEB do INEP.
2025;41030486;WISTREMUNDO R P GARCIA C E CM PEEFM P;Londrina;CONFIRMADO;INEP/MEC - Divulgação dos Resultados do Ideb e Saeb por Escola (Paraná);Código INEP localizado com sucesso na base oficial de divulgação do SAEB/IDEB do INEP.
2005;41030800;HEBER S VARGAS C E CM PROF DREF M P;Londrina;CONFIRMADO;INEP/MEC - Divulgação dos Resultados do Ideb e Saeb por Escola (Paraná);Código INEP localizado com sucesso na base oficial de divulgação do SAEB/IDEB do INEP.
2007;41030800;HEBER S VARGAS C E CM PROF DREF M P;Londrina;CONFIRMADO;INEP/MEC - Divulgação dos Resultados do Ideb e Saeb por Escola (Paraná);Código INEP localizado com sucesso na base oficial de divulgação do SAEB/IDEB do INEP.
2009;41030800;HEBER S VARGAS C E CM PROF DREF M P;Londrina;CONFIRMADO;INEP/MEC - Divulgação dos Resultados do Ideb e Saeb por Escola (Paraná);Código INEP localizado com sucesso na base oficial de divulgação do SAEB/IDEB do INEP.
2011;41030800;HEBER S VARGAS C E CM PROF DREF M P;Londrina;CONFIRMADO;INEP/MEC - Divulgação dos Resultados do Ideb e Saeb por Escola (Paraná);Código INEP localizado com sucesso na base oficial de divulgação do SAEB/IDEB do INEP.
2013;41030800;HEBER S VARGAS C E CM PROF DREF M P;Londrina;CONFIRMADO;INEP/MEC - Divulgação dos Resultados do Ideb e Saeb por Escola (Paraná);Código INEP localizado com sucesso na base oficial de divulgação do SAEB/IDEB do INEP.
2015;41030800;HEBER S VARGAS C E CM PROF DREF M P;Londrina;CONFIRMADO;INEP/MEC - Divulgação dos Resultados do Ideb e Saeb por Escola (Paraná);Código INEP localizado com sucesso na base oficial de divulgação do SAEB/IDEB do INEP.
2017;41030800;HEBER S VARGAS C E CM PROF DREF M P;Londrina;CONFIRMADO;INEP/MEC - Divulgação dos Resultados do Ideb e Saeb por Escola (Paraná);Código INEP localizado com sucesso na base oficial de divulgação do SAEB/IDEB do INEP.
2019;41030800;HEBER S VARGAS C E CM PROF DREF M P;Londrina;CONFIRMADO;INEP/MEC - Divulgação dos Resultados do Ideb e Saeb por Escola (Paraná);Código INEP localizado com sucesso na base oficial de divulgação do SAEB/IDEB do INEP.
2021;41030800;HEBER S VARGAS C E CM PROF DREF M P;Londrina;CONFIRMADO;INEP/MEC - Divulgação dos Resultados do Ideb e Saeb por Escola (Paraná);Código INEP localizado com sucesso na base oficial de divulgação do SAEB/IDEB do INEP.
2023;41030800;HEBER S VARGAS C E CM PROF DREF M P;Londrina;CONFIRMADO;INEP/MEC - Divulgação dos Resultados do Ideb e Saeb por Escola (Paraná);Código INEP localizado com sucesso na base oficial de divulgação do SAEB/IDEB do INEP.
2025;41030800;HEBER S VARGAS C E CM PROF DREF M P;Londrina;CONFIRMADO;INEP/MEC - Divulgação dos Resultados do Ideb e Saeb por Escola (Paraná);Código INEP localizado com sucesso na base oficial de divulgação do SAEB/IDEB do INEP.
2005;41031237;HUGO SIMAS C E CMEF M PROFIS;Londrina;CONFIRMADO;INEP/MEC - Divulgação dos Resultados do Ideb e Saeb por Escola (Paraná);Código INEP localizado com sucesso na base oficial de divulgação do SAEB/IDEB do INEP.
2007;41031237;HUGO SIMAS C E CMEF M PROFIS;Londrina;CONFIRMADO;INEP/MEC - Divulgação dos Resultados do Ideb e Saeb por Escola (Paraná);Código INEP localizado com sucesso na base oficial de divulgação do SAEB/IDEB do INEP.
2009;41031237;HUGO SIMAS C E CMEF M PROFIS;Londrina;CONFIRMADO;INEP/MEC - Divulgação dos Resultados do Ideb e Saeb por Escola (Paraná);Código INEP localizado com sucesso na base oficial de divulgação do SAEB/IDEB do INEP.
2011;41031237;HUGO SIMAS C E CMEF M PROFIS;Londrina;CONFIRMADO;INEP/MEC - Divulgação dos Resultados do Ideb e Saeb por Escola (Paraná);Código INEP localizado com sucesso na base oficial de divulgação do SAEB/IDEB do INEP.
2013;41031237;HUGO SIMAS C E CMEF M PROFIS;Londrina;CONFIRMADO;INEP/MEC - Divulgação dos Resultados do Ideb e Saeb por Escola (Paraná);Código INEP localizado com sucesso na base oficial de divulgação do SAEB/IDEB do INEP.
2015;41031237;HUGO SIMAS C E CMEF M PROFIS;Londrina;CONFIRMADO;INEP/MEC - Divulgação dos Resultados do Ideb e Saeb por Escola (Paraná);Código INEP localizado com sucesso na base oficial de divulgação do SAEB/IDEB do INEP.
2017;41031237;HUGO SIMAS C E CMEF M PROFIS;Londrina;CONFIRMADO;INEP/MEC - Divulgação dos Resultados do Ideb e Saeb por Escola (Paraná);Código INEP localizado com sucesso na base oficial de divulgação do SAEB/IDEB do INEP.
2019;41031237;HUGO SIMAS C E CMEF M PROFIS;Londrina;CONFIRMADO;INEP/MEC - Divulgação dos Resultados do Ideb e Saeb por Escola (Paraná);Código INEP localizado com sucesso na base oficial de divulgação do SAEB/IDEB do INEP.
2021;41031237;HUGO SIMAS C E CMEF M PROFIS;Londrina;CONFIRMADO;INEP/MEC - Divulgação dos Resultados do Ideb e Saeb por Escola (Paraná);Código INEP localizado com sucesso na base oficial de divulgação do SAEB/IDEB do INEP.
2023;41031237;HUGO SIMAS C E CMEF M PROFIS;Londrina;CONFIRMADO;INEP/MEC - Divulgação dos Resultados do Ideb e Saeb por Escola (Paraná);Código INEP localizado com sucesso na base oficial de divulgação do SAEB/IDEB do INEP.
2025;41031237;HUGO SIMAS C E CMEF M PROFIS;Londrina;CONFIRMADO;INEP/MEC - Divulgação dos Resultados do Ideb e Saeb por Escola (Paraná);Código INEP localizado com sucesso na base oficial de divulgação do SAEB/IDEB do INEP.
2005;41031253;HUMBERTO P COUTINHO C E CMEF M PROFIS;Londrina;CONFIRMADO;INEP/MEC - Divulgação dos Resultados do Ideb e Saeb por Escola (Paraná);Código INEP localizado com sucesso na base oficial de divulgação do SAEB/IDEB do INEP.
2007;41031253;HUMBERTO P COUTINHO C E CMEF M PROFIS;Londrina;CONFIRMADO;INEP/MEC - Divulgação dos Resultados do Ideb e Saeb por Escola (Paraná);Código INEP localizado com sucesso na base oficial de divulgação do SAEB/IDEB do INEP.
2009;41031253;HUMBERTO P COUTINHO C E CMEF M PROFIS;Londrina;CONFIRMADO;INEP/MEC - Divulgação dos Resultados do Ideb e Saeb por Escola (Paraná);Código INEP localizado com sucesso na base oficial de divulgação do SAEB/IDEB do INEP.
2011;41031253;HUMBERTO P COUTINHO C E CMEF M PROFIS;Londrina;CONFIRMADO;INEP/MEC - Divulgação dos Resultados do Ideb e Saeb por Escola (Paraná);Código INEP localizado com sucesso na base oficial de divulgação do SAEB/IDEB do INEP.
2013;41031253;HUMBERTO P COUTINHO C E CMEF M PROFIS;Londrina;CONFIRMADO;INEP/MEC - Divulgação dos Resultados do Ideb e Saeb por Escola (Paraná);Código INEP localizado com sucesso na base oficial de divulgação do SAEB/IDEB do INEP.
2015;41031253;HUMBERTO P COUTINHO C E CMEF M PROFIS;Londrina;CONFIRMADO;INEP/MEC - Divulgação dos Resultados do Ideb e Saeb por Escola (Paraná);Código INEP localizado com sucesso na base oficial de divulgação do SAEB/IDEB do INEP.
2017;41031253;HUMBERTO P COUTINHO C E CMEF M PROFIS;Londrina;CONFIRMADO;INEP/MEC - Divulgação dos Resultados do Ideb e Saeb por Escola (Paraná);Código INEP localizado com sucesso na base oficial de divulgação do SAEB/IDEB do INEP.
2019;41031253;HUMBERTO P COUTINHO C E CMEF M PROFIS;Londrina;CONFIRMADO;INEP/MEC - Divulgação dos Resultados do Ideb e Saeb por Escola (Paraná);Código INEP localizado com sucesso na base oficial de divulgação do SAEB/IDEB do INEP.
2021;41031253;HUMBERTO P COUTINHO C E CMEF M PROFIS;Londrina;CONFIRMADO;INEP/MEC - Divulgação dos Resultados do Ideb e Saeb por Escola (Paraná);Código INEP localizado com sucesso na base oficial de divulgação do SAEB/IDEB do INEP.
2023;41031253;HUMBERTO P COUTINHO C E CMEF M PROFIS;Londrina;CONFIRMADO;INEP/MEC - Divulgação dos Resultados do Ideb e Saeb por Escola (Paraná);Código INEP localizado com sucesso na base oficial de divulgação do SAEB/IDEB do INEP.
2025;41031253;HUMBERTO P COUTINHO C E CMEF M PROFIS;Londrina;CONFIRMADO;INEP/MEC - Divulgação dos Resultados do Ideb e Saeb por Escola (Paraná);Código INEP localizado com sucesso na base oficial de divulgação do SAEB/IDEB do INEP.
2005;41031709;LAURO G DA V PESSOA E E CM PROFEF;Londrina;CONFIRMADO;INEP/MEC - Divulgação dos Resultados do Ideb e Saeb por Escola (Paraná);Código INEP localizado com sucesso na base oficial de divulgação do SAEB/IDEB do INEP.
2007;41031709;LAURO G DA V PESSOA E E CM PROFEF;Londrina;CONFIRMADO;INEP/MEC - Divulgação dos Resultados do Ideb e Saeb por Escola (Paraná);Código INEP localizado com sucesso na base oficial de divulgação do SAEB/IDEB do INEP.
2009;41031709;LAURO G DA V PESSOA E E CM PROFEF;Londrina;CONFIRMADO;INEP/MEC - Divulgação dos Resultados do Ideb e Saeb por Escola (Paraná);Código INEP localizado com sucesso na base oficial de divulgação do SAEB/IDEB do INEP.
2011;41031709;LAURO G DA V PESSOA E E CM PROFEF;Londrina;CONFIRMADO;INEP/MEC - Divulgação dos Resultados do Ideb e Saeb por Escola (Paraná);Código INEP localizado com sucesso na base oficial de divulgação do SAEB/IDEB do INEP.
2013;41031709;LAURO G DA V PESSOA E E CM PROFEF;Londrina;CONFIRMADO;INEP/MEC - Divulgação dos Resultados do Ideb e Saeb por Escola (Paraná);Código INEP localizado com sucesso na base oficial de divulgação do SAEB/IDEB do INEP.
2015;41031709;LAURO G DA V PESSOA E E CM PROFEF;Londrina;CONFIRMADO;INEP/MEC - Divulgação dos Resultados do Ideb e Saeb por Escola (Paraná);Código INEP localizado com sucesso na base oficial de divulgação do SAEB/IDEB do INEP.
2017;41031709;LAURO G DA V PESSOA E E CM PROFEF;Londrina;CONFIRMADO;INEP/MEC - Divulgação dos Resultados do Ideb e Saeb por Escola (Paraná);Código INEP localizado com sucesso na base oficial de divulgação do SAEB/IDEB do INEP.
2019;41031709;LAURO G DA V PESSOA E E CM PROFEF;Londrina;CONFIRMADO;INEP/MEC - Divulgação dos Resultados do Ideb e Saeb por Escola (Paraná);Código INEP localizado com sucesso na base oficial de divulgação do SAEB/IDEB do INEP.
2021;41031709;LAURO G DA V PESSOA E E CM PROFEF;Londrina;CONFIRMADO;INEP/MEC - Divulgação dos Resultados do Ideb e Saeb por Escola (Paraná);Código INEP localizado com sucesso na base oficial de divulgação do SAEB/IDEB do INEP.
2023;41031709;LAURO G DA V PESSOA E E CM PROFEF;Londrina;CONFIRMADO;INEP/MEC - Divulgação dos Resultados do Ideb e Saeb por Escola (Paraná);Código INEP localizado com sucesso na base oficial de divulgação do SAEB/IDEB do INEP.
2025;41031709;LAURO G DA V PESSOA E E CM PROFEF;Londrina;CONFIRMADO;INEP/MEC - Divulgação dos Resultados do Ideb e Saeb por Escola (Paraná);Código INEP localizado com sucesso na base oficial de divulgação do SAEB/IDEB do INEP.
2005;41031750;LUCIA B LISBOA C E PROFAEF M;Londrina;CONFIRMADO;INEP/MEC - Divulgação dos Resultados do Ideb e Saeb por Escola (Paraná);Código INEP localizado com sucesso na base oficial de divulgação do SAEB/IDEB do INEP.
2007;41031750;LUCIA B LISBOA C E PROFAEF M;Londrina;CONFIRMADO;INEP/MEC - Divulgação dos Resultados do Ideb e Saeb por Escola (Paraná);Código INEP localizado com sucesso na base oficial de divulgação do SAEB/IDEB do INEP.
2009;41031750;LUCIA B LISBOA C E PROFAEF M;Londrina;CONFIRMADO;INEP/MEC - Divulgação dos Resultados do Ideb e Saeb por Escola (Paraná);Código INEP localizado com sucesso na base oficial de divulgação do SAEB/IDEB do INEP.
2011;41031750;LUCIA B LISBOA C E PROFAEF M;Londrina;CONFIRMADO;INEP/MEC - Divulgação dos Resultados do Ideb e Saeb por Escola (Paraná);Código INEP localizado com sucesso na base oficial de divulgação do SAEB/IDEB do INEP.
2013;41031750;LUCIA B LISBOA C E PROFAEF M;Londrina;CONFIRMADO;INEP/MEC - Divulgação dos Resultados do Ideb e Saeb por Escola (Paraná);Código INEP localizado com sucesso na base oficial de divulgação do SAEB/IDEB do INEP.
2015;41031750;LUCIA B LISBOA C E PROFAEF M;Londrina;CONFIRMADO;INEP/MEC - Divulgação dos Resultados do Ideb e Saeb por Escola (Paraná);Código INEP localizado com sucesso na base oficial de divulgação do SAEB/IDEB do INEP.
2017;41031750;LUCIA B LISBOA C E PROFAEF M;Londrina;CONFIRMADO;INEP/MEC - Divulgação dos Resultados do Ideb e Saeb por Escola (Paraná);Código INEP localizado com sucesso na base oficial de divulgação do SAEB/IDEB do INEP.
2019;41031750;LUCIA B LISBOA C E PROFAEF M;Londrina;CONFIRMADO;INEP/MEC - Divulgação dos Resultados do Ideb e Saeb por Escola (Paraná);Código INEP localizado com sucesso na base oficial de divulgação do SAEB/IDEB do INEP.
2021;41031750;LUCIA B LISBOA C E PROFAEF M;Londrina;CONFIRMADO;INEP/MEC - Divulgação dos Resultados do Ideb e Saeb por Escola (Paraná);Código INEP localizado com sucesso na base oficial de divulgação do SAEB/IDEB do INEP.
2023;41031750;LUCIA B LISBOA C E PROFAEF M;Londrina;CONFIRMADO;INEP/MEC - Divulgação dos Resultados do Ideb e Saeb por Escola (Paraná);Código INEP localizado com sucesso na base oficial de divulgação do SAEB/IDEB do INEP.
2025;41031750;LUCIA B LISBOA C E PROFAEF M;Londrina;CONFIRMADO;INEP/MEC - Divulgação dos Resultados do Ideb e Saeb por Escola (Paraná);Código INEP localizado com sucesso na base oficial de divulgação do SAEB/IDEB do INEP.
2005;41031873;MARGARIDA B LISBOA C E CM PROFAEF M;Londrina;CONFIRMADO;INEP/MEC - Divulgação dos Resultados do Ideb e Saeb por Escola (Paraná);Código INEP localizado com sucesso na base oficial de divulgação do SAEB/IDEB do INEP.
2007;41031873;MARGARIDA B LISBOA C E CM PROFAEF M;Londrina;CONFIRMADO;INEP/MEC - Divulgação dos Resultados do Ideb e Saeb por Escola (Paraná);Código INEP localizado com sucesso na base oficial de divulgação do SAEB/IDEB do INEP.
2009;41031873;MARGARIDA B LISBOA C E CM PROFAEF M;Londrina;CONFIRMADO;INEP/MEC - Divulgação dos Resultados do Ideb e Saeb por Escola (Paraná);Código INEP localizado com sucesso na base oficial de divulgação do SAEB/IDEB do INEP.
2011;41031873;MARGARIDA B LISBOA C E CM PROFAEF M;Londrina;CONFIRMADO;INEP/MEC - Divulgação dos Resultados do Ideb e Saeb por Escola (Paraná);Código INEP localizado com sucesso na base oficial de divulgação do SAEB/IDEB do INEP.
2013;41031873;MARGARIDA B LISBOA C E CM PROFAEF M;Londrina;CONFIRMADO;INEP/MEC - Divulgação dos Resultados do Ideb e Saeb por Escola (Paraná);Código INEP localizado com sucesso na base oficial de divulgação do SAEB/IDEB do INEP.
2015;41031873;MARGARIDA B LISBOA C E CM PROFAEF M;Londrina;CONFIRMADO;INEP/MEC - Divulgação dos Resultados do Ideb e Saeb por Escola (Paraná);Código INEP localizado com sucesso na base oficial de divulgação do SAEB/IDEB do INEP.
2017;41031873;MARGARIDA B LISBOA C E CM PROFAEF M;Londrina;CONFIRMADO;INEP/MEC - Divulgação dos Resultados do Ideb e Saeb por Escola (Paraná);Código INEP localizado com sucesso na base oficial de divulgação do SAEB/IDEB do INEP.
2019;41031873;MARGARIDA B LISBOA C E CM PROFAEF M;Londrina;CONFIRMADO;INEP/MEC - Divulgação dos Resultados do Ideb e Saeb por Escola (Paraná);Código INEP localizado com sucesso na base oficial de divulgação do SAEB/IDEB do INEP.
2021;41031873;MARGARIDA B LISBOA C E CM PROFAEF M;Londrina;CONFIRMADO;INEP/MEC - Divulgação dos Resultados do Ideb e Saeb por Escola (Paraná);Código INEP localizado com sucesso na base oficial de divulgação do SAEB/IDEB do INEP.
2023;41031873;MARGARIDA B LISBOA C E CM PROFAEF M;Londrina;CONFIRMADO;INEP/MEC - Divulgação dos Resultados do Ideb e Saeb por Escola (Paraná);Código INEP localizado com sucesso na base oficial de divulgação do SAEB/IDEB do INEP.
2025;41031873;MARGARIDA B LISBOA C E CM PROFAEF M;Londrina;CONFIRMADO;INEP/MEC - Divulgação dos Resultados do Ideb e Saeb por Escola (Paraná);Código INEP localizado com sucesso na base oficial de divulgação do SAEB/IDEB do INEP.
2005;41032225;NEWTON GUIMARAES C E CM PROFEF M;Londrina;CONFIRMADO;INEP/MEC - Divulgação dos Resultados do Ideb e Saeb por Escola (Paraná);Código INEP localizado com sucesso na base oficial de divulgação do SAEB/IDEB do INEP.
2007;41032225;NEWTON GUIMARAES C E CM PROFEF M;Londrina;CONFIRMADO;INEP/MEC - Divulgação dos Resultados do Ideb e Saeb por Escola (Paraná);Código INEP localizado com sucesso na base oficial de divulgação do SAEB/IDEB do INEP.
2009;41032225;NEWTON GUIMARAES C E CM PROFEF M;Londrina;CONFIRMADO;INEP/MEC - Divulgação dos Resultados do Ideb e Saeb por Escola (Paraná);Código INEP localizado com sucesso na base oficial de divulgação do SAEB/IDEB do INEP.
2011;41032225;NEWTON GUIMARAES C E CM PROFEF M;Londrina;CONFIRMADO;INEP/MEC - Divulgação dos Resultados do Ideb e Saeb por Escola (Paraná);Código INEP localizado com sucesso na base oficial de divulgação do SAEB/IDEB do INEP.
2013;41032225;NEWTON GUIMARAES C E CM PROFEF M;Londrina;CONFIRMADO;INEP/MEC - Divulgação dos Resultados do Ideb e Saeb por Escola (Paraná);Código INEP localizado com sucesso na base oficial de divulgação do SAEB/IDEB do INEP.
2015;41032225;NEWTON GUIMARAES C E CM PROFEF M;Londrina;CONFIRMADO;INEP/MEC - Divulgação dos Resultados do Ideb e Saeb por Escola (Paraná);Código INEP localizado com sucesso na base oficial de divulgação do SAEB/IDEB do INEP.
2017;41032225;NEWTON GUIMARAES C E CM PROFEF M;Londrina;CONFIRMADO;INEP/MEC - Divulgação dos Resultados do Ideb e Saeb por Escola (Paraná);Código INEP localizado com sucesso na base oficial de divulgação do SAEB/IDEB do INEP.
2019;41032225;NEWTON GUIMARAES C E CM PROFEF M;Londrina;CONFIRMADO;INEP/MEC - Divulgação dos Resultados do Ideb e Saeb por Escola (Paraná);Código INEP localizado com sucesso na base oficial de divulgação do SAEB/IDEB do INEP.
2021;41032225;NEWTON GUIMARAES C E CM PROFEF M;Londrina;CONFIRMADO;INEP/MEC - Divulgação dos Resultados do Ideb e Saeb por Escola (Paraná);Código INEP localizado com sucesso na base oficial de divulgação do SAEB/IDEB do INEP.
2023;41032225;NEWTON GUIMARAES C E CM PROFEF M;Londrina;CONFIRMADO;INEP/MEC - Divulgação dos Resultados do Ideb e Saeb por Escola (Paraná);Código INEP localizado com sucesso na base oficial de divulgação do SAEB/IDEB do INEP.
2025;41032225;NEWTON GUIMARAES C E CM PROFEF M;Londrina;CONFIRMADO;INEP/MEC - Divulgação dos Resultados do Ideb e Saeb por Escola (Paraná);Código INEP localizado com sucesso na base oficial de divulgação do SAEB/IDEB do INEP.
2005;41032241;NILO PECANHA C E CMEF M PROFIS;Londrina;CONFIRMADO;INEP/MEC - Divulgação dos Resultados do Ideb e Saeb por Escola (Paraná);Código INEP localizado com sucesso na base oficial de divulgação do SAEB/IDEB do INEP.
2007;41032241;NILO PECANHA C E CMEF M PROFIS;Londrina;CONFIRMADO;INEP/MEC - Divulgação dos Resultados do Ideb e Saeb por Escola (Paraná);Código INEP localizado com sucesso na base oficial de divulgação do SAEB/IDEB do INEP.
2009;41032241;NILO PECANHA C E CMEF M PROFIS;Londrina;CONFIRMADO;INEP/MEC - Divulgação dos Resultados do Ideb e Saeb por Escola (Paraná);Código INEP localizado com sucesso na base oficial de divulgação do SAEB/IDEB do INEP.
2011;41032241;NILO PECANHA C E CMEF M PROFIS;Londrina;CONFIRMADO;INEP/MEC - Divulgação dos Resultados do Ideb e Saeb por Escola (Paraná);Código INEP localizado com sucesso na base oficial de divulgação do SAEB/IDEB do INEP.
2013;41032241;NILO PECANHA C E CMEF M PROFIS;Londrina;CONFIRMADO;INEP/MEC - Divulgação dos Resultados do Ideb e Saeb por Escola (Paraná);Código INEP localizado com sucesso na base oficial de divulgação do SAEB/IDEB do INEP.
2015;41032241;NILO PECANHA C E CMEF M PROFIS;Londrina;CONFIRMADO;INEP/MEC - Divulgação dos Resultados do Ideb e Saeb por Escola (Paraná);Código INEP localizado com sucesso na base oficial de divulgação do SAEB/IDEB do INEP.
2017;41032241;NILO PECANHA C E CMEF M PROFIS;Londrina;CONFIRMADO;INEP/MEC - Divulgação dos Resultados do Ideb e Saeb por Escola (Paraná);Código INEP localizado com sucesso na base oficial de divulgação do SAEB/IDEB do INEP.
2019;41032241;NILO PECANHA C E CMEF M PROFIS;Londrina;CONFIRMADO;INEP/MEC - Divulgação dos Resultados do Ideb e Saeb por Escola (Paraná);Código INEP localizado com sucesso na base oficial de divulgação do SAEB/IDEB do INEP.
2021;41032241;NILO PECANHA C E CMEF M PROFIS;Londrina;CONFIRMADO;INEP/MEC - Divulgação dos Resultados do Ideb e Saeb por Escola (Paraná);Código INEP localizado com sucesso na base oficial de divulgação do SAEB/IDEB do INEP.
2023;41032241;NILO PECANHA C E CMEF M PROFIS;Londrina;CONFIRMADO;INEP/MEC - Divulgação dos Resultados do Ideb e Saeb por Escola (Paraná);Código INEP localizado com sucesso na base oficial de divulgação do SAEB/IDEB do INEP.
2025;41032241;NILO PECANHA C E CMEF M PROFIS;Londrina;CONFIRMADO;INEP/MEC - Divulgação dos Resultados do Ideb e Saeb por Escola (Paraná);Código INEP localizado com sucesso na base oficial de divulgação do SAEB/IDEB do INEP.
2005;41032446;OLYMPIA M TORMENTA C E CM PROFEF M P;Londrina;CONFIRMADO;INEP/MEC - Divulgação dos Resultados do Ideb e Saeb por Escola (Paraná);Código INEP localizado com sucesso na base oficial de divulgação do SAEB/IDEB do INEP.
2007;41032446;OLYMPIA M TORMENTA C E CM PROFEF M P;Londrina;CONFIRMADO;INEP/MEC - Divulgação dos Resultados do Ideb e Saeb por Escola (Paraná);Código INEP localizado com sucesso na base oficial de divulgação do SAEB/IDEB do INEP.
2009;41032446;OLYMPIA M TORMENTA C E CM PROFEF M P;Londrina;CONFIRMADO;INEP/MEC - Divulgação dos Resultados do Ideb e Saeb por Escola (Paraná);Código INEP localizado com sucesso na base oficial de divulgação do SAEB/IDEB do INEP.
2011;41032446;OLYMPIA M TORMENTA C E CM PROFEF M P;Londrina;CONFIRMADO;INEP/MEC - Divulgação dos Resultados do Ideb e Saeb por Escola (Paraná);Código INEP localizado com sucesso na base oficial de divulgação do SAEB/IDEB do INEP.
2013;41032446;OLYMPIA M TORMENTA C E CM PROFEF M P;Londrina;CONFIRMADO;INEP/MEC - Divulgação dos Resultados do Ideb e Saeb por Escola (Paraná);Código INEP localizado com sucesso na base oficial de divulgação do SAEB/IDEB do INEP.
2015;41032446;OLYMPIA M TORMENTA C E CM PROFEF M P;Londrina;CONFIRMADO;INEP/MEC - Divulgação dos Resultados do Ideb e Saeb por Escola (Paraná);Código INEP localizado com sucesso na base oficial de divulgação do SAEB/IDEB do INEP.
2017;41032446;OLYMPIA M TORMENTA C E CM PROFEF M P;Londrina;CONFIRMADO;INEP/MEC - Divulgação dos Resultados do Ideb e Saeb por Escola (Paraná);Código INEP localizado com sucesso na base oficial de divulgação do SAEB/IDEB do INEP.
2019;41032446;OLYMPIA M TORMENTA C E CM PROFEF M P;Londrina;CONFIRMADO;INEP/MEC - Divulgação dos Resultados do Ideb e Saeb por Escola (Paraná);Código INEP localizado com sucesso na base oficial de divulgação do SAEB/IDEB do INEP.
2021;41032446;OLYMPIA M TORMENTA C E CM PROFEF M P;Londrina;CONFIRMADO;INEP/MEC - Divulgação dos Resultados do Ideb e Saeb por Escola (Paraná);Código INEP localizado com sucesso na base oficial de divulgação do SAEB/IDEB do INEP.
2023;41032446;OLYMPIA M TORMENTA C E CM PROFEF M P;Londrina;CONFIRMADO;INEP/MEC - Divulgação dos Resultados do Ideb e Saeb por Escola (Paraná);Código INEP localizado com sucesso na base oficial de divulgação do SAEB/IDEB do INEP.
2025;41032446;OLYMPIA M TORMENTA C E CM PROFEF M P;Londrina;CONFIRMADO;INEP/MEC - Divulgação dos Resultados do Ideb e Saeb por Escola (Paraná);Código INEP localizado com sucesso na base oficial de divulgação do SAEB/IDEB do INEP.
2005;41032853;RIO BRANCO C E CM BAR DOEF M;Londrina;CONFIRMADO;INEP/MEC - Divulgação dos Resultados do Ideb e Saeb por Escola (Paraná);Código INEP localizado com sucesso na base oficial de divulgação do SAEB/IDEB do INEP.
2007;41032853;RIO BRANCO C E CM BAR DOEF M;Londrina;CONFIRMADO;INEP/MEC - Divulgação dos Resultados do Ideb e Saeb por Escola (Paraná);Código INEP localizado com sucesso na base oficial de divulgação do SAEB/IDEB do INEP.
2009;41032853;RIO BRANCO C E CM BAR DOEF M;Londrina;CONFIRMADO;INEP/MEC - Divulgação dos Resultados do Ideb e Saeb por Escola (Paraná);Código INEP localizado com sucesso na base oficial de divulgação do SAEB/IDEB do INEP.
2011;41032853;RIO BRANCO C E CM BAR DOEF M;Londrina;CONFIRMADO;INEP/MEC - Divulgação dos Resultados do Ideb e Saeb por Escola (Paraná);Código INEP localizado com sucesso na base oficial de divulgação do SAEB/IDEB do INEP.
2013;41032853;RIO BRANCO C E CM BAR DOEF M;Londrina;CONFIRMADO;INEP/MEC - Divulgação dos Resultados do Ideb e Saeb por Escola (Paraná);Código INEP localizado com sucesso na base oficial de divulgação do SAEB/IDEB do INEP.
2015;41032853;RIO BRANCO C E CM BAR DOEF M;Londrina;CONFIRMADO;INEP/MEC - Divulgação dos Resultados do Ideb e Saeb por Escola (Paraná);Código INEP localizado com sucesso na base oficial de divulgação do SAEB/IDEB do INEP.
2017;41032853;RIO BRANCO C E CM BAR DOEF M;Londrina;CONFIRMADO;INEP/MEC - Divulgação dos Resultados do Ideb e Saeb por Escola (Paraná);Código INEP localizado com sucesso na base oficial de divulgação do SAEB/IDEB do INEP.
2019;41032853;RIO BRANCO C E CM BAR DOEF M;Londrina;CONFIRMADO;INEP/MEC - Divulgação dos Resultados do Ideb e Saeb por Escola (Paraná);Código INEP localizado com sucesso na base oficial de divulgação do SAEB/IDEB do INEP.
2021;41032853;RIO BRANCO C E CM BAR DOEF M;Londrina;CONFIRMADO;INEP/MEC - Divulgação dos Resultados do Ideb e Saeb por Escola (Paraná);Código INEP localizado com sucesso na base oficial de divulgação do SAEB/IDEB do INEP.
2023;41032853;RIO BRANCO C E CM BAR DOEF M;Londrina;CONFIRMADO;INEP/MEC - Divulgação dos Resultados do Ideb e Saeb por Escola (Paraná);Código INEP localizado com sucesso na base oficial de divulgação do SAEB/IDEB do INEP.
2025;41032853;RIO BRANCO C E CM BAR DOEF M;Londrina;CONFIRMADO;INEP/MEC - Divulgação dos Resultados do Ideb e Saeb por Escola (Paraná);Código INEP localizado com sucesso na base oficial de divulgação do SAEB/IDEB do INEP.
2005;41033620;LAURO P TAVARES C E CM DREF M;Rolândia;CONFIRMADO;INEP/MEC - Divulgação dos Resultados do Ideb e Saeb por Escola (Paraná);Código INEP localizado com sucesso na base oficial de divulgação do SAEB/IDEB do INEP.
2007;41033620;LAURO P TAVARES C E CM DREF M;Rolândia;CONFIRMADO;INEP/MEC - Divulgação dos Resultados do Ideb e Saeb por Escola (Paraná);Código INEP localizado com sucesso na base oficial de divulgação do SAEB/IDEB do INEP.
2009;41033620;LAURO P TAVARES C E CM DREF M;Rolândia;CONFIRMADO;INEP/MEC - Divulgação dos Resultados do Ideb e Saeb por Escola (Paraná);Código INEP localizado com sucesso na base oficial de divulgação do SAEB/IDEB do INEP.
2011;41033620;LAURO P TAVARES C E CM DREF M;Rolândia;CONFIRMADO;INEP/MEC - Divulgação dos Resultados do Ideb e Saeb por Escola (Paraná);Código INEP localizado com sucesso na base oficial de divulgação do SAEB/IDEB do INEP.
2013;41033620;LAURO P TAVARES C E CM DREF M;Rolândia;CONFIRMADO;INEP/MEC - Divulgação dos Resultados do Ideb e Saeb por Escola (Paraná);Código INEP localizado com sucesso na base oficial de divulgação do SAEB/IDEB do INEP.
2015;41033620;LAURO P TAVARES C E CM DREF M;Rolândia;CONFIRMADO;INEP/MEC - Divulgação dos Resultados do Ideb e Saeb por Escola (Paraná);Código INEP localizado com sucesso na base oficial de divulgação do SAEB/IDEB do INEP.
2017;41033620;LAURO P TAVARES C E CM DREF M;Rolândia;CONFIRMADO;INEP/MEC - Divulgação dos Resultados do Ideb e Saeb por Escola (Paraná);Código INEP localizado com sucesso na base oficial de divulgação do SAEB/IDEB do INEP.
2019;41033620;LAURO P TAVARES C E CM DREF M;Rolândia;CONFIRMADO;INEP/MEC - Divulgação dos Resultados do Ideb e Saeb por Escola (Paraná);Código INEP localizado com sucesso na base oficial de divulgação do SAEB/IDEB do INEP.
2021;41033620;LAURO P TAVARES C E CM DREF M;Rolândia;CONFIRMADO;INEP/MEC - Divulgação dos Resultados do Ideb e Saeb por Escola (Paraná);Código INEP localizado com sucesso na base oficial de divulgação do SAEB/IDEB do INEP.
2023;41033620;LAURO P TAVARES C E CM DREF M;Rolândia;CONFIRMADO;INEP/MEC - Divulgação dos Resultados do Ideb e Saeb por Escola (Paraná);Código INEP localizado com sucesso na base oficial de divulgação do SAEB/IDEB do INEP.
2025;41033620;LAURO P TAVARES C E CM DREF M;Rolândia;CONFIRMADO;INEP/MEC - Divulgação dos Resultados do Ideb e Saeb por Escola (Paraná);Código INEP localizado com sucesso na base oficial de divulgação do SAEB/IDEB do INEP.
2005;41037324;ANTONIO DINIZ PEREIRA C E CMEF M;Ivaiporã;CONFIRMADO;INEP/MEC - Divulgação dos Resultados do Ideb e Saeb por Escola (Paraná);Código INEP localizado com sucesso na base oficial de divulgação do SAEB/IDEB do INEP.
2007;41037324;ANTONIO DINIZ PEREIRA C E CMEF M;Ivaiporã;CONFIRMADO;INEP/MEC - Divulgação dos Resultados do Ideb e Saeb por Escola (Paraná);Código INEP localizado com sucesso na base oficial de divulgação do SAEB/IDEB do INEP.
2009;41037324;ANTONIO DINIZ PEREIRA C E CMEF M;Ivaiporã;CONFIRMADO;INEP/MEC - Divulgação dos Resultados do Ideb e Saeb por Escola (Paraná);Código INEP localizado com sucesso na base oficial de divulgação do SAEB/IDEB do INEP.
2011;41037324;ANTONIO DINIZ PEREIRA C E CMEF M;Ivaiporã;CONFIRMADO;INEP/MEC - Divulgação dos Resultados do Ideb e Saeb por Escola (Paraná);Código INEP localizado com sucesso na base oficial de divulgação do SAEB/IDEB do INEP.
2013;41037324;ANTONIO DINIZ PEREIRA C E CMEF M;Ivaiporã;CONFIRMADO;INEP/MEC - Divulgação dos Resultados do Ideb e Saeb por Escola (Paraná);Código INEP localizado com sucesso na base oficial de divulgação do SAEB/IDEB do INEP.
2015;41037324;ANTONIO DINIZ PEREIRA C E CMEF M;Ivaiporã;CONFIRMADO;INEP/MEC - Divulgação dos Resultados do Ideb e Saeb por Escola (Paraná);Código INEP localizado com sucesso na base oficial de divulgação do SAEB/IDEB do INEP.
2017;41037324;ANTONIO DINIZ PEREIRA C E CMEF M;Ivaiporã;CONFIRMADO;INEP/MEC - Divulgação dos Resultados do Ideb e Saeb por Escola (Paraná);Código INEP localizado com sucesso na base oficial de divulgação do SAEB/IDEB do INEP.
2019;41037324;ANTONIO DINIZ PEREIRA C E CMEF M;Ivaiporã;CONFIRMADO;INEP/MEC - Divulgação dos Resultados do Ideb e Saeb por Escola (Paraná);Código INEP localizado com sucesso na base oficial de divulgação do SAEB/IDEB do INEP.
2021;41037324;ANTONIO DINIZ PEREIRA C E CMEF M;Ivaiporã;CONFIRMADO;INEP/MEC - Divulgação dos Resultados do Ideb e Saeb por Escola (Paraná);Código INEP localizado com sucesso na base oficial de divulgação do SAEB/IDEB do INEP.
2023;41037324;ANTONIO DINIZ PEREIRA C E CMEF M;Ivaiporã;CONFIRMADO;INEP/MEC - Divulgação dos Resultados do Ideb e Saeb por Escola (Paraná);Código INEP localizado com sucesso na base oficial de divulgação do SAEB/IDEB do INEP.
2025;41037324;ANTONIO DINIZ PEREIRA C E CMEF M;Ivaiporã;CONFIRMADO;INEP/MEC - Divulgação dos Resultados do Ideb e Saeb por Escola (Paraná);Código INEP localizado com sucesso na base oficial de divulgação do SAEB/IDEB do INEP.
2005;41037413;BENTO MOSSURUNGA C EEF M;Ivaiporã;CONFIRMADO;INEP/MEC - Divulgação dos Resultados do Ideb e Saeb por Escola (Paraná);Código INEP localizado com sucesso na base oficial de divulgação do SAEB/IDEB do INEP.
2007;41037413;BENTO MOSSURUNGA C EEF M;Ivaiporã;CONFIRMADO;INEP/MEC - Divulgação dos Resultados do Ideb e Saeb por Escola (Paraná);Código INEP localizado com sucesso na base oficial de divulgação do SAEB/IDEB do INEP.
2009;41037413;BENTO MOSSURUNGA C EEF M;Ivaiporã;CONFIRMADO;INEP/MEC - Divulgação dos Resultados do Ideb e Saeb por Escola (Paraná);Código INEP localizado com sucesso na base oficial de divulgação do SAEB/IDEB do INEP.
2011;41037413;BENTO MOSSURUNGA C EEF M;Ivaiporã;CONFIRMADO;INEP/MEC - Divulgação dos Resultados do Ideb e Saeb por Escola (Paraná);Código INEP localizado com sucesso na base oficial de divulgação do SAEB/IDEB do INEP.
2013;41037413;BENTO MOSSURUNGA C EEF M;Ivaiporã;CONFIRMADO;INEP/MEC - Divulgação dos Resultados do Ideb e Saeb por Escola (Paraná);Código INEP localizado com sucesso na base oficial de divulgação do SAEB/IDEB do INEP.
2015;41037413;BENTO MOSSURUNGA C EEF M;Ivaiporã;CONFIRMADO;INEP/MEC - Divulgação dos Resultados do Ideb e Saeb por Escola (Paraná);Código INEP localizado com sucesso na base oficial de divulgação do SAEB/IDEB do INEP.
2017;41037413;BENTO MOSSURUNGA C EEF M;Ivaiporã;CONFIRMADO;INEP/MEC - Divulgação dos Resultados do Ideb e Saeb por Escola (Paraná);Código INEP localizado com sucesso na base oficial de divulgação do SAEB/IDEB do INEP.
2019;41037413;BENTO MOSSURUNGA C EEF M;Ivaiporã;CONFIRMADO;INEP/MEC - Divulgação dos Resultados do Ideb e Saeb por Escola (Paraná);Código INEP localizado com sucesso na base oficial de divulgação do SAEB/IDEB do INEP.
2021;41037413;BENTO MOSSURUNGA C EEF M;Ivaiporã;CONFIRMADO;INEP/MEC - Divulgação dos Resultados do Ideb e Saeb por Escola (Paraná);Código INEP localizado com sucesso na base oficial de divulgação do SAEB/IDEB do INEP.
2023;41037413;BENTO MOSSURUNGA C EEF M;Ivaiporã;CONFIRMADO;INEP/MEC - Divulgação dos Resultados do Ideb e Saeb por Escola (Paraná);Código INEP localizado com sucesso na base oficial de divulgação do SAEB/IDEB do INEP.
2025;41037413;BENTO MOSSURUNGA C EEF M;Ivaiporã;CONFIRMADO;INEP/MEC - Divulgação dos Resultados do Ideb e Saeb por Escola (Paraná);Código INEP localizado com sucesso na base oficial de divulgação do SAEB/IDEB do INEP.
2005;41039068;NEREU RAMOS E E CMEF;Manoel Ribas;CONFIRMADO;INEP/MEC - Divulgação dos Resultados do Ideb e Saeb por Escola (Paraná);Código INEP localizado com sucesso na base oficial de divulgação do SAEB/IDEB do INEP.
2007;41039068;NEREU RAMOS E E CMEF;Manoel Ribas;CONFIRMADO;INEP/MEC - Divulgação dos Resultados do Ideb e Saeb por Escola (Paraná);Código INEP localizado com sucesso na base oficial de divulgação do SAEB/IDEB do INEP.
2009;41039068;NEREU RAMOS E E CMEF;Manoel Ribas;CONFIRMADO;INEP/MEC - Divulgação dos Resultados do Ideb e Saeb por Escola (Paraná);Código INEP localizado com sucesso na base oficial de divulgação do SAEB/IDEB do INEP.
2011;41039068;NEREU RAMOS E E CMEF;Manoel Ribas;CONFIRMADO;INEP/MEC - Divulgação dos Resultados do Ideb e Saeb por Escola (Paraná);Código INEP localizado com sucesso na base oficial de divulgação do SAEB/IDEB do INEP.
2013;41039068;NEREU RAMOS E E CMEF;Manoel Ribas;CONFIRMADO;INEP/MEC - Divulgação dos Resultados do Ideb e Saeb por Escola (Paraná);Código INEP localizado com sucesso na base oficial de divulgação do SAEB/IDEB do INEP.
2015;41039068;NEREU RAMOS E E CMEF;Manoel Ribas;CONFIRMADO;INEP/MEC - Divulgação dos Resultados do Ideb e Saeb por Escola (Paraná);Código INEP localizado com sucesso na base oficial de divulgação do SAEB/IDEB do INEP.
2017;41039068;NEREU RAMOS E E CMEF;Manoel Ribas;CONFIRMADO;INEP/MEC - Divulgação dos Resultados do Ideb e Saeb por Escola (Paraná);Código INEP localizado com sucesso na base oficial de divulgação do SAEB/IDEB do INEP.
2019;41039068;NEREU RAMOS E E CMEF;Manoel Ribas;CONFIRMADO;INEP/MEC - Divulgação dos Resultados do Ideb e Saeb por Escola (Paraná);Código INEP localizado com sucesso na base oficial de divulgação do SAEB/IDEB do INEP.
2021;41039068;NEREU RAMOS E E CMEF;Manoel Ribas;CONFIRMADO;INEP/MEC - Divulgação dos Resultados do Ideb e Saeb por Escola (Paraná);Código INEP localizado com sucesso na base oficial de divulgação do SAEB/IDEB do INEP.
2023;41039068;NEREU RAMOS E E CMEF;Manoel Ribas;CONFIRMADO;INEP/MEC - Divulgação dos Resultados do Ideb e Saeb por Escola (Paraná);Código INEP localizado com sucesso na base oficial de divulgação do SAEB/IDEB do INEP.
2025;41039068;NEREU RAMOS E E CMEF;Manoel Ribas;CONFIRMADO;INEP/MEC - Divulgação dos Resultados do Ideb e Saeb por Escola (Paraná);Código INEP localizado com sucesso na base oficial de divulgação do SAEB/IDEB do INEP.
2005;41040317;JOSE DE MATTOS LEAO C E CMEF M;São João do Ivaí;CONFIRMADO;INEP/MEC - Divulgação dos Resultados do Ideb e Saeb por Escola (Paraná);Código INEP localizado com sucesso na base oficial de divulgação do SAEB/IDEB do INEP.
2007;41040317;JOSE DE MATTOS LEAO C E CMEF M;São João do Ivaí;CONFIRMADO;INEP/MEC - Divulgação dos Resultados do Ideb e Saeb por Escola (Paraná);Código INEP localizado com sucesso na base oficial de divulgação do SAEB/IDEB do INEP.
2009;41040317;JOSE DE MATTOS LEAO C E CMEF M;São João do Ivaí;CONFIRMADO;INEP/MEC - Divulgação dos Resultados do Ideb e Saeb por Escola (Paraná);Código INEP localizado com sucesso na base oficial de divulgação do SAEB/IDEB do INEP.
2011;41040317;JOSE DE MATTOS LEAO C E CMEF M;São João do Ivaí;CONFIRMADO;INEP/MEC - Divulgação dos Resultados do Ideb e Saeb por Escola (Paraná);Código INEP localizado com sucesso na base oficial de divulgação do SAEB/IDEB do INEP.
2013;41040317;JOSE DE MATTOS LEAO C E CMEF M;São João do Ivaí;CONFIRMADO;INEP/MEC - Divulgação dos Resultados do Ideb e Saeb por Escola (Paraná);Código INEP localizado com sucesso na base oficial de divulgação do SAEB/IDEB do INEP.
2015;41040317;JOSE DE MATTOS LEAO C E CMEF M;São João do Ivaí;CONFIRMADO;INEP/MEC - Divulgação dos Resultados do Ideb e Saeb por Escola (Paraná);Código INEP localizado com sucesso na base oficial de divulgação do SAEB/IDEB do INEP.
2017;41040317;JOSE DE MATTOS LEAO C E CMEF M;São João do Ivaí;CONFIRMADO;INEP/MEC - Divulgação dos Resultados do Ideb e Saeb por Escola (Paraná);Código INEP localizado com sucesso na base oficial de divulgação do SAEB/IDEB do INEP.
2019;41040317;JOSE DE MATTOS LEAO C E CMEF M;São João do Ivaí;CONFIRMADO;INEP/MEC - Divulgação dos Resultados do Ideb e Saeb por Escola (Paraná);Código INEP localizado com sucesso na base oficial de divulgação do SAEB/IDEB do INEP.
2021;41040317;JOSE DE MATTOS LEAO C E CMEF M;São João do Ivaí;CONFIRMADO;INEP/MEC - Divulgação dos Resultados do Ideb e Saeb por Escola (Paraná);Código INEP localizado com sucesso na base oficial de divulgação do SAEB/IDEB do INEP.
2023;41040317;JOSE DE MATTOS LEAO C E CMEF M;São João do Ivaí;CONFIRMADO;INEP/MEC - Divulgação dos Resultados do Ideb e Saeb por Escola (Paraná);Código INEP localizado com sucesso na base oficial de divulgação do SAEB/IDEB do INEP.
2025;41040317;JOSE DE MATTOS LEAO C E CMEF M;São João do Ivaí;CONFIRMADO;INEP/MEC - Divulgação dos Resultados do Ideb e Saeb por Escola (Paraná);Código INEP localizado com sucesso na base oficial de divulgação do SAEB/IDEB do INEP.
2005;41040694;VICENTE MACHADO C E CMEF M;São Pedro do Ivaí;CONFIRMADO;INEP/MEC - Divulgação dos Resultados do Ideb e Saeb por Escola (Paraná);Código INEP localizado com sucesso na base oficial de divulgação do SAEB/IDEB do INEP.
2007;41040694;VICENTE MACHADO C E CMEF M;São Pedro do Ivaí;CONFIRMADO;INEP/MEC - Divulgação dos Resultados do Ideb e Saeb por Escola (Paraná);Código INEP localizado com sucesso na base oficial de divulgação do SAEB/IDEB do INEP.
2009;41040694;VICENTE MACHADO C E CMEF M;São Pedro do Ivaí;CONFIRMADO;INEP/MEC - Divulgação dos Resultados do Ideb e Saeb por Escola (Paraná);Código INEP localizado com sucesso na base oficial de divulgação do SAEB/IDEB do INEP.
2011;41040694;VICENTE MACHADO C E CMEF M;São Pedro do Ivaí;CONFIRMADO;INEP/MEC - Divulgação dos Resultados do Ideb e Saeb por Escola (Paraná);Código INEP localizado com sucesso na base oficial de divulgação do SAEB/IDEB do INEP.
2013;41040694;VICENTE MACHADO C E CMEF M;São Pedro do Ivaí;CONFIRMADO;INEP/MEC - Divulgação dos Resultados do Ideb e Saeb por Escola (Paraná);Código INEP localizado com sucesso na base oficial de divulgação do SAEB/IDEB do INEP.
2015;41040694;VICENTE MACHADO C E CMEF M;São Pedro do Ivaí;CONFIRMADO;INEP/MEC - Divulgação dos Resultados do Ideb e Saeb por Escola (Paraná);Código INEP localizado com sucesso na base oficial de divulgação do SAEB/IDEB do INEP.
2017;41040694;VICENTE MACHADO C E CMEF M;São Pedro do Ivaí;CONFIRMADO;INEP/MEC - Divulgação dos Resultados do Ideb e Saeb por Escola (Paraná);Código INEP localizado com sucesso na base oficial de divulgação do SAEB/IDEB do INEP.
2019;41040694;VICENTE MACHADO C E CMEF M;São Pedro do Ivaí;CONFIRMADO;INEP/MEC - Divulgação dos Resultados do Ideb e Saeb por Escola (Paraná);Código INEP localizado com sucesso na base oficial de divulgação do SAEB/IDEB do INEP.
2021;41040694;VICENTE MACHADO C E CMEF M;São Pedro do Ivaí;CONFIRMADO;INEP/MEC - Divulgação dos Resultados do Ideb e Saeb por Escola (Paraná);Código INEP localizado com sucesso na base oficial de divulgação do SAEB/IDEB do INEP.
2023;41040694;VICENTE MACHADO C E CMEF M;São Pedro do Ivaí;CONFIRMADO;INEP/MEC - Divulgação dos Resultados do Ideb e Saeb por Escola (Paraná);Código INEP localizado com sucesso na base oficial de divulgação do SAEB/IDEB do INEP.
2025;41040694;VICENTE MACHADO C E CMEF M;São Pedro do Ivaí;CONFIRMADO;INEP/MEC - Divulgação dos Resultados do Ideb e Saeb por Escola (Paraná);Código INEP localizado com sucesso na base oficial de divulgação do SAEB/IDEB do INEP.
2005;41040759;CARRAO C E CONSEF M;Assaí;CONFIRMADO;INEP/MEC - Divulgação dos Resultados do Ideb e Saeb por Escola (Paraná);Código INEP localizado com sucesso na base oficial de divulgação do SAEB/IDEB do INEP.
2007;41040759;CARRAO C E CONSEF M;Assaí;CONFIRMADO;INEP/MEC - Divulgação dos Resultados do Ideb e Saeb por Escola (Paraná);Código INEP localizado com sucesso na base oficial de divulgação do SAEB/IDEB do INEP.
2009;41040759;CARRAO C E CONSEF M;Assaí;CONFIRMADO;INEP/MEC - Divulgação dos Resultados do Ideb e Saeb por Escola (Paraná);Código INEP localizado com sucesso na base oficial de divulgação do SAEB/IDEB do INEP.
2011;41040759;CARRAO C E CONSEF M;Assaí;CONFIRMADO;INEP/MEC - Divulgação dos Resultados do Ideb e Saeb por Escola (Paraná);Código INEP localizado com sucesso na base oficial de divulgação do SAEB/IDEB do INEP.
2013;41040759;CARRAO C E CONSEF M;Assaí;CONFIRMADO;INEP/MEC - Divulgação dos Resultados do Ideb e Saeb por Escola (Paraná);Código INEP localizado com sucesso na base oficial de divulgação do SAEB/IDEB do INEP.
2015;41040759;CARRAO C E CONSEF M;Assaí;CONFIRMADO;INEP/MEC - Divulgação dos Resultados do Ideb e Saeb por Escola (Paraná);Código INEP localizado com sucesso na base oficial de divulgação do SAEB/IDEB do INEP.
2017;41040759;CARRAO C E CONSEF M;Assaí;CONFIRMADO;INEP/MEC - Divulgação dos Resultados do Ideb e Saeb por Escola (Paraná);Código INEP localizado com sucesso na base oficial de divulgação do SAEB/IDEB do INEP.
2019;41040759;CARRAO C E CONSEF M;Assaí;CONFIRMADO;INEP/MEC - Divulgação dos Resultados do Ideb e Saeb por Escola (Paraná);Código INEP localizado com sucesso na base oficial de divulgação do SAEB/IDEB do INEP.
2021;41040759;CARRAO C E CONSEF M;Assaí;CONFIRMADO;INEP/MEC - Divulgação dos Resultados do Ideb e Saeb por Escola (Paraná);Código INEP localizado com sucesso na base oficial de divulgação do SAEB/IDEB do INEP.
2023;41040759;CARRAO C E CONSEF M;Assaí;CONFIRMADO;INEP/MEC - Divulgação dos Resultados do Ideb e Saeb por Escola (Paraná);Código INEP localizado com sucesso na base oficial de divulgação do SAEB/IDEB do INEP.
2025;41040759;CARRAO C E CONSEF M;Assaí;CONFIRMADO;INEP/MEC - Divulgação dos Resultados do Ideb e Saeb por Escola (Paraná);Código INEP localizado com sucesso na base oficial de divulgação do SAEB/IDEB do INEP.
2005;41042670;RUI BARBOSA C E EF M N PROFIS;Abatiá;CONFIRMADO;INEP/MEC - Divulgação dos Resultados do Ideb e Saeb por Escola (Paraná);Código INEP localizado com sucesso na base oficial de divulgação do SAEB/IDEB do INEP.
2007;41042670;RUI BARBOSA C E EF M N PROFIS;Abatiá;CONFIRMADO;INEP/MEC - Divulgação dos Resultados do Ideb e Saeb por Escola (Paraná);Código INEP localizado com sucesso na base oficial de divulgação do SAEB/IDEB do INEP.
2009;41042670;RUI BARBOSA C E EF M N PROFIS;Abatiá;CONFIRMADO;INEP/MEC - Divulgação dos Resultados do Ideb e Saeb por Escola (Paraná);Código INEP localizado com sucesso na base oficial de divulgação do SAEB/IDEB do INEP.
2011;41042670;RUI BARBOSA C E EF M N PROFIS;Abatiá;CONFIRMADO;INEP/MEC - Divulgação dos Resultados do Ideb e Saeb por Escola (Paraná);Código INEP localizado com sucesso na base oficial de divulgação do SAEB/IDEB do INEP.
2013;41042670;RUI BARBOSA C E EF M N PROFIS;Abatiá;CONFIRMADO;INEP/MEC - Divulgação dos Resultados do Ideb e Saeb por Escola (Paraná);Código INEP localizado com sucesso na base oficial de divulgação do SAEB/IDEB do INEP.
2015;41042670;RUI BARBOSA C E EF M N PROFIS;Abatiá;CONFIRMADO;INEP/MEC - Divulgação dos Resultados do Ideb e Saeb por Escola (Paraná);Código INEP localizado com sucesso na base oficial de divulgação do SAEB/IDEB do INEP.
2017;41042670;RUI BARBOSA C E EF M N PROFIS;Abatiá;CONFIRMADO;INEP/MEC - Divulgação dos Resultados do Ideb e Saeb por Escola (Paraná);Código INEP localizado com sucesso na base oficial de divulgação do SAEB/IDEB do INEP.
2019;41042670;RUI BARBOSA C E EF M N PROFIS;Abatiá;CONFIRMADO;INEP/MEC - Divulgação dos Resultados do Ideb e Saeb por Escola (Paraná);Código INEP localizado com sucesso na base oficial de divulgação do SAEB/IDEB do INEP.
2021;41042670;RUI BARBOSA C E EF M N PROFIS;Abatiá;CONFIRMADO;INEP/MEC - Divulgação dos Resultados do Ideb e Saeb por Escola (Paraná);Código INEP localizado com sucesso na base oficial de divulgação do SAEB/IDEB do INEP.
2023;41042670;RUI BARBOSA C E EF M N PROFIS;Abatiá;CONFIRMADO;INEP/MEC - Divulgação dos Resultados do Ideb e Saeb por Escola (Paraná);Código INEP localizado com sucesso na base oficial de divulgação do SAEB/IDEB do INEP.
2025;41042670;RUI BARBOSA C E EF M N PROFIS;Abatiá;CONFIRMADO;INEP/MEC - Divulgação dos Resultados do Ideb e Saeb por Escola (Paraná);Código INEP localizado com sucesso na base oficial de divulgação do SAEB/IDEB do INEP.
2005;41042778;STELLA MARIS C E CMEF M;Andirá;CONFIRMADO;INEP/MEC - Divulgação dos Resultados do Ideb e Saeb por Escola (Paraná);Código INEP localizado com sucesso na base oficial de divulgação do SAEB/IDEB do INEP.
2007;41042778;STELLA MARIS C E CMEF M;Andirá;CONFIRMADO;INEP/MEC - Divulgação dos Resultados do Ideb e Saeb por Escola (Paraná);Código INEP localizado com sucesso na base oficial de divulgação do SAEB/IDEB do INEP.
2009;41042778;STELLA MARIS C E CMEF M;Andirá;CONFIRMADO;INEP/MEC - Divulgação dos Resultados do Ideb e Saeb por Escola (Paraná);Código INEP localizado com sucesso na base oficial de divulgação do SAEB/IDEB do INEP.
2011;41042778;STELLA MARIS C E CMEF M;Andirá;CONFIRMADO;INEP/MEC - Divulgação dos Resultados do Ideb e Saeb por Escola (Paraná);Código INEP localizado com sucesso na base oficial de divulgação do SAEB/IDEB do INEP.
2013;41042778;STELLA MARIS C E CMEF M;Andirá;CONFIRMADO;INEP/MEC - Divulgação dos Resultados do Ideb e Saeb por Escola (Paraná);Código INEP localizado com sucesso na base oficial de divulgação do SAEB/IDEB do INEP.
2015;41042778;STELLA MARIS C E CMEF M;Andirá;CONFIRMADO;INEP/MEC - Divulgação dos Resultados do Ideb e Saeb por Escola (Paraná);Código INEP localizado com sucesso na base oficial de divulgação do SAEB/IDEB do INEP.
2017;41042778;STELLA MARIS C E CMEF M;Andirá;CONFIRMADO;INEP/MEC - Divulgação dos Resultados do Ideb e Saeb por Escola (Paraná);Código INEP localizado com sucesso na base oficial de divulgação do SAEB/IDEB do INEP.
2019;41042778;STELLA MARIS C E CMEF M;Andirá;CONFIRMADO;INEP/MEC - Divulgação dos Resultados do Ideb e Saeb por Escola (Paraná);Código INEP localizado com sucesso na base oficial de divulgação do SAEB/IDEB do INEP.
2021;41042778;STELLA MARIS C E CMEF M;Andirá;CONFIRMADO;INEP/MEC - Divulgação dos Resultados do Ideb e Saeb por Escola (Paraná);Código INEP localizado com sucesso na base oficial de divulgação do SAEB/IDEB do INEP.
2023;41042778;STELLA MARIS C E CMEF M;Andirá;CONFIRMADO;INEP/MEC - Divulgação dos Resultados do Ideb e Saeb por Escola (Paraná);Código INEP localizado com sucesso na base oficial de divulgação do SAEB/IDEB do INEP.
2025;41042778;STELLA MARIS C E CMEF M;Andirá;CONFIRMADO;INEP/MEC - Divulgação dos Resultados do Ideb e Saeb por Escola (Paraná);Código INEP localizado com sucesso na base oficial de divulgação do SAEB/IDEB do INEP.
2005;41043375;NOBREGA DA CUNHA C E CMEF M;Bandeirantes;CONFIRMADO;INEP/MEC - Divulgação dos Resultados do Ideb e Saeb por Escola (Paraná);Código INEP localizado com sucesso na base oficial de divulgação do SAEB/IDEB do INEP.
2007;41043375;NOBREGA DA CUNHA C E CMEF M;Bandeirantes;CONFIRMADO;INEP/MEC - Divulgação dos Resultados do Ideb e Saeb por Escola (Paraná);Código INEP localizado com sucesso na base oficial de divulgação do SAEB/IDEB do INEP.
2009;41043375;NOBREGA DA CUNHA C E CMEF M;Bandeirantes;CONFIRMADO;INEP/MEC - Divulgação dos Resultados do Ideb e Saeb por Escola (Paraná);Código INEP localizado com sucesso na base oficial de divulgação do SAEB/IDEB do INEP.
2011;41043375;NOBREGA DA CUNHA C E CMEF M;Bandeirantes;CONFIRMADO;INEP/MEC - Divulgação dos Resultados do Ideb e Saeb por Escola (Paraná);Código INEP localizado com sucesso na base oficial de divulgação do SAEB/IDEB do INEP.
2013;41043375;NOBREGA DA CUNHA C E CMEF M;Bandeirantes;CONFIRMADO;INEP/MEC - Divulgação dos Resultados do Ideb e Saeb por Escola (Paraná);Código INEP localizado com sucesso na base oficial de divulgação do SAEB/IDEB do INEP.
2015;41043375;NOBREGA DA CUNHA C E CMEF M;Bandeirantes;CONFIRMADO;INEP/MEC - Divulgação dos Resultados do Ideb e Saeb por Escola (Paraná);Código INEP localizado com sucesso na base oficial de divulgação do SAEB/IDEB do INEP.
2017;41043375;NOBREGA DA CUNHA C E CMEF M;Bandeirantes;CONFIRMADO;INEP/MEC - Divulgação dos Resultados do Ideb e Saeb por Escola (Paraná);Código INEP localizado com sucesso na base oficial de divulgação do SAEB/IDEB do INEP.
2019;41043375;NOBREGA DA CUNHA C E CMEF M;Bandeirantes;CONFIRMADO;INEP/MEC - Divulgação dos Resultados do Ideb e Saeb por Escola (Paraná);Código INEP localizado com sucesso na base oficial de divulgação do SAEB/IDEB do INEP.
2021;41043375;NOBREGA DA CUNHA C E CMEF M;Bandeirantes;CONFIRMADO;INEP/MEC - Divulgação dos Resultados do Ideb e Saeb por Escola (Paraná);Código INEP localizado com sucesso na base oficial de divulgação do SAEB/IDEB do INEP.
2023;41043375;NOBREGA DA CUNHA C E CMEF M;Bandeirantes;CONFIRMADO;INEP/MEC - Divulgação dos Resultados do Ideb e Saeb por Escola (Paraná);Código INEP localizado com sucesso na base oficial de divulgação do SAEB/IDEB do INEP.
2025;41043375;NOBREGA DA CUNHA C E CMEF M;Bandeirantes;CONFIRMADO;INEP/MEC - Divulgação dos Resultados do Ideb e Saeb por Escola (Paraná);Código INEP localizado com sucesso na base oficial de divulgação do SAEB/IDEB do INEP.
2005;41046218;ANTONIO BITONTI E E CM PROFEF;Sertaneja;CONFIRMADO;INEP/MEC - Divulgação dos Resultados do Ideb e Saeb por Escola (Paraná);Código INEP localizado com sucesso na base oficial de divulgação do SAEB/IDEB do INEP.
2007;41046218;ANTONIO BITONTI E E CM PROFEF;Sertaneja;CONFIRMADO;INEP/MEC - Divulgação dos Resultados do Ideb e Saeb por Escola (Paraná);Código INEP localizado com sucesso na base oficial de divulgação do SAEB/IDEB do INEP.
2009;41046218;ANTONIO BITONTI E E CM PROFEF;Sertaneja;CONFIRMADO;INEP/MEC - Divulgação dos Resultados do Ideb e Saeb por Escola (Paraná);Código INEP localizado com sucesso na base oficial de divulgação do SAEB/IDEB do INEP.
2011;41046218;ANTONIO BITONTI E E CM PROFEF;Sertaneja;CONFIRMADO;INEP/MEC - Divulgação dos Resultados do Ideb e Saeb por Escola (Paraná);Código INEP localizado com sucesso na base oficial de divulgação do SAEB/IDEB do INEP.
2013;41046218;ANTONIO BITONTI E E CM PROFEF;Sertaneja;CONFIRMADO;INEP/MEC - Divulgação dos Resultados do Ideb e Saeb por Escola (Paraná);Código INEP localizado com sucesso na base oficial de divulgação do SAEB/IDEB do INEP.
2015;41046218;ANTONIO BITONTI E E CM PROFEF;Sertaneja;CONFIRMADO;INEP/MEC - Divulgação dos Resultados do Ideb e Saeb por Escola (Paraná);Código INEP localizado com sucesso na base oficial de divulgação do SAEB/IDEB do INEP.
2017;41046218;ANTONIO BITONTI E E CM PROFEF;Sertaneja;CONFIRMADO;INEP/MEC - Divulgação dos Resultados do Ideb e Saeb por Escola (Paraná);Código INEP localizado com sucesso na base oficial de divulgação do SAEB/IDEB do INEP.
2019;41046218;ANTONIO BITONTI E E CM PROFEF;Sertaneja;CONFIRMADO;INEP/MEC - Divulgação dos Resultados do Ideb e Saeb por Escola (Paraná);Código INEP localizado com sucesso na base oficial de divulgação do SAEB/IDEB do INEP.
2021;41046218;ANTONIO BITONTI E E CM PROFEF;Sertaneja;CONFIRMADO;INEP/MEC - Divulgação dos Resultados do Ideb e Saeb por Escola (Paraná);Código INEP localizado com sucesso na base oficial de divulgação do SAEB/IDEB do INEP.
2023;41046218;ANTONIO BITONTI E E CM PROFEF;Sertaneja;CONFIRMADO;INEP/MEC - Divulgação dos Resultados do Ideb e Saeb por Escola (Paraná);Código INEP localizado com sucesso na base oficial de divulgação do SAEB/IDEB do INEP.
2025;41046218;ANTONIO BITONTI E E CM PROFEF;Sertaneja;CONFIRMADO;INEP/MEC - Divulgação dos Resultados do Ideb e Saeb por Escola (Paraná);Código INEP localizado com sucesso na base oficial de divulgação do SAEB/IDEB do INEP.
2005;41046552;CAROLINA LUPION C E CM DONAEF M;Cambará;CONFIRMADO;INEP/MEC - Divulgação dos Resultados do Ideb e Saeb por Escola (Paraná);Código INEP localizado com sucesso na base oficial de divulgação do SAEB/IDEB do INEP.
2007;41046552;CAROLINA LUPION C E CM DONAEF M;Cambará;CONFIRMADO;INEP/MEC - Divulgação dos Resultados do Ideb e Saeb por Escola (Paraná);Código INEP localizado com sucesso na base oficial de divulgação do SAEB/IDEB do INEP.
2009;41046552;CAROLINA LUPION C E CM DONAEF M;Cambará;CONFIRMADO;INEP/MEC - Divulgação dos Resultados do Ideb e Saeb por Escola (Paraná);Código INEP localizado com sucesso na base oficial de divulgação do SAEB/IDEB do INEP.
2011;41046552;CAROLINA LUPION C E CM DONAEF M;Cambará;CONFIRMADO;INEP/MEC - Divulgação dos Resultados do Ideb e Saeb por Escola (Paraná);Código INEP localizado com sucesso na base oficial de divulgação do SAEB/IDEB do INEP.
2013;41046552;CAROLINA LUPION C E CM DONAEF M;Cambará;CONFIRMADO;INEP/MEC - Divulgação dos Resultados do Ideb e Saeb por Escola (Paraná);Código INEP localizado com sucesso na base oficial de divulgação do SAEB/IDEB do INEP.
2015;41046552;CAROLINA LUPION C E CM DONAEF M;Cambará;CONFIRMADO;INEP/MEC - Divulgação dos Resultados do Ideb e Saeb por Escola (Paraná);Código INEP localizado com sucesso na base oficial de divulgação do SAEB/IDEB do INEP.
2017;41046552;CAROLINA LUPION C E CM DONAEF M;Cambará;CONFIRMADO;INEP/MEC - Divulgação dos Resultados do Ideb e Saeb por Escola (Paraná);Código INEP localizado com sucesso na base oficial de divulgação do SAEB/IDEB do INEP.
2019;41046552;CAROLINA LUPION C E CM DONAEF M;Cambará;CONFIRMADO;INEP/MEC - Divulgação dos Resultados do Ideb e Saeb por Escola (Paraná);Código INEP localizado com sucesso na base oficial de divulgação do SAEB/IDEB do INEP.
2021;41046552;CAROLINA LUPION C E CM DONAEF M;Cambará;CONFIRMADO;INEP/MEC - Divulgação dos Resultados do Ideb e Saeb por Escola (Paraná);Código INEP localizado com sucesso na base oficial de divulgação do SAEB/IDEB do INEP.
2023;41046552;CAROLINA LUPION C E CM DONAEF M;Cambará;CONFIRMADO;INEP/MEC - Divulgação dos Resultados do Ideb e Saeb por Escola (Paraná);Código INEP localizado com sucesso na base oficial de divulgação do SAEB/IDEB do INEP.
2025;41046552;CAROLINA LUPION C E CM DONAEF M;Cambará;CONFIRMADO;INEP/MEC - Divulgação dos Resultados do Ideb e Saeb por Escola (Paraná);Código INEP localizado com sucesso na base oficial de divulgação do SAEB/IDEB do INEP.
2005;41046960;ANESIO DE A LEITE C E CMEF M PROFIS;Jacarezinho;CONFIRMADO;INEP/MEC - Divulgação dos Resultados do Ideb e Saeb por Escola (Paraná);Código INEP localizado com sucesso na base oficial de divulgação do SAEB/IDEB do INEP.
2007;41046960;ANESIO DE A LEITE C E CMEF M PROFIS;Jacarezinho;CONFIRMADO;INEP/MEC - Divulgação dos Resultados do Ideb e Saeb por Escola (Paraná);Código INEP localizado com sucesso na base oficial de divulgação do SAEB/IDEB do INEP.
2009;41046960;ANESIO DE A LEITE C E CMEF M PROFIS;Jacarezinho;CONFIRMADO;INEP/MEC - Divulgação dos Resultados do Ideb e Saeb por Escola (Paraná);Código INEP localizado com sucesso na base oficial de divulgação do SAEB/IDEB do INEP.
2011;41046960;ANESIO DE A LEITE C E CMEF M PROFIS;Jacarezinho;CONFIRMADO;INEP/MEC - Divulgação dos Resultados do Ideb e Saeb por Escola (Paraná);Código INEP localizado com sucesso na base oficial de divulgação do SAEB/IDEB do INEP.
2013;41046960;ANESIO DE A LEITE C E CMEF M PROFIS;Jacarezinho;CONFIRMADO;INEP/MEC - Divulgação dos Resultados do Ideb e Saeb por Escola (Paraná);Código INEP localizado com sucesso na base oficial de divulgação do SAEB/IDEB do INEP.
2015;41046960;ANESIO DE A LEITE C E CMEF M PROFIS;Jacarezinho;CONFIRMADO;INEP/MEC - Divulgação dos Resultados do Ideb e Saeb por Escola (Paraná);Código INEP localizado com sucesso na base oficial de divulgação do SAEB/IDEB do INEP.
2017;41046960;ANESIO DE A LEITE C E CMEF M PROFIS;Jacarezinho;CONFIRMADO;INEP/MEC - Divulgação dos Resultados do Ideb e Saeb por Escola (Paraná);Código INEP localizado com sucesso na base oficial de divulgação do SAEB/IDEB do INEP.
2019;41046960;ANESIO DE A LEITE C E CMEF M PROFIS;Jacarezinho;CONFIRMADO;INEP/MEC - Divulgação dos Resultados do Ideb e Saeb por Escola (Paraná);Código INEP localizado com sucesso na base oficial de divulgação do SAEB/IDEB do INEP.
2021;41046960;ANESIO DE A LEITE C E CMEF M PROFIS;Jacarezinho;CONFIRMADO;INEP/MEC - Divulgação dos Resultados do Ideb e Saeb por Escola (Paraná);Código INEP localizado com sucesso na base oficial de divulgação do SAEB/IDEB do INEP.
2023;41046960;ANESIO DE A LEITE C E CMEF M PROFIS;Jacarezinho;CONFIRMADO;INEP/MEC - Divulgação dos Resultados do Ideb e Saeb por Escola (Paraná);Código INEP localizado com sucesso na base oficial de divulgação do SAEB/IDEB do INEP.
2025;41046960;ANESIO DE A LEITE C E CMEF M PROFIS;Jacarezinho;CONFIRMADO;INEP/MEC - Divulgação dos Resultados do Ideb e Saeb por Escola (Paraná);Código INEP localizado com sucesso na base oficial de divulgação do SAEB/IDEB do INEP.
2005;41051351;MIGUEL DIAS C EEF M PROFIS;Joaquim Távora;CONFIRMADO;INEP/MEC - Divulgação dos Resultados do Ideb e Saeb por Escola (Paraná);Código INEP localizado com sucesso na base oficial de divulgação do SAEB/IDEB do INEP.
2007;41051351;MIGUEL DIAS C EEF M PROFIS;Joaquim Távora;CONFIRMADO;INEP/MEC - Divulgação dos Resultados do Ideb e Saeb por Escola (Paraná);Código INEP localizado com sucesso na base oficial de divulgação do SAEB/IDEB do INEP.
2009;41051351;MIGUEL DIAS C EEF M PROFIS;Joaquim Távora;CONFIRMADO;INEP/MEC - Divulgação dos Resultados do Ideb e Saeb por Escola (Paraná);Código INEP localizado com sucesso na base oficial de divulgação do SAEB/IDEB do INEP.
2011;41051351;MIGUEL DIAS C EEF M PROFIS;Joaquim Távora;CONFIRMADO;INEP/MEC - Divulgação dos Resultados do Ideb e Saeb por Escola (Paraná);Código INEP localizado com sucesso na base oficial de divulgação do SAEB/IDEB do INEP.
2013;41051351;MIGUEL DIAS C EEF M PROFIS;Joaquim Távora;CONFIRMADO;INEP/MEC - Divulgação dos Resultados do Ideb e Saeb por Escola (Paraná);Código INEP localizado com sucesso na base oficial de divulgação do SAEB/IDEB do INEP.
2015;41051351;MIGUEL DIAS C EEF M PROFIS;Joaquim Távora;CONFIRMADO;INEP/MEC - Divulgação dos Resultados do Ideb e Saeb por Escola (Paraná);Código INEP localizado com sucesso na base oficial de divulgação do SAEB/IDEB do INEP.
2017;41051351;MIGUEL DIAS C EEF M PROFIS;Joaquim Távora;CONFIRMADO;INEP/MEC - Divulgação dos Resultados do Ideb e Saeb por Escola (Paraná);Código INEP localizado com sucesso na base oficial de divulgação do SAEB/IDEB do INEP.
2019;41051351;MIGUEL DIAS C EEF M PROFIS;Joaquim Távora;CONFIRMADO;INEP/MEC - Divulgação dos Resultados do Ideb e Saeb por Escola (Paraná);Código INEP localizado com sucesso na base oficial de divulgação do SAEB/IDEB do INEP.
2021;41051351;MIGUEL DIAS C EEF M PROFIS;Joaquim Távora;CONFIRMADO;INEP/MEC - Divulgação dos Resultados do Ideb e Saeb por Escola (Paraná);Código INEP localizado com sucesso na base oficial de divulgação do SAEB/IDEB do INEP.
2023;41051351;MIGUEL DIAS C EEF M PROFIS;Joaquim Távora;CONFIRMADO;INEP/MEC - Divulgação dos Resultados do Ideb e Saeb por Escola (Paraná);Código INEP localizado com sucesso na base oficial de divulgação do SAEB/IDEB do INEP.
2025;41051351;MIGUEL DIAS C EEF M PROFIS;Joaquim Távora;CONFIRMADO;INEP/MEC - Divulgação dos Resultados do Ideb e Saeb por Escola (Paraná);Código INEP localizado com sucesso na base oficial de divulgação do SAEB/IDEB do INEP.
2005;41052250;NEWTON SAMPAIO C E CMEF M;São José da Boa Vista;CONFIRMADO;INEP/MEC - Divulgação dos Resultados do Ideb e Saeb por Escola (Paraná);Código INEP localizado com sucesso na base oficial de divulgação do SAEB/IDEB do INEP.
2007;41052250;NEWTON SAMPAIO C E CMEF M;São José da Boa Vista;CONFIRMADO;INEP/MEC - Divulgação dos Resultados do Ideb e Saeb por Escola (Paraná);Código INEP localizado com sucesso na base oficial de divulgação do SAEB/IDEB do INEP.
2009;41052250;NEWTON SAMPAIO C E CMEF M;São José da Boa Vista;CONFIRMADO;INEP/MEC - Divulgação dos Resultados do Ideb e Saeb por Escola (Paraná);Código INEP localizado com sucesso na base oficial de divulgação do SAEB/IDEB do INEP.
2011;41052250;NEWTON SAMPAIO C E CMEF M;São José da Boa Vista;CONFIRMADO;INEP/MEC - Divulgação dos Resultados do Ideb e Saeb por Escola (Paraná);Código INEP localizado com sucesso na base oficial de divulgação do SAEB/IDEB do INEP.
2013;41052250;NEWTON SAMPAIO C E CMEF M;São José da Boa Vista;CONFIRMADO;INEP/MEC - Divulgação dos Resultados do Ideb e Saeb por Escola (Paraná);Código INEP localizado com sucesso na base oficial de divulgação do SAEB/IDEB do INEP.
2015;41052250;NEWTON SAMPAIO C E CMEF M;São José da Boa Vista;CONFIRMADO;INEP/MEC - Divulgação dos Resultados do Ideb e Saeb por Escola (Paraná);Código INEP localizado com sucesso na base oficial de divulgação do SAEB/IDEB do INEP.
2017;41052250;NEWTON SAMPAIO C E CMEF M;São José da Boa Vista;CONFIRMADO;INEP/MEC - Divulgação dos Resultados do Ideb e Saeb por Escola (Paraná);Código INEP localizado com sucesso na base oficial de divulgação do SAEB/IDEB do INEP.
2019;41052250;NEWTON SAMPAIO C E CMEF M;São José da Boa Vista;CONFIRMADO;INEP/MEC - Divulgação dos Resultados do Ideb e Saeb por Escola (Paraná);Código INEP localizado com sucesso na base oficial de divulgação do SAEB/IDEB do INEP.
2021;41052250;NEWTON SAMPAIO C E CMEF M;São José da Boa Vista;CONFIRMADO;INEP/MEC - Divulgação dos Resultados do Ideb e Saeb por Escola (Paraná);Código INEP localizado com sucesso na base oficial de divulgação do SAEB/IDEB do INEP.
2023;41052250;NEWTON SAMPAIO C E CMEF M;São José da Boa Vista;CONFIRMADO;INEP/MEC - Divulgação dos Resultados do Ideb e Saeb por Escola (Paraná);Código INEP localizado com sucesso na base oficial de divulgação do SAEB/IDEB do INEP.
2025;41052250;NEWTON SAMPAIO C E CMEF M;São José da Boa Vista;CONFIRMADO;INEP/MEC - Divulgação dos Resultados do Ideb e Saeb por Escola (Paraná);Código INEP localizado com sucesso na base oficial de divulgação do SAEB/IDEB do INEP.
2005;41053494;MIGUEL NASSIF MALUF C E CMEF M;Wenceslau Braz;CONFIRMADO;INEP/MEC - Divulgação dos Resultados do Ideb e Saeb por Escola (Paraná);Código INEP localizado com sucesso na base oficial de divulgação do SAEB/IDEB do INEP.
2007;41053494;MIGUEL NASSIF MALUF C E CMEF M;Wenceslau Braz;CONFIRMADO;INEP/MEC - Divulgação dos Resultados do Ideb e Saeb por Escola (Paraná);Código INEP localizado com sucesso na base oficial de divulgação do SAEB/IDEB do INEP.
2009;41053494;MIGUEL NASSIF MALUF C E CMEF M;Wenceslau Braz;CONFIRMADO;INEP/MEC - Divulgação dos Resultados do Ideb e Saeb por Escola (Paraná);Código INEP localizado com sucesso na base oficial de divulgação do SAEB/IDEB do INEP.
2011;41053494;MIGUEL NASSIF MALUF C E CMEF M;Wenceslau Braz;CONFIRMADO;INEP/MEC - Divulgação dos Resultados do Ideb e Saeb por Escola (Paraná);Código INEP localizado com sucesso na base oficial de divulgação do SAEB/IDEB do INEP.
2013;41053494;MIGUEL NASSIF MALUF C E CMEF M;Wenceslau Braz;CONFIRMADO;INEP/MEC - Divulgação dos Resultados do Ideb e Saeb por Escola (Paraná);Código INEP localizado com sucesso na base oficial de divulgação do SAEB/IDEB do INEP.
2015;41053494;MIGUEL NASSIF MALUF C E CMEF M;Wenceslau Braz;CONFIRMADO;INEP/MEC - Divulgação dos Resultados do Ideb e Saeb por Escola (Paraná);Código INEP localizado com sucesso na base oficial de divulgação do SAEB/IDEB do INEP.
2017;41053494;MIGUEL NASSIF MALUF C E CMEF M;Wenceslau Braz;CONFIRMADO;INEP/MEC - Divulgação dos Resultados do Ideb e Saeb por Escola (Paraná);Código INEP localizado com sucesso na base oficial de divulgação do SAEB/IDEB do INEP.
2019;41053494;MIGUEL NASSIF MALUF C E CMEF M;Wenceslau Braz;CONFIRMADO;INEP/MEC - Divulgação dos Resultados do Ideb e Saeb por Escola (Paraná);Código INEP localizado com sucesso na base oficial de divulgação do SAEB/IDEB do INEP.
2021;41053494;MIGUEL NASSIF MALUF C E CMEF M;Wenceslau Braz;CONFIRMADO;INEP/MEC - Divulgação dos Resultados do Ideb e Saeb por Escola (Paraná);Código INEP localizado com sucesso na base oficial de divulgação do SAEB/IDEB do INEP.
2023;41053494;MIGUEL NASSIF MALUF C E CMEF M;Wenceslau Braz;CONFIRMADO;INEP/MEC - Divulgação dos Resultados do Ideb e Saeb por Escola (Paraná);Código INEP localizado com sucesso na base oficial de divulgação do SAEB/IDEB do INEP.
2025;41053494;MIGUEL NASSIF MALUF C E CMEF M;Wenceslau Braz;CONFIRMADO;INEP/MEC - Divulgação dos Resultados do Ideb e Saeb por Escola (Paraná);Código INEP localizado com sucesso na base oficial de divulgação do SAEB/IDEB do INEP.
2005;41056264;JARDIM ALEGRE C E CMEF M PROFIS;Telêmaco Borba;CONFIRMADO;INEP/MEC - Divulgação dos Resultados do Ideb e Saeb por Escola (Paraná);Código INEP localizado com sucesso na base oficial de divulgação do SAEB/IDEB do INEP.
2007;41056264;JARDIM ALEGRE C E CMEF M PROFIS;Telêmaco Borba;CONFIRMADO;INEP/MEC - Divulgação dos Resultados do Ideb e Saeb por Escola (Paraná);Código INEP localizado com sucesso na base oficial de divulgação do SAEB/IDEB do INEP.
2009;41056264;JARDIM ALEGRE C E CMEF M PROFIS;Telêmaco Borba;CONFIRMADO;INEP/MEC - Divulgação dos Resultados do Ideb e Saeb por Escola (Paraná);Código INEP localizado com sucesso na base oficial de divulgação do SAEB/IDEB do INEP.
2011;41056264;JARDIM ALEGRE C E CMEF M PROFIS;Telêmaco Borba;CONFIRMADO;INEP/MEC - Divulgação dos Resultados do Ideb e Saeb por Escola (Paraná);Código INEP localizado com sucesso na base oficial de divulgação do SAEB/IDEB do INEP.
2013;41056264;JARDIM ALEGRE C E CMEF M PROFIS;Telêmaco Borba;CONFIRMADO;INEP/MEC - Divulgação dos Resultados do Ideb e Saeb por Escola (Paraná);Código INEP localizado com sucesso na base oficial de divulgação do SAEB/IDEB do INEP.
2015;41056264;JARDIM ALEGRE C E CMEF M PROFIS;Telêmaco Borba;CONFIRMADO;INEP/MEC - Divulgação dos Resultados do Ideb e Saeb por Escola (Paraná);Código INEP localizado com sucesso na base oficial de divulgação do SAEB/IDEB do INEP.
2017;41056264;JARDIM ALEGRE C E CMEF M PROFIS;Telêmaco Borba;CONFIRMADO;INEP/MEC - Divulgação dos Resultados do Ideb e Saeb por Escola (Paraná);Código INEP localizado com sucesso na base oficial de divulgação do SAEB/IDEB do INEP.
2019;41056264;JARDIM ALEGRE C E CMEF M PROFIS;Telêmaco Borba;CONFIRMADO;INEP/MEC - Divulgação dos Resultados do Ideb e Saeb por Escola (Paraná);Código INEP localizado com sucesso na base oficial de divulgação do SAEB/IDEB do INEP.
2021;41056264;JARDIM ALEGRE C E CMEF M PROFIS;Telêmaco Borba;CONFIRMADO;INEP/MEC - Divulgação dos Resultados do Ideb e Saeb por Escola (Paraná);Código INEP localizado com sucesso na base oficial de divulgação do SAEB/IDEB do INEP.
2023;41056264;JARDIM ALEGRE C E CMEF M PROFIS;Telêmaco Borba;CONFIRMADO;INEP/MEC - Divulgação dos Resultados do Ideb e Saeb por Escola (Paraná);Código INEP localizado com sucesso na base oficial de divulgação do SAEB/IDEB do INEP.
2025;41056264;JARDIM ALEGRE C E CMEF M PROFIS;Telêmaco Borba;CONFIRMADO;INEP/MEC - Divulgação dos Resultados do Ideb e Saeb por Escola (Paraná);Código INEP localizado com sucesso na base oficial de divulgação do SAEB/IDEB do INEP.
2005;41056574;TANCREDO NEVES C E PRESEF M PROFIS;Imbaú;CONFIRMADO;INEP/MEC - Divulgação dos Resultados do Ideb e Saeb por Escola (Paraná);Código INEP localizado com sucesso na base oficial de divulgação do SAEB/IDEB do INEP.
2007;41056574;TANCREDO NEVES C E PRESEF M PROFIS;Imbaú;CONFIRMADO;INEP/MEC - Divulgação dos Resultados do Ideb e Saeb por Escola (Paraná);Código INEP localizado com sucesso na base oficial de divulgação do SAEB/IDEB do INEP.
2009;41056574;TANCREDO NEVES C E PRESEF M PROFIS;Imbaú;CONFIRMADO;INEP/MEC - Divulgação dos Resultados do Ideb e Saeb por Escola (Paraná);Código INEP localizado com sucesso na base oficial de divulgação do SAEB/IDEB do INEP.
2011;41056574;TANCREDO NEVES C E PRESEF M PROFIS;Imbaú;CONFIRMADO;INEP/MEC - Divulgação dos Resultados do Ideb e Saeb por Escola (Paraná);Código INEP localizado com sucesso na base oficial de divulgação do SAEB/IDEB do INEP.
2013;41056574;TANCREDO NEVES C E PRESEF M PROFIS;Imbaú;CONFIRMADO;INEP/MEC - Divulgação dos Resultados do Ideb e Saeb por Escola (Paraná);Código INEP localizado com sucesso na base oficial de divulgação do SAEB/IDEB do INEP.
2015;41056574;TANCREDO NEVES C E PRESEF M PROFIS;Imbaú;CONFIRMADO;INEP/MEC - Divulgação dos Resultados do Ideb e Saeb por Escola (Paraná);Código INEP localizado com sucesso na base oficial de divulgação do SAEB/IDEB do INEP.
2017;41056574;TANCREDO NEVES C E PRESEF M PROFIS;Imbaú;CONFIRMADO;INEP/MEC - Divulgação dos Resultados do Ideb e Saeb por Escola (Paraná);Código INEP localizado com sucesso na base oficial de divulgação do SAEB/IDEB do INEP.
2019;41056574;TANCREDO NEVES C E PRESEF M PROFIS;Imbaú;CONFIRMADO;INEP/MEC - Divulgação dos Resultados do Ideb e Saeb por Escola (Paraná);Código INEP localizado com sucesso na base oficial de divulgação do SAEB/IDEB do INEP.
2021;41056574;TANCREDO NEVES C E PRESEF M PROFIS;Imbaú;CONFIRMADO;INEP/MEC - Divulgação dos Resultados do Ideb e Saeb por Escola (Paraná);Código INEP localizado com sucesso na base oficial de divulgação do SAEB/IDEB do INEP.
2023;41056574;TANCREDO NEVES C E PRESEF M PROFIS;Imbaú;CONFIRMADO;INEP/MEC - Divulgação dos Resultados do Ideb e Saeb por Escola (Paraná);Código INEP localizado com sucesso na base oficial de divulgação do SAEB/IDEB do INEP.
2025;41056574;TANCREDO NEVES C E PRESEF M PROFIS;Imbaú;CONFIRMADO;INEP/MEC - Divulgação dos Resultados do Ideb e Saeb por Escola (Paraná);Código INEP localizado com sucesso na base oficial de divulgação do SAEB/IDEB do INEP.
2005;41060296;JULIA WANDERLEY C EEF M PROFIS;Carambeí;CONFIRMADO;INEP/MEC - Divulgação dos Resultados do Ideb e Saeb por Escola (Paraná);Código INEP localizado com sucesso na base oficial de divulgação do SAEB/IDEB do INEP.
2007;41060296;JULIA WANDERLEY C EEF M PROFIS;Carambeí;CONFIRMADO;INEP/MEC - Divulgação dos Resultados do Ideb e Saeb por Escola (Paraná);Código INEP localizado com sucesso na base oficial de divulgação do SAEB/IDEB do INEP.
2009;41060296;JULIA WANDERLEY C EEF M PROFIS;Carambeí;CONFIRMADO;INEP/MEC - Divulgação dos Resultados do Ideb e Saeb por Escola (Paraná);Código INEP localizado com sucesso na base oficial de divulgação do SAEB/IDEB do INEP.
2011;41060296;JULIA WANDERLEY C EEF M PROFIS;Carambeí;CONFIRMADO;INEP/MEC - Divulgação dos Resultados do Ideb e Saeb por Escola (Paraná);Código INEP localizado com sucesso na base oficial de divulgação do SAEB/IDEB do INEP.
2013;41060296;JULIA WANDERLEY C EEF M PROFIS;Carambeí;CONFIRMADO;INEP/MEC - Divulgação dos Resultados do Ideb e Saeb por Escola (Paraná);Código INEP localizado com sucesso na base oficial de divulgação do SAEB/IDEB do INEP.
2015;41060296;JULIA WANDERLEY C EEF M PROFIS;Carambeí;CONFIRMADO;INEP/MEC - Divulgação dos Resultados do Ideb e Saeb por Escola (Paraná);Código INEP localizado com sucesso na base oficial de divulgação do SAEB/IDEB do INEP.
2017;41060296;JULIA WANDERLEY C EEF M PROFIS;Carambeí;CONFIRMADO;INEP/MEC - Divulgação dos Resultados do Ideb e Saeb por Escola (Paraná);Código INEP localizado com sucesso na base oficial de divulgação do SAEB/IDEB do INEP.
2019;41060296;JULIA WANDERLEY C EEF M PROFIS;Carambeí;CONFIRMADO;INEP/MEC - Divulgação dos Resultados do Ideb e Saeb por Escola (Paraná);Código INEP localizado com sucesso na base oficial de divulgação do SAEB/IDEB do INEP.
2021;41060296;JULIA WANDERLEY C EEF M PROFIS;Carambeí;CONFIRMADO;INEP/MEC - Divulgação dos Resultados do Ideb e Saeb por Escola (Paraná);Código INEP localizado com sucesso na base oficial de divulgação do SAEB/IDEB do INEP.
2023;41060296;JULIA WANDERLEY C EEF M PROFIS;Carambeí;CONFIRMADO;INEP/MEC - Divulgação dos Resultados do Ideb e Saeb por Escola (Paraná);Código INEP localizado com sucesso na base oficial de divulgação do SAEB/IDEB do INEP.
2025;41060296;JULIA WANDERLEY C EEF M PROFIS;Carambeí;CONFIRMADO;INEP/MEC - Divulgação dos Resultados do Ideb e Saeb por Escola (Paraná);Código INEP localizado com sucesso na base oficial de divulgação do SAEB/IDEB do INEP.
2005;41060466;NICOLAU BALTASAR C E PEEF M;Castro;CONFIRMADO;INEP/MEC - Divulgação dos Resultados do Ideb e Saeb por Escola (Paraná);Código INEP localizado com sucesso na base oficial de divulgação do SAEB/IDEB do INEP.
2007;41060466;NICOLAU BALTASAR C E PEEF M;Castro;CONFIRMADO;INEP/MEC - Divulgação dos Resultados do Ideb e Saeb por Escola (Paraná);Código INEP localizado com sucesso na base oficial de divulgação do SAEB/IDEB do INEP.
2009;41060466;NICOLAU BALTASAR C E PEEF M;Castro;CONFIRMADO;INEP/MEC - Divulgação dos Resultados do Ideb e Saeb por Escola (Paraná);Código INEP localizado com sucesso na base oficial de divulgação do SAEB/IDEB do INEP.
2011;41060466;NICOLAU BALTASAR C E PEEF M;Castro;CONFIRMADO;INEP/MEC - Divulgação dos Resultados do Ideb e Saeb por Escola (Paraná);Código INEP localizado com sucesso na base oficial de divulgação do SAEB/IDEB do INEP.
2013;41060466;NICOLAU BALTASAR C E PEEF M;Castro;CONFIRMADO;INEP/MEC - Divulgação dos Resultados do Ideb e Saeb por Escola (Paraná);Código INEP localizado com sucesso na base oficial de divulgação do SAEB/IDEB do INEP.
2015;41060466;NICOLAU BALTASAR C E PEEF M;Castro;CONFIRMADO;INEP/MEC - Divulgação dos Resultados do Ideb e Saeb por Escola (Paraná);Código INEP localizado com sucesso na base oficial de divulgação do SAEB/IDEB do INEP.
2017;41060466;NICOLAU BALTASAR C E PEEF M;Castro;CONFIRMADO;INEP/MEC - Divulgação dos Resultados do Ideb e Saeb por Escola (Paraná);Código INEP localizado com sucesso na base oficial de divulgação do SAEB/IDEB do INEP.
2019;41060466;NICOLAU BALTASAR C E PEEF M;Castro;CONFIRMADO;INEP/MEC - Divulgação dos Resultados do Ideb e Saeb por Escola (Paraná);Código INEP localizado com sucesso na base oficial de divulgação do SAEB/IDEB do INEP.
2021;41060466;NICOLAU BALTASAR C E PEEF M;Castro;CONFIRMADO;INEP/MEC - Divulgação dos Resultados do Ideb e Saeb por Escola (Paraná);Código INEP localizado com sucesso na base oficial de divulgação do SAEB/IDEB do INEP.
2023;41060466;NICOLAU BALTASAR C E PEEF M;Castro;CONFIRMADO;INEP/MEC - Divulgação dos Resultados do Ideb e Saeb por Escola (Paraná);Código INEP localizado com sucesso na base oficial de divulgação do SAEB/IDEB do INEP.
2025;41060466;NICOLAU BALTASAR C E PEEF M;Castro;CONFIRMADO;INEP/MEC - Divulgação dos Resultados do Ideb e Saeb por Escola (Paraná);Código INEP localizado com sucesso na base oficial de divulgação do SAEB/IDEB do INEP.
2005;41062108;BECKER E SILVA C E CM PROFEF M PROFIS;Ponta Grossa;CONFIRMADO;INEP/MEC - Divulgação dos Resultados do Ideb e Saeb por Escola (Paraná);Código INEP localizado com sucesso na base oficial de divulgação do SAEB/IDEB do INEP.
2007;41062108;BECKER E SILVA C E CM PROFEF M PROFIS;Ponta Grossa;CONFIRMADO;INEP/MEC - Divulgação dos Resultados do Ideb e Saeb por Escola (Paraná);Código INEP localizado com sucesso na base oficial de divulgação do SAEB/IDEB do INEP.
2009;41062108;BECKER E SILVA C E CM PROFEF M PROFIS;Ponta Grossa;CONFIRMADO;INEP/MEC - Divulgação dos Resultados do Ideb e Saeb por Escola (Paraná);Código INEP localizado com sucesso na base oficial de divulgação do SAEB/IDEB do INEP.
2011;41062108;BECKER E SILVA C E CM PROFEF M PROFIS;Ponta Grossa;CONFIRMADO;INEP/MEC - Divulgação dos Resultados do Ideb e Saeb por Escola (Paraná);Código INEP localizado com sucesso na base oficial de divulgação do SAEB/IDEB do INEP.
2013;41062108;BECKER E SILVA C E CM PROFEF M PROFIS;Ponta Grossa;CONFIRMADO;INEP/MEC - Divulgação dos Resultados do Ideb e Saeb por Escola (Paraná);Código INEP localizado com sucesso na base oficial de divulgação do SAEB/IDEB do INEP.
2015;41062108;BECKER E SILVA C E CM PROFEF M PROFIS;Ponta Grossa;CONFIRMADO;INEP/MEC - Divulgação dos Resultados do Ideb e Saeb por Escola (Paraná);Código INEP localizado com sucesso na base oficial de divulgação do SAEB/IDEB do INEP.
2017;41062108;BECKER E SILVA C E CM PROFEF M PROFIS;Ponta Grossa;CONFIRMADO;INEP/MEC - Divulgação dos Resultados do Ideb e Saeb por Escola (Paraná);Código INEP localizado com sucesso na base oficial de divulgação do SAEB/IDEB do INEP.
2019;41062108;BECKER E SILVA C E CM PROFEF M PROFIS;Ponta Grossa;CONFIRMADO;INEP/MEC - Divulgação dos Resultados do Ideb e Saeb por Escola (Paraná);Código INEP localizado com sucesso na base oficial de divulgação do SAEB/IDEB do INEP.
2021;41062108;BECKER E SILVA C E CM PROFEF M PROFIS;Ponta Grossa;CONFIRMADO;INEP/MEC - Divulgação dos Resultados do Ideb e Saeb por Escola (Paraná);Código INEP localizado com sucesso na base oficial de divulgação do SAEB/IDEB do INEP.
2023;41062108;BECKER E SILVA C E CM PROFEF M PROFIS;Ponta Grossa;CONFIRMADO;INEP/MEC - Divulgação dos Resultados do Ideb e Saeb por Escola (Paraná);Código INEP localizado com sucesso na base oficial de divulgação do SAEB/IDEB do INEP.
2025;41062108;BECKER E SILVA C E CM PROFEF M PROFIS;Ponta Grossa;CONFIRMADO;INEP/MEC - Divulgação dos Resultados do Ideb e Saeb por Escola (Paraná);Código INEP localizado com sucesso na base oficial de divulgação do SAEB/IDEB do INEP.
2005;41062191;CARLOS ZELESNY C E CM PEEF M;Ponta Grossa;CONFIRMADO;INEP/MEC - Divulgação dos Resultados do Ideb e Saeb por Escola (Paraná);Código INEP localizado com sucesso na base oficial de divulgação do SAEB/IDEB do INEP.
2007;41062191;CARLOS ZELESNY C E CM PEEF M;Ponta Grossa;CONFIRMADO;INEP/MEC - Divulgação dos Resultados do Ideb e Saeb por Escola (Paraná);Código INEP localizado com sucesso na base oficial de divulgação do SAEB/IDEB do INEP.
2009;41062191;CARLOS ZELESNY C E CM PEEF M;Ponta Grossa;CONFIRMADO;INEP/MEC - Divulgação dos Resultados do Ideb e Saeb por Escola (Paraná);Código INEP localizado com sucesso na base oficial de divulgação do SAEB/IDEB do INEP.
2011;41062191;CARLOS ZELESNY C E CM PEEF M;Ponta Grossa;CONFIRMADO;INEP/MEC - Divulgação dos Resultados do Ideb e Saeb por Escola (Paraná);Código INEP localizado com sucesso na base oficial de divulgação do SAEB/IDEB do INEP.
2013;41062191;CARLOS ZELESNY C E CM PEEF M;Ponta Grossa;CONFIRMADO;INEP/MEC - Divulgação dos Resultados do Ideb e Saeb por Escola (Paraná);Código INEP localizado com sucesso na base oficial de divulgação do SAEB/IDEB do INEP.
2015;41062191;CARLOS ZELESNY C E CM PEEF M;Ponta Grossa;CONFIRMADO;INEP/MEC - Divulgação dos Resultados do Ideb e Saeb por Escola (Paraná);Código INEP localizado com sucesso na base oficial de divulgação do SAEB/IDEB do INEP.
2017;41062191;CARLOS ZELESNY C E CM PEEF M;Ponta Grossa;CONFIRMADO;INEP/MEC - Divulgação dos Resultados do Ideb e Saeb por Escola (Paraná);Código INEP localizado com sucesso na base oficial de divulgação do SAEB/IDEB do INEP.
2019;41062191;CARLOS ZELESNY C E CM PEEF M;Ponta Grossa;CONFIRMADO;INEP/MEC - Divulgação dos Resultados do Ideb e Saeb por Escola (Paraná);Código INEP localizado com sucesso na base oficial de divulgação do SAEB/IDEB do INEP.
2021;41062191;CARLOS ZELESNY C E CM PEEF M;Ponta Grossa;CONFIRMADO;INEP/MEC - Divulgação dos Resultados do Ideb e Saeb por Escola (Paraná);Código INEP localizado com sucesso na base oficial de divulgação do SAEB/IDEB do INEP.
2023;41062191;CARLOS ZELESNY C E CM PEEF M;Ponta Grossa;CONFIRMADO;INEP/MEC - Divulgação dos Resultados do Ideb e Saeb por Escola (Paraná);Código INEP localizado com sucesso na base oficial de divulgação do SAEB/IDEB do INEP.
2025;41062191;CARLOS ZELESNY C E CM PEEF M;Ponta Grossa;CONFIRMADO;INEP/MEC - Divulgação dos Resultados do Ideb e Saeb por Escola (Paraná);Código INEP localizado com sucesso na base oficial de divulgação do SAEB/IDEB do INEP.
2005;41062272;INST ED E PROF CESAR P MARTINEZF M N P;Ponta Grossa;CONFIRMADO;INEP/MEC - Divulgação dos Resultados do Ideb e Saeb por Escola (Paraná);Código INEP localizado com sucesso na base oficial de divulgação do SAEB/IDEB do INEP.
2007;41062272;INST ED E PROF CESAR P MARTINEZF M N P;Ponta Grossa;CONFIRMADO;INEP/MEC - Divulgação dos Resultados do Ideb e Saeb por Escola (Paraná);Código INEP localizado com sucesso na base oficial de divulgação do SAEB/IDEB do INEP.
2009;41062272;INST ED E PROF CESAR P MARTINEZF M N P;Ponta Grossa;CONFIRMADO;INEP/MEC - Divulgação dos Resultados do Ideb e Saeb por Escola (Paraná);Código INEP localizado com sucesso na base oficial de divulgação do SAEB/IDEB do INEP.
2011;41062272;INST ED E PROF CESAR P MARTINEZF M N P;Ponta Grossa;CONFIRMADO;INEP/MEC - Divulgação dos Resultados do Ideb e Saeb por Escola (Paraná);Código INEP localizado com sucesso na base oficial de divulgação do SAEB/IDEB do INEP.
2013;41062272;INST ED E PROF CESAR P MARTINEZF M N P;Ponta Grossa;CONFIRMADO;INEP/MEC - Divulgação dos Resultados do Ideb e Saeb por Escola (Paraná);Código INEP localizado com sucesso na base oficial de divulgação do SAEB/IDEB do INEP.
2015;41062272;INST ED E PROF CESAR P MARTINEZF M N P;Ponta Grossa;CONFIRMADO;INEP/MEC - Divulgação dos Resultados do Ideb e Saeb por Escola (Paraná);Código INEP localizado com sucesso na base oficial de divulgação do SAEB/IDEB do INEP.
2017;41062272;INST ED E PROF CESAR P MARTINEZF M N P;Ponta Grossa;CONFIRMADO;INEP/MEC - Divulgação dos Resultados do Ideb e Saeb por Escola (Paraná);Código INEP localizado com sucesso na base oficial de divulgação do SAEB/IDEB do INEP.
2019;41062272;INST ED E PROF CESAR P MARTINEZF M N P;Ponta Grossa;CONFIRMADO;INEP/MEC - Divulgação dos Resultados do Ideb e Saeb por Escola (Paraná);Código INEP localizado com sucesso na base oficial de divulgação do SAEB/IDEB do INEP.
2021;41062272;INST ED E PROF CESAR P MARTINEZF M N P;Ponta Grossa;CONFIRMADO;INEP/MEC - Divulgação dos Resultados do Ideb e Saeb por Escola (Paraná);Código INEP localizado com sucesso na base oficial de divulgação do SAEB/IDEB do INEP.
2023;41062272;INST ED E PROF CESAR P MARTINEZF M N P;Ponta Grossa;CONFIRMADO;INEP/MEC - Divulgação dos Resultados do Ideb e Saeb por Escola (Paraná);Código INEP localizado com sucesso na base oficial de divulgação do SAEB/IDEB do INEP.
2025;41062272;INST ED E PROF CESAR P MARTINEZF M N P;Ponta Grossa;CONFIRMADO;INEP/MEC - Divulgação dos Resultados do Ideb e Saeb por Escola (Paraná);Código INEP localizado com sucesso na base oficial de divulgação do SAEB/IDEB do INEP.
2005;41062469;EPAMINONDAS N RIBAS C E CM DREF M P;Ponta Grossa;CONFIRMADO;INEP/MEC - Divulgação dos Resultados do Ideb e Saeb por Escola (Paraná);Código INEP localizado com sucesso na base oficial de divulgação do SAEB/IDEB do INEP.
2007;41062469;EPAMINONDAS N RIBAS C E CM DREF M P;Ponta Grossa;CONFIRMADO;INEP/MEC - Divulgação dos Resultados do Ideb e Saeb por Escola (Paraná);Código INEP localizado com sucesso na base oficial de divulgação do SAEB/IDEB do INEP.
2009;41062469;EPAMINONDAS N RIBAS C E CM DREF M P;Ponta Grossa;CONFIRMADO;INEP/MEC - Divulgação dos Resultados do Ideb e Saeb por Escola (Paraná);Código INEP localizado com sucesso na base oficial de divulgação do SAEB/IDEB do INEP.
2011;41062469;EPAMINONDAS N RIBAS C E CM DREF M P;Ponta Grossa;CONFIRMADO;INEP/MEC - Divulgação dos Resultados do Ideb e Saeb por Escola (Paraná);Código INEP localizado com sucesso na base oficial de divulgação do SAEB/IDEB do INEP.
2013;41062469;EPAMINONDAS N RIBAS C E CM DREF M P;Ponta Grossa;CONFIRMADO;INEP/MEC - Divulgação dos Resultados do Ideb e Saeb por Escola (Paraná);Código INEP localizado com sucesso na base oficial de divulgação do SAEB/IDEB do INEP.
2015;41062469;EPAMINONDAS N RIBAS C E CM DREF M P;Ponta Grossa;CONFIRMADO;INEP/MEC - Divulgação dos Resultados do Ideb e Saeb por Escola (Paraná);Código INEP localizado com sucesso na base oficial de divulgação do SAEB/IDEB do INEP.
2017;41062469;EPAMINONDAS N RIBAS C E CM DREF M P;Ponta Grossa;CONFIRMADO;INEP/MEC - Divulgação dos Resultados do Ideb e Saeb por Escola (Paraná);Código INEP localizado com sucesso na base oficial de divulgação do SAEB/IDEB do INEP.
2019;41062469;EPAMINONDAS N RIBAS C E CM DREF M P;Ponta Grossa;CONFIRMADO;INEP/MEC - Divulgação dos Resultados do Ideb e Saeb por Escola (Paraná);Código INEP localizado com sucesso na base oficial de divulgação do SAEB/IDEB do INEP.
2021;41062469;EPAMINONDAS N RIBAS C E CM DREF M P;Ponta Grossa;CONFIRMADO;INEP/MEC - Divulgação dos Resultados do Ideb e Saeb por Escola (Paraná);Código INEP localizado com sucesso na base oficial de divulgação do SAEB/IDEB do INEP.
2023;41062469;EPAMINONDAS N RIBAS C E CM DREF M P;Ponta Grossa;CONFIRMADO;INEP/MEC - Divulgação dos Resultados do Ideb e Saeb por Escola (Paraná);Código INEP localizado com sucesso na base oficial de divulgação do SAEB/IDEB do INEP.
2025;41062469;EPAMINONDAS N RIBAS C E CM DREF M P;Ponta Grossa;CONFIRMADO;INEP/MEC - Divulgação dos Resultados do Ideb e Saeb por Escola (Paraná);Código INEP localizado com sucesso na base oficial de divulgação do SAEB/IDEB do INEP.
2005;41062914;KENNEDY C E PRESEFMPN;Ponta Grossa;CONFIRMADO;INEP/MEC - Divulgação dos Resultados do Ideb e Saeb por Escola (Paraná);Código INEP localizado com sucesso na base oficial de divulgação do SAEB/IDEB do INEP.
2007;41062914;KENNEDY C E PRESEFMPN;Ponta Grossa;CONFIRMADO;INEP/MEC - Divulgação dos Resultados do Ideb e Saeb por Escola (Paraná);Código INEP localizado com sucesso na base oficial de divulgação do SAEB/IDEB do INEP.
2009;41062914;KENNEDY C E PRESEFMPN;Ponta Grossa;CONFIRMADO;INEP/MEC - Divulgação dos Resultados do Ideb e Saeb por Escola (Paraná);Código INEP localizado com sucesso na base oficial de divulgação do SAEB/IDEB do INEP.
2011;41062914;KENNEDY C E PRESEFMPN;Ponta Grossa;CONFIRMADO;INEP/MEC - Divulgação dos Resultados do Ideb e Saeb por Escola (Paraná);Código INEP localizado com sucesso na base oficial de divulgação do SAEB/IDEB do INEP.
2013;41062914;KENNEDY C E PRESEFMPN;Ponta Grossa;CONFIRMADO;INEP/MEC - Divulgação dos Resultados do Ideb e Saeb por Escola (Paraná);Código INEP localizado com sucesso na base oficial de divulgação do SAEB/IDEB do INEP.
2015;41062914;KENNEDY C E PRESEFMPN;Ponta Grossa;CONFIRMADO;INEP/MEC - Divulgação dos Resultados do Ideb e Saeb por Escola (Paraná);Código INEP localizado com sucesso na base oficial de divulgação do SAEB/IDEB do INEP.
2017;41062914;KENNEDY C E PRESEFMPN;Ponta Grossa;CONFIRMADO;INEP/MEC - Divulgação dos Resultados do Ideb e Saeb por Escola (Paraná);Código INEP localizado com sucesso na base oficial de divulgação do SAEB/IDEB do INEP.
2019;41062914;KENNEDY C E PRESEFMPN;Ponta Grossa;CONFIRMADO;INEP/MEC - Divulgação dos Resultados do Ideb e Saeb por Escola (Paraná);Código INEP localizado com sucesso na base oficial de divulgação do SAEB/IDEB do INEP.
2021;41062914;KENNEDY C E PRESEFMPN;Ponta Grossa;CONFIRMADO;INEP/MEC - Divulgação dos Resultados do Ideb e Saeb por Escola (Paraná);Código INEP localizado com sucesso na base oficial de divulgação do SAEB/IDEB do INEP.
2023;41062914;KENNEDY C E PRESEFMPN;Ponta Grossa;CONFIRMADO;INEP/MEC - Divulgação dos Resultados do Ideb e Saeb por Escola (Paraná);Código INEP localizado com sucesso na base oficial de divulgação do SAEB/IDEB do INEP.
2025;41062914;KENNEDY C E PRESEFMPN;Ponta Grossa;CONFIRMADO;INEP/MEC - Divulgação dos Resultados do Ideb e Saeb por Escola (Paraná);Código INEP localizado com sucesso na base oficial de divulgação do SAEB/IDEB do INEP.
2005;41062949;LINDA S BACILA C E PROFAEF M PROFIS;Ponta Grossa;CONFIRMADO;INEP/MEC - Divulgação dos Resultados do Ideb e Saeb por Escola (Paraná);Código INEP localizado com sucesso na base oficial de divulgação do SAEB/IDEB do INEP.
2007;41062949;LINDA S BACILA C E PROFAEF M PROFIS;Ponta Grossa;CONFIRMADO;INEP/MEC - Divulgação dos Resultados do Ideb e Saeb por Escola (Paraná);Código INEP localizado com sucesso na base oficial de divulgação do SAEB/IDEB do INEP.
2009;41062949;LINDA S BACILA C E PROFAEF M PROFIS;Ponta Grossa;CONFIRMADO;INEP/MEC - Divulgação dos Resultados do Ideb e Saeb por Escola (Paraná);Código INEP localizado com sucesso na base oficial de divulgação do SAEB/IDEB do INEP.
2011;41062949;LINDA S BACILA C E PROFAEF M PROFIS;Ponta Grossa;CONFIRMADO;INEP/MEC - Divulgação dos Resultados do Ideb e Saeb por Escola (Paraná);Código INEP localizado com sucesso na base oficial de divulgação do SAEB/IDEB do INEP.
2013;41062949;LINDA S BACILA C E PROFAEF M PROFIS;Ponta Grossa;CONFIRMADO;INEP/MEC - Divulgação dos Resultados do Ideb e Saeb por Escola (Paraná);Código INEP localizado com sucesso na base oficial de divulgação do SAEB/IDEB do INEP.
2015;41062949;LINDA S BACILA C E PROFAEF M PROFIS;Ponta Grossa;CONFIRMADO;INEP/MEC - Divulgação dos Resultados do Ideb e Saeb por Escola (Paraná);Código INEP localizado com sucesso na base oficial de divulgação do SAEB/IDEB do INEP.
2017;41062949;LINDA S BACILA C E PROFAEF M PROFIS;Ponta Grossa;CONFIRMADO;INEP/MEC - Divulgação dos Resultados do Ideb e Saeb por Escola (Paraná);Código INEP localizado com sucesso na base oficial de divulgação do SAEB/IDEB do INEP.
2019;41062949;LINDA S BACILA C E PROFAEF M PROFIS;Ponta Grossa;CONFIRMADO;INEP/MEC - Divulgação dos Resultados do Ideb e Saeb por Escola (Paraná);Código INEP localizado com sucesso na base oficial de divulgação do SAEB/IDEB do INEP.
2021;41062949;LINDA S BACILA C E PROFAEF M PROFIS;Ponta Grossa;CONFIRMADO;INEP/MEC - Divulgação dos Resultados do Ideb e Saeb por Escola (Paraná);Código INEP localizado com sucesso na base oficial de divulgação do SAEB/IDEB do INEP.
2023;41062949;LINDA S BACILA C E PROFAEF M PROFIS;Ponta Grossa;CONFIRMADO;INEP/MEC - Divulgação dos Resultados do Ideb e Saeb por Escola (Paraná);Código INEP localizado com sucesso na base oficial de divulgação do SAEB/IDEB do INEP.
2025;41062949;LINDA S BACILA C E PROFAEF M PROFIS;Ponta Grossa;CONFIRMADO;INEP/MEC - Divulgação dos Resultados do Ideb e Saeb por Escola (Paraná);Código INEP localizado com sucesso na base oficial de divulgação do SAEB/IDEB do INEP.
2005;41063031;MENELEU A TORRES C E PROFEF M PROFIS;Ponta Grossa;CONFIRMADO;INEP/MEC - Divulgação dos Resultados do Ideb e Saeb por Escola (Paraná);Código INEP localizado com sucesso na base oficial de divulgação do SAEB/IDEB do INEP.
2007;41063031;MENELEU A TORRES C E PROFEF M PROFIS;Ponta Grossa;CONFIRMADO;INEP/MEC - Divulgação dos Resultados do Ideb e Saeb por Escola (Paraná);Código INEP localizado com sucesso na base oficial de divulgação do SAEB/IDEB do INEP.
2009;41063031;MENELEU A TORRES C E PROFEF M PROFIS;Ponta Grossa;CONFIRMADO;INEP/MEC - Divulgação dos Resultados do Ideb e Saeb por Escola (Paraná);Código INEP localizado com sucesso na base oficial de divulgação do SAEB/IDEB do INEP.
2011;41063031;MENELEU A TORRES C E PROFEF M PROFIS;Ponta Grossa;CONFIRMADO;INEP/MEC - Divulgação dos Resultados do Ideb e Saeb por Escola (Paraná);Código INEP localizado com sucesso na base oficial de divulgação do SAEB/IDEB do INEP.
2013;41063031;MENELEU A TORRES C E PROFEF M PROFIS;Ponta Grossa;CONFIRMADO;INEP/MEC - Divulgação dos Resultados do Ideb e Saeb por Escola (Paraná);Código INEP localizado com sucesso na base oficial de divulgação do SAEB/IDEB do INEP.
2015;41063031;MENELEU A TORRES C E PROFEF M PROFIS;Ponta Grossa;CONFIRMADO;INEP/MEC - Divulgação dos Resultados do Ideb e Saeb por Escola (Paraná);Código INEP localizado com sucesso na base oficial de divulgação do SAEB/IDEB do INEP.
2017;41063031;MENELEU A TORRES C E PROFEF M PROFIS;Ponta Grossa;CONFIRMADO;INEP/MEC - Divulgação dos Resultados do Ideb e Saeb por Escola (Paraná);Código INEP localizado com sucesso na base oficial de divulgação do SAEB/IDEB do INEP.
2019;41063031;MENELEU A TORRES C E PROFEF M PROFIS;Ponta Grossa;CONFIRMADO;INEP/MEC - Divulgação dos Resultados do Ideb e Saeb por Escola (Paraná);Código INEP localizado com sucesso na base oficial de divulgação do SAEB/IDEB do INEP.
2021;41063031;MENELEU A TORRES C E PROFEF M PROFIS;Ponta Grossa;CONFIRMADO;INEP/MEC - Divulgação dos Resultados do Ideb e Saeb por Escola (Paraná);Código INEP localizado com sucesso na base oficial de divulgação do SAEB/IDEB do INEP.
2023;41063031;MENELEU A TORRES C E PROFEF M PROFIS;Ponta Grossa;CONFIRMADO;INEP/MEC - Divulgação dos Resultados do Ideb e Saeb por Escola (Paraná);Código INEP localizado com sucesso na base oficial de divulgação do SAEB/IDEB do INEP.
2025;41063031;MENELEU A TORRES C E PROFEF M PROFIS;Ponta Grossa;CONFIRMADO;INEP/MEC - Divulgação dos Resultados do Ideb e Saeb por Escola (Paraná);Código INEP localizado com sucesso na base oficial de divulgação do SAEB/IDEB do INEP.
2005;41063058;MONTEIRO LOBATO E EEF;Ponta Grossa;CONFIRMADO;INEP/MEC - Divulgação dos Resultados do Ideb e Saeb por Escola (Paraná);Código INEP localizado com sucesso na base oficial de divulgação do SAEB/IDEB do INEP.
2007;41063058;MONTEIRO LOBATO E EEF;Ponta Grossa;CONFIRMADO;INEP/MEC - Divulgação dos Resultados do Ideb e Saeb por Escola (Paraná);Código INEP localizado com sucesso na base oficial de divulgação do SAEB/IDEB do INEP.
2009;41063058;MONTEIRO LOBATO E EEF;Ponta Grossa;CONFIRMADO;INEP/MEC - Divulgação dos Resultados do Ideb e Saeb por Escola (Paraná);Código INEP localizado com sucesso na base oficial de divulgação do SAEB/IDEB do INEP.
2011;41063058;MONTEIRO LOBATO E EEF;Ponta Grossa;CONFIRMADO;INEP/MEC - Divulgação dos Resultados do Ideb e Saeb por Escola (Paraná);Código INEP localizado com sucesso na base oficial de divulgação do SAEB/IDEB do INEP.
2013;41063058;MONTEIRO LOBATO E EEF;Ponta Grossa;CONFIRMADO;INEP/MEC - Divulgação dos Resultados do Ideb e Saeb por Escola (Paraná);Código INEP localizado com sucesso na base oficial de divulgação do SAEB/IDEB do INEP.
2015;41063058;MONTEIRO LOBATO E EEF;Ponta Grossa;CONFIRMADO;INEP/MEC - Divulgação dos Resultados do Ideb e Saeb por Escola (Paraná);Código INEP localizado com sucesso na base oficial de divulgação do SAEB/IDEB do INEP.
2017;41063058;MONTEIRO LOBATO E EEF;Ponta Grossa;CONFIRMADO;INEP/MEC - Divulgação dos Resultados do Ideb e Saeb por Escola (Paraná);Código INEP localizado com sucesso na base oficial de divulgação do SAEB/IDEB do INEP.
2019;41063058;MONTEIRO LOBATO E EEF;Ponta Grossa;CONFIRMADO;INEP/MEC - Divulgação dos Resultados do Ideb e Saeb por Escola (Paraná);Código INEP localizado com sucesso na base oficial de divulgação do SAEB/IDEB do INEP.
2021;41063058;MONTEIRO LOBATO E EEF;Ponta Grossa;CONFIRMADO;INEP/MEC - Divulgação dos Resultados do Ideb e Saeb por Escola (Paraná);Código INEP localizado com sucesso na base oficial de divulgação do SAEB/IDEB do INEP.
2023;41063058;MONTEIRO LOBATO E EEF;Ponta Grossa;CONFIRMADO;INEP/MEC - Divulgação dos Resultados do Ideb e Saeb por Escola (Paraná);Código INEP localizado com sucesso na base oficial de divulgação do SAEB/IDEB do INEP.
2025;41063058;MONTEIRO LOBATO E EEF;Ponta Grossa;CONFIRMADO;INEP/MEC - Divulgação dos Resultados do Ideb e Saeb por Escola (Paraná);Código INEP localizado com sucesso na base oficial de divulgação do SAEB/IDEB do INEP.
2005;41063139;NOSSA SRA DA GLORIA C E CMEF M;Ponta Grossa;CONFIRMADO;INEP/MEC - Divulgação dos Resultados do Ideb e Saeb por Escola (Paraná);Código INEP localizado com sucesso na base oficial de divulgação do SAEB/IDEB do INEP.
2007;41063139;NOSSA SRA DA GLORIA C E CMEF M;Ponta Grossa;CONFIRMADO;INEP/MEC - Divulgação dos Resultados do Ideb e Saeb por Escola (Paraná);Código INEP localizado com sucesso na base oficial de divulgação do SAEB/IDEB do INEP.
2009;41063139;NOSSA SRA DA GLORIA C E CMEF M;Ponta Grossa;CONFIRMADO;INEP/MEC - Divulgação dos Resultados do Ideb e Saeb por Escola (Paraná);Código INEP localizado com sucesso na base oficial de divulgação do SAEB/IDEB do INEP.
2011;41063139;NOSSA SRA DA GLORIA C E CMEF M;Ponta Grossa;CONFIRMADO;INEP/MEC - Divulgação dos Resultados do Ideb e Saeb por Escola (Paraná);Código INEP localizado com sucesso na base oficial de divulgação do SAEB/IDEB do INEP.
2013;41063139;NOSSA SRA DA GLORIA C E CMEF M;Ponta Grossa;CONFIRMADO;INEP/MEC - Divulgação dos Resultados do Ideb e Saeb por Escola (Paraná);Código INEP localizado com sucesso na base oficial de divulgação do SAEB/IDEB do INEP.
2015;41063139;NOSSA SRA DA GLORIA C E CMEF M;Ponta Grossa;CONFIRMADO;INEP/MEC - Divulgação dos Resultados do Ideb e Saeb por Escola (Paraná);Código INEP localizado com sucesso na base oficial de divulgação do SAEB/IDEB do INEP.
2017;41063139;NOSSA SRA DA GLORIA C E CMEF M;Ponta Grossa;CONFIRMADO;INEP/MEC - Divulgação dos Resultados do Ideb e Saeb por Escola (Paraná);Código INEP localizado com sucesso na base oficial de divulgação do SAEB/IDEB do INEP.
2019;41063139;NOSSA SRA DA GLORIA C E CMEF M;Ponta Grossa;CONFIRMADO;INEP/MEC - Divulgação dos Resultados do Ideb e Saeb por Escola (Paraná);Código INEP localizado com sucesso na base oficial de divulgação do SAEB/IDEB do INEP.
2021;41063139;NOSSA SRA DA GLORIA C E CMEF M;Ponta Grossa;CONFIRMADO;INEP/MEC - Divulgação dos Resultados do Ideb e Saeb por Escola (Paraná);Código INEP localizado com sucesso na base oficial de divulgação do SAEB/IDEB do INEP.
2023;41063139;NOSSA SRA DA GLORIA C E CMEF M;Ponta Grossa;CONFIRMADO;INEP/MEC - Divulgação dos Resultados do Ideb e Saeb por Escola (Paraná);Código INEP localizado com sucesso na base oficial de divulgação do SAEB/IDEB do INEP.
2025;41063139;NOSSA SRA DA GLORIA C E CMEF M;Ponta Grossa;CONFIRMADO;INEP/MEC - Divulgação dos Resultados do Ideb e Saeb por Escola (Paraná);Código INEP localizado com sucesso na base oficial de divulgação do SAEB/IDEB do INEP.
2005;41063155;OSORIO C E CM GALEF M PROFIS;Ponta Grossa;CONFIRMADO;INEP/MEC - Divulgação dos Resultados do Ideb e Saeb por Escola (Paraná);Código INEP localizado com sucesso na base oficial de divulgação do SAEB/IDEB do INEP.
2007;41063155;OSORIO C E CM GALEF M PROFIS;Ponta Grossa;CONFIRMADO;INEP/MEC - Divulgação dos Resultados do Ideb e Saeb por Escola (Paraná);Código INEP localizado com sucesso na base oficial de divulgação do SAEB/IDEB do INEP.
2009;41063155;OSORIO C E CM GALEF M PROFIS;Ponta Grossa;CONFIRMADO;INEP/MEC - Divulgação dos Resultados do Ideb e Saeb por Escola (Paraná);Código INEP localizado com sucesso na base oficial de divulgação do SAEB/IDEB do INEP.
2011;41063155;OSORIO C E CM GALEF M PROFIS;Ponta Grossa;CONFIRMADO;INEP/MEC - Divulgação dos Resultados do Ideb e Saeb por Escola (Paraná);Código INEP localizado com sucesso na base oficial de divulgação do SAEB/IDEB do INEP.
2013;41063155;OSORIO C E CM GALEF M PROFIS;Ponta Grossa;CONFIRMADO;INEP/MEC - Divulgação dos Resultados do Ideb e Saeb por Escola (Paraná);Código INEP localizado com sucesso na base oficial de divulgação do SAEB/IDEB do INEP.
2015;41063155;OSORIO C E CM GALEF M PROFIS;Ponta Grossa;CONFIRMADO;INEP/MEC - Divulgação dos Resultados do Ideb e Saeb por Escola (Paraná);Código INEP localizado com sucesso na base oficial de divulgação do SAEB/IDEB do INEP.
2017;41063155;OSORIO C E CM GALEF M PROFIS;Ponta Grossa;CONFIRMADO;INEP/MEC - Divulgação dos Resultados do Ideb e Saeb por Escola (Paraná);Código INEP localizado com sucesso na base oficial de divulgação do SAEB/IDEB do INEP.
2019;41063155;OSORIO C E CM GALEF M PROFIS;Ponta Grossa;CONFIRMADO;INEP/MEC - Divulgação dos Resultados do Ideb e Saeb por Escola (Paraná);Código INEP localizado com sucesso na base oficial de divulgação do SAEB/IDEB do INEP.
2021;41063155;OSORIO C E CM GALEF M PROFIS;Ponta Grossa;CONFIRMADO;INEP/MEC - Divulgação dos Resultados do Ideb e Saeb por Escola (Paraná);Código INEP localizado com sucesso na base oficial de divulgação do SAEB/IDEB do INEP.
2023;41063155;OSORIO C E CM GALEF M PROFIS;Ponta Grossa;CONFIRMADO;INEP/MEC - Divulgação dos Resultados do Ideb e Saeb por Escola (Paraná);Código INEP localizado com sucesso na base oficial de divulgação do SAEB/IDEB do INEP.
2025;41063155;OSORIO C E CM GALEF M PROFIS;Ponta Grossa;CONFIRMADO;INEP/MEC - Divulgação dos Resultados do Ideb e Saeb por Escola (Paraná);Código INEP localizado com sucesso na base oficial de divulgação do SAEB/IDEB do INEP.
2005;41063384;SANTA MARIA C EEF M;Ponta Grossa;CONFIRMADO;INEP/MEC - Divulgação dos Resultados do Ideb e Saeb por Escola (Paraná);Código INEP localizado com sucesso na base oficial de divulgação do SAEB/IDEB do INEP.
2007;41063384;SANTA MARIA C EEF M;Ponta Grossa;CONFIRMADO;INEP/MEC - Divulgação dos Resultados do Ideb e Saeb por Escola (Paraná);Código INEP localizado com sucesso na base oficial de divulgação do SAEB/IDEB do INEP.
2009;41063384;SANTA MARIA C EEF M;Ponta Grossa;CONFIRMADO;INEP/MEC - Divulgação dos Resultados do Ideb e Saeb por Escola (Paraná);Código INEP localizado com sucesso na base oficial de divulgação do SAEB/IDEB do INEP.
2011;41063384;SANTA MARIA C EEF M;Ponta Grossa;CONFIRMADO;INEP/MEC - Divulgação dos Resultados do Ideb e Saeb por Escola (Paraná);Código INEP localizado com sucesso na base oficial de divulgação do SAEB/IDEB do INEP.
2013;41063384;SANTA MARIA C EEF M;Ponta Grossa;CONFIRMADO;INEP/MEC - Divulgação dos Resultados do Ideb e Saeb por Escola (Paraná);Código INEP localizado com sucesso na base oficial de divulgação do SAEB/IDEB do INEP.
2015;41063384;SANTA MARIA C EEF M;Ponta Grossa;CONFIRMADO;INEP/MEC - Divulgação dos Resultados do Ideb e Saeb por Escola (Paraná);Código INEP localizado com sucesso na base oficial de divulgação do SAEB/IDEB do INEP.
2017;41063384;SANTA MARIA C EEF M;Ponta Grossa;CONFIRMADO;INEP/MEC - Divulgação dos Resultados do Ideb e Saeb por Escola (Paraná);Código INEP localizado com sucesso na base oficial de divulgação do SAEB/IDEB do INEP.
2019;41063384;SANTA MARIA C EEF M;Ponta Grossa;CONFIRMADO;INEP/MEC - Divulgação dos Resultados do Ideb e Saeb por Escola (Paraná);Código INEP localizado com sucesso na base oficial de divulgação do SAEB/IDEB do INEP.
2021;41063384;SANTA MARIA C EEF M;Ponta Grossa;CONFIRMADO;INEP/MEC - Divulgação dos Resultados do Ideb e Saeb por Escola (Paraná);Código INEP localizado com sucesso na base oficial de divulgação do SAEB/IDEB do INEP.
2023;41063384;SANTA MARIA C EEF M;Ponta Grossa;CONFIRMADO;INEP/MEC - Divulgação dos Resultados do Ideb e Saeb por Escola (Paraná);Código INEP localizado com sucesso na base oficial de divulgação do SAEB/IDEB do INEP.
2025;41063384;SANTA MARIA C EEF M;Ponta Grossa;CONFIRMADO;INEP/MEC - Divulgação dos Resultados do Ideb e Saeb por Escola (Paraná);Código INEP localizado com sucesso na base oficial de divulgação do SAEB/IDEB do INEP.
2005;41067029;GRACILIANO RAMOS E E CMEF;Santa Helena;CONFIRMADO;INEP/MEC - Divulgação dos Resultados do Ideb e Saeb por Escola (Paraná);Código INEP localizado com sucesso na base oficial de divulgação do SAEB/IDEB do INEP.
2007;41067029;GRACILIANO RAMOS E E CMEF;Santa Helena;CONFIRMADO;INEP/MEC - Divulgação dos Resultados do Ideb e Saeb por Escola (Paraná);Código INEP localizado com sucesso na base oficial de divulgação do SAEB/IDEB do INEP.
2009;41067029;GRACILIANO RAMOS E E CMEF;Santa Helena;CONFIRMADO;INEP/MEC - Divulgação dos Resultados do Ideb e Saeb por Escola (Paraná);Código INEP localizado com sucesso na base oficial de divulgação do SAEB/IDEB do INEP.
2011;41067029;GRACILIANO RAMOS E E CMEF;Santa Helena;CONFIRMADO;INEP/MEC - Divulgação dos Resultados do Ideb e Saeb por Escola (Paraná);Código INEP localizado com sucesso na base oficial de divulgação do SAEB/IDEB do INEP.
2013;41067029;GRACILIANO RAMOS E E CMEF;Santa Helena;CONFIRMADO;INEP/MEC - Divulgação dos Resultados do Ideb e Saeb por Escola (Paraná);Código INEP localizado com sucesso na base oficial de divulgação do SAEB/IDEB do INEP.
2015;41067029;GRACILIANO RAMOS E E CMEF;Santa Helena;CONFIRMADO;INEP/MEC - Divulgação dos Resultados do Ideb e Saeb por Escola (Paraná);Código INEP localizado com sucesso na base oficial de divulgação do SAEB/IDEB do INEP.
2017;41067029;GRACILIANO RAMOS E E CMEF;Santa Helena;CONFIRMADO;INEP/MEC - Divulgação dos Resultados do Ideb e Saeb por Escola (Paraná);Código INEP localizado com sucesso na base oficial de divulgação do SAEB/IDEB do INEP.
2019;41067029;GRACILIANO RAMOS E E CMEF;Santa Helena;CONFIRMADO;INEP/MEC - Divulgação dos Resultados do Ideb e Saeb por Escola (Paraná);Código INEP localizado com sucesso na base oficial de divulgação do SAEB/IDEB do INEP.
2021;41067029;GRACILIANO RAMOS E E CMEF;Santa Helena;CONFIRMADO;INEP/MEC - Divulgação dos Resultados do Ideb e Saeb por Escola (Paraná);Código INEP localizado com sucesso na base oficial de divulgação do SAEB/IDEB do INEP.
2023;41067029;GRACILIANO RAMOS E E CMEF;Santa Helena;CONFIRMADO;INEP/MEC - Divulgação dos Resultados do Ideb e Saeb por Escola (Paraná);Código INEP localizado com sucesso na base oficial de divulgação do SAEB/IDEB do INEP.
2025;41067029;GRACILIANO RAMOS E E CMEF;Santa Helena;CONFIRMADO;INEP/MEC - Divulgação dos Resultados do Ideb e Saeb por Escola (Paraná);Código INEP localizado com sucesso na base oficial de divulgação do SAEB/IDEB do INEP.
2005;41068688;JOAO ARNALDO RITT C E CMEF M;Toledo;CONFIRMADO;INEP/MEC - Divulgação dos Resultados do Ideb e Saeb por Escola (Paraná);Código INEP localizado com sucesso na base oficial de divulgação do SAEB/IDEB do INEP.
2007;41068688;JOAO ARNALDO RITT C E CMEF M;Toledo;CONFIRMADO;INEP/MEC - Divulgação dos Resultados do Ideb e Saeb por Escola (Paraná);Código INEP localizado com sucesso na base oficial de divulgação do SAEB/IDEB do INEP.
2009;41068688;JOAO ARNALDO RITT C E CMEF M;Toledo;CONFIRMADO;INEP/MEC - Divulgação dos Resultados do Ideb e Saeb por Escola (Paraná);Código INEP localizado com sucesso na base oficial de divulgação do SAEB/IDEB do INEP.
2011;41068688;JOAO ARNALDO RITT C E CMEF M;Toledo;CONFIRMADO;INEP/MEC - Divulgação dos Resultados do Ideb e Saeb por Escola (Paraná);Código INEP localizado com sucesso na base oficial de divulgação do SAEB/IDEB do INEP.
2013;41068688;JOAO ARNALDO RITT C E CMEF M;Toledo;CONFIRMADO;INEP/MEC - Divulgação dos Resultados do Ideb e Saeb por Escola (Paraná);Código INEP localizado com sucesso na base oficial de divulgação do SAEB/IDEB do INEP.
2015;41068688;JOAO ARNALDO RITT C E CMEF M;Toledo;CONFIRMADO;INEP/MEC - Divulgação dos Resultados do Ideb e Saeb por Escola (Paraná);Código INEP localizado com sucesso na base oficial de divulgação do SAEB/IDEB do INEP.
2017;41068688;JOAO ARNALDO RITT C E CMEF M;Toledo;CONFIRMADO;INEP/MEC - Divulgação dos Resultados do Ideb e Saeb por Escola (Paraná);Código INEP localizado com sucesso na base oficial de divulgação do SAEB/IDEB do INEP.
2019;41068688;JOAO ARNALDO RITT C E CMEF M;Toledo;CONFIRMADO;INEP/MEC - Divulgação dos Resultados do Ideb e Saeb por Escola (Paraná);Código INEP localizado com sucesso na base oficial de divulgação do SAEB/IDEB do INEP.
2021;41068688;JOAO ARNALDO RITT C E CMEF M;Toledo;CONFIRMADO;INEP/MEC - Divulgação dos Resultados do Ideb e Saeb por Escola (Paraná);Código INEP localizado com sucesso na base oficial de divulgação do SAEB/IDEB do INEP.
2023;41068688;JOAO ARNALDO RITT C E CMEF M;Toledo;CONFIRMADO;INEP/MEC - Divulgação dos Resultados do Ideb e Saeb por Escola (Paraná);Código INEP localizado com sucesso na base oficial de divulgação do SAEB/IDEB do INEP.
2025;41068688;JOAO ARNALDO RITT C E CMEF M;Toledo;CONFIRMADO;INEP/MEC - Divulgação dos Resultados do Ideb e Saeb por Escola (Paraná);Código INEP localizado com sucesso na base oficial de divulgação do SAEB/IDEB do INEP.
2005;41068807;LUIZ AUGUSTO M REGO C E CMEF M PROFIS;Toledo;CONFIRMADO;INEP/MEC - Divulgação dos Resultados do Ideb e Saeb por Escola (Paraná);Código INEP localizado com sucesso na base oficial de divulgação do SAEB/IDEB do INEP.
2007;41068807;LUIZ AUGUSTO M REGO C E CMEF M PROFIS;Toledo;CONFIRMADO;INEP/MEC - Divulgação dos Resultados do Ideb e Saeb por Escola (Paraná);Código INEP localizado com sucesso na base oficial de divulgação do SAEB/IDEB do INEP.
2009;41068807;LUIZ AUGUSTO M REGO C E CMEF M PROFIS;Toledo;CONFIRMADO;INEP/MEC - Divulgação dos Resultados do Ideb e Saeb por Escola (Paraná);Código INEP localizado com sucesso na base oficial de divulgação do SAEB/IDEB do INEP.
2011;41068807;LUIZ AUGUSTO M REGO C E CMEF M PROFIS;Toledo;CONFIRMADO;INEP/MEC - Divulgação dos Resultados do Ideb e Saeb por Escola (Paraná);Código INEP localizado com sucesso na base oficial de divulgação do SAEB/IDEB do INEP.
2013;41068807;LUIZ AUGUSTO M REGO C E CMEF M PROFIS;Toledo;CONFIRMADO;INEP/MEC - Divulgação dos Resultados do Ideb e Saeb por Escola (Paraná);Código INEP localizado com sucesso na base oficial de divulgação do SAEB/IDEB do INEP.
2015;41068807;LUIZ AUGUSTO M REGO C E CMEF M PROFIS;Toledo;CONFIRMADO;INEP/MEC - Divulgação dos Resultados do Ideb e Saeb por Escola (Paraná);Código INEP localizado com sucesso na base oficial de divulgação do SAEB/IDEB do INEP.
2017;41068807;LUIZ AUGUSTO M REGO C E CMEF M PROFIS;Toledo;CONFIRMADO;INEP/MEC - Divulgação dos Resultados do Ideb e Saeb por Escola (Paraná);Código INEP localizado com sucesso na base oficial de divulgação do SAEB/IDEB do INEP.
2019;41068807;LUIZ AUGUSTO M REGO C E CMEF M PROFIS;Toledo;CONFIRMADO;INEP/MEC - Divulgação dos Resultados do Ideb e Saeb por Escola (Paraná);Código INEP localizado com sucesso na base oficial de divulgação do SAEB/IDEB do INEP.
2021;41068807;LUIZ AUGUSTO M REGO C E CMEF M PROFIS;Toledo;CONFIRMADO;INEP/MEC - Divulgação dos Resultados do Ideb e Saeb por Escola (Paraná);Código INEP localizado com sucesso na base oficial de divulgação do SAEB/IDEB do INEP.
2023;41068807;LUIZ AUGUSTO M REGO C E CMEF M PROFIS;Toledo;CONFIRMADO;INEP/MEC - Divulgação dos Resultados do Ideb e Saeb por Escola (Paraná);Código INEP localizado com sucesso na base oficial de divulgação do SAEB/IDEB do INEP.
2025;41068807;LUIZ AUGUSTO M REGO C E CMEF M PROFIS;Toledo;CONFIRMADO;INEP/MEC - Divulgação dos Resultados do Ideb e Saeb por Escola (Paraná);Código INEP localizado com sucesso na base oficial de divulgação do SAEB/IDEB do INEP.
2005;41068998;NOVO SARANDI C E CEF M;Toledo;CONFIRMADO;INEP/MEC - Divulgação dos Resultados do Ideb e Saeb por Escola (Paraná);Código INEP localizado com sucesso na base oficial de divulgação do SAEB/IDEB do INEP.
2007;41068998;NOVO SARANDI C E CEF M;Toledo;CONFIRMADO;INEP/MEC - Divulgação dos Resultados do Ideb e Saeb por Escola (Paraná);Código INEP localizado com sucesso na base oficial de divulgação do SAEB/IDEB do INEP.
2009;41068998;NOVO SARANDI C E CEF M;Toledo;CONFIRMADO;INEP/MEC - Divulgação dos Resultados do Ideb e Saeb por Escola (Paraná);Código INEP localizado com sucesso na base oficial de divulgação do SAEB/IDEB do INEP.
2011;41068998;NOVO SARANDI C E CEF M;Toledo;CONFIRMADO;INEP/MEC - Divulgação dos Resultados do Ideb e Saeb por Escola (Paraná);Código INEP localizado com sucesso na base oficial de divulgação do SAEB/IDEB do INEP.
2013;41068998;NOVO SARANDI C E CEF M;Toledo;CONFIRMADO;INEP/MEC - Divulgação dos Resultados do Ideb e Saeb por Escola (Paraná);Código INEP localizado com sucesso na base oficial de divulgação do SAEB/IDEB do INEP.
2015;41068998;NOVO SARANDI C E CEF M;Toledo;CONFIRMADO;INEP/MEC - Divulgação dos Resultados do Ideb e Saeb por Escola (Paraná);Código INEP localizado com sucesso na base oficial de divulgação do SAEB/IDEB do INEP.
2017;41068998;NOVO SARANDI C E CEF M;Toledo;CONFIRMADO;INEP/MEC - Divulgação dos Resultados do Ideb e Saeb por Escola (Paraná);Código INEP localizado com sucesso na base oficial de divulgação do SAEB/IDEB do INEP.
2019;41068998;NOVO SARANDI C E CEF M;Toledo;CONFIRMADO;INEP/MEC - Divulgação dos Resultados do Ideb e Saeb por Escola (Paraná);Código INEP localizado com sucesso na base oficial de divulgação do SAEB/IDEB do INEP.
2021;41068998;NOVO SARANDI C E CEF M;Toledo;CONFIRMADO;INEP/MEC - Divulgação dos Resultados do Ideb e Saeb por Escola (Paraná);Código INEP localizado com sucesso na base oficial de divulgação do SAEB/IDEB do INEP.
2023;41068998;NOVO SARANDI C E CEF M;Toledo;CONFIRMADO;INEP/MEC - Divulgação dos Resultados do Ideb e Saeb por Escola (Paraná);Código INEP localizado com sucesso na base oficial de divulgação do SAEB/IDEB do INEP.
2025;41068998;NOVO SARANDI C E CEF M;Toledo;CONFIRMADO;INEP/MEC - Divulgação dos Resultados do Ideb e Saeb por Escola (Paraná);Código INEP localizado com sucesso na base oficial de divulgação do SAEB/IDEB do INEP.
2005;41070224;ALBERTO S DUMONT C EEF M N PROFIS;Cafelândia;CONFIRMADO;INEP/MEC - Divulgação dos Resultados do Ideb e Saeb por Escola (Paraná);Código INEP localizado com sucesso na base oficial de divulgação do SAEB/IDEB do INEP.
2007;41070224;ALBERTO S DUMONT C EEF M N PROFIS;Cafelândia;CONFIRMADO;INEP/MEC - Divulgação dos Resultados do Ideb e Saeb por Escola (Paraná);Código INEP localizado com sucesso na base oficial de divulgação do SAEB/IDEB do INEP.
2009;41070224;ALBERTO S DUMONT C EEF M N PROFIS;Cafelândia;CONFIRMADO;INEP/MEC - Divulgação dos Resultados do Ideb e Saeb por Escola (Paraná);Código INEP localizado com sucesso na base oficial de divulgação do SAEB/IDEB do INEP.
2011;41070224;ALBERTO S DUMONT C EEF M N PROFIS;Cafelândia;CONFIRMADO;INEP/MEC - Divulgação dos Resultados do Ideb e Saeb por Escola (Paraná);Código INEP localizado com sucesso na base oficial de divulgação do SAEB/IDEB do INEP.
2013;41070224;ALBERTO S DUMONT C EEF M N PROFIS;Cafelândia;CONFIRMADO;INEP/MEC - Divulgação dos Resultados do Ideb e Saeb por Escola (Paraná);Código INEP localizado com sucesso na base oficial de divulgação do SAEB/IDEB do INEP.
2015;41070224;ALBERTO S DUMONT C EEF M N PROFIS;Cafelândia;CONFIRMADO;INEP/MEC - Divulgação dos Resultados do Ideb e Saeb por Escola (Paraná);Código INEP localizado com sucesso na base oficial de divulgação do SAEB/IDEB do INEP.
2017;41070224;ALBERTO S DUMONT C EEF M N PROFIS;Cafelândia;CONFIRMADO;INEP/MEC - Divulgação dos Resultados do Ideb e Saeb por Escola (Paraná);Código INEP localizado com sucesso na base oficial de divulgação do SAEB/IDEB do INEP.
2019;41070224;ALBERTO S DUMONT C EEF M N PROFIS;Cafelândia;CONFIRMADO;INEP/MEC - Divulgação dos Resultados do Ideb e Saeb por Escola (Paraná);Código INEP localizado com sucesso na base oficial de divulgação do SAEB/IDEB do INEP.
2021;41070224;ALBERTO S DUMONT C EEF M N PROFIS;Cafelândia;CONFIRMADO;INEP/MEC - Divulgação dos Resultados do Ideb e Saeb por Escola (Paraná);Código INEP localizado com sucesso na base oficial de divulgação do SAEB/IDEB do INEP.
2023;41070224;ALBERTO S DUMONT C EEF M N PROFIS;Cafelândia;CONFIRMADO;INEP/MEC - Divulgação dos Resultados do Ideb e Saeb por Escola (Paraná);Código INEP localizado com sucesso na base oficial de divulgação do SAEB/IDEB do INEP.
2025;41070224;ALBERTO S DUMONT C EEF M N PROFIS;Cafelândia;CONFIRMADO;INEP/MEC - Divulgação dos Resultados do Ideb e Saeb por Escola (Paraná);Código INEP localizado com sucesso na base oficial de divulgação do SAEB/IDEB do INEP.
2005;41070585;CARLOS A CAMARGO C E CMEF M PROFIS;Capitão Leônidas Marques;CONFIRMADO;INEP/MEC - Divulgação dos Resultados do Ideb e Saeb por Escola (Paraná);Código INEP localizado com sucesso na base oficial de divulgação do SAEB/IDEB do INEP.
2007;41070585;CARLOS A CAMARGO C E CMEF M PROFIS;Capitão Leônidas Marques;CONFIRMADO;INEP/MEC - Divulgação dos Resultados do Ideb e Saeb por Escola (Paraná);Código INEP localizado com sucesso na base oficial de divulgação do SAEB/IDEB do INEP.
2009;41070585;CARLOS A CAMARGO C E CMEF M PROFIS;Capitão Leônidas Marques;CONFIRMADO;INEP/MEC - Divulgação dos Resultados do Ideb e Saeb por Escola (Paraná);Código INEP localizado com sucesso na base oficial de divulgação do SAEB/IDEB do INEP.
2011;41070585;CARLOS A CAMARGO C E CMEF M PROFIS;Capitão Leônidas Marques;CONFIRMADO;INEP/MEC - Divulgação dos Resultados do Ideb e Saeb por Escola (Paraná);Código INEP localizado com sucesso na base oficial de divulgação do SAEB/IDEB do INEP.
2013;41070585;CARLOS A CAMARGO C E CMEF M PROFIS;Capitão Leônidas Marques;CONFIRMADO;INEP/MEC - Divulgação dos Resultados do Ideb e Saeb por Escola (Paraná);Código INEP localizado com sucesso na base oficial de divulgação do SAEB/IDEB do INEP.
2015;41070585;CARLOS A CAMARGO C E CMEF M PROFIS;Capitão Leônidas Marques;CONFIRMADO;INEP/MEC - Divulgação dos Resultados do Ideb e Saeb por Escola (Paraná);Código INEP localizado com sucesso na base oficial de divulgação do SAEB/IDEB do INEP.
2017;41070585;CARLOS A CAMARGO C E CMEF M PROFIS;Capitão Leônidas Marques;CONFIRMADO;INEP/MEC - Divulgação dos Resultados do Ideb e Saeb por Escola (Paraná);Código INEP localizado com sucesso na base oficial de divulgação do SAEB/IDEB do INEP.
2019;41070585;CARLOS A CAMARGO C E CMEF M PROFIS;Capitão Leônidas Marques;CONFIRMADO;INEP/MEC - Divulgação dos Resultados do Ideb e Saeb por Escola (Paraná);Código INEP localizado com sucesso na base oficial de divulgação do SAEB/IDEB do INEP.
2021;41070585;CARLOS A CAMARGO C E CMEF M PROFIS;Capitão Leônidas Marques;CONFIRMADO;INEP/MEC - Divulgação dos Resultados do Ideb e Saeb por Escola (Paraná);Código INEP localizado com sucesso na base oficial de divulgação do SAEB/IDEB do INEP.
2023;41070585;CARLOS A CAMARGO C E CMEF M PROFIS;Capitão Leônidas Marques;CONFIRMADO;INEP/MEC - Divulgação dos Resultados do Ideb e Saeb por Escola (Paraná);Código INEP localizado com sucesso na base oficial de divulgação do SAEB/IDEB do INEP.
2025;41070585;CARLOS A CAMARGO C E CMEF M PROFIS;Capitão Leônidas Marques;CONFIRMADO;INEP/MEC - Divulgação dos Resultados do Ideb e Saeb por Escola (Paraná);Código INEP localizado com sucesso na base oficial de divulgação do SAEB/IDEB do INEP.
2005;41071018;XIV DE NOVEMBRO C E CMEF M;Cascavel;CONFIRMADO;INEP/MEC - Divulgação dos Resultados do Ideb e Saeb por Escola (Paraná);Código INEP localizado com sucesso na base oficial de divulgação do SAEB/IDEB do INEP.
2007;41071018;XIV DE NOVEMBRO C E CMEF M;Cascavel;CONFIRMADO;INEP/MEC - Divulgação dos Resultados do Ideb e Saeb por Escola (Paraná);Código INEP localizado com sucesso na base oficial de divulgação do SAEB/IDEB do INEP.
2009;41071018;XIV DE NOVEMBRO C E CMEF M;Cascavel;CONFIRMADO;INEP/MEC - Divulgação dos Resultados do Ideb e Saeb por Escola (Paraná);Código INEP localizado com sucesso na base oficial de divulgação do SAEB/IDEB do INEP.
2011;41071018;XIV DE NOVEMBRO C E CMEF M;Cascavel;CONFIRMADO;INEP/MEC - Divulgação dos Resultados do Ideb e Saeb por Escola (Paraná);Código INEP localizado com sucesso na base oficial de divulgação do SAEB/IDEB do INEP.
2013;41071018;XIV DE NOVEMBRO C E CMEF M;Cascavel;CONFIRMADO;INEP/MEC - Divulgação dos Resultados do Ideb e Saeb por Escola (Paraná);Código INEP localizado com sucesso na base oficial de divulgação do SAEB/IDEB do INEP.
2015;41071018;XIV DE NOVEMBRO C E CMEF M;Cascavel;CONFIRMADO;INEP/MEC - Divulgação dos Resultados do Ideb e Saeb por Escola (Paraná);Código INEP localizado com sucesso na base oficial de divulgação do SAEB/IDEB do INEP.
2017;41071018;XIV DE NOVEMBRO C E CMEF M;Cascavel;CONFIRMADO;INEP/MEC - Divulgação dos Resultados do Ideb e Saeb por Escola (Paraná);Código INEP localizado com sucesso na base oficial de divulgação do SAEB/IDEB do INEP.
2019;41071018;XIV DE NOVEMBRO C E CMEF M;Cascavel;CONFIRMADO;INEP/MEC - Divulgação dos Resultados do Ideb e Saeb por Escola (Paraná);Código INEP localizado com sucesso na base oficial de divulgação do SAEB/IDEB do INEP.
2021;41071018;XIV DE NOVEMBRO C E CMEF M;Cascavel;CONFIRMADO;INEP/MEC - Divulgação dos Resultados do Ideb e Saeb por Escola (Paraná);Código INEP localizado com sucesso na base oficial de divulgação do SAEB/IDEB do INEP.
2023;41071018;XIV DE NOVEMBRO C E CMEF M;Cascavel;CONFIRMADO;INEP/MEC - Divulgação dos Resultados do Ideb e Saeb por Escola (Paraná);Código INEP localizado com sucesso na base oficial de divulgação do SAEB/IDEB do INEP.
2025;41071018;XIV DE NOVEMBRO C E CMEF M;Cascavel;CONFIRMADO;INEP/MEC - Divulgação dos Resultados do Ideb e Saeb por Escola (Paraná);Código INEP localizado com sucesso na base oficial de divulgação do SAEB/IDEB do INEP.
2005;41071409;HUMBERTO A C BRANCO C E CM MALEF M P;Cascavel;CONFIRMADO;INEP/MEC - Divulgação dos Resultados do Ideb e Saeb por Escola (Paraná);Código INEP localizado com sucesso na base oficial de divulgação do SAEB/IDEB do INEP.
2007;41071409;HUMBERTO A C BRANCO C E CM MALEF M P;Cascavel;CONFIRMADO;INEP/MEC - Divulgação dos Resultados do Ideb e Saeb por Escola (Paraná);Código INEP localizado com sucesso na base oficial de divulgação do SAEB/IDEB do INEP.
2009;41071409;HUMBERTO A C BRANCO C E CM MALEF M P;Cascavel;CONFIRMADO;INEP/MEC - Divulgação dos Resultados do Ideb e Saeb por Escola (Paraná);Código INEP localizado com sucesso na base oficial de divulgação do SAEB/IDEB do INEP.
2011;41071409;HUMBERTO A C BRANCO C E CM MALEF M P;Cascavel;CONFIRMADO;INEP/MEC - Divulgação dos Resultados do Ideb e Saeb por Escola (Paraná);Código INEP localizado com sucesso na base oficial de divulgação do SAEB/IDEB do INEP.
2013;41071409;HUMBERTO A C BRANCO C E CM MALEF M P;Cascavel;CONFIRMADO;INEP/MEC - Divulgação dos Resultados do Ideb e Saeb por Escola (Paraná);Código INEP localizado com sucesso na base oficial de divulgação do SAEB/IDEB do INEP.
2015;41071409;HUMBERTO A C BRANCO C E CM MALEF M P;Cascavel;CONFIRMADO;INEP/MEC - Divulgação dos Resultados do Ideb e Saeb por Escola (Paraná);Código INEP localizado com sucesso na base oficial de divulgação do SAEB/IDEB do INEP.
2017;41071409;HUMBERTO A C BRANCO C E CM MALEF M P;Cascavel;CONFIRMADO;INEP/MEC - Divulgação dos Resultados do Ideb e Saeb por Escola (Paraná);Código INEP localizado com sucesso na base oficial de divulgação do SAEB/IDEB do INEP.
2019;41071409;HUMBERTO A C BRANCO C E CM MALEF M P;Cascavel;CONFIRMADO;INEP/MEC - Divulgação dos Resultados do Ideb e Saeb por Escola (Paraná);Código INEP localizado com sucesso na base oficial de divulgação do SAEB/IDEB do INEP.
2021;41071409;HUMBERTO A C BRANCO C E CM MALEF M P;Cascavel;CONFIRMADO;INEP/MEC - Divulgação dos Resultados do Ideb e Saeb por Escola (Paraná);Código INEP localizado com sucesso na base oficial de divulgação do SAEB/IDEB do INEP.
2023;41071409;HUMBERTO A C BRANCO C E CM MALEF M P;Cascavel;CONFIRMADO;INEP/MEC - Divulgação dos Resultados do Ideb e Saeb por Escola (Paraná);Código INEP localizado com sucesso na base oficial de divulgação do SAEB/IDEB do INEP.
2025;41071409;HUMBERTO A C BRANCO C E CM MALEF M P;Cascavel;CONFIRMADO;INEP/MEC - Divulgação dos Resultados do Ideb e Saeb por Escola (Paraná);Código INEP localizado com sucesso na base oficial de divulgação do SAEB/IDEB do INEP.
2005;41071590;JOSE A B ORSO C E CMEF M PROF;Cascavel;CONFIRMADO;INEP/MEC - Divulgação dos Resultados do Ideb e Saeb por Escola (Paraná);Código INEP localizado com sucesso na base oficial de divulgação do SAEB/IDEB do INEP.
2007;41071590;JOSE A B ORSO C E CMEF M PROF;Cascavel;CONFIRMADO;INEP/MEC - Divulgação dos Resultados do Ideb e Saeb por Escola (Paraná);Código INEP localizado com sucesso na base oficial de divulgação do SAEB/IDEB do INEP.
2009;41071590;JOSE A B ORSO C E CMEF M PROF;Cascavel;CONFIRMADO;INEP/MEC - Divulgação dos Resultados do Ideb e Saeb por Escola (Paraná);Código INEP localizado com sucesso na base oficial de divulgação do SAEB/IDEB do INEP.
2011;41071590;JOSE A B ORSO C E CMEF M PROF;Cascavel;CONFIRMADO;INEP/MEC - Divulgação dos Resultados do Ideb e Saeb por Escola (Paraná);Código INEP localizado com sucesso na base oficial de divulgação do SAEB/IDEB do INEP.
2013;41071590;JOSE A B ORSO C E CMEF M PROF;Cascavel;CONFIRMADO;INEP/MEC - Divulgação dos Resultados do Ideb e Saeb por Escola (Paraná);Código INEP localizado com sucesso na base oficial de divulgação do SAEB/IDEB do INEP.
2015;41071590;JOSE A B ORSO C E CMEF M PROF;Cascavel;CONFIRMADO;INEP/MEC - Divulgação dos Resultados do Ideb e Saeb por Escola (Paraná);Código INEP localizado com sucesso na base oficial de divulgação do SAEB/IDEB do INEP.
2017;41071590;JOSE A B ORSO C E CMEF M PROF;Cascavel;CONFIRMADO;INEP/MEC - Divulgação dos Resultados do Ideb e Saeb por Escola (Paraná);Código INEP localizado com sucesso na base oficial de divulgação do SAEB/IDEB do INEP.
2019;41071590;JOSE A B ORSO C E CMEF M PROF;Cascavel;CONFIRMADO;INEP/MEC - Divulgação dos Resultados do Ideb e Saeb por Escola (Paraná);Código INEP localizado com sucesso na base oficial de divulgação do SAEB/IDEB do INEP.
2021;41071590;JOSE A B ORSO C E CMEF M PROF;Cascavel;CONFIRMADO;INEP/MEC - Divulgação dos Resultados do Ideb e Saeb por Escola (Paraná);Código INEP localizado com sucesso na base oficial de divulgação do SAEB/IDEB do INEP.
2023;41071590;JOSE A B ORSO C E CMEF M PROF;Cascavel;CONFIRMADO;INEP/MEC - Divulgação dos Resultados do Ideb e Saeb por Escola (Paraná);Código INEP localizado com sucesso na base oficial de divulgação do SAEB/IDEB do INEP.
2025;41071590;JOSE A B ORSO C E CMEF M PROF;Cascavel;CONFIRMADO;INEP/MEC - Divulgação dos Resultados do Ideb e Saeb por Escola (Paraná);Código INEP localizado com sucesso na base oficial de divulgação do SAEB/IDEB do INEP.
2005;41071832;MARILIS F PIROTELLI C EEF M;Cascavel;CONFIRMADO;INEP/MEC - Divulgação dos Resultados do Ideb e Saeb por Escola (Paraná);Código INEP localizado com sucesso na base oficial de divulgação do SAEB/IDEB do INEP.
2007;41071832;MARILIS F PIROTELLI C EEF M;Cascavel;CONFIRMADO;INEP/MEC - Divulgação dos Resultados do Ideb e Saeb por Escola (Paraná);Código INEP localizado com sucesso na base oficial de divulgação do SAEB/IDEB do INEP.
2009;41071832;MARILIS F PIROTELLI C EEF M;Cascavel;CONFIRMADO;INEP/MEC - Divulgação dos Resultados do Ideb e Saeb por Escola (Paraná);Código INEP localizado com sucesso na base oficial de divulgação do SAEB/IDEB do INEP.
2011;41071832;MARILIS F PIROTELLI C EEF M;Cascavel;CONFIRMADO;INEP/MEC - Divulgação dos Resultados do Ideb e Saeb por Escola (Paraná);Código INEP localizado com sucesso na base oficial de divulgação do SAEB/IDEB do INEP.
2013;41071832;MARILIS F PIROTELLI C EEF M;Cascavel;CONFIRMADO;INEP/MEC - Divulgação dos Resultados do Ideb e Saeb por Escola (Paraná);Código INEP localizado com sucesso na base oficial de divulgação do SAEB/IDEB do INEP.
2015;41071832;MARILIS F PIROTELLI C EEF M;Cascavel;CONFIRMADO;INEP/MEC - Divulgação dos Resultados do Ideb e Saeb por Escola (Paraná);Código INEP localizado com sucesso na base oficial de divulgação do SAEB/IDEB do INEP.
2017;41071832;MARILIS F PIROTELLI C EEF M;Cascavel;CONFIRMADO;INEP/MEC - Divulgação dos Resultados do Ideb e Saeb por Escola (Paraná);Código INEP localizado com sucesso na base oficial de divulgação do SAEB/IDEB do INEP.
2019;41071832;MARILIS F PIROTELLI C EEF M;Cascavel;CONFIRMADO;INEP/MEC - Divulgação dos Resultados do Ideb e Saeb por Escola (Paraná);Código INEP localizado com sucesso na base oficial de divulgação do SAEB/IDEB do INEP.
2021;41071832;MARILIS F PIROTELLI C EEF M;Cascavel;CONFIRMADO;INEP/MEC - Divulgação dos Resultados do Ideb e Saeb por Escola (Paraná);Código INEP localizado com sucesso na base oficial de divulgação do SAEB/IDEB do INEP.
2023;41071832;MARILIS F PIROTELLI C EEF M;Cascavel;CONFIRMADO;INEP/MEC - Divulgação dos Resultados do Ideb e Saeb por Escola (Paraná);Código INEP localizado com sucesso na base oficial de divulgação do SAEB/IDEB do INEP.
2025;41071832;MARILIS F PIROTELLI C EEF M;Cascavel;CONFIRMADO;INEP/MEC - Divulgação dos Resultados do Ideb e Saeb por Escola (Paraná);Código INEP localizado com sucesso na base oficial de divulgação do SAEB/IDEB do INEP.
2005;41072626;AMANCIO MORO C E CM EF M N PROFIS;Corbélia;CONFIRMADO;INEP/MEC - Divulgação dos Resultados do Ideb e Saeb por Escola (Paraná);Código INEP localizado com sucesso na base oficial de divulgação do SAEB/IDEB do INEP.
2007;41072626;AMANCIO MORO C E CM EF M N PROFIS;Corbélia;CONFIRMADO;INEP/MEC - Divulgação dos Resultados do Ideb e Saeb por Escola (Paraná);Código INEP localizado com sucesso na base oficial de divulgação do SAEB/IDEB do INEP.
2009;41072626;AMANCIO MORO C E CM EF M N PROFIS;Corbélia;CONFIRMADO;INEP/MEC - Divulgação dos Resultados do Ideb e Saeb por Escola (Paraná);Código INEP localizado com sucesso na base oficial de divulgação do SAEB/IDEB do INEP.
2011;41072626;AMANCIO MORO C E CM EF M N PROFIS;Corbélia;CONFIRMADO;INEP/MEC - Divulgação dos Resultados do Ideb e Saeb por Escola (Paraná);Código INEP localizado com sucesso na base oficial de divulgação do SAEB/IDEB do INEP.
2013;41072626;AMANCIO MORO C E CM EF M N PROFIS;Corbélia;CONFIRMADO;INEP/MEC - Divulgação dos Resultados do Ideb e Saeb por Escola (Paraná);Código INEP localizado com sucesso na base oficial de divulgação do SAEB/IDEB do INEP.
2015;41072626;AMANCIO MORO C E CM EF M N PROFIS;Corbélia;CONFIRMADO;INEP/MEC - Divulgação dos Resultados do Ideb e Saeb por Escola (Paraná);Código INEP localizado com sucesso na base oficial de divulgação do SAEB/IDEB do INEP.
2017;41072626;AMANCIO MORO C E CM EF M N PROFIS;Corbélia;CONFIRMADO;INEP/MEC - Divulgação dos Resultados do Ideb e Saeb por Escola (Paraná);Código INEP localizado com sucesso na base oficial de divulgação do SAEB/IDEB do INEP.
2019;41072626;AMANCIO MORO C E CM EF M N PROFIS;Corbélia;CONFIRMADO;INEP/MEC - Divulgação dos Resultados do Ideb e Saeb por Escola (Paraná);Código INEP localizado com sucesso na base oficial de divulgação do SAEB/IDEB do INEP.
2021;41072626;AMANCIO MORO C E CM EF M N PROFIS;Corbélia;CONFIRMADO;INEP/MEC - Divulgação dos Resultados do Ideb e Saeb por Escola (Paraná);Código INEP localizado com sucesso na base oficial de divulgação do SAEB/IDEB do INEP.
2023;41072626;AMANCIO MORO C E CM EF M N PROFIS;Corbélia;CONFIRMADO;INEP/MEC - Divulgação dos Resultados do Ideb e Saeb por Escola (Paraná);Código INEP localizado com sucesso na base oficial de divulgação do SAEB/IDEB do INEP.
2025;41072626;AMANCIO MORO C E CM EF M N PROFIS;Corbélia;CONFIRMADO;INEP/MEC - Divulgação dos Resultados do Ideb e Saeb por Escola (Paraná);Código INEP localizado com sucesso na base oficial de divulgação do SAEB/IDEB do INEP.
2005;41073037;OSORIO DUQUE ESTRADA C E CMEF M;Diamante do Sul;CONFIRMADO;INEP/MEC - Divulgação dos Resultados do Ideb e Saeb por Escola (Paraná);Código INEP localizado com sucesso na base oficial de divulgação do SAEB/IDEB do INEP.
2007;41073037;OSORIO DUQUE ESTRADA C E CMEF M;Diamante do Sul;CONFIRMADO;INEP/MEC - Divulgação dos Resultados do Ideb e Saeb por Escola (Paraná);Código INEP localizado com sucesso na base oficial de divulgação do SAEB/IDEB do INEP.
2009;41073037;OSORIO DUQUE ESTRADA C E CMEF M;Diamante do Sul;CONFIRMADO;INEP/MEC - Divulgação dos Resultados do Ideb e Saeb por Escola (Paraná);Código INEP localizado com sucesso na base oficial de divulgação do SAEB/IDEB do INEP.
2011;41073037;OSORIO DUQUE ESTRADA C E CMEF M;Diamante do Sul;CONFIRMADO;INEP/MEC - Divulgação dos Resultados do Ideb e Saeb por Escola (Paraná);Código INEP localizado com sucesso na base oficial de divulgação do SAEB/IDEB do INEP.
2013;41073037;OSORIO DUQUE ESTRADA C E CMEF M;Diamante do Sul;CONFIRMADO;INEP/MEC - Divulgação dos Resultados do Ideb e Saeb por Escola (Paraná);Código INEP localizado com sucesso na base oficial de divulgação do SAEB/IDEB do INEP.
2015;41073037;OSORIO DUQUE ESTRADA C E CMEF M;Diamante do Sul;CONFIRMADO;INEP/MEC - Divulgação dos Resultados do Ideb e Saeb por Escola (Paraná);Código INEP localizado com sucesso na base oficial de divulgação do SAEB/IDEB do INEP.
2017;41073037;OSORIO DUQUE ESTRADA C E CMEF M;Diamante do Sul;CONFIRMADO;INEP/MEC - Divulgação dos Resultados do Ideb e Saeb por Escola (Paraná);Código INEP localizado com sucesso na base oficial de divulgação do SAEB/IDEB do INEP.
2019;41073037;OSORIO DUQUE ESTRADA C E CMEF M;Diamante do Sul;CONFIRMADO;INEP/MEC - Divulgação dos Resultados do Ideb e Saeb por Escola (Paraná);Código INEP localizado com sucesso na base oficial de divulgação do SAEB/IDEB do INEP.
2021;41073037;OSORIO DUQUE ESTRADA C E CMEF M;Diamante do Sul;CONFIRMADO;INEP/MEC - Divulgação dos Resultados do Ideb e Saeb por Escola (Paraná);Código INEP localizado com sucesso na base oficial de divulgação do SAEB/IDEB do INEP.
2023;41073037;OSORIO DUQUE ESTRADA C E CMEF M;Diamante do Sul;CONFIRMADO;INEP/MEC - Divulgação dos Resultados do Ideb e Saeb por Escola (Paraná);Código INEP localizado com sucesso na base oficial de divulgação do SAEB/IDEB do INEP.
2025;41073037;OSORIO DUQUE ESTRADA C E CMEF M;Diamante do Sul;CONFIRMADO;INEP/MEC - Divulgação dos Resultados do Ideb e Saeb por Escola (Paraná);Código INEP localizado com sucesso na base oficial de divulgação do SAEB/IDEB do INEP.
2005;41075919;ALMIRO SARTORI C EEF M PROFIS;Foz do Iguaçu;CONFIRMADO;INEP/MEC - Divulgação dos Resultados do Ideb e Saeb por Escola (Paraná);Código INEP localizado com sucesso na base oficial de divulgação do SAEB/IDEB do INEP.
2007;41075919;ALMIRO SARTORI C EEF M PROFIS;Foz do Iguaçu;CONFIRMADO;INEP/MEC - Divulgação dos Resultados do Ideb e Saeb por Escola (Paraná);Código INEP localizado com sucesso na base oficial de divulgação do SAEB/IDEB do INEP.
2009;41075919;ALMIRO SARTORI C EEF M PROFIS;Foz do Iguaçu;CONFIRMADO;INEP/MEC - Divulgação dos Resultados do Ideb e Saeb por Escola (Paraná);Código INEP localizado com sucesso na base oficial de divulgação do SAEB/IDEB do INEP.
2011;41075919;ALMIRO SARTORI C EEF M PROFIS;Foz do Iguaçu;CONFIRMADO;INEP/MEC - Divulgação dos Resultados do Ideb e Saeb por Escola (Paraná);Código INEP localizado com sucesso na base oficial de divulgação do SAEB/IDEB do INEP.
2013;41075919;ALMIRO SARTORI C EEF M PROFIS;Foz do Iguaçu;CONFIRMADO;INEP/MEC - Divulgação dos Resultados do Ideb e Saeb por Escola (Paraná);Código INEP localizado com sucesso na base oficial de divulgação do SAEB/IDEB do INEP.
2015;41075919;ALMIRO SARTORI C EEF M PROFIS;Foz do Iguaçu;CONFIRMADO;INEP/MEC - Divulgação dos Resultados do Ideb e Saeb por Escola (Paraná);Código INEP localizado com sucesso na base oficial de divulgação do SAEB/IDEB do INEP.
2017;41075919;ALMIRO SARTORI C EEF M PROFIS;Foz do Iguaçu;CONFIRMADO;INEP/MEC - Divulgação dos Resultados do Ideb e Saeb por Escola (Paraná);Código INEP localizado com sucesso na base oficial de divulgação do SAEB/IDEB do INEP.
2019;41075919;ALMIRO SARTORI C EEF M PROFIS;Foz do Iguaçu;CONFIRMADO;INEP/MEC - Divulgação dos Resultados do Ideb e Saeb por Escola (Paraná);Código INEP localizado com sucesso na base oficial de divulgação do SAEB/IDEB do INEP.
2021;41075919;ALMIRO SARTORI C EEF M PROFIS;Foz do Iguaçu;CONFIRMADO;INEP/MEC - Divulgação dos Resultados do Ideb e Saeb por Escola (Paraná);Código INEP localizado com sucesso na base oficial de divulgação do SAEB/IDEB do INEP.
2023;41075919;ALMIRO SARTORI C EEF M PROFIS;Foz do Iguaçu;CONFIRMADO;INEP/MEC - Divulgação dos Resultados do Ideb e Saeb por Escola (Paraná);Código INEP localizado com sucesso na base oficial de divulgação do SAEB/IDEB do INEP.
2025;41075919;ALMIRO SARTORI C EEF M PROFIS;Foz do Iguaçu;CONFIRMADO;INEP/MEC - Divulgação dos Resultados do Ideb e Saeb por Escola (Paraná);Código INEP localizado com sucesso na base oficial de divulgação do SAEB/IDEB do INEP.
2005;41076036;AYRTON SENNA DA SILVA C EEF M N PROFIS;Foz do Iguaçu;CONFIRMADO;INEP/MEC - Divulgação dos Resultados do Ideb e Saeb por Escola (Paraná);Código INEP localizado com sucesso na base oficial de divulgação do SAEB/IDEB do INEP.
2007;41076036;AYRTON SENNA DA SILVA C EEF M N PROFIS;Foz do Iguaçu;CONFIRMADO;INEP/MEC - Divulgação dos Resultados do Ideb e Saeb por Escola (Paraná);Código INEP localizado com sucesso na base oficial de divulgação do SAEB/IDEB do INEP.
2009;41076036;AYRTON SENNA DA SILVA C EEF M N PROFIS;Foz do Iguaçu;CONFIRMADO;INEP/MEC - Divulgação dos Resultados do Ideb e Saeb por Escola (Paraná);Código INEP localizado com sucesso na base oficial de divulgação do SAEB/IDEB do INEP.
2011;41076036;AYRTON SENNA DA SILVA C EEF M N PROFIS;Foz do Iguaçu;CONFIRMADO;INEP/MEC - Divulgação dos Resultados do Ideb e Saeb por Escola (Paraná);Código INEP localizado com sucesso na base oficial de divulgação do SAEB/IDEB do INEP.
2013;41076036;AYRTON SENNA DA SILVA C EEF M N PROFIS;Foz do Iguaçu;CONFIRMADO;INEP/MEC - Divulgação dos Resultados do Ideb e Saeb por Escola (Paraná);Código INEP localizado com sucesso na base oficial de divulgação do SAEB/IDEB do INEP.
2015;41076036;AYRTON SENNA DA SILVA C EEF M N PROFIS;Foz do Iguaçu;CONFIRMADO;INEP/MEC - Divulgação dos Resultados do Ideb e Saeb por Escola (Paraná);Código INEP localizado com sucesso na base oficial de divulgação do SAEB/IDEB do INEP.
2017;41076036;AYRTON SENNA DA SILVA C EEF M N PROFIS;Foz do Iguaçu;CONFIRMADO;INEP/MEC - Divulgação dos Resultados do Ideb e Saeb por Escola (Paraná);Código INEP localizado com sucesso na base oficial de divulgação do SAEB/IDEB do INEP.
2019;41076036;AYRTON SENNA DA SILVA C EEF M N PROFIS;Foz do Iguaçu;CONFIRMADO;INEP/MEC - Divulgação dos Resultados do Ideb e Saeb por Escola (Paraná);Código INEP localizado com sucesso na base oficial de divulgação do SAEB/IDEB do INEP.
2021;41076036;AYRTON SENNA DA SILVA C EEF M N PROFIS;Foz do Iguaçu;CONFIRMADO;INEP/MEC - Divulgação dos Resultados do Ideb e Saeb por Escola (Paraná);Código INEP localizado com sucesso na base oficial de divulgação do SAEB/IDEB do INEP.
2023;41076036;AYRTON SENNA DA SILVA C EEF M N PROFIS;Foz do Iguaçu;CONFIRMADO;INEP/MEC - Divulgação dos Resultados do Ideb e Saeb por Escola (Paraná);Código INEP localizado com sucesso na base oficial de divulgação do SAEB/IDEB do INEP.
2025;41076036;AYRTON SENNA DA SILVA C EEF M N PROFIS;Foz do Iguaçu;CONFIRMADO;INEP/MEC - Divulgação dos Resultados do Ideb e Saeb por Escola (Paraná);Código INEP localizado com sucesso na base oficial de divulgação do SAEB/IDEB do INEP.
2005;41076354;CARLOS DRUM DE ANDRADE C E CMEF M P;Foz do Iguaçu;CONFIRMADO;INEP/MEC - Divulgação dos Resultados do Ideb e Saeb por Escola (Paraná);Código INEP localizado com sucesso na base oficial de divulgação do SAEB/IDEB do INEP.
2007;41076354;CARLOS DRUM DE ANDRADE C E CMEF M P;Foz do Iguaçu;CONFIRMADO;INEP/MEC - Divulgação dos Resultados do Ideb e Saeb por Escola (Paraná);Código INEP localizado com sucesso na base oficial de divulgação do SAEB/IDEB do INEP.
2009;41076354;CARLOS DRUM DE ANDRADE C E CMEF M P;Foz do Iguaçu;CONFIRMADO;INEP/MEC - Divulgação dos Resultados do Ideb e Saeb por Escola (Paraná);Código INEP localizado com sucesso na base oficial de divulgação do SAEB/IDEB do INEP.
2011;41076354;CARLOS DRUM DE ANDRADE C E CMEF M P;Foz do Iguaçu;CONFIRMADO;INEP/MEC - Divulgação dos Resultados do Ideb e Saeb por Escola (Paraná);Código INEP localizado com sucesso na base oficial de divulgação do SAEB/IDEB do INEP.
2013;41076354;CARLOS DRUM DE ANDRADE C E CMEF M P;Foz do Iguaçu;CONFIRMADO;INEP/MEC - Divulgação dos Resultados do Ideb e Saeb por Escola (Paraná);Código INEP localizado com sucesso na base oficial de divulgação do SAEB/IDEB do INEP.
2015;41076354;CARLOS DRUM DE ANDRADE C E CMEF M P;Foz do Iguaçu;CONFIRMADO;INEP/MEC - Divulgação dos Resultados do Ideb e Saeb por Escola (Paraná);Código INEP localizado com sucesso na base oficial de divulgação do SAEB/IDEB do INEP.
2017;41076354;CARLOS DRUM DE ANDRADE C E CMEF M P;Foz do Iguaçu;CONFIRMADO;INEP/MEC - Divulgação dos Resultados do Ideb e Saeb por Escola (Paraná);Código INEP localizado com sucesso na base oficial de divulgação do SAEB/IDEB do INEP.
2019;41076354;CARLOS DRUM DE ANDRADE C E CMEF M P;Foz do Iguaçu;CONFIRMADO;INEP/MEC - Divulgação dos Resultados do Ideb e Saeb por Escola (Paraná);Código INEP localizado com sucesso na base oficial de divulgação do SAEB/IDEB do INEP.
2021;41076354;CARLOS DRUM DE ANDRADE C E CMEF M P;Foz do Iguaçu;CONFIRMADO;INEP/MEC - Divulgação dos Resultados do Ideb e Saeb por Escola (Paraná);Código INEP localizado com sucesso na base oficial de divulgação do SAEB/IDEB do INEP.
2023;41076354;CARLOS DRUM DE ANDRADE C E CMEF M P;Foz do Iguaçu;CONFIRMADO;INEP/MEC - Divulgação dos Resultados do Ideb e Saeb por Escola (Paraná);Código INEP localizado com sucesso na base oficial de divulgação do SAEB/IDEB do INEP.
2025;41076354;CARLOS DRUM DE ANDRADE C E CMEF M P;Foz do Iguaçu;CONFIRMADO;INEP/MEC - Divulgação dos Resultados do Ideb e Saeb por Escola (Paraná);Código INEP localizado com sucesso na base oficial de divulgação do SAEB/IDEB do INEP.
2005;41076605;JUSCELINO K DE OLIVEIRA C EEF M PROFIS;Foz do Iguaçu;CONFIRMADO;INEP/MEC - Divulgação dos Resultados do Ideb e Saeb por Escola (Paraná);Código INEP localizado com sucesso na base oficial de divulgação do SAEB/IDEB do INEP.
2007;41076605;JUSCELINO K DE OLIVEIRA C EEF M PROFIS;Foz do Iguaçu;CONFIRMADO;INEP/MEC - Divulgação dos Resultados do Ideb e Saeb por Escola (Paraná);Código INEP localizado com sucesso na base oficial de divulgação do SAEB/IDEB do INEP.
2009;41076605;JUSCELINO K DE OLIVEIRA C EEF M PROFIS;Foz do Iguaçu;CONFIRMADO;INEP/MEC - Divulgação dos Resultados do Ideb e Saeb por Escola (Paraná);Código INEP localizado com sucesso na base oficial de divulgação do SAEB/IDEB do INEP.
2011;41076605;JUSCELINO K DE OLIVEIRA C EEF M PROFIS;Foz do Iguaçu;CONFIRMADO;INEP/MEC - Divulgação dos Resultados do Ideb e Saeb por Escola (Paraná);Código INEP localizado com sucesso na base oficial de divulgação do SAEB/IDEB do INEP.
2013;41076605;JUSCELINO K DE OLIVEIRA C EEF M PROFIS;Foz do Iguaçu;CONFIRMADO;INEP/MEC - Divulgação dos Resultados do Ideb e Saeb por Escola (Paraná);Código INEP localizado com sucesso na base oficial de divulgação do SAEB/IDEB do INEP.
2015;41076605;JUSCELINO K DE OLIVEIRA C EEF M PROFIS;Foz do Iguaçu;CONFIRMADO;INEP/MEC - Divulgação dos Resultados do Ideb e Saeb por Escola (Paraná);Código INEP localizado com sucesso na base oficial de divulgação do SAEB/IDEB do INEP.
2017;41076605;JUSCELINO K DE OLIVEIRA C EEF M PROFIS;Foz do Iguaçu;CONFIRMADO;INEP/MEC - Divulgação dos Resultados do Ideb e Saeb por Escola (Paraná);Código INEP localizado com sucesso na base oficial de divulgação do SAEB/IDEB do INEP.
2019;41076605;JUSCELINO K DE OLIVEIRA C EEF M PROFIS;Foz do Iguaçu;CONFIRMADO;INEP/MEC - Divulgação dos Resultados do Ideb e Saeb por Escola (Paraná);Código INEP localizado com sucesso na base oficial de divulgação do SAEB/IDEB do INEP.
2021;41076605;JUSCELINO K DE OLIVEIRA C EEF M PROFIS;Foz do Iguaçu;CONFIRMADO;INEP/MEC - Divulgação dos Resultados do Ideb e Saeb por Escola (Paraná);Código INEP localizado com sucesso na base oficial de divulgação do SAEB/IDEB do INEP.
2023;41076605;JUSCELINO K DE OLIVEIRA C EEF M PROFIS;Foz do Iguaçu;CONFIRMADO;INEP/MEC - Divulgação dos Resultados do Ideb e Saeb por Escola (Paraná);Código INEP localizado com sucesso na base oficial de divulgação do SAEB/IDEB do INEP.
2025;41076605;JUSCELINO K DE OLIVEIRA C EEF M PROFIS;Foz do Iguaçu;CONFIRMADO;INEP/MEC - Divulgação dos Resultados do Ideb e Saeb por Escola (Paraná);Código INEP localizado com sucesso na base oficial de divulgação do SAEB/IDEB do INEP.
2005;41077512;ARTHUR DA C SILVA C E CM MALEF M P;Medianeira;CONFIRMADO;INEP/MEC - Divulgação dos Resultados do Ideb e Saeb por Escola (Paraná);Código INEP localizado com sucesso na base oficial de divulgação do SAEB/IDEB do INEP.
2007;41077512;ARTHUR DA C SILVA C E CM MALEF M P;Medianeira;CONFIRMADO;INEP/MEC - Divulgação dos Resultados do Ideb e Saeb por Escola (Paraná);Código INEP localizado com sucesso na base oficial de divulgação do SAEB/IDEB do INEP.
2009;41077512;ARTHUR DA C SILVA C E CM MALEF M P;Medianeira;CONFIRMADO;INEP/MEC - Divulgação dos Resultados do Ideb e Saeb por Escola (Paraná);Código INEP localizado com sucesso na base oficial de divulgação do SAEB/IDEB do INEP.
2011;41077512;ARTHUR DA C SILVA C E CM MALEF M P;Medianeira;CONFIRMADO;INEP/MEC - Divulgação dos Resultados do Ideb e Saeb por Escola (Paraná);Código INEP localizado com sucesso na base oficial de divulgação do SAEB/IDEB do INEP.
2013;41077512;ARTHUR DA C SILVA C E CM MALEF M P;Medianeira;CONFIRMADO;INEP/MEC - Divulgação dos Resultados do Ideb e Saeb por Escola (Paraná);Código INEP localizado com sucesso na base oficial de divulgação do SAEB/IDEB do INEP.
2015;41077512;ARTHUR DA C SILVA C E CM MALEF M P;Medianeira;CONFIRMADO;INEP/MEC - Divulgação dos Resultados do Ideb e Saeb por Escola (Paraná);Código INEP localizado com sucesso na base oficial de divulgação do SAEB/IDEB do INEP.
2017;41077512;ARTHUR DA C SILVA C E CM MALEF M P;Medianeira;CONFIRMADO;INEP/MEC - Divulgação dos Resultados do Ideb e Saeb por Escola (Paraná);Código INEP localizado com sucesso na base oficial de divulgação do SAEB/IDEB do INEP.
2019;41077512;ARTHUR DA C SILVA C E CM MALEF M P;Medianeira;CONFIRMADO;INEP/MEC - Divulgação dos Resultados do Ideb e Saeb por Escola (Paraná);Código INEP localizado com sucesso na base oficial de divulgação do SAEB/IDEB do INEP.
2021;41077512;ARTHUR DA C SILVA C E CM MALEF M P;Medianeira;CONFIRMADO;INEP/MEC - Divulgação dos Resultados do Ideb e Saeb por Escola (Paraná);Código INEP localizado com sucesso na base oficial de divulgação do SAEB/IDEB do INEP.
2023;41077512;ARTHUR DA C SILVA C E CM MALEF M P;Medianeira;CONFIRMADO;INEP/MEC - Divulgação dos Resultados do Ideb e Saeb por Escola (Paraná);Código INEP localizado com sucesso na base oficial de divulgação do SAEB/IDEB do INEP.
2025;41077512;ARTHUR DA C SILVA C E CM MALEF M P;Medianeira;CONFIRMADO;INEP/MEC - Divulgação dos Resultados do Ideb e Saeb por Escola (Paraná);Código INEP localizado com sucesso na base oficial de divulgação do SAEB/IDEB do INEP.
2005;41077776;KENNEDY C E C CM PRESEF M;Serranópolis do Iguaçu;CONFIRMADO;INEP/MEC - Divulgação dos Resultados do Ideb e Saeb por Escola (Paraná);Código INEP localizado com sucesso na base oficial de divulgação do SAEB/IDEB do INEP.
2007;41077776;KENNEDY C E C CM PRESEF M;Serranópolis do Iguaçu;CONFIRMADO;INEP/MEC - Divulgação dos Resultados do Ideb e Saeb por Escola (Paraná);Código INEP localizado com sucesso na base oficial de divulgação do SAEB/IDEB do INEP.
2009;41077776;KENNEDY C E C CM PRESEF M;Serranópolis do Iguaçu;CONFIRMADO;INEP/MEC - Divulgação dos Resultados do Ideb e Saeb por Escola (Paraná);Código INEP localizado com sucesso na base oficial de divulgação do SAEB/IDEB do INEP.
2011;41077776;KENNEDY C E C CM PRESEF M;Serranópolis do Iguaçu;CONFIRMADO;INEP/MEC - Divulgação dos Resultados do Ideb e Saeb por Escola (Paraná);Código INEP localizado com sucesso na base oficial de divulgação do SAEB/IDEB do INEP.
2013;41077776;KENNEDY C E C CM PRESEF M;Serranópolis do Iguaçu;CONFIRMADO;INEP/MEC - Divulgação dos Resultados do Ideb e Saeb por Escola (Paraná);Código INEP localizado com sucesso na base oficial de divulgação do SAEB/IDEB do INEP.
2015;41077776;KENNEDY C E C CM PRESEF M;Serranópolis do Iguaçu;CONFIRMADO;INEP/MEC - Divulgação dos Resultados do Ideb e Saeb por Escola (Paraná);Código INEP localizado com sucesso na base oficial de divulgação do SAEB/IDEB do INEP.
2017;41077776;KENNEDY C E C CM PRESEF M;Serranópolis do Iguaçu;CONFIRMADO;INEP/MEC - Divulgação dos Resultados do Ideb e Saeb por Escola (Paraná);Código INEP localizado com sucesso na base oficial de divulgação do SAEB/IDEB do INEP.
2019;41077776;KENNEDY C E C CM PRESEF M;Serranópolis do Iguaçu;CONFIRMADO;INEP/MEC - Divulgação dos Resultados do Ideb e Saeb por Escola (Paraná);Código INEP localizado com sucesso na base oficial de divulgação do SAEB/IDEB do INEP.
2021;41077776;KENNEDY C E C CM PRESEF M;Serranópolis do Iguaçu;CONFIRMADO;INEP/MEC - Divulgação dos Resultados do Ideb e Saeb por Escola (Paraná);Código INEP localizado com sucesso na base oficial de divulgação do SAEB/IDEB do INEP.
2023;41077776;KENNEDY C E C CM PRESEF M;Serranópolis do Iguaçu;CONFIRMADO;INEP/MEC - Divulgação dos Resultados do Ideb e Saeb por Escola (Paraná);Código INEP localizado com sucesso na base oficial de divulgação do SAEB/IDEB do INEP.
2025;41077776;KENNEDY C E C CM PRESEF M;Serranópolis do Iguaçu;CONFIRMADO;INEP/MEC - Divulgação dos Resultados do Ideb e Saeb por Escola (Paraná);Código INEP localizado com sucesso na base oficial de divulgação do SAEB/IDEB do INEP.
2005;41078586;ARCANGELO NANDI C EE F M;Santa Terezinha de Itaipu;CONFIRMADO;INEP/MEC - Divulgação dos Resultados do Ideb e Saeb por Escola (Paraná);Código INEP localizado com sucesso na base oficial de divulgação do SAEB/IDEB do INEP.
2007;41078586;ARCANGELO NANDI C EE F M;Santa Terezinha de Itaipu;CONFIRMADO;INEP/MEC - Divulgação dos Resultados do Ideb e Saeb por Escola (Paraná);Código INEP localizado com sucesso na base oficial de divulgação do SAEB/IDEB do INEP.
2009;41078586;ARCANGELO NANDI C EE F M;Santa Terezinha de Itaipu;CONFIRMADO;INEP/MEC - Divulgação dos Resultados do Ideb e Saeb por Escola (Paraná);Código INEP localizado com sucesso na base oficial de divulgação do SAEB/IDEB do INEP.
2011;41078586;ARCANGELO NANDI C EE F M;Santa Terezinha de Itaipu;CONFIRMADO;INEP/MEC - Divulgação dos Resultados do Ideb e Saeb por Escola (Paraná);Código INEP localizado com sucesso na base oficial de divulgação do SAEB/IDEB do INEP.
2013;41078586;ARCANGELO NANDI C EE F M;Santa Terezinha de Itaipu;CONFIRMADO;INEP/MEC - Divulgação dos Resultados do Ideb e Saeb por Escola (Paraná);Código INEP localizado com sucesso na base oficial de divulgação do SAEB/IDEB do INEP.
2015;41078586;ARCANGELO NANDI C EE F M;Santa Terezinha de Itaipu;CONFIRMADO;INEP/MEC - Divulgação dos Resultados do Ideb e Saeb por Escola (Paraná);Código INEP localizado com sucesso na base oficial de divulgação do SAEB/IDEB do INEP.
2017;41078586;ARCANGELO NANDI C EE F M;Santa Terezinha de Itaipu;CONFIRMADO;INEP/MEC - Divulgação dos Resultados do Ideb e Saeb por Escola (Paraná);Código INEP localizado com sucesso na base oficial de divulgação do SAEB/IDEB do INEP.
2019;41078586;ARCANGELO NANDI C EE F M;Santa Terezinha de Itaipu;CONFIRMADO;INEP/MEC - Divulgação dos Resultados do Ideb e Saeb por Escola (Paraná);Código INEP localizado com sucesso na base oficial de divulgação do SAEB/IDEB do INEP.
2021;41078586;ARCANGELO NANDI C EE F M;Santa Terezinha de Itaipu;CONFIRMADO;INEP/MEC - Divulgação dos Resultados do Ideb e Saeb por Escola (Paraná);Código INEP localizado com sucesso na base oficial de divulgação do SAEB/IDEB do INEP.
2023;41078586;ARCANGELO NANDI C EE F M;Santa Terezinha de Itaipu;CONFIRMADO;INEP/MEC - Divulgação dos Resultados do Ideb e Saeb por Escola (Paraná);Código INEP localizado com sucesso na base oficial de divulgação do SAEB/IDEB do INEP.
2025;41078586;ARCANGELO NANDI C EE F M;Santa Terezinha de Itaipu;CONFIRMADO;INEP/MEC - Divulgação dos Resultados do Ideb e Saeb por Escola (Paraná);Código INEP localizado com sucesso na base oficial de divulgação do SAEB/IDEB do INEP.
2005;41079469;PARANAGUA C E MQ DEEF M PROFIS;Vera Cruz do Oeste;CONFIRMADO;INEP/MEC - Divulgação dos Resultados do Ideb e Saeb por Escola (Paraná);Código INEP localizado com sucesso na base oficial de divulgação do SAEB/IDEB do INEP.
2007;41079469;PARANAGUA C E MQ DEEF M PROFIS;Vera Cruz do Oeste;CONFIRMADO;INEP/MEC - Divulgação dos Resultados do Ideb e Saeb por Escola (Paraná);Código INEP localizado com sucesso na base oficial de divulgação do SAEB/IDEB do INEP.
2009;41079469;PARANAGUA C E MQ DEEF M PROFIS;Vera Cruz do Oeste;CONFIRMADO;INEP/MEC - Divulgação dos Resultados do Ideb e Saeb por Escola (Paraná);Código INEP localizado com sucesso na base oficial de divulgação do SAEB/IDEB do INEP.
2011;41079469;PARANAGUA C E MQ DEEF M PROFIS;Vera Cruz do Oeste;CONFIRMADO;INEP/MEC - Divulgação dos Resultados do Ideb e Saeb por Escola (Paraná);Código INEP localizado com sucesso na base oficial de divulgação do SAEB/IDEB do INEP.
2013;41079469;PARANAGUA C E MQ DEEF M PROFIS;Vera Cruz do Oeste;CONFIRMADO;INEP/MEC - Divulgação dos Resultados do Ideb e Saeb por Escola (Paraná);Código INEP localizado com sucesso na base oficial de divulgação do SAEB/IDEB do INEP.
2015;41079469;PARANAGUA C E MQ DEEF M PROFIS;Vera Cruz do Oeste;CONFIRMADO;INEP/MEC - Divulgação dos Resultados do Ideb e Saeb por Escola (Paraná);Código INEP localizado com sucesso na base oficial de divulgação do SAEB/IDEB do INEP.
2017;41079469;PARANAGUA C E MQ DEEF M PROFIS;Vera Cruz do Oeste;CONFIRMADO;INEP/MEC - Divulgação dos Resultados do Ideb e Saeb por Escola (Paraná);Código INEP localizado com sucesso na base oficial de divulgação do SAEB/IDEB do INEP.
2019;41079469;PARANAGUA C E MQ DEEF M PROFIS;Vera Cruz do Oeste;CONFIRMADO;INEP/MEC - Divulgação dos Resultados do Ideb e Saeb por Escola (Paraná);Código INEP localizado com sucesso na base oficial de divulgação do SAEB/IDEB do INEP.
2021;41079469;PARANAGUA C E MQ DEEF M PROFIS;Vera Cruz do Oeste;CONFIRMADO;INEP/MEC - Divulgação dos Resultados do Ideb e Saeb por Escola (Paraná);Código INEP localizado com sucesso na base oficial de divulgação do SAEB/IDEB do INEP.
2023;41079469;PARANAGUA C E MQ DEEF M PROFIS;Vera Cruz do Oeste;CONFIRMADO;INEP/MEC - Divulgação dos Resultados do Ideb e Saeb por Escola (Paraná);Código INEP localizado com sucesso na base oficial de divulgação do SAEB/IDEB do INEP.
2025;41079469;PARANAGUA C E MQ DEEF M PROFIS;Vera Cruz do Oeste;CONFIRMADO;INEP/MEC - Divulgação dos Resultados do Ideb e Saeb por Escola (Paraná);Código INEP localizado com sucesso na base oficial de divulgação do SAEB/IDEB do INEP.
2005;41081340;JOAO ZACCO PARANA C E CMEF M;Planalto;CONFIRMADO;INEP/MEC - Divulgação dos Resultados do Ideb e Saeb por Escola (Paraná);Código INEP localizado com sucesso na base oficial de divulgação do SAEB/IDEB do INEP.
2007;41081340;JOAO ZACCO PARANA C E CMEF M;Planalto;CONFIRMADO;INEP/MEC - Divulgação dos Resultados do Ideb e Saeb por Escola (Paraná);Código INEP localizado com sucesso na base oficial de divulgação do SAEB/IDEB do INEP.
2009;41081340;JOAO ZACCO PARANA C E CMEF M;Planalto;CONFIRMADO;INEP/MEC - Divulgação dos Resultados do Ideb e Saeb por Escola (Paraná);Código INEP localizado com sucesso na base oficial de divulgação do SAEB/IDEB do INEP.
2011;41081340;JOAO ZACCO PARANA C E CMEF M;Planalto;CONFIRMADO;INEP/MEC - Divulgação dos Resultados do Ideb e Saeb por Escola (Paraná);Código INEP localizado com sucesso na base oficial de divulgação do SAEB/IDEB do INEP.
2013;41081340;JOAO ZACCO PARANA C E CMEF M;Planalto;CONFIRMADO;INEP/MEC - Divulgação dos Resultados do Ideb e Saeb por Escola (Paraná);Código INEP localizado com sucesso na base oficial de divulgação do SAEB/IDEB do INEP.
2015;41081340;JOAO ZACCO PARANA C E CMEF M;Planalto;CONFIRMADO;INEP/MEC - Divulgação dos Resultados do Ideb e Saeb por Escola (Paraná);Código INEP localizado com sucesso na base oficial de divulgação do SAEB/IDEB do INEP.
2017;41081340;JOAO ZACCO PARANA C E CMEF M;Planalto;CONFIRMADO;INEP/MEC - Divulgação dos Resultados do Ideb e Saeb por Escola (Paraná);Código INEP localizado com sucesso na base oficial de divulgação do SAEB/IDEB do INEP.
2019;41081340;JOAO ZACCO PARANA C E CMEF M;Planalto;CONFIRMADO;INEP/MEC - Divulgação dos Resultados do Ideb e Saeb por Escola (Paraná);Código INEP localizado com sucesso na base oficial de divulgação do SAEB/IDEB do INEP.
2021;41081340;JOAO ZACCO PARANA C E CMEF M;Planalto;CONFIRMADO;INEP/MEC - Divulgação dos Resultados do Ideb e Saeb por Escola (Paraná);Código INEP localizado com sucesso na base oficial de divulgação do SAEB/IDEB do INEP.
2023;41081340;JOAO ZACCO PARANA C E CMEF M;Planalto;CONFIRMADO;INEP/MEC - Divulgação dos Resultados do Ideb e Saeb por Escola (Paraná);Código INEP localizado com sucesso na base oficial de divulgação do SAEB/IDEB do INEP.
2025;41081340;JOAO ZACCO PARANA C E CMEF M;Planalto;CONFIRMADO;INEP/MEC - Divulgação dos Resultados do Ideb e Saeb por Escola (Paraná);Código INEP localizado com sucesso na base oficial de divulgação do SAEB/IDEB do INEP.
2005;41084721;JOSE DE ANCHIETA C EEF M;Dois Vizinhos;CONFIRMADO;INEP/MEC - Divulgação dos Resultados do Ideb e Saeb por Escola (Paraná);Código INEP localizado com sucesso na base oficial de divulgação do SAEB/IDEB do INEP.
2007;41084721;JOSE DE ANCHIETA C EEF M;Dois Vizinhos;CONFIRMADO;INEP/MEC - Divulgação dos Resultados do Ideb e Saeb por Escola (Paraná);Código INEP localizado com sucesso na base oficial de divulgação do SAEB/IDEB do INEP.
2009;41084721;JOSE DE ANCHIETA C EEF M;Dois Vizinhos;CONFIRMADO;INEP/MEC - Divulgação dos Resultados do Ideb e Saeb por Escola (Paraná);Código INEP localizado com sucesso na base oficial de divulgação do SAEB/IDEB do INEP.
2011;41084721;JOSE DE ANCHIETA C EEF M;Dois Vizinhos;CONFIRMADO;INEP/MEC - Divulgação dos Resultados do Ideb e Saeb por Escola (Paraná);Código INEP localizado com sucesso na base oficial de divulgação do SAEB/IDEB do INEP.
2013;41084721;JOSE DE ANCHIETA C EEF M;Dois Vizinhos;CONFIRMADO;INEP/MEC - Divulgação dos Resultados do Ideb e Saeb por Escola (Paraná);Código INEP localizado com sucesso na base oficial de divulgação do SAEB/IDEB do INEP.
2015;41084721;JOSE DE ANCHIETA C EEF M;Dois Vizinhos;CONFIRMADO;INEP/MEC - Divulgação dos Resultados do Ideb e Saeb por Escola (Paraná);Código INEP localizado com sucesso na base oficial de divulgação do SAEB/IDEB do INEP.
2017;41084721;JOSE DE ANCHIETA C EEF M;Dois Vizinhos;CONFIRMADO;INEP/MEC - Divulgação dos Resultados do Ideb e Saeb por Escola (Paraná);Código INEP localizado com sucesso na base oficial de divulgação do SAEB/IDEB do INEP.
2019;41084721;JOSE DE ANCHIETA C EEF M;Dois Vizinhos;CONFIRMADO;INEP/MEC - Divulgação dos Resultados do Ideb e Saeb por Escola (Paraná);Código INEP localizado com sucesso na base oficial de divulgação do SAEB/IDEB do INEP.
2021;41084721;JOSE DE ANCHIETA C EEF M;Dois Vizinhos;CONFIRMADO;INEP/MEC - Divulgação dos Resultados do Ideb e Saeb por Escola (Paraná);Código INEP localizado com sucesso na base oficial de divulgação do SAEB/IDEB do INEP.
2023;41084721;JOSE DE ANCHIETA C EEF M;Dois Vizinhos;CONFIRMADO;INEP/MEC - Divulgação dos Resultados do Ideb e Saeb por Escola (Paraná);Código INEP localizado com sucesso na base oficial de divulgação do SAEB/IDEB do INEP.
2025;41084721;JOSE DE ANCHIETA C EEF M;Dois Vizinhos;CONFIRMADO;INEP/MEC - Divulgação dos Resultados do Ideb e Saeb por Escola (Paraná);Código INEP localizado com sucesso na base oficial de divulgação do SAEB/IDEB do INEP.
2005;41084772;LEONARDO DA VINCI C E CMEF M N PROFIS;Dois Vizinhos;CONFIRMADO;INEP/MEC - Divulgação dos Resultados do Ideb e Saeb por Escola (Paraná);Código INEP localizado com sucesso na base oficial de divulgação do SAEB/IDEB do INEP.
2007;41084772;LEONARDO DA VINCI C E CMEF M N PROFIS;Dois Vizinhos;CONFIRMADO;INEP/MEC - Divulgação dos Resultados do Ideb e Saeb por Escola (Paraná);Código INEP localizado com sucesso na base oficial de divulgação do SAEB/IDEB do INEP.
2009;41084772;LEONARDO DA VINCI C E CMEF M N PROFIS;Dois Vizinhos;CONFIRMADO;INEP/MEC - Divulgação dos Resultados do Ideb e Saeb por Escola (Paraná);Código INEP localizado com sucesso na base oficial de divulgação do SAEB/IDEB do INEP.
2011;41084772;LEONARDO DA VINCI C E CMEF M N PROFIS;Dois Vizinhos;CONFIRMADO;INEP/MEC - Divulgação dos Resultados do Ideb e Saeb por Escola (Paraná);Código INEP localizado com sucesso na base oficial de divulgação do SAEB/IDEB do INEP.
2013;41084772;LEONARDO DA VINCI C E CMEF M N PROFIS;Dois Vizinhos;CONFIRMADO;INEP/MEC - Divulgação dos Resultados do Ideb e Saeb por Escola (Paraná);Código INEP localizado com sucesso na base oficial de divulgação do SAEB/IDEB do INEP.
2015;41084772;LEONARDO DA VINCI C E CMEF M N PROFIS;Dois Vizinhos;CONFIRMADO;INEP/MEC - Divulgação dos Resultados do Ideb e Saeb por Escola (Paraná);Código INEP localizado com sucesso na base oficial de divulgação do SAEB/IDEB do INEP.
2017;41084772;LEONARDO DA VINCI C E CMEF M N PROFIS;Dois Vizinhos;CONFIRMADO;INEP/MEC - Divulgação dos Resultados do Ideb e Saeb por Escola (Paraná);Código INEP localizado com sucesso na base oficial de divulgação do SAEB/IDEB do INEP.
2019;41084772;LEONARDO DA VINCI C E CMEF M N PROFIS;Dois Vizinhos;CONFIRMADO;INEP/MEC - Divulgação dos Resultados do Ideb e Saeb por Escola (Paraná);Código INEP localizado com sucesso na base oficial de divulgação do SAEB/IDEB do INEP.
2021;41084772;LEONARDO DA VINCI C E CMEF M N PROFIS;Dois Vizinhos;CONFIRMADO;INEP/MEC - Divulgação dos Resultados do Ideb e Saeb por Escola (Paraná);Código INEP localizado com sucesso na base oficial de divulgação do SAEB/IDEB do INEP.
2023;41084772;LEONARDO DA VINCI C E CMEF M N PROFIS;Dois Vizinhos;CONFIRMADO;INEP/MEC - Divulgação dos Resultados do Ideb e Saeb por Escola (Paraná);Código INEP localizado com sucesso na base oficial de divulgação do SAEB/IDEB do INEP.
2025;41084772;LEONARDO DA VINCI C E CMEF M N PROFIS;Dois Vizinhos;CONFIRMADO;INEP/MEC - Divulgação dos Resultados do Ideb e Saeb por Escola (Paraná);Código INEP localizado com sucesso na base oficial de divulgação do SAEB/IDEB do INEP.
2005;41085906;EDUARDO VIRMOND SUPLICY C E DREF M P;Francisco Beltrão;CONFIRMADO;INEP/MEC - Divulgação dos Resultados do Ideb e Saeb por Escola (Paraná);Código INEP localizado com sucesso na base oficial de divulgação do SAEB/IDEB do INEP.
2007;41085906;EDUARDO VIRMOND SUPLICY C E DREF M P;Francisco Beltrão;CONFIRMADO;INEP/MEC - Divulgação dos Resultados do Ideb e Saeb por Escola (Paraná);Código INEP localizado com sucesso na base oficial de divulgação do SAEB/IDEB do INEP.
2009;41085906;EDUARDO VIRMOND SUPLICY C E DREF M P;Francisco Beltrão;CONFIRMADO;INEP/MEC - Divulgação dos Resultados do Ideb e Saeb por Escola (Paraná);Código INEP localizado com sucesso na base oficial de divulgação do SAEB/IDEB do INEP.
2011;41085906;EDUARDO VIRMOND SUPLICY C E DREF M P;Francisco Beltrão;CONFIRMADO;INEP/MEC - Divulgação dos Resultados do Ideb e Saeb por Escola (Paraná);Código INEP localizado com sucesso na base oficial de divulgação do SAEB/IDEB do INEP.
2013;41085906;EDUARDO VIRMOND SUPLICY C E DREF M P;Francisco Beltrão;CONFIRMADO;INEP/MEC - Divulgação dos Resultados do Ideb e Saeb por Escola (Paraná);Código INEP localizado com sucesso na base oficial de divulgação do SAEB/IDEB do INEP.
2015;41085906;EDUARDO VIRMOND SUPLICY C E DREF M P;Francisco Beltrão;CONFIRMADO;INEP/MEC - Divulgação dos Resultados do Ideb e Saeb por Escola (Paraná);Código INEP localizado com sucesso na base oficial de divulgação do SAEB/IDEB do INEP.
2017;41085906;EDUARDO VIRMOND SUPLICY C E DREF M P;Francisco Beltrão;CONFIRMADO;INEP/MEC - Divulgação dos Resultados do Ideb e Saeb por Escola (Paraná);Código INEP localizado com sucesso na base oficial de divulgação do SAEB/IDEB do INEP.
2019;41085906;EDUARDO VIRMOND SUPLICY C E DREF M P;Francisco Beltrão;CONFIRMADO;INEP/MEC - Divulgação dos Resultados do Ideb e Saeb por Escola (Paraná);Código INEP localizado com sucesso na base oficial de divulgação do SAEB/IDEB do INEP.
2021;41085906;EDUARDO VIRMOND SUPLICY C E DREF M P;Francisco Beltrão;CONFIRMADO;INEP/MEC - Divulgação dos Resultados do Ideb e Saeb por Escola (Paraná);Código INEP localizado com sucesso na base oficial de divulgação do SAEB/IDEB do INEP.
2023;41085906;EDUARDO VIRMOND SUPLICY C E DREF M P;Francisco Beltrão;CONFIRMADO;INEP/MEC - Divulgação dos Resultados do Ideb e Saeb por Escola (Paraná);Código INEP localizado com sucesso na base oficial de divulgação do SAEB/IDEB do INEP.
2025;41085906;EDUARDO VIRMOND SUPLICY C E DREF M P;Francisco Beltrão;CONFIRMADO;INEP/MEC - Divulgação dos Resultados do Ideb e Saeb por Escola (Paraná);Código INEP localizado com sucesso na base oficial de divulgação do SAEB/IDEB do INEP.
2005;41086945;MARMELEIRO C E DEEF M;Marmeleiro;CONFIRMADO;INEP/MEC - Divulgação dos Resultados do Ideb e Saeb por Escola (Paraná);Código INEP localizado com sucesso na base oficial de divulgação do SAEB/IDEB do INEP.
2007;41086945;MARMELEIRO C E DEEF M;Marmeleiro;CONFIRMADO;INEP/MEC - Divulgação dos Resultados do Ideb e Saeb por Escola (Paraná);Código INEP localizado com sucesso na base oficial de divulgação do SAEB/IDEB do INEP.
2009;41086945;MARMELEIRO C E DEEF M;Marmeleiro;CONFIRMADO;INEP/MEC - Divulgação dos Resultados do Ideb e Saeb por Escola (Paraná);Código INEP localizado com sucesso na base oficial de divulgação do SAEB/IDEB do INEP.
2011;41086945;MARMELEIRO C E DEEF M;Marmeleiro;CONFIRMADO;INEP/MEC - Divulgação dos Resultados do Ideb e Saeb por Escola (Paraná);Código INEP localizado com sucesso na base oficial de divulgação do SAEB/IDEB do INEP.
2013;41086945;MARMELEIRO C E DEEF M;Marmeleiro;CONFIRMADO;INEP/MEC - Divulgação dos Resultados do Ideb e Saeb por Escola (Paraná);Código INEP localizado com sucesso na base oficial de divulgação do SAEB/IDEB do INEP.
2015;41086945;MARMELEIRO C E DEEF M;Marmeleiro;CONFIRMADO;INEP/MEC - Divulgação dos Resultados do Ideb e Saeb por Escola (Paraná);Código INEP localizado com sucesso na base oficial de divulgação do SAEB/IDEB do INEP.
2017;41086945;MARMELEIRO C E DEEF M;Marmeleiro;CONFIRMADO;INEP/MEC - Divulgação dos Resultados do Ideb e Saeb por Escola (Paraná);Código INEP localizado com sucesso na base oficial de divulgação do SAEB/IDEB do INEP.
2019;41086945;MARMELEIRO C E DEEF M;Marmeleiro;CONFIRMADO;INEP/MEC - Divulgação dos Resultados do Ideb e Saeb por Escola (Paraná);Código INEP localizado com sucesso na base oficial de divulgação do SAEB/IDEB do INEP.
2021;41086945;MARMELEIRO C E DEEF M;Marmeleiro;CONFIRMADO;INEP/MEC - Divulgação dos Resultados do Ideb e Saeb por Escola (Paraná);Código INEP localizado com sucesso na base oficial de divulgação do SAEB/IDEB do INEP.
2023;41086945;MARMELEIRO C E DEEF M;Marmeleiro;CONFIRMADO;INEP/MEC - Divulgação dos Resultados do Ideb e Saeb por Escola (Paraná);Código INEP localizado com sucesso na base oficial de divulgação do SAEB/IDEB do INEP.
2025;41086945;MARMELEIRO C E DEEF M;Marmeleiro;CONFIRMADO;INEP/MEC - Divulgação dos Resultados do Ideb e Saeb por Escola (Paraná);Código INEP localizado com sucesso na base oficial de divulgação do SAEB/IDEB do INEP.
2005;41089006;JORGE DE LIMA E E CMEF;Salto do Lontra;CONFIRMADO;INEP/MEC - Divulgação dos Resultados do Ideb e Saeb por Escola (Paraná);Código INEP localizado com sucesso na base oficial de divulgação do SAEB/IDEB do INEP.
2007;41089006;JORGE DE LIMA E E CMEF;Salto do Lontra;CONFIRMADO;INEP/MEC - Divulgação dos Resultados do Ideb e Saeb por Escola (Paraná);Código INEP localizado com sucesso na base oficial de divulgação do SAEB/IDEB do INEP.
2009;41089006;JORGE DE LIMA E E CMEF;Salto do Lontra;CONFIRMADO;INEP/MEC - Divulgação dos Resultados do Ideb e Saeb por Escola (Paraná);Código INEP localizado com sucesso na base oficial de divulgação do SAEB/IDEB do INEP.
2011;41089006;JORGE DE LIMA E E CMEF;Salto do Lontra;CONFIRMADO;INEP/MEC - Divulgação dos Resultados do Ideb e Saeb por Escola (Paraná);Código INEP localizado com sucesso na base oficial de divulgação do SAEB/IDEB do INEP.
2013;41089006;JORGE DE LIMA E E CMEF;Salto do Lontra;CONFIRMADO;INEP/MEC - Divulgação dos Resultados do Ideb e Saeb por Escola (Paraná);Código INEP localizado com sucesso na base oficial de divulgação do SAEB/IDEB do INEP.
2015;41089006;JORGE DE LIMA E E CMEF;Salto do Lontra;CONFIRMADO;INEP/MEC - Divulgação dos Resultados do Ideb e Saeb por Escola (Paraná);Código INEP localizado com sucesso na base oficial de divulgação do SAEB/IDEB do INEP.
2017;41089006;JORGE DE LIMA E E CMEF;Salto do Lontra;CONFIRMADO;INEP/MEC - Divulgação dos Resultados do Ideb e Saeb por Escola (Paraná);Código INEP localizado com sucesso na base oficial de divulgação do SAEB/IDEB do INEP.
2019;41089006;JORGE DE LIMA E E CMEF;Salto do Lontra;CONFIRMADO;INEP/MEC - Divulgação dos Resultados do Ideb e Saeb por Escola (Paraná);Código INEP localizado com sucesso na base oficial de divulgação do SAEB/IDEB do INEP.
2021;41089006;JORGE DE LIMA E E CMEF;Salto do Lontra;CONFIRMADO;INEP/MEC - Divulgação dos Resultados do Ideb e Saeb por Escola (Paraná);Código INEP localizado com sucesso na base oficial de divulgação do SAEB/IDEB do INEP.
2023;41089006;JORGE DE LIMA E E CMEF;Salto do Lontra;CONFIRMADO;INEP/MEC - Divulgação dos Resultados do Ideb e Saeb por Escola (Paraná);Código INEP localizado com sucesso na base oficial de divulgação do SAEB/IDEB do INEP.
2025;41089006;JORGE DE LIMA E E CMEF;Salto do Lontra;CONFIRMADO;INEP/MEC - Divulgação dos Resultados do Ideb e Saeb por Escola (Paraná);Código INEP localizado com sucesso na base oficial de divulgação do SAEB/IDEB do INEP.
2005;41092694;ISIDORO DUMONT E E CM IREF;Itapejara d'Oeste;CONFIRMADO;INEP/MEC - Divulgação dos Resultados do Ideb e Saeb por Escola (Paraná);Código INEP localizado com sucesso na base oficial de divulgação do SAEB/IDEB do INEP.
2007;41092694;ISIDORO DUMONT E E CM IREF;Itapejara d'Oeste;CONFIRMADO;INEP/MEC - Divulgação dos Resultados do Ideb e Saeb por Escola (Paraná);Código INEP localizado com sucesso na base oficial de divulgação do SAEB/IDEB do INEP.
2009;41092694;ISIDORO DUMONT E E CM IREF;Itapejara d'Oeste;CONFIRMADO;INEP/MEC - Divulgação dos Resultados do Ideb e Saeb por Escola (Paraná);Código INEP localizado com sucesso na base oficial de divulgação do SAEB/IDEB do INEP.
2011;41092694;ISIDORO DUMONT E E CM IREF;Itapejara d'Oeste;CONFIRMADO;INEP/MEC - Divulgação dos Resultados do Ideb e Saeb por Escola (Paraná);Código INEP localizado com sucesso na base oficial de divulgação do SAEB/IDEB do INEP.
2013;41092694;ISIDORO DUMONT E E CM IREF;Itapejara d'Oeste;CONFIRMADO;INEP/MEC - Divulgação dos Resultados do Ideb e Saeb por Escola (Paraná);Código INEP localizado com sucesso na base oficial de divulgação do SAEB/IDEB do INEP.
2015;41092694;ISIDORO DUMONT E E CM IREF;Itapejara d'Oeste;CONFIRMADO;INEP/MEC - Divulgação dos Resultados do Ideb e Saeb por Escola (Paraná);Código INEP localizado com sucesso na base oficial de divulgação do SAEB/IDEB do INEP.
2017;41092694;ISIDORO DUMONT E E CM IREF;Itapejara d'Oeste;CONFIRMADO;INEP/MEC - Divulgação dos Resultados do Ideb e Saeb por Escola (Paraná);Código INEP localizado com sucesso na base oficial de divulgação do SAEB/IDEB do INEP.
2019;41092694;ISIDORO DUMONT E E CM IREF;Itapejara d'Oeste;CONFIRMADO;INEP/MEC - Divulgação dos Resultados do Ideb e Saeb por Escola (Paraná);Código INEP localizado com sucesso na base oficial de divulgação do SAEB/IDEB do INEP.
2021;41092694;ISIDORO DUMONT E E CM IREF;Itapejara d'Oeste;CONFIRMADO;INEP/MEC - Divulgação dos Resultados do Ideb e Saeb por Escola (Paraná);Código INEP localizado com sucesso na base oficial de divulgação do SAEB/IDEB do INEP.
2023;41092694;ISIDORO DUMONT E E CM IREF;Itapejara d'Oeste;CONFIRMADO;INEP/MEC - Divulgação dos Resultados do Ideb e Saeb por Escola (Paraná);Código INEP localizado com sucesso na base oficial de divulgação do SAEB/IDEB do INEP.
2025;41092694;ISIDORO DUMONT E E CM IREF;Itapejara d'Oeste;CONFIRMADO;INEP/MEC - Divulgação dos Resultados do Ideb e Saeb por Escola (Paraná);Código INEP localizado com sucesso na base oficial de divulgação do SAEB/IDEB do INEP.
2005;41093666;SAO JOAO BOSCO C E CMEF M P;Pato Branco;CONFIRMADO;INEP/MEC - Divulgação dos Resultados do Ideb e Saeb por Escola (Paraná);Código INEP localizado com sucesso na base oficial de divulgação do SAEB/IDEB do INEP.
2007;41093666;SAO JOAO BOSCO C E CMEF M P;Pato Branco;CONFIRMADO;INEP/MEC - Divulgação dos Resultados do Ideb e Saeb por Escola (Paraná);Código INEP localizado com sucesso na base oficial de divulgação do SAEB/IDEB do INEP.
2009;41093666;SAO JOAO BOSCO C E CMEF M P;Pato Branco;CONFIRMADO;INEP/MEC - Divulgação dos Resultados do Ideb e Saeb por Escola (Paraná);Código INEP localizado com sucesso na base oficial de divulgação do SAEB/IDEB do INEP.
2011;41093666;SAO JOAO BOSCO C E CMEF M P;Pato Branco;CONFIRMADO;INEP/MEC - Divulgação dos Resultados do Ideb e Saeb por Escola (Paraná);Código INEP localizado com sucesso na base oficial de divulgação do SAEB/IDEB do INEP.
2013;41093666;SAO JOAO BOSCO C E CMEF M P;Pato Branco;CONFIRMADO;INEP/MEC - Divulgação dos Resultados do Ideb e Saeb por Escola (Paraná);Código INEP localizado com sucesso na base oficial de divulgação do SAEB/IDEB do INEP.
2015;41093666;SAO JOAO BOSCO C E CMEF M P;Pato Branco;CONFIRMADO;INEP/MEC - Divulgação dos Resultados do Ideb e Saeb por Escola (Paraná);Código INEP localizado com sucesso na base oficial de divulgação do SAEB/IDEB do INEP.
2017;41093666;SAO JOAO BOSCO C E CMEF M P;Pato Branco;CONFIRMADO;INEP/MEC - Divulgação dos Resultados do Ideb e Saeb por Escola (Paraná);Código INEP localizado com sucesso na base oficial de divulgação do SAEB/IDEB do INEP.
2019;41093666;SAO JOAO BOSCO C E CMEF M P;Pato Branco;CONFIRMADO;INEP/MEC - Divulgação dos Resultados do Ideb e Saeb por Escola (Paraná);Código INEP localizado com sucesso na base oficial de divulgação do SAEB/IDEB do INEP.
2021;41093666;SAO JOAO BOSCO C E CMEF M P;Pato Branco;CONFIRMADO;INEP/MEC - Divulgação dos Resultados do Ideb e Saeb por Escola (Paraná);Código INEP localizado com sucesso na base oficial de divulgação do SAEB/IDEB do INEP.
2023;41093666;SAO JOAO BOSCO C E CMEF M P;Pato Branco;CONFIRMADO;INEP/MEC - Divulgação dos Resultados do Ideb e Saeb por Escola (Paraná);Código INEP localizado com sucesso na base oficial de divulgação do SAEB/IDEB do INEP.
2025;41093666;SAO JOAO BOSCO C E CMEF M P;Pato Branco;CONFIRMADO;INEP/MEC - Divulgação dos Resultados do Ideb e Saeb por Escola (Paraná);Código INEP localizado com sucesso na base oficial de divulgação do SAEB/IDEB do INEP.
2005;41099133;OLAVO BILAC C EEF M N PROFIS;Cantagalo;CONFIRMADO;INEP/MEC - Divulgação dos Resultados do Ideb e Saeb por Escola (Paraná);Código INEP localizado com sucesso na base oficial de divulgação do SAEB/IDEB do INEP.
2007;41099133;OLAVO BILAC C EEF M N PROFIS;Cantagalo;CONFIRMADO;INEP/MEC - Divulgação dos Resultados do Ideb e Saeb por Escola (Paraná);Código INEP localizado com sucesso na base oficial de divulgação do SAEB/IDEB do INEP.
2009;41099133;OLAVO BILAC C EEF M N PROFIS;Cantagalo;CONFIRMADO;INEP/MEC - Divulgação dos Resultados do Ideb e Saeb por Escola (Paraná);Código INEP localizado com sucesso na base oficial de divulgação do SAEB/IDEB do INEP.
2011;41099133;OLAVO BILAC C EEF M N PROFIS;Cantagalo;CONFIRMADO;INEP/MEC - Divulgação dos Resultados do Ideb e Saeb por Escola (Paraná);Código INEP localizado com sucesso na base oficial de divulgação do SAEB/IDEB do INEP.
2013;41099133;OLAVO BILAC C EEF M N PROFIS;Cantagalo;CONFIRMADO;INEP/MEC - Divulgação dos Resultados do Ideb e Saeb por Escola (Paraná);Código INEP localizado com sucesso na base oficial de divulgação do SAEB/IDEB do INEP.
2015;41099133;OLAVO BILAC C EEF M N PROFIS;Cantagalo;CONFIRMADO;INEP/MEC - Divulgação dos Resultados do Ideb e Saeb por Escola (Paraná);Código INEP localizado com sucesso na base oficial de divulgação do SAEB/IDEB do INEP.
2017;41099133;OLAVO BILAC C EEF M N PROFIS;Cantagalo;CONFIRMADO;INEP/MEC - Divulgação dos Resultados do Ideb e Saeb por Escola (Paraná);Código INEP localizado com sucesso na base oficial de divulgação do SAEB/IDEB do INEP.
2019;41099133;OLAVO BILAC C EEF M N PROFIS;Cantagalo;CONFIRMADO;INEP/MEC - Divulgação dos Resultados do Ideb e Saeb por Escola (Paraná);Código INEP localizado com sucesso na base oficial de divulgação do SAEB/IDEB do INEP.
2021;41099133;OLAVO BILAC C EEF M N PROFIS;Cantagalo;CONFIRMADO;INEP/MEC - Divulgação dos Resultados do Ideb e Saeb por Escola (Paraná);Código INEP localizado com sucesso na base oficial de divulgação do SAEB/IDEB do INEP.
2023;41099133;OLAVO BILAC C EEF M N PROFIS;Cantagalo;CONFIRMADO;INEP/MEC - Divulgação dos Resultados do Ideb e Saeb por Escola (Paraná);Código INEP localizado com sucesso na base oficial de divulgação do SAEB/IDEB do INEP.
2025;41099133;OLAVO BILAC C EEF M N PROFIS;Cantagalo;CONFIRMADO;INEP/MEC - Divulgação dos Resultados do Ideb e Saeb por Escola (Paraná);Código INEP localizado com sucesso na base oficial de divulgação do SAEB/IDEB do INEP.
2005;41099940;CESAR STANGE C EEF M;Guarapuava;CONFIRMADO;INEP/MEC - Divulgação dos Resultados do Ideb e Saeb por Escola (Paraná);Código INEP localizado com sucesso na base oficial de divulgação do SAEB/IDEB do INEP.
2007;41099940;CESAR STANGE C EEF M;Guarapuava;CONFIRMADO;INEP/MEC - Divulgação dos Resultados do Ideb e Saeb por Escola (Paraná);Código INEP localizado com sucesso na base oficial de divulgação do SAEB/IDEB do INEP.
2009;41099940;CESAR STANGE C EEF M;Guarapuava;CONFIRMADO;INEP/MEC - Divulgação dos Resultados do Ideb e Saeb por Escola (Paraná);Código INEP localizado com sucesso na base oficial de divulgação do SAEB/IDEB do INEP.
2011;41099940;CESAR STANGE C EEF M;Guarapuava;CONFIRMADO;INEP/MEC - Divulgação dos Resultados do Ideb e Saeb por Escola (Paraná);Código INEP localizado com sucesso na base oficial de divulgação do SAEB/IDEB do INEP.
2013;41099940;CESAR STANGE C EEF M;Guarapuava;CONFIRMADO;INEP/MEC - Divulgação dos Resultados do Ideb e Saeb por Escola (Paraná);Código INEP localizado com sucesso na base oficial de divulgação do SAEB/IDEB do INEP.
2015;41099940;CESAR STANGE C EEF M;Guarapuava;CONFIRMADO;INEP/MEC - Divulgação dos Resultados do Ideb e Saeb por Escola (Paraná);Código INEP localizado com sucesso na base oficial de divulgação do SAEB/IDEB do INEP.
2017;41099940;CESAR STANGE C EEF M;Guarapuava;CONFIRMADO;INEP/MEC - Divulgação dos Resultados do Ideb e Saeb por Escola (Paraná);Código INEP localizado com sucesso na base oficial de divulgação do SAEB/IDEB do INEP.
2019;41099940;CESAR STANGE C EEF M;Guarapuava;CONFIRMADO;INEP/MEC - Divulgação dos Resultados do Ideb e Saeb por Escola (Paraná);Código INEP localizado com sucesso na base oficial de divulgação do SAEB/IDEB do INEP.
2021;41099940;CESAR STANGE C EEF M;Guarapuava;CONFIRMADO;INEP/MEC - Divulgação dos Resultados do Ideb e Saeb por Escola (Paraná);Código INEP localizado com sucesso na base oficial de divulgação do SAEB/IDEB do INEP.
2023;41099940;CESAR STANGE C EEF M;Guarapuava;CONFIRMADO;INEP/MEC - Divulgação dos Resultados do Ideb e Saeb por Escola (Paraná);Código INEP localizado com sucesso na base oficial de divulgação do SAEB/IDEB do INEP.
2025;41099940;CESAR STANGE C EEF M;Guarapuava;CONFIRMADO;INEP/MEC - Divulgação dos Resultados do Ideb e Saeb por Escola (Paraná);Código INEP localizado com sucesso na base oficial de divulgação do SAEB/IDEB do INEP.
2005;41100689;LENI MARLENE JACOB C E CM PROFAEF M P;Guarapuava;CONFIRMADO;INEP/MEC - Divulgação dos Resultados do Ideb e Saeb por Escola (Paraná);Código INEP localizado com sucesso na base oficial de divulgação do SAEB/IDEB do INEP.
2007;41100689;LENI MARLENE JACOB C E CM PROFAEF M P;Guarapuava;CONFIRMADO;INEP/MEC - Divulgação dos Resultados do Ideb e Saeb por Escola (Paraná);Código INEP localizado com sucesso na base oficial de divulgação do SAEB/IDEB do INEP.
2009;41100689;LENI MARLENE JACOB C E CM PROFAEF M P;Guarapuava;CONFIRMADO;INEP/MEC - Divulgação dos Resultados do Ideb e Saeb por Escola (Paraná);Código INEP localizado com sucesso na base oficial de divulgação do SAEB/IDEB do INEP.
2011;41100689;LENI MARLENE JACOB C E CM PROFAEF M P;Guarapuava;CONFIRMADO;INEP/MEC - Divulgação dos Resultados do Ideb e Saeb por Escola (Paraná);Código INEP localizado com sucesso na base oficial de divulgação do SAEB/IDEB do INEP.
2013;41100689;LENI MARLENE JACOB C E CM PROFAEF M P;Guarapuava;CONFIRMADO;INEP/MEC - Divulgação dos Resultados do Ideb e Saeb por Escola (Paraná);Código INEP localizado com sucesso na base oficial de divulgação do SAEB/IDEB do INEP.
2015;41100689;LENI MARLENE JACOB C E CM PROFAEF M P;Guarapuava;CONFIRMADO;INEP/MEC - Divulgação dos Resultados do Ideb e Saeb por Escola (Paraná);Código INEP localizado com sucesso na base oficial de divulgação do SAEB/IDEB do INEP.
2017;41100689;LENI MARLENE JACOB C E CM PROFAEF M P;Guarapuava;CONFIRMADO;INEP/MEC - Divulgação dos Resultados do Ideb e Saeb por Escola (Paraná);Código INEP localizado com sucesso na base oficial de divulgação do SAEB/IDEB do INEP.
2019;41100689;LENI MARLENE JACOB C E CM PROFAEF M P;Guarapuava;CONFIRMADO;INEP/MEC - Divulgação dos Resultados do Ideb e Saeb por Escola (Paraná);Código INEP localizado com sucesso na base oficial de divulgação do SAEB/IDEB do INEP.
2021;41100689;LENI MARLENE JACOB C E CM PROFAEF M P;Guarapuava;CONFIRMADO;INEP/MEC - Divulgação dos Resultados do Ideb e Saeb por Escola (Paraná);Código INEP localizado com sucesso na base oficial de divulgação do SAEB/IDEB do INEP.
2023;41100689;LENI MARLENE JACOB C E CM PROFAEF M P;Guarapuava;CONFIRMADO;INEP/MEC - Divulgação dos Resultados do Ideb e Saeb por Escola (Paraná);Código INEP localizado com sucesso na base oficial de divulgação do SAEB/IDEB do INEP.
2025;41100689;LENI MARLENE JACOB C E CM PROFAEF M P;Guarapuava;CONFIRMADO;INEP/MEC - Divulgação dos Resultados do Ideb e Saeb por Escola (Paraná);Código INEP localizado com sucesso na base oficial de divulgação do SAEB/IDEB do INEP.
2005;41101006;PALMEIRINHA C E DO C DEEF M PROF;Guarapuava;CONFIRMADO;INEP/MEC - Divulgação dos Resultados do Ideb e Saeb por Escola (Paraná);Código INEP localizado com sucesso na base oficial de divulgação do SAEB/IDEB do INEP.
2007;41101006;PALMEIRINHA C E DO C DEEF M PROF;Guarapuava;CONFIRMADO;INEP/MEC - Divulgação dos Resultados do Ideb e Saeb por Escola (Paraná);Código INEP localizado com sucesso na base oficial de divulgação do SAEB/IDEB do INEP.
2009;41101006;PALMEIRINHA C E DO C DEEF M PROF;Guarapuava;CONFIRMADO;INEP/MEC - Divulgação dos Resultados do Ideb e Saeb por Escola (Paraná);Código INEP localizado com sucesso na base oficial de divulgação do SAEB/IDEB do INEP.
2011;41101006;PALMEIRINHA C E DO C DEEF M PROF;Guarapuava;CONFIRMADO;INEP/MEC - Divulgação dos Resultados do Ideb e Saeb por Escola (Paraná);Código INEP localizado com sucesso na base oficial de divulgação do SAEB/IDEB do INEP.
2013;41101006;PALMEIRINHA C E DO C DEEF M PROF;Guarapuava;CONFIRMADO;INEP/MEC - Divulgação dos Resultados do Ideb e Saeb por Escola (Paraná);Código INEP localizado com sucesso na base oficial de divulgação do SAEB/IDEB do INEP.
2015;41101006;PALMEIRINHA C E DO C DEEF M PROF;Guarapuava;CONFIRMADO;INEP/MEC - Divulgação dos Resultados do Ideb e Saeb por Escola (Paraná);Código INEP localizado com sucesso na base oficial de divulgação do SAEB/IDEB do INEP.
2017;41101006;PALMEIRINHA C E DO C DEEF M PROF;Guarapuava;CONFIRMADO;INEP/MEC - Divulgação dos Resultados do Ideb e Saeb por Escola (Paraná);Código INEP localizado com sucesso na base oficial de divulgação do SAEB/IDEB do INEP.
2019;41101006;PALMEIRINHA C E DO C DEEF M PROF;Guarapuava;CONFIRMADO;INEP/MEC - Divulgação dos Resultados do Ideb e Saeb por Escola (Paraná);Código INEP localizado com sucesso na base oficial de divulgação do SAEB/IDEB do INEP.
2021;41101006;PALMEIRINHA C E DO C DEEF M PROF;Guarapuava;CONFIRMADO;INEP/MEC - Divulgação dos Resultados do Ideb e Saeb por Escola (Paraná);Código INEP localizado com sucesso na base oficial de divulgação do SAEB/IDEB do INEP.
2023;41101006;PALMEIRINHA C E DO C DEEF M PROF;Guarapuava;CONFIRMADO;INEP/MEC - Divulgação dos Resultados do Ideb e Saeb por Escola (Paraná);Código INEP localizado com sucesso na base oficial de divulgação do SAEB/IDEB do INEP.
2025;41101006;PALMEIRINHA C E DO C DEEF M PROF;Guarapuava;CONFIRMADO;INEP/MEC - Divulgação dos Resultados do Ideb e Saeb por Escola (Paraná);Código INEP localizado com sucesso na base oficial de divulgação do SAEB/IDEB do INEP.
2005;41105176;ALTO RECREIO C E CMEF M;Quedas do Iguaçu;CONFIRMADO;INEP/MEC - Divulgação dos Resultados do Ideb e Saeb por Escola (Paraná);Código INEP localizado com sucesso na base oficial de divulgação do SAEB/IDEB do INEP.
2007;41105176;ALTO RECREIO C E CMEF M;Quedas do Iguaçu;CONFIRMADO;INEP/MEC - Divulgação dos Resultados do Ideb e Saeb por Escola (Paraná);Código INEP localizado com sucesso na base oficial de divulgação do SAEB/IDEB do INEP.
2009;41105176;ALTO RECREIO C E CMEF M;Quedas do Iguaçu;CONFIRMADO;INEP/MEC - Divulgação dos Resultados do Ideb e Saeb por Escola (Paraná);Código INEP localizado com sucesso na base oficial de divulgação do SAEB/IDEB do INEP.
2011;41105176;ALTO RECREIO C E CMEF M;Quedas do Iguaçu;CONFIRMADO;INEP/MEC - Divulgação dos Resultados do Ideb e Saeb por Escola (Paraná);Código INEP localizado com sucesso na base oficial de divulgação do SAEB/IDEB do INEP.
2013;41105176;ALTO RECREIO C E CMEF M;Quedas do Iguaçu;CONFIRMADO;INEP/MEC - Divulgação dos Resultados do Ideb e Saeb por Escola (Paraná);Código INEP localizado com sucesso na base oficial de divulgação do SAEB/IDEB do INEP.
2015;41105176;ALTO RECREIO C E CMEF M;Quedas do Iguaçu;CONFIRMADO;INEP/MEC - Divulgação dos Resultados do Ideb e Saeb por Escola (Paraná);Código INEP localizado com sucesso na base oficial de divulgação do SAEB/IDEB do INEP.
2017;41105176;ALTO RECREIO C E CMEF M;Quedas do Iguaçu;CONFIRMADO;INEP/MEC - Divulgação dos Resultados do Ideb e Saeb por Escola (Paraná);Código INEP localizado com sucesso na base oficial de divulgação do SAEB/IDEB do INEP.
2019;41105176;ALTO RECREIO C E CMEF M;Quedas do Iguaçu;CONFIRMADO;INEP/MEC - Divulgação dos Resultados do Ideb e Saeb por Escola (Paraná);Código INEP localizado com sucesso na base oficial de divulgação do SAEB/IDEB do INEP.
2021;41105176;ALTO RECREIO C E CMEF M;Quedas do Iguaçu;CONFIRMADO;INEP/MEC - Divulgação dos Resultados do Ideb e Saeb por Escola (Paraná);Código INEP localizado com sucesso na base oficial de divulgação do SAEB/IDEB do INEP.
2023;41105176;ALTO RECREIO C E CMEF M;Quedas do Iguaçu;CONFIRMADO;INEP/MEC - Divulgação dos Resultados do Ideb e Saeb por Escola (Paraná);Código INEP localizado com sucesso na base oficial de divulgação do SAEB/IDEB do INEP.
2025;41105176;ALTO RECREIO C E CMEF M;Quedas do Iguaçu;CONFIRMADO;INEP/MEC - Divulgação dos Resultados do Ideb e Saeb por Escola (Paraná);Código INEP localizado com sucesso na base oficial de divulgação do SAEB/IDEB do INEP.
2005;41122801;ALBERTO KRAUSE C E CM PROFEF M P;Almirante Tamandaré;CONFIRMADO;INEP/MEC - Divulgação dos Resultados do Ideb e Saeb por Escola (Paraná);Código INEP localizado com sucesso na base oficial de divulgação do SAEB/IDEB do INEP.
2007;41122801;ALBERTO KRAUSE C E CM PROFEF M P;Almirante Tamandaré;CONFIRMADO;INEP/MEC - Divulgação dos Resultados do Ideb e Saeb por Escola (Paraná);Código INEP localizado com sucesso na base oficial de divulgação do SAEB/IDEB do INEP.
2009;41122801;ALBERTO KRAUSE C E CM PROFEF M P;Almirante Tamandaré;CONFIRMADO;INEP/MEC - Divulgação dos Resultados do Ideb e Saeb por Escola (Paraná);Código INEP localizado com sucesso na base oficial de divulgação do SAEB/IDEB do INEP.
2011;41122801;ALBERTO KRAUSE C E CM PROFEF M P;Almirante Tamandaré;CONFIRMADO;INEP/MEC - Divulgação dos Resultados do Ideb e Saeb por Escola (Paraná);Código INEP localizado com sucesso na base oficial de divulgação do SAEB/IDEB do INEP.
2013;41122801;ALBERTO KRAUSE C E CM PROFEF M P;Almirante Tamandaré;CONFIRMADO;INEP/MEC - Divulgação dos Resultados do Ideb e Saeb por Escola (Paraná);Código INEP localizado com sucesso na base oficial de divulgação do SAEB/IDEB do INEP.
2015;41122801;ALBERTO KRAUSE C E CM PROFEF M P;Almirante Tamandaré;CONFIRMADO;INEP/MEC - Divulgação dos Resultados do Ideb e Saeb por Escola (Paraná);Código INEP localizado com sucesso na base oficial de divulgação do SAEB/IDEB do INEP.
2017;41122801;ALBERTO KRAUSE C E CM PROFEF M P;Almirante Tamandaré;CONFIRMADO;INEP/MEC - Divulgação dos Resultados do Ideb e Saeb por Escola (Paraná);Código INEP localizado com sucesso na base oficial de divulgação do SAEB/IDEB do INEP.
2019;41122801;ALBERTO KRAUSE C E CM PROFEF M P;Almirante Tamandaré;CONFIRMADO;INEP/MEC - Divulgação dos Resultados do Ideb e Saeb por Escola (Paraná);Código INEP localizado com sucesso na base oficial de divulgação do SAEB/IDEB do INEP.
2021;41122801;ALBERTO KRAUSE C E CM PROFEF M P;Almirante Tamandaré;CONFIRMADO;INEP/MEC - Divulgação dos Resultados do Ideb e Saeb por Escola (Paraná);Código INEP localizado com sucesso na base oficial de divulgação do SAEB/IDEB do INEP.
2023;41122801;ALBERTO KRAUSE C E CM PROFEF M P;Almirante Tamandaré;CONFIRMADO;INEP/MEC - Divulgação dos Resultados do Ideb e Saeb por Escola (Paraná);Código INEP localizado com sucesso na base oficial de divulgação do SAEB/IDEB do INEP.
2025;41122801;ALBERTO KRAUSE C E CM PROFEF M P;Almirante Tamandaré;CONFIRMADO;INEP/MEC - Divulgação dos Resultados do Ideb e Saeb por Escola (Paraná);Código INEP localizado com sucesso na base oficial de divulgação do SAEB/IDEB do INEP.
2005;41122836;EMILIA BUZATO C E CM EF M PROFIS;Campo Magro;CONFIRMADO;INEP/MEC - Divulgação dos Resultados do Ideb e Saeb por Escola (Paraná);Código INEP localizado com sucesso na base oficial de divulgação do SAEB/IDEB do INEP.
2007;41122836;EMILIA BUZATO C E CM EF M PROFIS;Campo Magro;CONFIRMADO;INEP/MEC - Divulgação dos Resultados do Ideb e Saeb por Escola (Paraná);Código INEP localizado com sucesso na base oficial de divulgação do SAEB/IDEB do INEP.
2009;41122836;EMILIA BUZATO C E CM EF M PROFIS;Campo Magro;CONFIRMADO;INEP/MEC - Divulgação dos Resultados do Ideb e Saeb por Escola (Paraná);Código INEP localizado com sucesso na base oficial de divulgação do SAEB/IDEB do INEP.
2011;41122836;EMILIA BUZATO C E CM EF M PROFIS;Campo Magro;CONFIRMADO;INEP/MEC - Divulgação dos Resultados do Ideb e Saeb por Escola (Paraná);Código INEP localizado com sucesso na base oficial de divulgação do SAEB/IDEB do INEP.
2013;41122836;EMILIA BUZATO C E CM EF M PROFIS;Campo Magro;CONFIRMADO;INEP/MEC - Divulgação dos Resultados do Ideb e Saeb por Escola (Paraná);Código INEP localizado com sucesso na base oficial de divulgação do SAEB/IDEB do INEP.
2015;41122836;EMILIA BUZATO C E CM EF M PROFIS;Campo Magro;CONFIRMADO;INEP/MEC - Divulgação dos Resultados do Ideb e Saeb por Escola (Paraná);Código INEP localizado com sucesso na base oficial de divulgação do SAEB/IDEB do INEP.
2017;41122836;EMILIA BUZATO C E CM EF M PROFIS;Campo Magro;CONFIRMADO;INEP/MEC - Divulgação dos Resultados do Ideb e Saeb por Escola (Paraná);Código INEP localizado com sucesso na base oficial de divulgação do SAEB/IDEB do INEP.
2019;41122836;EMILIA BUZATO C E CM EF M PROFIS;Campo Magro;CONFIRMADO;INEP/MEC - Divulgação dos Resultados do Ideb e Saeb por Escola (Paraná);Código INEP localizado com sucesso na base oficial de divulgação do SAEB/IDEB do INEP.
2021;41122836;EMILIA BUZATO C E CM EF M PROFIS;Campo Magro;CONFIRMADO;INEP/MEC - Divulgação dos Resultados do Ideb e Saeb por Escola (Paraná);Código INEP localizado com sucesso na base oficial de divulgação do SAEB/IDEB do INEP.
2023;41122836;EMILIA BUZATO C E CM EF M PROFIS;Campo Magro;CONFIRMADO;INEP/MEC - Divulgação dos Resultados do Ideb e Saeb por Escola (Paraná);Código INEP localizado com sucesso na base oficial de divulgação do SAEB/IDEB do INEP.
2025;41122836;EMILIA BUZATO C E CM EF M PROFIS;Campo Magro;CONFIRMADO;INEP/MEC - Divulgação dos Resultados do Ideb e Saeb por Escola (Paraná);Código INEP localizado com sucesso na base oficial de divulgação do SAEB/IDEB do INEP.
2005;41122860;FLORIPA TEIXEIRA DE FARIA C EEF M PROF;Almirante Tamandaré;CONFIRMADO;INEP/MEC - Divulgação dos Resultados do Ideb e Saeb por Escola (Paraná);Código INEP localizado com sucesso na base oficial de divulgação do SAEB/IDEB do INEP.
2007;41122860;FLORIPA TEIXEIRA DE FARIA C EEF M PROF;Almirante Tamandaré;CONFIRMADO;INEP/MEC - Divulgação dos Resultados do Ideb e Saeb por Escola (Paraná);Código INEP localizado com sucesso na base oficial de divulgação do SAEB/IDEB do INEP.
2009;41122860;FLORIPA TEIXEIRA DE FARIA C EEF M PROF;Almirante Tamandaré;CONFIRMADO;INEP/MEC - Divulgação dos Resultados do Ideb e Saeb por Escola (Paraná);Código INEP localizado com sucesso na base oficial de divulgação do SAEB/IDEB do INEP.
2011;41122860;FLORIPA TEIXEIRA DE FARIA C EEF M PROF;Almirante Tamandaré;CONFIRMADO;INEP/MEC - Divulgação dos Resultados do Ideb e Saeb por Escola (Paraná);Código INEP localizado com sucesso na base oficial de divulgação do SAEB/IDEB do INEP.
2013;41122860;FLORIPA TEIXEIRA DE FARIA C EEF M PROF;Almirante Tamandaré;CONFIRMADO;INEP/MEC - Divulgação dos Resultados do Ideb e Saeb por Escola (Paraná);Código INEP localizado com sucesso na base oficial de divulgação do SAEB/IDEB do INEP.
2015;41122860;FLORIPA TEIXEIRA DE FARIA C EEF M PROF;Almirante Tamandaré;CONFIRMADO;INEP/MEC - Divulgação dos Resultados do Ideb e Saeb por Escola (Paraná);Código INEP localizado com sucesso na base oficial de divulgação do SAEB/IDEB do INEP.
2017;41122860;FLORIPA TEIXEIRA DE FARIA C EEF M PROF;Almirante Tamandaré;CONFIRMADO;INEP/MEC - Divulgação dos Resultados do Ideb e Saeb por Escola (Paraná);Código INEP localizado com sucesso na base oficial de divulgação do SAEB/IDEB do INEP.
2019;41122860;FLORIPA TEIXEIRA DE FARIA C EEF M PROF;Almirante Tamandaré;CONFIRMADO;INEP/MEC - Divulgação dos Resultados do Ideb e Saeb por Escola (Paraná);Código INEP localizado com sucesso na base oficial de divulgação do SAEB/IDEB do INEP.
2021;41122860;FLORIPA TEIXEIRA DE FARIA C EEF M PROF;Almirante Tamandaré;CONFIRMADO;INEP/MEC - Divulgação dos Resultados do Ideb e Saeb por Escola (Paraná);Código INEP localizado com sucesso na base oficial de divulgação do SAEB/IDEB do INEP.
2023;41122860;FLORIPA TEIXEIRA DE FARIA C EEF M PROF;Almirante Tamandaré;CONFIRMADO;INEP/MEC - Divulgação dos Resultados do Ideb e Saeb por Escola (Paraná);Código INEP localizado com sucesso na base oficial de divulgação do SAEB/IDEB do INEP.
2025;41122860;FLORIPA TEIXEIRA DE FARIA C EEF M PROF;Almirante Tamandaré;CONFIRMADO;INEP/MEC - Divulgação dos Resultados do Ideb e Saeb por Escola (Paraná);Código INEP localizado com sucesso na base oficial de divulgação do SAEB/IDEB do INEP.
2005;41123212;ROSA F JOHNSON E E CM PROFA EF;Almirante Tamandaré;CONFIRMADO;INEP/MEC - Divulgação dos Resultados do Ideb e Saeb por Escola (Paraná);Código INEP localizado com sucesso na base oficial de divulgação do SAEB/IDEB do INEP.
2007;41123212;ROSA F JOHNSON E E CM PROFA EF;Almirante Tamandaré;CONFIRMADO;INEP/MEC - Divulgação dos Resultados do Ideb e Saeb por Escola (Paraná);Código INEP localizado com sucesso na base oficial de divulgação do SAEB/IDEB do INEP.
2009;41123212;ROSA F JOHNSON E E CM PROFA EF;Almirante Tamandaré;CONFIRMADO;INEP/MEC - Divulgação dos Resultados do Ideb e Saeb por Escola (Paraná);Código INEP localizado com sucesso na base oficial de divulgação do SAEB/IDEB do INEP.
2011;41123212;ROSA F JOHNSON E E CM PROFA EF;Almirante Tamandaré;CONFIRMADO;INEP/MEC - Divulgação dos Resultados do Ideb e Saeb por Escola (Paraná);Código INEP localizado com sucesso na base oficial de divulgação do SAEB/IDEB do INEP.
2013;41123212;ROSA F JOHNSON E E CM PROFA EF;Almirante Tamandaré;CONFIRMADO;INEP/MEC - Divulgação dos Resultados do Ideb e Saeb por Escola (Paraná);Código INEP localizado com sucesso na base oficial de divulgação do SAEB/IDEB do INEP.
2015;41123212;ROSA F JOHNSON E E CM PROFA EF;Almirante Tamandaré;CONFIRMADO;INEP/MEC - Divulgação dos Resultados do Ideb e Saeb por Escola (Paraná);Código INEP localizado com sucesso na base oficial de divulgação do SAEB/IDEB do INEP.
2017;41123212;ROSA F JOHNSON E E CM PROFA EF;Almirante Tamandaré;CONFIRMADO;INEP/MEC - Divulgação dos Resultados do Ideb e Saeb por Escola (Paraná);Código INEP localizado com sucesso na base oficial de divulgação do SAEB/IDEB do INEP.
2019;41123212;ROSA F JOHNSON E E CM PROFA EF;Almirante Tamandaré;CONFIRMADO;INEP/MEC - Divulgação dos Resultados do Ideb e Saeb por Escola (Paraná);Código INEP localizado com sucesso na base oficial de divulgação do SAEB/IDEB do INEP.
2021;41123212;ROSA F JOHNSON E E CM PROFA EF;Almirante Tamandaré;CONFIRMADO;INEP/MEC - Divulgação dos Resultados do Ideb e Saeb por Escola (Paraná);Código INEP localizado com sucesso na base oficial de divulgação do SAEB/IDEB do INEP.
2023;41123212;ROSA F JOHNSON E E CM PROFA EF;Almirante Tamandaré;CONFIRMADO;INEP/MEC - Divulgação dos Resultados do Ideb e Saeb por Escola (Paraná);Código INEP localizado com sucesso na base oficial de divulgação do SAEB/IDEB do INEP.
2025;41123212;ROSA F JOHNSON E E CM PROFA EF;Almirante Tamandaré;CONFIRMADO;INEP/MEC - Divulgação dos Resultados do Ideb e Saeb por Escola (Paraná);Código INEP localizado com sucesso na base oficial de divulgação do SAEB/IDEB do INEP.
2005;41123301;TANCREDO NEVES C EEF M;Almirante Tamandaré;CONFIRMADO;INEP/MEC - Divulgação dos Resultados do Ideb e Saeb por Escola (Paraná);Código INEP localizado com sucesso na base oficial de divulgação do SAEB/IDEB do INEP.
2007;41123301;TANCREDO NEVES C EEF M;Almirante Tamandaré;CONFIRMADO;INEP/MEC - Divulgação dos Resultados do Ideb e Saeb por Escola (Paraná);Código INEP localizado com sucesso na base oficial de divulgação do SAEB/IDEB do INEP.
2009;41123301;TANCREDO NEVES C EEF M;Almirante Tamandaré;CONFIRMADO;INEP/MEC - Divulgação dos Resultados do Ideb e Saeb por Escola (Paraná);Código INEP localizado com sucesso na base oficial de divulgação do SAEB/IDEB do INEP.
2011;41123301;TANCREDO NEVES C EEF M;Almirante Tamandaré;CONFIRMADO;INEP/MEC - Divulgação dos Resultados do Ideb e Saeb por Escola (Paraná);Código INEP localizado com sucesso na base oficial de divulgação do SAEB/IDEB do INEP.
2013;41123301;TANCREDO NEVES C EEF M;Almirante Tamandaré;CONFIRMADO;INEP/MEC - Divulgação dos Resultados do Ideb e Saeb por Escola (Paraná);Código INEP localizado com sucesso na base oficial de divulgação do SAEB/IDEB do INEP.
2015;41123301;TANCREDO NEVES C EEF M;Almirante Tamandaré;CONFIRMADO;INEP/MEC - Divulgação dos Resultados do Ideb e Saeb por Escola (Paraná);Código INEP localizado com sucesso na base oficial de divulgação do SAEB/IDEB do INEP.
2017;41123301;TANCREDO NEVES C EEF M;Almirante Tamandaré;CONFIRMADO;INEP/MEC - Divulgação dos Resultados do Ideb e Saeb por Escola (Paraná);Código INEP localizado com sucesso na base oficial de divulgação do SAEB/IDEB do INEP.
2019;41123301;TANCREDO NEVES C EEF M;Almirante Tamandaré;CONFIRMADO;INEP/MEC - Divulgação dos Resultados do Ideb e Saeb por Escola (Paraná);Código INEP localizado com sucesso na base oficial de divulgação do SAEB/IDEB do INEP.
2021;41123301;TANCREDO NEVES C EEF M;Almirante Tamandaré;CONFIRMADO;INEP/MEC - Divulgação dos Resultados do Ideb e Saeb por Escola (Paraná);Código INEP localizado com sucesso na base oficial de divulgação do SAEB/IDEB do INEP.
2023;41123301;TANCREDO NEVES C EEF M;Almirante Tamandaré;CONFIRMADO;INEP/MEC - Divulgação dos Resultados do Ideb e Saeb por Escola (Paraná);Código INEP localizado com sucesso na base oficial de divulgação do SAEB/IDEB do INEP.
2025;41123301;TANCREDO NEVES C EEF M;Almirante Tamandaré;CONFIRMADO;INEP/MEC - Divulgação dos Resultados do Ideb e Saeb por Escola (Paraná);Código INEP localizado com sucesso na base oficial de divulgação do SAEB/IDEB do INEP.
2005;41124014;JUVENTUDE DE SANTO ANTONIO C E CMEF M;Balsa Nova;CONFIRMADO;INEP/MEC - Divulgação dos Resultados do Ideb e Saeb por Escola (Paraná);Código INEP localizado com sucesso na base oficial de divulgação do SAEB/IDEB do INEP.
2007;41124014;JUVENTUDE DE SANTO ANTONIO C E CMEF M;Balsa Nova;CONFIRMADO;INEP/MEC - Divulgação dos Resultados do Ideb e Saeb por Escola (Paraná);Código INEP localizado com sucesso na base oficial de divulgação do SAEB/IDEB do INEP.
2009;41124014;JUVENTUDE DE SANTO ANTONIO C E CMEF M;Balsa Nova;CONFIRMADO;INEP/MEC - Divulgação dos Resultados do Ideb e Saeb por Escola (Paraná);Código INEP localizado com sucesso na base oficial de divulgação do SAEB/IDEB do INEP.
2011;41124014;JUVENTUDE DE SANTO ANTONIO C E CMEF M;Balsa Nova;CONFIRMADO;INEP/MEC - Divulgação dos Resultados do Ideb e Saeb por Escola (Paraná);Código INEP localizado com sucesso na base oficial de divulgação do SAEB/IDEB do INEP.
2013;41124014;JUVENTUDE DE SANTO ANTONIO C E CMEF M;Balsa Nova;CONFIRMADO;INEP/MEC - Divulgação dos Resultados do Ideb e Saeb por Escola (Paraná);Código INEP localizado com sucesso na base oficial de divulgação do SAEB/IDEB do INEP.
2015;41124014;JUVENTUDE DE SANTO ANTONIO C E CMEF M;Balsa Nova;CONFIRMADO;INEP/MEC - Divulgação dos Resultados do Ideb e Saeb por Escola (Paraná);Código INEP localizado com sucesso na base oficial de divulgação do SAEB/IDEB do INEP.
2017;41124014;JUVENTUDE DE SANTO ANTONIO C E CMEF M;Balsa Nova;CONFIRMADO;INEP/MEC - Divulgação dos Resultados do Ideb e Saeb por Escola (Paraná);Código INEP localizado com sucesso na base oficial de divulgação do SAEB/IDEB do INEP.
2019;41124014;JUVENTUDE DE SANTO ANTONIO C E CMEF M;Balsa Nova;CONFIRMADO;INEP/MEC - Divulgação dos Resultados do Ideb e Saeb por Escola (Paraná);Código INEP localizado com sucesso na base oficial de divulgação do SAEB/IDEB do INEP.
2021;41124014;JUVENTUDE DE SANTO ANTONIO C E CMEF M;Balsa Nova;CONFIRMADO;INEP/MEC - Divulgação dos Resultados do Ideb e Saeb por Escola (Paraná);Código INEP localizado com sucesso na base oficial de divulgação do SAEB/IDEB do INEP.
2023;41124014;JUVENTUDE DE SANTO ANTONIO C E CMEF M;Balsa Nova;CONFIRMADO;INEP/MEC - Divulgação dos Resultados do Ideb e Saeb por Escola (Paraná);Código INEP localizado com sucesso na base oficial de divulgação do SAEB/IDEB do INEP.
2025;41124014;JUVENTUDE DE SANTO ANTONIO C E CMEF M;Balsa Nova;CONFIRMADO;INEP/MEC - Divulgação dos Resultados do Ideb e Saeb por Escola (Paraná);Código INEP localizado com sucesso na base oficial de divulgação do SAEB/IDEB do INEP.
2005;41124669;IVAN F DO AMARAL FILHO C E CM EF M P;Campina Grande do Sul;CONFIRMADO;INEP/MEC - Divulgação dos Resultados do Ideb e Saeb por Escola (Paraná);Código INEP localizado com sucesso na base oficial de divulgação do SAEB/IDEB do INEP.
2007;41124669;IVAN F DO AMARAL FILHO C E CM EF M P;Campina Grande do Sul;CONFIRMADO;INEP/MEC - Divulgação dos Resultados do Ideb e Saeb por Escola (Paraná);Código INEP localizado com sucesso na base oficial de divulgação do SAEB/IDEB do INEP.
2009;41124669;IVAN F DO AMARAL FILHO C E CM EF M P;Campina Grande do Sul;CONFIRMADO;INEP/MEC - Divulgação dos Resultados do Ideb e Saeb por Escola (Paraná);Código INEP localizado com sucesso na base oficial de divulgação do SAEB/IDEB do INEP.
2011;41124669;IVAN F DO AMARAL FILHO C E CM EF M P;Campina Grande do Sul;CONFIRMADO;INEP/MEC - Divulgação dos Resultados do Ideb e Saeb por Escola (Paraná);Código INEP localizado com sucesso na base oficial de divulgação do SAEB/IDEB do INEP.
2013;41124669;IVAN F DO AMARAL FILHO C E CM EF M P;Campina Grande do Sul;CONFIRMADO;INEP/MEC - Divulgação dos Resultados do Ideb e Saeb por Escola (Paraná);Código INEP localizado com sucesso na base oficial de divulgação do SAEB/IDEB do INEP.
2015;41124669;IVAN F DO AMARAL FILHO C E CM EF M P;Campina Grande do Sul;CONFIRMADO;INEP/MEC - Divulgação dos Resultados do Ideb e Saeb por Escola (Paraná);Código INEP localizado com sucesso na base oficial de divulgação do SAEB/IDEB do INEP.
2017;41124669;IVAN F DO AMARAL FILHO C E CM EF M P;Campina Grande do Sul;CONFIRMADO;INEP/MEC - Divulgação dos Resultados do Ideb e Saeb por Escola (Paraná);Código INEP localizado com sucesso na base oficial de divulgação do SAEB/IDEB do INEP.
2019;41124669;IVAN F DO AMARAL FILHO C E CM EF M P;Campina Grande do Sul;CONFIRMADO;INEP/MEC - Divulgação dos Resultados do Ideb e Saeb por Escola (Paraná);Código INEP localizado com sucesso na base oficial de divulgação do SAEB/IDEB do INEP.
2021;41124669;IVAN F DO AMARAL FILHO C E CM EF M P;Campina Grande do Sul;CONFIRMADO;INEP/MEC - Divulgação dos Resultados do Ideb e Saeb por Escola (Paraná);Código INEP localizado com sucesso na base oficial de divulgação do SAEB/IDEB do INEP.
2023;41124669;IVAN F DO AMARAL FILHO C E CM EF M P;Campina Grande do Sul;CONFIRMADO;INEP/MEC - Divulgação dos Resultados do Ideb e Saeb por Escola (Paraná);Código INEP localizado com sucesso na base oficial de divulgação do SAEB/IDEB do INEP.
2025;41124669;IVAN F DO AMARAL FILHO C E CM EF M P;Campina Grande do Sul;CONFIRMADO;INEP/MEC - Divulgação dos Resultados do Ideb e Saeb por Escola (Paraná);Código INEP localizado com sucesso na base oficial de divulgação do SAEB/IDEB do INEP.
2005;41125053;DJALMA MARINHO C E CMEF M PROFIS;Campo Largo;CONFIRMADO;INEP/MEC - Divulgação dos Resultados do Ideb e Saeb por Escola (Paraná);Código INEP localizado com sucesso na base oficial de divulgação do SAEB/IDEB do INEP.
2007;41125053;DJALMA MARINHO C E CMEF M PROFIS;Campo Largo;CONFIRMADO;INEP/MEC - Divulgação dos Resultados do Ideb e Saeb por Escola (Paraná);Código INEP localizado com sucesso na base oficial de divulgação do SAEB/IDEB do INEP.
2009;41125053;DJALMA MARINHO C E CMEF M PROFIS;Campo Largo;CONFIRMADO;INEP/MEC - Divulgação dos Resultados do Ideb e Saeb por Escola (Paraná);Código INEP localizado com sucesso na base oficial de divulgação do SAEB/IDEB do INEP.
2011;41125053;DJALMA MARINHO C E CMEF M PROFIS;Campo Largo;CONFIRMADO;INEP/MEC - Divulgação dos Resultados do Ideb e Saeb por Escola (Paraná);Código INEP localizado com sucesso na base oficial de divulgação do SAEB/IDEB do INEP.
2013;41125053;DJALMA MARINHO C E CMEF M PROFIS;Campo Largo;CONFIRMADO;INEP/MEC - Divulgação dos Resultados do Ideb e Saeb por Escola (Paraná);Código INEP localizado com sucesso na base oficial de divulgação do SAEB/IDEB do INEP.
2015;41125053;DJALMA MARINHO C E CMEF M PROFIS;Campo Largo;CONFIRMADO;INEP/MEC - Divulgação dos Resultados do Ideb e Saeb por Escola (Paraná);Código INEP localizado com sucesso na base oficial de divulgação do SAEB/IDEB do INEP.
2017;41125053;DJALMA MARINHO C E CMEF M PROFIS;Campo Largo;CONFIRMADO;INEP/MEC - Divulgação dos Resultados do Ideb e Saeb por Escola (Paraná);Código INEP localizado com sucesso na base oficial de divulgação do SAEB/IDEB do INEP.
2019;41125053;DJALMA MARINHO C E CMEF M PROFIS;Campo Largo;CONFIRMADO;INEP/MEC - Divulgação dos Resultados do Ideb e Saeb por Escola (Paraná);Código INEP localizado com sucesso na base oficial de divulgação do SAEB/IDEB do INEP.
2021;41125053;DJALMA MARINHO C E CMEF M PROFIS;Campo Largo;CONFIRMADO;INEP/MEC - Divulgação dos Resultados do Ideb e Saeb por Escola (Paraná);Código INEP localizado com sucesso na base oficial de divulgação do SAEB/IDEB do INEP.
2023;41125053;DJALMA MARINHO C E CMEF M PROFIS;Campo Largo;CONFIRMADO;INEP/MEC - Divulgação dos Resultados do Ideb e Saeb por Escola (Paraná);Código INEP localizado com sucesso na base oficial de divulgação do SAEB/IDEB do INEP.
2025;41125053;DJALMA MARINHO C E CMEF M PROFIS;Campo Largo;CONFIRMADO;INEP/MEC - Divulgação dos Resultados do Ideb e Saeb por Escola (Paraná);Código INEP localizado com sucesso na base oficial de divulgação do SAEB/IDEB do INEP.
2005;41125193;JOAO XXIII C E CMEF M;Campo Largo;CONFIRMADO;INEP/MEC - Divulgação dos Resultados do Ideb e Saeb por Escola (Paraná);Código INEP localizado com sucesso na base oficial de divulgação do SAEB/IDEB do INEP.
2007;41125193;JOAO XXIII C E CMEF M;Campo Largo;CONFIRMADO;INEP/MEC - Divulgação dos Resultados do Ideb e Saeb por Escola (Paraná);Código INEP localizado com sucesso na base oficial de divulgação do SAEB/IDEB do INEP.
2009;41125193;JOAO XXIII C E CMEF M;Campo Largo;CONFIRMADO;INEP/MEC - Divulgação dos Resultados do Ideb e Saeb por Escola (Paraná);Código INEP localizado com sucesso na base oficial de divulgação do SAEB/IDEB do INEP.
2011;41125193;JOAO XXIII C E CMEF M;Campo Largo;CONFIRMADO;INEP/MEC - Divulgação dos Resultados do Ideb e Saeb por Escola (Paraná);Código INEP localizado com sucesso na base oficial de divulgação do SAEB/IDEB do INEP.
2013;41125193;JOAO XXIII C E CMEF M;Campo Largo;CONFIRMADO;INEP/MEC - Divulgação dos Resultados do Ideb e Saeb por Escola (Paraná);Código INEP localizado com sucesso na base oficial de divulgação do SAEB/IDEB do INEP.
2015;41125193;JOAO XXIII C E CMEF M;Campo Largo;CONFIRMADO;INEP/MEC - Divulgação dos Resultados do Ideb e Saeb por Escola (Paraná);Código INEP localizado com sucesso na base oficial de divulgação do SAEB/IDEB do INEP.
2017;41125193;JOAO XXIII C E CMEF M;Campo Largo;CONFIRMADO;INEP/MEC - Divulgação dos Resultados do Ideb e Saeb por Escola (Paraná);Código INEP localizado com sucesso na base oficial de divulgação do SAEB/IDEB do INEP.
2019;41125193;JOAO XXIII C E CMEF M;Campo Largo;CONFIRMADO;INEP/MEC - Divulgação dos Resultados do Ideb e Saeb por Escola (Paraná);Código INEP localizado com sucesso na base oficial de divulgação do SAEB/IDEB do INEP.
2021;41125193;JOAO XXIII C E CMEF M;Campo Largo;CONFIRMADO;INEP/MEC - Divulgação dos Resultados do Ideb e Saeb por Escola (Paraná);Código INEP localizado com sucesso na base oficial de divulgação do SAEB/IDEB do INEP.
2023;41125193;JOAO XXIII C E CMEF M;Campo Largo;CONFIRMADO;INEP/MEC - Divulgação dos Resultados do Ideb e Saeb por Escola (Paraná);Código INEP localizado com sucesso na base oficial de divulgação do SAEB/IDEB do INEP.
2025;41125193;JOAO XXIII C E CMEF M;Campo Largo;CONFIRMADO;INEP/MEC - Divulgação dos Resultados do Ideb e Saeb por Escola (Paraná);Código INEP localizado com sucesso na base oficial de divulgação do SAEB/IDEB do INEP.
2005;41125304;MACEDO SOARES C E CMEF M PROFIS;Campo Largo;CONFIRMADO;INEP/MEC - Divulgação dos Resultados do Ideb e Saeb por Escola (Paraná);Código INEP localizado com sucesso na base oficial de divulgação do SAEB/IDEB do INEP.
2007;41125304;MACEDO SOARES C E CMEF M PROFIS;Campo Largo;CONFIRMADO;INEP/MEC - Divulgação dos Resultados do Ideb e Saeb por Escola (Paraná);Código INEP localizado com sucesso na base oficial de divulgação do SAEB/IDEB do INEP.
2009;41125304;MACEDO SOARES C E CMEF M PROFIS;Campo Largo;CONFIRMADO;INEP/MEC - Divulgação dos Resultados do Ideb e Saeb por Escola (Paraná);Código INEP localizado com sucesso na base oficial de divulgação do SAEB/IDEB do INEP.
2011;41125304;MACEDO SOARES C E CMEF M PROFIS;Campo Largo;CONFIRMADO;INEP/MEC - Divulgação dos Resultados do Ideb e Saeb por Escola (Paraná);Código INEP localizado com sucesso na base oficial de divulgação do SAEB/IDEB do INEP.
2013;41125304;MACEDO SOARES C E CMEF M PROFIS;Campo Largo;CONFIRMADO;INEP/MEC - Divulgação dos Resultados do Ideb e Saeb por Escola (Paraná);Código INEP localizado com sucesso na base oficial de divulgação do SAEB/IDEB do INEP.
2015;41125304;MACEDO SOARES C E CMEF M PROFIS;Campo Largo;CONFIRMADO;INEP/MEC - Divulgação dos Resultados do Ideb e Saeb por Escola (Paraná);Código INEP localizado com sucesso na base oficial de divulgação do SAEB/IDEB do INEP.
2017;41125304;MACEDO SOARES C E CMEF M PROFIS;Campo Largo;CONFIRMADO;INEP/MEC - Divulgação dos Resultados do Ideb e Saeb por Escola (Paraná);Código INEP localizado com sucesso na base oficial de divulgação do SAEB/IDEB do INEP.
2019;41125304;MACEDO SOARES C E CMEF M PROFIS;Campo Largo;CONFIRMADO;INEP/MEC - Divulgação dos Resultados do Ideb e Saeb por Escola (Paraná);Código INEP localizado com sucesso na base oficial de divulgação do SAEB/IDEB do INEP.
2021;41125304;MACEDO SOARES C E CMEF M PROFIS;Campo Largo;CONFIRMADO;INEP/MEC - Divulgação dos Resultados do Ideb e Saeb por Escola (Paraná);Código INEP localizado com sucesso na base oficial de divulgação do SAEB/IDEB do INEP.
2023;41125304;MACEDO SOARES C E CMEF M PROFIS;Campo Largo;CONFIRMADO;INEP/MEC - Divulgação dos Resultados do Ideb e Saeb por Escola (Paraná);Código INEP localizado com sucesso na base oficial de divulgação do SAEB/IDEB do INEP.
2025;41125304;MACEDO SOARES C E CMEF M PROFIS;Campo Largo;CONFIRMADO;INEP/MEC - Divulgação dos Resultados do Ideb e Saeb por Escola (Paraná);Código INEP localizado com sucesso na base oficial de divulgação do SAEB/IDEB do INEP.
2005;41126050;HELENA KOLODY C EEF M PROF;Colombo;CONFIRMADO;INEP/MEC - Divulgação dos Resultados do Ideb e Saeb por Escola (Paraná);Código INEP localizado com sucesso na base oficial de divulgação do SAEB/IDEB do INEP.
2007;41126050;HELENA KOLODY C EEF M PROF;Colombo;CONFIRMADO;INEP/MEC - Divulgação dos Resultados do Ideb e Saeb por Escola (Paraná);Código INEP localizado com sucesso na base oficial de divulgação do SAEB/IDEB do INEP.
2009;41126050;HELENA KOLODY C EEF M PROF;Colombo;CONFIRMADO;INEP/MEC - Divulgação dos Resultados do Ideb e Saeb por Escola (Paraná);Código INEP localizado com sucesso na base oficial de divulgação do SAEB/IDEB do INEP.
2011;41126050;HELENA KOLODY C EEF M PROF;Colombo;CONFIRMADO;INEP/MEC - Divulgação dos Resultados do Ideb e Saeb por Escola (Paraná);Código INEP localizado com sucesso na base oficial de divulgação do SAEB/IDEB do INEP.
2013;41126050;HELENA KOLODY C EEF M PROF;Colombo;CONFIRMADO;INEP/MEC - Divulgação dos Resultados do Ideb e Saeb por Escola (Paraná);Código INEP localizado com sucesso na base oficial de divulgação do SAEB/IDEB do INEP.
2015;41126050;HELENA KOLODY C EEF M PROF;Colombo;CONFIRMADO;INEP/MEC - Divulgação dos Resultados do Ideb e Saeb por Escola (Paraná);Código INEP localizado com sucesso na base oficial de divulgação do SAEB/IDEB do INEP.
2017;41126050;HELENA KOLODY C EEF M PROF;Colombo;CONFIRMADO;INEP/MEC - Divulgação dos Resultados do Ideb e Saeb por Escola (Paraná);Código INEP localizado com sucesso na base oficial de divulgação do SAEB/IDEB do INEP.
2019;41126050;HELENA KOLODY C EEF M PROF;Colombo;CONFIRMADO;INEP/MEC - Divulgação dos Resultados do Ideb e Saeb por Escola (Paraná);Código INEP localizado com sucesso na base oficial de divulgação do SAEB/IDEB do INEP.
2021;41126050;HELENA KOLODY C EEF M PROF;Colombo;CONFIRMADO;INEP/MEC - Divulgação dos Resultados do Ideb e Saeb por Escola (Paraná);Código INEP localizado com sucesso na base oficial de divulgação do SAEB/IDEB do INEP.
2023;41126050;HELENA KOLODY C EEF M PROF;Colombo;CONFIRMADO;INEP/MEC - Divulgação dos Resultados do Ideb e Saeb por Escola (Paraná);Código INEP localizado com sucesso na base oficial de divulgação do SAEB/IDEB do INEP.
2025;41126050;HELENA KOLODY C EEF M PROF;Colombo;CONFIRMADO;INEP/MEC - Divulgação dos Resultados do Ideb e Saeb por Escola (Paraná);Código INEP localizado com sucesso na base oficial de divulgação do SAEB/IDEB do INEP.
2005;41126122;JOAO R DE CAMARGO C E CM EF M;Colombo;CONFIRMADO;INEP/MEC - Divulgação dos Resultados do Ideb e Saeb por Escola (Paraná);Código INEP localizado com sucesso na base oficial de divulgação do SAEB/IDEB do INEP.
2007;41126122;JOAO R DE CAMARGO C E CM EF M;Colombo;CONFIRMADO;INEP/MEC - Divulgação dos Resultados do Ideb e Saeb por Escola (Paraná);Código INEP localizado com sucesso na base oficial de divulgação do SAEB/IDEB do INEP.
2009;41126122;JOAO R DE CAMARGO C E CM EF M;Colombo;CONFIRMADO;INEP/MEC - Divulgação dos Resultados do Ideb e Saeb por Escola (Paraná);Código INEP localizado com sucesso na base oficial de divulgação do SAEB/IDEB do INEP.
2011;41126122;JOAO R DE CAMARGO C E CM EF M;Colombo;CONFIRMADO;INEP/MEC - Divulgação dos Resultados do Ideb e Saeb por Escola (Paraná);Código INEP localizado com sucesso na base oficial de divulgação do SAEB/IDEB do INEP.
2013;41126122;JOAO R DE CAMARGO C E CM EF M;Colombo;CONFIRMADO;INEP/MEC - Divulgação dos Resultados do Ideb e Saeb por Escola (Paraná);Código INEP localizado com sucesso na base oficial de divulgação do SAEB/IDEB do INEP.
2015;41126122;JOAO R DE CAMARGO C E CM EF M;Colombo;CONFIRMADO;INEP/MEC - Divulgação dos Resultados do Ideb e Saeb por Escola (Paraná);Código INEP localizado com sucesso na base oficial de divulgação do SAEB/IDEB do INEP.
2017;41126122;JOAO R DE CAMARGO C E CM EF M;Colombo;CONFIRMADO;INEP/MEC - Divulgação dos Resultados do Ideb e Saeb por Escola (Paraná);Código INEP localizado com sucesso na base oficial de divulgação do SAEB/IDEB do INEP.
2019;41126122;JOAO R DE CAMARGO C E CM EF M;Colombo;CONFIRMADO;INEP/MEC - Divulgação dos Resultados do Ideb e Saeb por Escola (Paraná);Código INEP localizado com sucesso na base oficial de divulgação do SAEB/IDEB do INEP.
2021;41126122;JOAO R DE CAMARGO C E CM EF M;Colombo;CONFIRMADO;INEP/MEC - Divulgação dos Resultados do Ideb e Saeb por Escola (Paraná);Código INEP localizado com sucesso na base oficial de divulgação do SAEB/IDEB do INEP.
2023;41126122;JOAO R DE CAMARGO C E CM EF M;Colombo;CONFIRMADO;INEP/MEC - Divulgação dos Resultados do Ideb e Saeb por Escola (Paraná);Código INEP localizado com sucesso na base oficial de divulgação do SAEB/IDEB do INEP.
2025;41126122;JOAO R DE CAMARGO C E CM EF M;Colombo;CONFIRMADO;INEP/MEC - Divulgação dos Resultados do Ideb e Saeb por Escola (Paraná);Código INEP localizado com sucesso na base oficial de divulgação do SAEB/IDEB do INEP.
2005;41126670;MIGUEL FRANCO FILHO C E CMEF M PROFIS;Contenda;CONFIRMADO;INEP/MEC - Divulgação dos Resultados do Ideb e Saeb por Escola (Paraná);Código INEP localizado com sucesso na base oficial de divulgação do SAEB/IDEB do INEP.
2007;41126670;MIGUEL FRANCO FILHO C E CMEF M PROFIS;Contenda;CONFIRMADO;INEP/MEC - Divulgação dos Resultados do Ideb e Saeb por Escola (Paraná);Código INEP localizado com sucesso na base oficial de divulgação do SAEB/IDEB do INEP.
2009;41126670;MIGUEL FRANCO FILHO C E CMEF M PROFIS;Contenda;CONFIRMADO;INEP/MEC - Divulgação dos Resultados do Ideb e Saeb por Escola (Paraná);Código INEP localizado com sucesso na base oficial de divulgação do SAEB/IDEB do INEP.
2011;41126670;MIGUEL FRANCO FILHO C E CMEF M PROFIS;Contenda;CONFIRMADO;INEP/MEC - Divulgação dos Resultados do Ideb e Saeb por Escola (Paraná);Código INEP localizado com sucesso na base oficial de divulgação do SAEB/IDEB do INEP.
2013;41126670;MIGUEL FRANCO FILHO C E CMEF M PROFIS;Contenda;CONFIRMADO;INEP/MEC - Divulgação dos Resultados do Ideb e Saeb por Escola (Paraná);Código INEP localizado com sucesso na base oficial de divulgação do SAEB/IDEB do INEP.
2015;41126670;MIGUEL FRANCO FILHO C E CMEF M PROFIS;Contenda;CONFIRMADO;INEP/MEC - Divulgação dos Resultados do Ideb e Saeb por Escola (Paraná);Código INEP localizado com sucesso na base oficial de divulgação do SAEB/IDEB do INEP.
2017;41126670;MIGUEL FRANCO FILHO C E CMEF M PROFIS;Contenda;CONFIRMADO;INEP/MEC - Divulgação dos Resultados do Ideb e Saeb por Escola (Paraná);Código INEP localizado com sucesso na base oficial de divulgação do SAEB/IDEB do INEP.
2019;41126670;MIGUEL FRANCO FILHO C E CMEF M PROFIS;Contenda;CONFIRMADO;INEP/MEC - Divulgação dos Resultados do Ideb e Saeb por Escola (Paraná);Código INEP localizado com sucesso na base oficial de divulgação do SAEB/IDEB do INEP.
2021;41126670;MIGUEL FRANCO FILHO C E CMEF M PROFIS;Contenda;CONFIRMADO;INEP/MEC - Divulgação dos Resultados do Ideb e Saeb por Escola (Paraná);Código INEP localizado com sucesso na base oficial de divulgação do SAEB/IDEB do INEP.
2023;41126670;MIGUEL FRANCO FILHO C E CMEF M PROFIS;Contenda;CONFIRMADO;INEP/MEC - Divulgação dos Resultados do Ideb e Saeb por Escola (Paraná);Código INEP localizado com sucesso na base oficial de divulgação do SAEB/IDEB do INEP.
2025;41126670;MIGUEL FRANCO FILHO C E CMEF M PROFIS;Contenda;CONFIRMADO;INEP/MEC - Divulgação dos Resultados do Ideb e Saeb por Escola (Paraná);Código INEP localizado com sucesso na base oficial de divulgação do SAEB/IDEB do INEP.
2005;41127048;ALFREDO PARODI C EEF M PROFIS;Curitiba;CONFIRMADO;INEP/MEC - Divulgação dos Resultados do Ideb e Saeb por Escola (Paraná);Código INEP localizado com sucesso na base oficial de divulgação do SAEB/IDEB do INEP.
2007;41127048;ALFREDO PARODI C EEF M PROFIS;Curitiba;CONFIRMADO;INEP/MEC - Divulgação dos Resultados do Ideb e Saeb por Escola (Paraná);Código INEP localizado com sucesso na base oficial de divulgação do SAEB/IDEB do INEP.
2009;41127048;ALFREDO PARODI C EEF M PROFIS;Curitiba;CONFIRMADO;INEP/MEC - Divulgação dos Resultados do Ideb e Saeb por Escola (Paraná);Código INEP localizado com sucesso na base oficial de divulgação do SAEB/IDEB do INEP.
2011;41127048;ALFREDO PARODI C EEF M PROFIS;Curitiba;CONFIRMADO;INEP/MEC - Divulgação dos Resultados do Ideb e Saeb por Escola (Paraná);Código INEP localizado com sucesso na base oficial de divulgação do SAEB/IDEB do INEP.
2013;41127048;ALFREDO PARODI C EEF M PROFIS;Curitiba;CONFIRMADO;INEP/MEC - Divulgação dos Resultados do Ideb e Saeb por Escola (Paraná);Código INEP localizado com sucesso na base oficial de divulgação do SAEB/IDEB do INEP.
2015;41127048;ALFREDO PARODI C EEF M PROFIS;Curitiba;CONFIRMADO;INEP/MEC - Divulgação dos Resultados do Ideb e Saeb por Escola (Paraná);Código INEP localizado com sucesso na base oficial de divulgação do SAEB/IDEB do INEP.
2017;41127048;ALFREDO PARODI C EEF M PROFIS;Curitiba;CONFIRMADO;INEP/MEC - Divulgação dos Resultados do Ideb e Saeb por Escola (Paraná);Código INEP localizado com sucesso na base oficial de divulgação do SAEB/IDEB do INEP.
2019;41127048;ALFREDO PARODI C EEF M PROFIS;Curitiba;CONFIRMADO;INEP/MEC - Divulgação dos Resultados do Ideb e Saeb por Escola (Paraná);Código INEP localizado com sucesso na base oficial de divulgação do SAEB/IDEB do INEP.
2021;41127048;ALFREDO PARODI C EEF M PROFIS;Curitiba;CONFIRMADO;INEP/MEC - Divulgação dos Resultados do Ideb e Saeb por Escola (Paraná);Código INEP localizado com sucesso na base oficial de divulgação do SAEB/IDEB do INEP.
2023;41127048;ALFREDO PARODI C EEF M PROFIS;Curitiba;CONFIRMADO;INEP/MEC - Divulgação dos Resultados do Ideb e Saeb por Escola (Paraná);Código INEP localizado com sucesso na base oficial de divulgação do SAEB/IDEB do INEP.
2025;41127048;ALFREDO PARODI C EEF M PROFIS;Curitiba;CONFIRMADO;INEP/MEC - Divulgação dos Resultados do Ideb e Saeb por Escola (Paraná);Código INEP localizado com sucesso na base oficial de divulgação do SAEB/IDEB do INEP.
2005;41127668;BENTO M DA ROCHA NETO C EEF M PROFIS;Curitiba;CONFIRMADO;INEP/MEC - Divulgação dos Resultados do Ideb e Saeb por Escola (Paraná);Código INEP localizado com sucesso na base oficial de divulgação do SAEB/IDEB do INEP.
2007;41127668;BENTO M DA ROCHA NETO C EEF M PROFIS;Curitiba;CONFIRMADO;INEP/MEC - Divulgação dos Resultados do Ideb e Saeb por Escola (Paraná);Código INEP localizado com sucesso na base oficial de divulgação do SAEB/IDEB do INEP.
2009;41127668;BENTO M DA ROCHA NETO C EEF M PROFIS;Curitiba;CONFIRMADO;INEP/MEC - Divulgação dos Resultados do Ideb e Saeb por Escola (Paraná);Código INEP localizado com sucesso na base oficial de divulgação do SAEB/IDEB do INEP.
2011;41127668;BENTO M DA ROCHA NETO C EEF M PROFIS;Curitiba;CONFIRMADO;INEP/MEC - Divulgação dos Resultados do Ideb e Saeb por Escola (Paraná);Código INEP localizado com sucesso na base oficial de divulgação do SAEB/IDEB do INEP.
2013;41127668;BENTO M DA ROCHA NETO C EEF M PROFIS;Curitiba;CONFIRMADO;INEP/MEC - Divulgação dos Resultados do Ideb e Saeb por Escola (Paraná);Código INEP localizado com sucesso na base oficial de divulgação do SAEB/IDEB do INEP.
2015;41127668;BENTO M DA ROCHA NETO C EEF M PROFIS;Curitiba;CONFIRMADO;INEP/MEC - Divulgação dos Resultados do Ideb e Saeb por Escola (Paraná);Código INEP localizado com sucesso na base oficial de divulgação do SAEB/IDEB do INEP.
2017;41127668;BENTO M DA ROCHA NETO C EEF M PROFIS;Curitiba;CONFIRMADO;INEP/MEC - Divulgação dos Resultados do Ideb e Saeb por Escola (Paraná);Código INEP localizado com sucesso na base oficial de divulgação do SAEB/IDEB do INEP.
2019;41127668;BENTO M DA ROCHA NETO C EEF M PROFIS;Curitiba;CONFIRMADO;INEP/MEC - Divulgação dos Resultados do Ideb e Saeb por Escola (Paraná);Código INEP localizado com sucesso na base oficial de divulgação do SAEB/IDEB do INEP.
2021;41127668;BENTO M DA ROCHA NETO C EEF M PROFIS;Curitiba;CONFIRMADO;INEP/MEC - Divulgação dos Resultados do Ideb e Saeb por Escola (Paraná);Código INEP localizado com sucesso na base oficial de divulgação do SAEB/IDEB do INEP.
2023;41127668;BENTO M DA ROCHA NETO C EEF M PROFIS;Curitiba;CONFIRMADO;INEP/MEC - Divulgação dos Resultados do Ideb e Saeb por Escola (Paraná);Código INEP localizado com sucesso na base oficial de divulgação do SAEB/IDEB do INEP.
2025;41127668;BENTO M DA ROCHA NETO C EEF M PROFIS;Curitiba;CONFIRMADO;INEP/MEC - Divulgação dos Resultados do Ideb e Saeb por Escola (Paraná);Código INEP localizado com sucesso na base oficial de divulgação do SAEB/IDEB do INEP.
2005;41128664;CRUZEIRO DO SUL C E CMEF M P;Curitiba;CONFIRMADO;INEP/MEC - Divulgação dos Resultados do Ideb e Saeb por Escola (Paraná);Código INEP localizado com sucesso na base oficial de divulgação do SAEB/IDEB do INEP.
2007;41128664;CRUZEIRO DO SUL C E CMEF M P;Curitiba;CONFIRMADO;INEP/MEC - Divulgação dos Resultados do Ideb e Saeb por Escola (Paraná);Código INEP localizado com sucesso na base oficial de divulgação do SAEB/IDEB do INEP.
2009;41128664;CRUZEIRO DO SUL C E CMEF M P;Curitiba;CONFIRMADO;INEP/MEC - Divulgação dos Resultados do Ideb e Saeb por Escola (Paraná);Código INEP localizado com sucesso na base oficial de divulgação do SAEB/IDEB do INEP.
2011;41128664;CRUZEIRO DO SUL C E CMEF M P;Curitiba;CONFIRMADO;INEP/MEC - Divulgação dos Resultados do Ideb e Saeb por Escola (Paraná);Código INEP localizado com sucesso na base oficial de divulgação do SAEB/IDEB do INEP.
2013;41128664;CRUZEIRO DO SUL C E CMEF M P;Curitiba;CONFIRMADO;INEP/MEC - Divulgação dos Resultados do Ideb e Saeb por Escola (Paraná);Código INEP localizado com sucesso na base oficial de divulgação do SAEB/IDEB do INEP.
2015;41128664;CRUZEIRO DO SUL C E CMEF M P;Curitiba;CONFIRMADO;INEP/MEC - Divulgação dos Resultados do Ideb e Saeb por Escola (Paraná);Código INEP localizado com sucesso na base oficial de divulgação do SAEB/IDEB do INEP.
2017;41128664;CRUZEIRO DO SUL C E CMEF M P;Curitiba;CONFIRMADO;INEP/MEC - Divulgação dos Resultados do Ideb e Saeb por Escola (Paraná);Código INEP localizado com sucesso na base oficial de divulgação do SAEB/IDEB do INEP.
2019;41128664;CRUZEIRO DO SUL C E CMEF M P;Curitiba;CONFIRMADO;INEP/MEC - Divulgação dos Resultados do Ideb e Saeb por Escola (Paraná);Código INEP localizado com sucesso na base oficial de divulgação do SAEB/IDEB do INEP.
2021;41128664;CRUZEIRO DO SUL C E CMEF M P;Curitiba;CONFIRMADO;INEP/MEC - Divulgação dos Resultados do Ideb e Saeb por Escola (Paraná);Código INEP localizado com sucesso na base oficial de divulgação do SAEB/IDEB do INEP.
2023;41128664;CRUZEIRO DO SUL C E CMEF M P;Curitiba;CONFIRMADO;INEP/MEC - Divulgação dos Resultados do Ideb e Saeb por Escola (Paraná);Código INEP localizado com sucesso na base oficial de divulgação do SAEB/IDEB do INEP.
2025;41128664;CRUZEIRO DO SUL C E CMEF M P;Curitiba;CONFIRMADO;INEP/MEC - Divulgação dos Resultados do Ideb e Saeb por Escola (Paraná);Código INEP localizado com sucesso na base oficial de divulgação do SAEB/IDEB do INEP.
2005;41128885;DIRCE C DO AMARAL C E PROFAEF M PROFIS;Curitiba;CONFIRMADO;INEP/MEC - Divulgação dos Resultados do Ideb e Saeb por Escola (Paraná);Código INEP localizado com sucesso na base oficial de divulgação do SAEB/IDEB do INEP.
2007;41128885;DIRCE C DO AMARAL C E PROFAEF M PROFIS;Curitiba;CONFIRMADO;INEP/MEC - Divulgação dos Resultados do Ideb e Saeb por Escola (Paraná);Código INEP localizado com sucesso na base oficial de divulgação do SAEB/IDEB do INEP.
2009;41128885;DIRCE C DO AMARAL C E PROFAEF M PROFIS;Curitiba;CONFIRMADO;INEP/MEC - Divulgação dos Resultados do Ideb e Saeb por Escola (Paraná);Código INEP localizado com sucesso na base oficial de divulgação do SAEB/IDEB do INEP.
2011;41128885;DIRCE C DO AMARAL C E PROFAEF M PROFIS;Curitiba;CONFIRMADO;INEP/MEC - Divulgação dos Resultados do Ideb e Saeb por Escola (Paraná);Código INEP localizado com sucesso na base oficial de divulgação do SAEB/IDEB do INEP.
2013;41128885;DIRCE C DO AMARAL C E PROFAEF M PROFIS;Curitiba;CONFIRMADO;INEP/MEC - Divulgação dos Resultados do Ideb e Saeb por Escola (Paraná);Código INEP localizado com sucesso na base oficial de divulgação do SAEB/IDEB do INEP.
2015;41128885;DIRCE C DO AMARAL C E PROFAEF M PROFIS;Curitiba;CONFIRMADO;INEP/MEC - Divulgação dos Resultados do Ideb e Saeb por Escola (Paraná);Código INEP localizado com sucesso na base oficial de divulgação do SAEB/IDEB do INEP.
2017;41128885;DIRCE C DO AMARAL C E PROFAEF M PROFIS;Curitiba;CONFIRMADO;INEP/MEC - Divulgação dos Resultados do Ideb e Saeb por Escola (Paraná);Código INEP localizado com sucesso na base oficial de divulgação do SAEB/IDEB do INEP.
2019;41128885;DIRCE C DO AMARAL C E PROFAEF M PROFIS;Curitiba;CONFIRMADO;INEP/MEC - Divulgação dos Resultados do Ideb e Saeb por Escola (Paraná);Código INEP localizado com sucesso na base oficial de divulgação do SAEB/IDEB do INEP.
2021;41128885;DIRCE C DO AMARAL C E PROFAEF M PROFIS;Curitiba;CONFIRMADO;INEP/MEC - Divulgação dos Resultados do Ideb e Saeb por Escola (Paraná);Código INEP localizado com sucesso na base oficial de divulgação do SAEB/IDEB do INEP.
2023;41128885;DIRCE C DO AMARAL C E PROFAEF M PROFIS;Curitiba;CONFIRMADO;INEP/MEC - Divulgação dos Resultados do Ideb e Saeb por Escola (Paraná);Código INEP localizado com sucesso na base oficial de divulgação do SAEB/IDEB do INEP.
2025;41128885;DIRCE C DO AMARAL C E PROFAEF M PROFIS;Curitiba;CONFIRMADO;INEP/MEC - Divulgação dos Resultados do Ideb e Saeb por Escola (Paraná);Código INEP localizado com sucesso na base oficial de divulgação do SAEB/IDEB do INEP.
2005;41128915;DOMINGOS ZANLORENZI C EEF M PROFIS;Curitiba;CONFIRMADO;INEP/MEC - Divulgação dos Resultados do Ideb e Saeb por Escola (Paraná);Código INEP localizado com sucesso na base oficial de divulgação do SAEB/IDEB do INEP.
2007;41128915;DOMINGOS ZANLORENZI C EEF M PROFIS;Curitiba;CONFIRMADO;INEP/MEC - Divulgação dos Resultados do Ideb e Saeb por Escola (Paraná);Código INEP localizado com sucesso na base oficial de divulgação do SAEB/IDEB do INEP.
2009;41128915;DOMINGOS ZANLORENZI C EEF M PROFIS;Curitiba;CONFIRMADO;INEP/MEC - Divulgação dos Resultados do Ideb e Saeb por Escola (Paraná);Código INEP localizado com sucesso na base oficial de divulgação do SAEB/IDEB do INEP.
2011;41128915;DOMINGOS ZANLORENZI C EEF M PROFIS;Curitiba;CONFIRMADO;INEP/MEC - Divulgação dos Resultados do Ideb e Saeb por Escola (Paraná);Código INEP localizado com sucesso na base oficial de divulgação do SAEB/IDEB do INEP.
2013;41128915;DOMINGOS ZANLORENZI C EEF M PROFIS;Curitiba;CONFIRMADO;INEP/MEC - Divulgação dos Resultados do Ideb e Saeb por Escola (Paraná);Código INEP localizado com sucesso na base oficial de divulgação do SAEB/IDEB do INEP.
2015;41128915;DOMINGOS ZANLORENZI C EEF M PROFIS;Curitiba;CONFIRMADO;INEP/MEC - Divulgação dos Resultados do Ideb e Saeb por Escola (Paraná);Código INEP localizado com sucesso na base oficial de divulgação do SAEB/IDEB do INEP.
2017;41128915;DOMINGOS ZANLORENZI C EEF M PROFIS;Curitiba;CONFIRMADO;INEP/MEC - Divulgação dos Resultados do Ideb e Saeb por Escola (Paraná);Código INEP localizado com sucesso na base oficial de divulgação do SAEB/IDEB do INEP.
2019;41128915;DOMINGOS ZANLORENZI C EEF M PROFIS;Curitiba;CONFIRMADO;INEP/MEC - Divulgação dos Resultados do Ideb e Saeb por Escola (Paraná);Código INEP localizado com sucesso na base oficial de divulgação do SAEB/IDEB do INEP.
2021;41128915;DOMINGOS ZANLORENZI C EEF M PROFIS;Curitiba;CONFIRMADO;INEP/MEC - Divulgação dos Resultados do Ideb e Saeb por Escola (Paraná);Código INEP localizado com sucesso na base oficial de divulgação do SAEB/IDEB do INEP.
2023;41128915;DOMINGOS ZANLORENZI C EEF M PROFIS;Curitiba;CONFIRMADO;INEP/MEC - Divulgação dos Resultados do Ideb e Saeb por Escola (Paraná);Código INEP localizado com sucesso na base oficial de divulgação do SAEB/IDEB do INEP.
2025;41128915;DOMINGOS ZANLORENZI C EEF M PROFIS;Curitiba;CONFIRMADO;INEP/MEC - Divulgação dos Resultados do Ideb e Saeb por Escola (Paraná);Código INEP localizado com sucesso na base oficial de divulgação do SAEB/IDEB do INEP.
2005;41129512;GABRIELA MISTRAL C EEF M PROFIS;Curitiba;CONFIRMADO;INEP/MEC - Divulgação dos Resultados do Ideb e Saeb por Escola (Paraná);Código INEP localizado com sucesso na base oficial de divulgação do SAEB/IDEB do INEP.
2007;41129512;GABRIELA MISTRAL C EEF M PROFIS;Curitiba;CONFIRMADO;INEP/MEC - Divulgação dos Resultados do Ideb e Saeb por Escola (Paraná);Código INEP localizado com sucesso na base oficial de divulgação do SAEB/IDEB do INEP.
2009;41129512;GABRIELA MISTRAL C EEF M PROFIS;Curitiba;CONFIRMADO;INEP/MEC - Divulgação dos Resultados do Ideb e Saeb por Escola (Paraná);Código INEP localizado com sucesso na base oficial de divulgação do SAEB/IDEB do INEP.
2011;41129512;GABRIELA MISTRAL C EEF M PROFIS;Curitiba;CONFIRMADO;INEP/MEC - Divulgação dos Resultados do Ideb e Saeb por Escola (Paraná);Código INEP localizado com sucesso na base oficial de divulgação do SAEB/IDEB do INEP.
2013;41129512;GABRIELA MISTRAL C EEF M PROFIS;Curitiba;CONFIRMADO;INEP/MEC - Divulgação dos Resultados do Ideb e Saeb por Escola (Paraná);Código INEP localizado com sucesso na base oficial de divulgação do SAEB/IDEB do INEP.
2015;41129512;GABRIELA MISTRAL C EEF M PROFIS;Curitiba;CONFIRMADO;INEP/MEC - Divulgação dos Resultados do Ideb e Saeb por Escola (Paraná);Código INEP localizado com sucesso na base oficial de divulgação do SAEB/IDEB do INEP.
2017;41129512;GABRIELA MISTRAL C EEF M PROFIS;Curitiba;CONFIRMADO;INEP/MEC - Divulgação dos Resultados do Ideb e Saeb por Escola (Paraná);Código INEP localizado com sucesso na base oficial de divulgação do SAEB/IDEB do INEP.
2019;41129512;GABRIELA MISTRAL C EEF M PROFIS;Curitiba;CONFIRMADO;INEP/MEC - Divulgação dos Resultados do Ideb e Saeb por Escola (Paraná);Código INEP localizado com sucesso na base oficial de divulgação do SAEB/IDEB do INEP.
2021;41129512;GABRIELA MISTRAL C EEF M PROFIS;Curitiba;CONFIRMADO;INEP/MEC - Divulgação dos Resultados do Ideb e Saeb por Escola (Paraná);Código INEP localizado com sucesso na base oficial de divulgação do SAEB/IDEB do INEP.
2023;41129512;GABRIELA MISTRAL C EEF M PROFIS;Curitiba;CONFIRMADO;INEP/MEC - Divulgação dos Resultados do Ideb e Saeb por Escola (Paraná);Código INEP localizado com sucesso na base oficial de divulgação do SAEB/IDEB do INEP.
2025;41129512;GABRIELA MISTRAL C EEF M PROFIS;Curitiba;CONFIRMADO;INEP/MEC - Divulgação dos Resultados do Ideb e Saeb por Escola (Paraná);Código INEP localizado com sucesso na base oficial de divulgação do SAEB/IDEB do INEP.
2005;41129539;GELVIRA CORREA PACHECO C EEF M P;Curitiba;CONFIRMADO;INEP/MEC - Divulgação dos Resultados do Ideb e Saeb por Escola (Paraná);Código INEP localizado com sucesso na base oficial de divulgação do SAEB/IDEB do INEP.
2007;41129539;GELVIRA CORREA PACHECO C EEF M P;Curitiba;CONFIRMADO;INEP/MEC - Divulgação dos Resultados do Ideb e Saeb por Escola (Paraná);Código INEP localizado com sucesso na base oficial de divulgação do SAEB/IDEB do INEP.
2009;41129539;GELVIRA CORREA PACHECO C EEF M P;Curitiba;CONFIRMADO;INEP/MEC - Divulgação dos Resultados do Ideb e Saeb por Escola (Paraná);Código INEP localizado com sucesso na base oficial de divulgação do SAEB/IDEB do INEP.
2011;41129539;GELVIRA CORREA PACHECO C EEF M P;Curitiba;CONFIRMADO;INEP/MEC - Divulgação dos Resultados do Ideb e Saeb por Escola (Paraná);Código INEP localizado com sucesso na base oficial de divulgação do SAEB/IDEB do INEP.
2013;41129539;GELVIRA CORREA PACHECO C EEF M P;Curitiba;CONFIRMADO;INEP/MEC - Divulgação dos Resultados do Ideb e Saeb por Escola (Paraná);Código INEP localizado com sucesso na base oficial de divulgação do SAEB/IDEB do INEP.
2015;41129539;GELVIRA CORREA PACHECO C EEF M P;Curitiba;CONFIRMADO;INEP/MEC - Divulgação dos Resultados do Ideb e Saeb por Escola (Paraná);Código INEP localizado com sucesso na base oficial de divulgação do SAEB/IDEB do INEP.
2017;41129539;GELVIRA CORREA PACHECO C EEF M P;Curitiba;CONFIRMADO;INEP/MEC - Divulgação dos Resultados do Ideb e Saeb por Escola (Paraná);Código INEP localizado com sucesso na base oficial de divulgação do SAEB/IDEB do INEP.
2019;41129539;GELVIRA CORREA PACHECO C EEF M P;Curitiba;CONFIRMADO;INEP/MEC - Divulgação dos Resultados do Ideb e Saeb por Escola (Paraná);Código INEP localizado com sucesso na base oficial de divulgação do SAEB/IDEB do INEP.
2021;41129539;GELVIRA CORREA PACHECO C EEF M P;Curitiba;CONFIRMADO;INEP/MEC - Divulgação dos Resultados do Ideb e Saeb por Escola (Paraná);Código INEP localizado com sucesso na base oficial de divulgação do SAEB/IDEB do INEP.
2023;41129539;GELVIRA CORREA PACHECO C EEF M P;Curitiba;CONFIRMADO;INEP/MEC - Divulgação dos Resultados do Ideb e Saeb por Escola (Paraná);Código INEP localizado com sucesso na base oficial de divulgação do SAEB/IDEB do INEP.
2025;41129539;GELVIRA CORREA PACHECO C EEF M P;Curitiba;CONFIRMADO;INEP/MEC - Divulgação dos Resultados do Ideb e Saeb por Escola (Paraná);Código INEP localizado com sucesso na base oficial de divulgação do SAEB/IDEB do INEP.
2005;41129687;GUIDO STRAUBE C E PROFEF M PROFIS;Curitiba;CONFIRMADO;INEP/MEC - Divulgação dos Resultados do Ideb e Saeb por Escola (Paraná);Código INEP localizado com sucesso na base oficial de divulgação do SAEB/IDEB do INEP.
2007;41129687;GUIDO STRAUBE C E PROFEF M PROFIS;Curitiba;CONFIRMADO;INEP/MEC - Divulgação dos Resultados do Ideb e Saeb por Escola (Paraná);Código INEP localizado com sucesso na base oficial de divulgação do SAEB/IDEB do INEP.
2009;41129687;GUIDO STRAUBE C E PROFEF M PROFIS;Curitiba;CONFIRMADO;INEP/MEC - Divulgação dos Resultados do Ideb e Saeb por Escola (Paraná);Código INEP localizado com sucesso na base oficial de divulgação do SAEB/IDEB do INEP.
2011;41129687;GUIDO STRAUBE C E PROFEF M PROFIS;Curitiba;CONFIRMADO;INEP/MEC - Divulgação dos Resultados do Ideb e Saeb por Escola (Paraná);Código INEP localizado com sucesso na base oficial de divulgação do SAEB/IDEB do INEP.
2013;41129687;GUIDO STRAUBE C E PROFEF M PROFIS;Curitiba;CONFIRMADO;INEP/MEC - Divulgação dos Resultados do Ideb e Saeb por Escola (Paraná);Código INEP localizado com sucesso na base oficial de divulgação do SAEB/IDEB do INEP.
2015;41129687;GUIDO STRAUBE C E PROFEF M PROFIS;Curitiba;CONFIRMADO;INEP/MEC - Divulgação dos Resultados do Ideb e Saeb por Escola (Paraná);Código INEP localizado com sucesso na base oficial de divulgação do SAEB/IDEB do INEP.
2017;41129687;GUIDO STRAUBE C E PROFEF M PROFIS;Curitiba;CONFIRMADO;INEP/MEC - Divulgação dos Resultados do Ideb e Saeb por Escola (Paraná);Código INEP localizado com sucesso na base oficial de divulgação do SAEB/IDEB do INEP.
2019;41129687;GUIDO STRAUBE C E PROFEF M PROFIS;Curitiba;CONFIRMADO;INEP/MEC - Divulgação dos Resultados do Ideb e Saeb por Escola (Paraná);Código INEP localizado com sucesso na base oficial de divulgação do SAEB/IDEB do INEP.
2021;41129687;GUIDO STRAUBE C E PROFEF M PROFIS;Curitiba;CONFIRMADO;INEP/MEC - Divulgação dos Resultados do Ideb e Saeb por Escola (Paraná);Código INEP localizado com sucesso na base oficial de divulgação do SAEB/IDEB do INEP.
2023;41129687;GUIDO STRAUBE C E PROFEF M PROFIS;Curitiba;CONFIRMADO;INEP/MEC - Divulgação dos Resultados do Ideb e Saeb por Escola (Paraná);Código INEP localizado com sucesso na base oficial de divulgação do SAEB/IDEB do INEP.
2025;41129687;GUIDO STRAUBE C E PROFEF M PROFIS;Curitiba;CONFIRMADO;INEP/MEC - Divulgação dos Resultados do Ideb e Saeb por Escola (Paraná);Código INEP localizado com sucesso na base oficial de divulgação do SAEB/IDEB do INEP.
2005;41129920;ISABEL L S SOUZA C E PROFAEF M PROFIS;Curitiba;CONFIRMADO;INEP/MEC - Divulgação dos Resultados do Ideb e Saeb por Escola (Paraná);Código INEP localizado com sucesso na base oficial de divulgação do SAEB/IDEB do INEP.
2007;41129920;ISABEL L S SOUZA C E PROFAEF M PROFIS;Curitiba;CONFIRMADO;INEP/MEC - Divulgação dos Resultados do Ideb e Saeb por Escola (Paraná);Código INEP localizado com sucesso na base oficial de divulgação do SAEB/IDEB do INEP.
2009;41129920;ISABEL L S SOUZA C E PROFAEF M PROFIS;Curitiba;CONFIRMADO;INEP/MEC - Divulgação dos Resultados do Ideb e Saeb por Escola (Paraná);Código INEP localizado com sucesso na base oficial de divulgação do SAEB/IDEB do INEP.
2011;41129920;ISABEL L S SOUZA C E PROFAEF M PROFIS;Curitiba;CONFIRMADO;INEP/MEC - Divulgação dos Resultados do Ideb e Saeb por Escola (Paraná);Código INEP localizado com sucesso na base oficial de divulgação do SAEB/IDEB do INEP.
2013;41129920;ISABEL L S SOUZA C E PROFAEF M PROFIS;Curitiba;CONFIRMADO;INEP/MEC - Divulgação dos Resultados do Ideb e Saeb por Escola (Paraná);Código INEP localizado com sucesso na base oficial de divulgação do SAEB/IDEB do INEP.
2015;41129920;ISABEL L S SOUZA C E PROFAEF M PROFIS;Curitiba;CONFIRMADO;INEP/MEC - Divulgação dos Resultados do Ideb e Saeb por Escola (Paraná);Código INEP localizado com sucesso na base oficial de divulgação do SAEB/IDEB do INEP.
2017;41129920;ISABEL L S SOUZA C E PROFAEF M PROFIS;Curitiba;CONFIRMADO;INEP/MEC - Divulgação dos Resultados do Ideb e Saeb por Escola (Paraná);Código INEP localizado com sucesso na base oficial de divulgação do SAEB/IDEB do INEP.
2019;41129920;ISABEL L S SOUZA C E PROFAEF M PROFIS;Curitiba;CONFIRMADO;INEP/MEC - Divulgação dos Resultados do Ideb e Saeb por Escola (Paraná);Código INEP localizado com sucesso na base oficial de divulgação do SAEB/IDEB do INEP.
2021;41129920;ISABEL L S SOUZA C E PROFAEF M PROFIS;Curitiba;CONFIRMADO;INEP/MEC - Divulgação dos Resultados do Ideb e Saeb por Escola (Paraná);Código INEP localizado com sucesso na base oficial de divulgação do SAEB/IDEB do INEP.
2023;41129920;ISABEL L S SOUZA C E PROFAEF M PROFIS;Curitiba;CONFIRMADO;INEP/MEC - Divulgação dos Resultados do Ideb e Saeb por Escola (Paraná);Código INEP localizado com sucesso na base oficial de divulgação do SAEB/IDEB do INEP.
2025;41129920;ISABEL L S SOUZA C E PROFAEF M PROFIS;Curitiba;CONFIRMADO;INEP/MEC - Divulgação dos Resultados do Ideb e Saeb por Escola (Paraná);Código INEP localizado com sucesso na base oficial de divulgação do SAEB/IDEB do INEP.
2005;41129970;IVO LEAO C EEF M;Curitiba;CONFIRMADO;INEP/MEC - Divulgação dos Resultados do Ideb e Saeb por Escola (Paraná);Código INEP localizado com sucesso na base oficial de divulgação do SAEB/IDEB do INEP.
2007;41129970;IVO LEAO C EEF M;Curitiba;CONFIRMADO;INEP/MEC - Divulgação dos Resultados do Ideb e Saeb por Escola (Paraná);Código INEP localizado com sucesso na base oficial de divulgação do SAEB/IDEB do INEP.
2009;41129970;IVO LEAO C EEF M;Curitiba;CONFIRMADO;INEP/MEC - Divulgação dos Resultados do Ideb e Saeb por Escola (Paraná);Código INEP localizado com sucesso na base oficial de divulgação do SAEB/IDEB do INEP.
2011;41129970;IVO LEAO C EEF M;Curitiba;CONFIRMADO;INEP/MEC - Divulgação dos Resultados do Ideb e Saeb por Escola (Paraná);Código INEP localizado com sucesso na base oficial de divulgação do SAEB/IDEB do INEP.
2013;41129970;IVO LEAO C EEF M;Curitiba;CONFIRMADO;INEP/MEC - Divulgação dos Resultados do Ideb e Saeb por Escola (Paraná);Código INEP localizado com sucesso na base oficial de divulgação do SAEB/IDEB do INEP.
2015;41129970;IVO LEAO C EEF M;Curitiba;CONFIRMADO;INEP/MEC - Divulgação dos Resultados do Ideb e Saeb por Escola (Paraná);Código INEP localizado com sucesso na base oficial de divulgação do SAEB/IDEB do INEP.
2017;41129970;IVO LEAO C EEF M;Curitiba;CONFIRMADO;INEP/MEC - Divulgação dos Resultados do Ideb e Saeb por Escola (Paraná);Código INEP localizado com sucesso na base oficial de divulgação do SAEB/IDEB do INEP.
2019;41129970;IVO LEAO C EEF M;Curitiba;CONFIRMADO;INEP/MEC - Divulgação dos Resultados do Ideb e Saeb por Escola (Paraná);Código INEP localizado com sucesso na base oficial de divulgação do SAEB/IDEB do INEP.
2021;41129970;IVO LEAO C EEF M;Curitiba;CONFIRMADO;INEP/MEC - Divulgação dos Resultados do Ideb e Saeb por Escola (Paraná);Código INEP localizado com sucesso na base oficial de divulgação do SAEB/IDEB do INEP.
2023;41129970;IVO LEAO C EEF M;Curitiba;CONFIRMADO;INEP/MEC - Divulgação dos Resultados do Ideb e Saeb por Escola (Paraná);Código INEP localizado com sucesso na base oficial de divulgação do SAEB/IDEB do INEP.
2025;41129970;IVO LEAO C EEF M;Curitiba;CONFIRMADO;INEP/MEC - Divulgação dos Resultados do Ideb e Saeb por Escola (Paraná);Código INEP localizado com sucesso na base oficial de divulgação do SAEB/IDEB do INEP.
2005;41129989;IVO ZANLORENZI E E MONSEF;Curitiba;CONFIRMADO;INEP/MEC - Divulgação dos Resultados do Ideb e Saeb por Escola (Paraná);Código INEP localizado com sucesso na base oficial de divulgação do SAEB/IDEB do INEP.
2007;41129989;IVO ZANLORENZI E E MONSEF;Curitiba;CONFIRMADO;INEP/MEC - Divulgação dos Resultados do Ideb e Saeb por Escola (Paraná);Código INEP localizado com sucesso na base oficial de divulgação do SAEB/IDEB do INEP.
2009;41129989;IVO ZANLORENZI E E MONSEF;Curitiba;CONFIRMADO;INEP/MEC - Divulgação dos Resultados do Ideb e Saeb por Escola (Paraná);Código INEP localizado com sucesso na base oficial de divulgação do SAEB/IDEB do INEP.
2011;41129989;IVO ZANLORENZI E E MONSEF;Curitiba;CONFIRMADO;INEP/MEC - Divulgação dos Resultados do Ideb e Saeb por Escola (Paraná);Código INEP localizado com sucesso na base oficial de divulgação do SAEB/IDEB do INEP.
2013;41129989;IVO ZANLORENZI E E MONSEF;Curitiba;CONFIRMADO;INEP/MEC - Divulgação dos Resultados do Ideb e Saeb por Escola (Paraná);Código INEP localizado com sucesso na base oficial de divulgação do SAEB/IDEB do INEP.
2015;41129989;IVO ZANLORENZI E E MONSEF;Curitiba;CONFIRMADO;INEP/MEC - Divulgação dos Resultados do Ideb e Saeb por Escola (Paraná);Código INEP localizado com sucesso na base oficial de divulgação do SAEB/IDEB do INEP.
2017;41129989;IVO ZANLORENZI E E MONSEF;Curitiba;CONFIRMADO;INEP/MEC - Divulgação dos Resultados do Ideb e Saeb por Escola (Paraná);Código INEP localizado com sucesso na base oficial de divulgação do SAEB/IDEB do INEP.
2019;41129989;IVO ZANLORENZI E E MONSEF;Curitiba;CONFIRMADO;INEP/MEC - Divulgação dos Resultados do Ideb e Saeb por Escola (Paraná);Código INEP localizado com sucesso na base oficial de divulgação do SAEB/IDEB do INEP.
2021;41129989;IVO ZANLORENZI E E MONSEF;Curitiba;CONFIRMADO;INEP/MEC - Divulgação dos Resultados do Ideb e Saeb por Escola (Paraná);Código INEP localizado com sucesso na base oficial de divulgação do SAEB/IDEB do INEP.
2023;41129989;IVO ZANLORENZI E E MONSEF;Curitiba;CONFIRMADO;INEP/MEC - Divulgação dos Resultados do Ideb e Saeb por Escola (Paraná);Código INEP localizado com sucesso na base oficial de divulgação do SAEB/IDEB do INEP.
2025;41129989;IVO ZANLORENZI E E MONSEF;Curitiba;CONFIRMADO;INEP/MEC - Divulgação dos Resultados do Ideb e Saeb por Escola (Paraná);Código INEP localizado com sucesso na base oficial de divulgação do SAEB/IDEB do INEP.
2005;41130065;JAYME CANET C E CMEF M P;Curitiba;CONFIRMADO;INEP/MEC - Divulgação dos Resultados do Ideb e Saeb por Escola (Paraná);Código INEP localizado com sucesso na base oficial de divulgação do SAEB/IDEB do INEP.
2007;41130065;JAYME CANET C E CMEF M P;Curitiba;CONFIRMADO;INEP/MEC - Divulgação dos Resultados do Ideb e Saeb por Escola (Paraná);Código INEP localizado com sucesso na base oficial de divulgação do SAEB/IDEB do INEP.
2009;41130065;JAYME CANET C E CMEF M P;Curitiba;CONFIRMADO;INEP/MEC - Divulgação dos Resultados do Ideb e Saeb por Escola (Paraná);Código INEP localizado com sucesso na base oficial de divulgação do SAEB/IDEB do INEP.
2011;41130065;JAYME CANET C E CMEF M P;Curitiba;CONFIRMADO;INEP/MEC - Divulgação dos Resultados do Ideb e Saeb por Escola (Paraná);Código INEP localizado com sucesso na base oficial de divulgação do SAEB/IDEB do INEP.
2013;41130065;JAYME CANET C E CMEF M P;Curitiba;CONFIRMADO;INEP/MEC - Divulgação dos Resultados do Ideb e Saeb por Escola (Paraná);Código INEP localizado com sucesso na base oficial de divulgação do SAEB/IDEB do INEP.
2015;41130065;JAYME CANET C E CMEF M P;Curitiba;CONFIRMADO;INEP/MEC - Divulgação dos Resultados do Ideb e Saeb por Escola (Paraná);Código INEP localizado com sucesso na base oficial de divulgação do SAEB/IDEB do INEP.
2017;41130065;JAYME CANET C E CMEF M P;Curitiba;CONFIRMADO;INEP/MEC - Divulgação dos Resultados do Ideb e Saeb por Escola (Paraná);Código INEP localizado com sucesso na base oficial de divulgação do SAEB/IDEB do INEP.
2019;41130065;JAYME CANET C E CMEF M P;Curitiba;CONFIRMADO;INEP/MEC - Divulgação dos Resultados do Ideb e Saeb por Escola (Paraná);Código INEP localizado com sucesso na base oficial de divulgação do SAEB/IDEB do INEP.
2021;41130065;JAYME CANET C E CMEF M P;Curitiba;CONFIRMADO;INEP/MEC - Divulgação dos Resultados do Ideb e Saeb por Escola (Paraná);Código INEP localizado com sucesso na base oficial de divulgação do SAEB/IDEB do INEP.
2023;41130065;JAYME CANET C E CMEF M P;Curitiba;CONFIRMADO;INEP/MEC - Divulgação dos Resultados do Ideb e Saeb por Escola (Paraná);Código INEP localizado com sucesso na base oficial de divulgação do SAEB/IDEB do INEP.
2025;41130065;JAYME CANET C E CMEF M P;Curitiba;CONFIRMADO;INEP/MEC - Divulgação dos Resultados do Ideb e Saeb por Escola (Paraná);Código INEP localizado com sucesso na base oficial de divulgação do SAEB/IDEB do INEP.
2005;41130146;JOAO LOYOLA C E CM PROFEF M P;Curitiba;CONFIRMADO;INEP/MEC - Divulgação dos Resultados do Ideb e Saeb por Escola (Paraná);Código INEP localizado com sucesso na base oficial de divulgação do SAEB/IDEB do INEP.
2007;41130146;JOAO LOYOLA C E CM PROFEF M P;Curitiba;CONFIRMADO;INEP/MEC - Divulgação dos Resultados do Ideb e Saeb por Escola (Paraná);Código INEP localizado com sucesso na base oficial de divulgação do SAEB/IDEB do INEP.
2009;41130146;JOAO LOYOLA C E CM PROFEF M P;Curitiba;CONFIRMADO;INEP/MEC - Divulgação dos Resultados do Ideb e Saeb por Escola (Paraná);Código INEP localizado com sucesso na base oficial de divulgação do SAEB/IDEB do INEP.
2011;41130146;JOAO LOYOLA C E CM PROFEF M P;Curitiba;CONFIRMADO;INEP/MEC - Divulgação dos Resultados do Ideb e Saeb por Escola (Paraná);Código INEP localizado com sucesso na base oficial de divulgação do SAEB/IDEB do INEP.
2013;41130146;JOAO LOYOLA C E CM PROFEF M P;Curitiba;CONFIRMADO;INEP/MEC - Divulgação dos Resultados do Ideb e Saeb por Escola (Paraná);Código INEP localizado com sucesso na base oficial de divulgação do SAEB/IDEB do INEP.
2015;41130146;JOAO LOYOLA C E CM PROFEF M P;Curitiba;CONFIRMADO;INEP/MEC - Divulgação dos Resultados do Ideb e Saeb por Escola (Paraná);Código INEP localizado com sucesso na base oficial de divulgação do SAEB/IDEB do INEP.
2017;41130146;JOAO LOYOLA C E CM PROFEF M P;Curitiba;CONFIRMADO;INEP/MEC - Divulgação dos Resultados do Ideb e Saeb por Escola (Paraná);Código INEP localizado com sucesso na base oficial de divulgação do SAEB/IDEB do INEP.
2019;41130146;JOAO LOYOLA C E CM PROFEF M P;Curitiba;CONFIRMADO;INEP/MEC - Divulgação dos Resultados do Ideb e Saeb por Escola (Paraná);Código INEP localizado com sucesso na base oficial de divulgação do SAEB/IDEB do INEP.
2021;41130146;JOAO LOYOLA C E CM PROFEF M P;Curitiba;CONFIRMADO;INEP/MEC - Divulgação dos Resultados do Ideb e Saeb por Escola (Paraná);Código INEP localizado com sucesso na base oficial de divulgação do SAEB/IDEB do INEP.
2023;41130146;JOAO LOYOLA C E CM PROFEF M P;Curitiba;CONFIRMADO;INEP/MEC - Divulgação dos Resultados do Ideb e Saeb por Escola (Paraná);Código INEP localizado com sucesso na base oficial de divulgação do SAEB/IDEB do INEP.
2025;41130146;JOAO LOYOLA C E CM PROFEF M P;Curitiba;CONFIRMADO;INEP/MEC - Divulgação dos Resultados do Ideb e Saeb por Escola (Paraná);Código INEP localizado com sucesso na base oficial de divulgação do SAEB/IDEB do INEP.
2005;41130170;JOAO PAULO I C E CM PAPAEF M P;Curitiba;CONFIRMADO;INEP/MEC - Divulgação dos Resultados do Ideb e Saeb por Escola (Paraná);Código INEP localizado com sucesso na base oficial de divulgação do SAEB/IDEB do INEP.
2007;41130170;JOAO PAULO I C E CM PAPAEF M P;Curitiba;CONFIRMADO;INEP/MEC - Divulgação dos Resultados do Ideb e Saeb por Escola (Paraná);Código INEP localizado com sucesso na base oficial de divulgação do SAEB/IDEB do INEP.
2009;41130170;JOAO PAULO I C E CM PAPAEF M P;Curitiba;CONFIRMADO;INEP/MEC - Divulgação dos Resultados do Ideb e Saeb por Escola (Paraná);Código INEP localizado com sucesso na base oficial de divulgação do SAEB/IDEB do INEP.
2011;41130170;JOAO PAULO I C E CM PAPAEF M P;Curitiba;CONFIRMADO;INEP/MEC - Divulgação dos Resultados do Ideb e Saeb por Escola (Paraná);Código INEP localizado com sucesso na base oficial de divulgação do SAEB/IDEB do INEP.
2013;41130170;JOAO PAULO I C E CM PAPAEF M P;Curitiba;CONFIRMADO;INEP/MEC - Divulgação dos Resultados do Ideb e Saeb por Escola (Paraná);Código INEP localizado com sucesso na base oficial de divulgação do SAEB/IDEB do INEP.
2015;41130170;JOAO PAULO I C E CM PAPAEF M P;Curitiba;CONFIRMADO;INEP/MEC - Divulgação dos Resultados do Ideb e Saeb por Escola (Paraná);Código INEP localizado com sucesso na base oficial de divulgação do SAEB/IDEB do INEP.
2017;41130170;JOAO PAULO I C E CM PAPAEF M P;Curitiba;CONFIRMADO;INEP/MEC - Divulgação dos Resultados do Ideb e Saeb por Escola (Paraná);Código INEP localizado com sucesso na base oficial de divulgação do SAEB/IDEB do INEP.
2019;41130170;JOAO PAULO I C E CM PAPAEF M P;Curitiba;CONFIRMADO;INEP/MEC - Divulgação dos Resultados do Ideb e Saeb por Escola (Paraná);Código INEP localizado com sucesso na base oficial de divulgação do SAEB/IDEB do INEP.
2021;41130170;JOAO PAULO I C E CM PAPAEF M P;Curitiba;CONFIRMADO;INEP/MEC - Divulgação dos Resultados do Ideb e Saeb por Escola (Paraná);Código INEP localizado com sucesso na base oficial de divulgação do SAEB/IDEB do INEP.
2023;41130170;JOAO PAULO I C E CM PAPAEF M P;Curitiba;CONFIRMADO;INEP/MEC - Divulgação dos Resultados do Ideb e Saeb por Escola (Paraná);Código INEP localizado com sucesso na base oficial de divulgação do SAEB/IDEB do INEP.
2025;41130170;JOAO PAULO I C E CM PAPAEF M P;Curitiba;CONFIRMADO;INEP/MEC - Divulgação dos Resultados do Ideb e Saeb por Escola (Paraná);Código INEP localizado com sucesso na base oficial de divulgação do SAEB/IDEB do INEP.
2005;41130189;JOAO PAULO II C EEF M PROFIS;Curitiba;CONFIRMADO;INEP/MEC - Divulgação dos Resultados do Ideb e Saeb por Escola (Paraná);Código INEP localizado com sucesso na base oficial de divulgação do SAEB/IDEB do INEP.
2007;41130189;JOAO PAULO II C EEF M PROFIS;Curitiba;CONFIRMADO;INEP/MEC - Divulgação dos Resultados do Ideb e Saeb por Escola (Paraná);Código INEP localizado com sucesso na base oficial de divulgação do SAEB/IDEB do INEP.
2009;41130189;JOAO PAULO II C EEF M PROFIS;Curitiba;CONFIRMADO;INEP/MEC - Divulgação dos Resultados do Ideb e Saeb por Escola (Paraná);Código INEP localizado com sucesso na base oficial de divulgação do SAEB/IDEB do INEP.
2011;41130189;JOAO PAULO II C EEF M PROFIS;Curitiba;CONFIRMADO;INEP/MEC - Divulgação dos Resultados do Ideb e Saeb por Escola (Paraná);Código INEP localizado com sucesso na base oficial de divulgação do SAEB/IDEB do INEP.
2013;41130189;JOAO PAULO II C EEF M PROFIS;Curitiba;CONFIRMADO;INEP/MEC - Divulgação dos Resultados do Ideb e Saeb por Escola (Paraná);Código INEP localizado com sucesso na base oficial de divulgação do SAEB/IDEB do INEP.
2015;41130189;JOAO PAULO II C EEF M PROFIS;Curitiba;CONFIRMADO;INEP/MEC - Divulgação dos Resultados do Ideb e Saeb por Escola (Paraná);Código INEP localizado com sucesso na base oficial de divulgação do SAEB/IDEB do INEP.
2017;41130189;JOAO PAULO II C EEF M PROFIS;Curitiba;CONFIRMADO;INEP/MEC - Divulgação dos Resultados do Ideb e Saeb por Escola (Paraná);Código INEP localizado com sucesso na base oficial de divulgação do SAEB/IDEB do INEP.
2019;41130189;JOAO PAULO II C EEF M PROFIS;Curitiba;CONFIRMADO;INEP/MEC - Divulgação dos Resultados do Ideb e Saeb por Escola (Paraná);Código INEP localizado com sucesso na base oficial de divulgação do SAEB/IDEB do INEP.
2021;41130189;JOAO PAULO II C EEF M PROFIS;Curitiba;CONFIRMADO;INEP/MEC - Divulgação dos Resultados do Ideb e Saeb por Escola (Paraná);Código INEP localizado com sucesso na base oficial de divulgação do SAEB/IDEB do INEP.
2023;41130189;JOAO PAULO II C EEF M PROFIS;Curitiba;CONFIRMADO;INEP/MEC - Divulgação dos Resultados do Ideb e Saeb por Escola (Paraná);Código INEP localizado com sucesso na base oficial de divulgação do SAEB/IDEB do INEP.
2025;41130189;JOAO PAULO II C EEF M PROFIS;Curitiba;CONFIRMADO;INEP/MEC - Divulgação dos Resultados do Ideb e Saeb por Escola (Paraná);Código INEP localizado com sucesso na base oficial de divulgação do SAEB/IDEB do INEP.
2005;41130200;JOAO WISLINSKI C E CM PEEF M N P;Curitiba;CONFIRMADO;INEP/MEC - Divulgação dos Resultados do Ideb e Saeb por Escola (Paraná);Código INEP localizado com sucesso na base oficial de divulgação do SAEB/IDEB do INEP.
2007;41130200;JOAO WISLINSKI C E CM PEEF M N P;Curitiba;CONFIRMADO;INEP/MEC - Divulgação dos Resultados do Ideb e Saeb por Escola (Paraná);Código INEP localizado com sucesso na base oficial de divulgação do SAEB/IDEB do INEP.
2009;41130200;JOAO WISLINSKI C E CM PEEF M N P;Curitiba;CONFIRMADO;INEP/MEC - Divulgação dos Resultados do Ideb e Saeb por Escola (Paraná);Código INEP localizado com sucesso na base oficial de divulgação do SAEB/IDEB do INEP.
2011;41130200;JOAO WISLINSKI C E CM PEEF M N P;Curitiba;CONFIRMADO;INEP/MEC - Divulgação dos Resultados do Ideb e Saeb por Escola (Paraná);Código INEP localizado com sucesso na base oficial de divulgação do SAEB/IDEB do INEP.
2013;41130200;JOAO WISLINSKI C E CM PEEF M N P;Curitiba;CONFIRMADO;INEP/MEC - Divulgação dos Resultados do Ideb e Saeb por Escola (Paraná);Código INEP localizado com sucesso na base oficial de divulgação do SAEB/IDEB do INEP.
2015;41130200;JOAO WISLINSKI C E CM PEEF M N P;Curitiba;CONFIRMADO;INEP/MEC - Divulgação dos Resultados do Ideb e Saeb por Escola (Paraná);Código INEP localizado com sucesso na base oficial de divulgação do SAEB/IDEB do INEP.
2017;41130200;JOAO WISLINSKI C E CM PEEF M N P;Curitiba;CONFIRMADO;INEP/MEC - Divulgação dos Resultados do Ideb e Saeb por Escola (Paraná);Código INEP localizado com sucesso na base oficial de divulgação do SAEB/IDEB do INEP.
2019;41130200;JOAO WISLINSKI C E CM PEEF M N P;Curitiba;CONFIRMADO;INEP/MEC - Divulgação dos Resultados do Ideb e Saeb por Escola (Paraná);Código INEP localizado com sucesso na base oficial de divulgação do SAEB/IDEB do INEP.
2021;41130200;JOAO WISLINSKI C E CM PEEF M N P;Curitiba;CONFIRMADO;INEP/MEC - Divulgação dos Resultados do Ideb e Saeb por Escola (Paraná);Código INEP localizado com sucesso na base oficial de divulgação do SAEB/IDEB do INEP.
2023;41130200;JOAO WISLINSKI C E CM PEEF M N P;Curitiba;CONFIRMADO;INEP/MEC - Divulgação dos Resultados do Ideb e Saeb por Escola (Paraná);Código INEP localizado com sucesso na base oficial de divulgação do SAEB/IDEB do INEP.
2025;41130200;JOAO WISLINSKI C E CM PEEF M N P;Curitiba;CONFIRMADO;INEP/MEC - Divulgação dos Resultados do Ideb e Saeb por Escola (Paraná);Código INEP localizado com sucesso na base oficial de divulgação do SAEB/IDEB do INEP.
2005;41130243;JOSE BUSNARDO C E EF M;Curitiba;CONFIRMADO;INEP/MEC - Divulgação dos Resultados do Ideb e Saeb por Escola (Paraná);Código INEP localizado com sucesso na base oficial de divulgação do SAEB/IDEB do INEP.
2007;41130243;JOSE BUSNARDO C E EF M;Curitiba;CONFIRMADO;INEP/MEC - Divulgação dos Resultados do Ideb e Saeb por Escola (Paraná);Código INEP localizado com sucesso na base oficial de divulgação do SAEB/IDEB do INEP.
2009;41130243;JOSE BUSNARDO C E EF M;Curitiba;CONFIRMADO;INEP/MEC - Divulgação dos Resultados do Ideb e Saeb por Escola (Paraná);Código INEP localizado com sucesso na base oficial de divulgação do SAEB/IDEB do INEP.
2011;41130243;JOSE BUSNARDO C E EF M;Curitiba;CONFIRMADO;INEP/MEC - Divulgação dos Resultados do Ideb e Saeb por Escola (Paraná);Código INEP localizado com sucesso na base oficial de divulgação do SAEB/IDEB do INEP.
2013;41130243;JOSE BUSNARDO C E EF M;Curitiba;CONFIRMADO;INEP/MEC - Divulgação dos Resultados do Ideb e Saeb por Escola (Paraná);Código INEP localizado com sucesso na base oficial de divulgação do SAEB/IDEB do INEP.
2015;41130243;JOSE BUSNARDO C E EF M;Curitiba;CONFIRMADO;INEP/MEC - Divulgação dos Resultados do Ideb e Saeb por Escola (Paraná);Código INEP localizado com sucesso na base oficial de divulgação do SAEB/IDEB do INEP.
2017;41130243;JOSE BUSNARDO C E EF M;Curitiba;CONFIRMADO;INEP/MEC - Divulgação dos Resultados do Ideb e Saeb por Escola (Paraná);Código INEP localizado com sucesso na base oficial de divulgação do SAEB/IDEB do INEP.
2019;41130243;JOSE BUSNARDO C E EF M;Curitiba;CONFIRMADO;INEP/MEC - Divulgação dos Resultados do Ideb e Saeb por Escola (Paraná);Código INEP localizado com sucesso na base oficial de divulgação do SAEB/IDEB do INEP.
2021;41130243;JOSE BUSNARDO C E EF M;Curitiba;CONFIRMADO;INEP/MEC - Divulgação dos Resultados do Ideb e Saeb por Escola (Paraná);Código INEP localizado com sucesso na base oficial de divulgação do SAEB/IDEB do INEP.
2023;41130243;JOSE BUSNARDO C E EF M;Curitiba;CONFIRMADO;INEP/MEC - Divulgação dos Resultados do Ideb e Saeb por Escola (Paraná);Código INEP localizado com sucesso na base oficial de divulgação do SAEB/IDEB do INEP.
2025;41130243;JOSE BUSNARDO C E EF M;Curitiba;CONFIRMADO;INEP/MEC - Divulgação dos Resultados do Ideb e Saeb por Escola (Paraná);Código INEP localizado com sucesso na base oficial de divulgação do SAEB/IDEB do INEP.
2005;41130308;JOSE GUIMARAES C E PROFEM PROFIS;Curitiba;CONFIRMADO;INEP/MEC - Divulgação dos Resultados do Ideb e Saeb por Escola (Paraná);Código INEP localizado com sucesso na base oficial de divulgação do SAEB/IDEB do INEP.
2007;41130308;JOSE GUIMARAES C E PROFEM PROFIS;Curitiba;CONFIRMADO;INEP/MEC - Divulgação dos Resultados do Ideb e Saeb por Escola (Paraná);Código INEP localizado com sucesso na base oficial de divulgação do SAEB/IDEB do INEP.
2009;41130308;JOSE GUIMARAES C E PROFEM PROFIS;Curitiba;CONFIRMADO;INEP/MEC - Divulgação dos Resultados do Ideb e Saeb por Escola (Paraná);Código INEP localizado com sucesso na base oficial de divulgação do SAEB/IDEB do INEP.
2011;41130308;JOSE GUIMARAES C E PROFEM PROFIS;Curitiba;CONFIRMADO;INEP/MEC - Divulgação dos Resultados do Ideb e Saeb por Escola (Paraná);Código INEP localizado com sucesso na base oficial de divulgação do SAEB/IDEB do INEP.
2013;41130308;JOSE GUIMARAES C E PROFEM PROFIS;Curitiba;CONFIRMADO;INEP/MEC - Divulgação dos Resultados do Ideb e Saeb por Escola (Paraná);Código INEP localizado com sucesso na base oficial de divulgação do SAEB/IDEB do INEP.
2015;41130308;JOSE GUIMARAES C E PROFEM PROFIS;Curitiba;CONFIRMADO;INEP/MEC - Divulgação dos Resultados do Ideb e Saeb por Escola (Paraná);Código INEP localizado com sucesso na base oficial de divulgação do SAEB/IDEB do INEP.
2017;41130308;JOSE GUIMARAES C E PROFEM PROFIS;Curitiba;CONFIRMADO;INEP/MEC - Divulgação dos Resultados do Ideb e Saeb por Escola (Paraná);Código INEP localizado com sucesso na base oficial de divulgação do SAEB/IDEB do INEP.
2019;41130308;JOSE GUIMARAES C E PROFEM PROFIS;Curitiba;CONFIRMADO;INEP/MEC - Divulgação dos Resultados do Ideb e Saeb por Escola (Paraná);Código INEP localizado com sucesso na base oficial de divulgação do SAEB/IDEB do INEP.
2021;41130308;JOSE GUIMARAES C E PROFEM PROFIS;Curitiba;CONFIRMADO;INEP/MEC - Divulgação dos Resultados do Ideb e Saeb por Escola (Paraná);Código INEP localizado com sucesso na base oficial de divulgação do SAEB/IDEB do INEP.
2023;41130308;JOSE GUIMARAES C E PROFEM PROFIS;Curitiba;CONFIRMADO;INEP/MEC - Divulgação dos Resultados do Ideb e Saeb por Escola (Paraná);Código INEP localizado com sucesso na base oficial de divulgação do SAEB/IDEB do INEP.
2025;41130308;JOSE GUIMARAES C E PROFEM PROFIS;Curitiba;CONFIRMADO;INEP/MEC - Divulgação dos Resultados do Ideb e Saeb por Escola (Paraná);Código INEP localizado com sucesso na base oficial de divulgação do SAEB/IDEB do INEP.
2005;41130359;JULIO MESQUITA C E CM PROFEF M PROFIS;Curitiba;CONFIRMADO;INEP/MEC - Divulgação dos Resultados do Ideb e Saeb por Escola (Paraná);Código INEP localizado com sucesso na base oficial de divulgação do SAEB/IDEB do INEP.
2007;41130359;JULIO MESQUITA C E CM PROFEF M PROFIS;Curitiba;CONFIRMADO;INEP/MEC - Divulgação dos Resultados do Ideb e Saeb por Escola (Paraná);Código INEP localizado com sucesso na base oficial de divulgação do SAEB/IDEB do INEP.
2009;41130359;JULIO MESQUITA C E CM PROFEF M PROFIS;Curitiba;CONFIRMADO;INEP/MEC - Divulgação dos Resultados do Ideb e Saeb por Escola (Paraná);Código INEP localizado com sucesso na base oficial de divulgação do SAEB/IDEB do INEP.
2011;41130359;JULIO MESQUITA C E CM PROFEF M PROFIS;Curitiba;CONFIRMADO;INEP/MEC - Divulgação dos Resultados do Ideb e Saeb por Escola (Paraná);Código INEP localizado com sucesso na base oficial de divulgação do SAEB/IDEB do INEP.
2013;41130359;JULIO MESQUITA C E CM PROFEF M PROFIS;Curitiba;CONFIRMADO;INEP/MEC - Divulgação dos Resultados do Ideb e Saeb por Escola (Paraná);Código INEP localizado com sucesso na base oficial de divulgação do SAEB/IDEB do INEP.
2015;41130359;JULIO MESQUITA C E CM PROFEF M PROFIS;Curitiba;CONFIRMADO;INEP/MEC - Divulgação dos Resultados do Ideb e Saeb por Escola (Paraná);Código INEP localizado com sucesso na base oficial de divulgação do SAEB/IDEB do INEP.
2017;41130359;JULIO MESQUITA C E CM PROFEF M PROFIS;Curitiba;CONFIRMADO;INEP/MEC - Divulgação dos Resultados do Ideb e Saeb por Escola (Paraná);Código INEP localizado com sucesso na base oficial de divulgação do SAEB/IDEB do INEP.
2019;41130359;JULIO MESQUITA C E CM PROFEF M PROFIS;Curitiba;CONFIRMADO;INEP/MEC - Divulgação dos Resultados do Ideb e Saeb por Escola (Paraná);Código INEP localizado com sucesso na base oficial de divulgação do SAEB/IDEB do INEP.
2021;41130359;JULIO MESQUITA C E CM PROFEF M PROFIS;Curitiba;CONFIRMADO;INEP/MEC - Divulgação dos Resultados do Ideb e Saeb por Escola (Paraná);Código INEP localizado com sucesso na base oficial de divulgação do SAEB/IDEB do INEP.
2023;41130359;JULIO MESQUITA C E CM PROFEF M PROFIS;Curitiba;CONFIRMADO;INEP/MEC - Divulgação dos Resultados do Ideb e Saeb por Escola (Paraná);Código INEP localizado com sucesso na base oficial de divulgação do SAEB/IDEB do INEP.
2025;41130359;JULIO MESQUITA C E CM PROFEF M PROFIS;Curitiba;CONFIRMADO;INEP/MEC - Divulgação dos Resultados do Ideb e Saeb por Escola (Paraná);Código INEP localizado com sucesso na base oficial de divulgação do SAEB/IDEB do INEP.
2005;41130421;LAMENHA LINS C E CM PRESEF M P;Curitiba;CONFIRMADO;INEP/MEC - Divulgação dos Resultados do Ideb e Saeb por Escola (Paraná);Código INEP localizado com sucesso na base oficial de divulgação do SAEB/IDEB do INEP.
2007;41130421;LAMENHA LINS C E CM PRESEF M P;Curitiba;CONFIRMADO;INEP/MEC - Divulgação dos Resultados do Ideb e Saeb por Escola (Paraná);Código INEP localizado com sucesso na base oficial de divulgação do SAEB/IDEB do INEP.
2009;41130421;LAMENHA LINS C E CM PRESEF M P;Curitiba;CONFIRMADO;INEP/MEC - Divulgação dos Resultados do Ideb e Saeb por Escola (Paraná);Código INEP localizado com sucesso na base oficial de divulgação do SAEB/IDEB do INEP.
2011;41130421;LAMENHA LINS C E CM PRESEF M P;Curitiba;CONFIRMADO;INEP/MEC - Divulgação dos Resultados do Ideb e Saeb por Escola (Paraná);Código INEP localizado com sucesso na base oficial de divulgação do SAEB/IDEB do INEP.
2013;41130421;LAMENHA LINS C E CM PRESEF M P;Curitiba;CONFIRMADO;INEP/MEC - Divulgação dos Resultados do Ideb e Saeb por Escola (Paraná);Código INEP localizado com sucesso na base oficial de divulgação do SAEB/IDEB do INEP.
2015;41130421;LAMENHA LINS C E CM PRESEF M P;Curitiba;CONFIRMADO;INEP/MEC - Divulgação dos Resultados do Ideb e Saeb por Escola (Paraná);Código INEP localizado com sucesso na base oficial de divulgação do SAEB/IDEB do INEP.
2017;41130421;LAMENHA LINS C E CM PRESEF M P;Curitiba;CONFIRMADO;INEP/MEC - Divulgação dos Resultados do Ideb e Saeb por Escola (Paraná);Código INEP localizado com sucesso na base oficial de divulgação do SAEB/IDEB do INEP.
2019;41130421;LAMENHA LINS C E CM PRESEF M P;Curitiba;CONFIRMADO;INEP/MEC - Divulgação dos Resultados do Ideb e Saeb por Escola (Paraná);Código INEP localizado com sucesso na base oficial de divulgação do SAEB/IDEB do INEP.
2021;41130421;LAMENHA LINS C E CM PRESEF M P;Curitiba;CONFIRMADO;INEP/MEC - Divulgação dos Resultados do Ideb e Saeb por Escola (Paraná);Código INEP localizado com sucesso na base oficial de divulgação do SAEB/IDEB do INEP.
2023;41130421;LAMENHA LINS C E CM PRESEF M P;Curitiba;CONFIRMADO;INEP/MEC - Divulgação dos Resultados do Ideb e Saeb por Escola (Paraná);Código INEP localizado com sucesso na base oficial de divulgação do SAEB/IDEB do INEP.
2025;41130421;LAMENHA LINS C E CM PRESEF M P;Curitiba;CONFIRMADO;INEP/MEC - Divulgação dos Resultados do Ideb e Saeb por Escola (Paraná);Código INEP localizado com sucesso na base oficial de divulgação do SAEB/IDEB do INEP.
2005;41130618;LOUREIRO FERNANDES C E PROFEF M PROFIS;Curitiba;CONFIRMADO;INEP/MEC - Divulgação dos Resultados do Ideb e Saeb por Escola (Paraná);Código INEP localizado com sucesso na base oficial de divulgação do SAEB/IDEB do INEP.
2007;41130618;LOUREIRO FERNANDES C E PROFEF M PROFIS;Curitiba;CONFIRMADO;INEP/MEC - Divulgação dos Resultados do Ideb e Saeb por Escola (Paraná);Código INEP localizado com sucesso na base oficial de divulgação do SAEB/IDEB do INEP.
2009;41130618;LOUREIRO FERNANDES C E PROFEF M PROFIS;Curitiba;CONFIRMADO;INEP/MEC - Divulgação dos Resultados do Ideb e Saeb por Escola (Paraná);Código INEP localizado com sucesso na base oficial de divulgação do SAEB/IDEB do INEP.
2011;41130618;LOUREIRO FERNANDES C E PROFEF M PROFIS;Curitiba;CONFIRMADO;INEP/MEC - Divulgação dos Resultados do Ideb e Saeb por Escola (Paraná);Código INEP localizado com sucesso na base oficial de divulgação do SAEB/IDEB do INEP.
2013;41130618;LOUREIRO FERNANDES C E PROFEF M PROFIS;Curitiba;CONFIRMADO;INEP/MEC - Divulgação dos Resultados do Ideb e Saeb por Escola (Paraná);Código INEP localizado com sucesso na base oficial de divulgação do SAEB/IDEB do INEP.
2015;41130618;LOUREIRO FERNANDES C E PROFEF M PROFIS;Curitiba;CONFIRMADO;INEP/MEC - Divulgação dos Resultados do Ideb e Saeb por Escola (Paraná);Código INEP localizado com sucesso na base oficial de divulgação do SAEB/IDEB do INEP.
2017;41130618;LOUREIRO FERNANDES C E PROFEF M PROFIS;Curitiba;CONFIRMADO;INEP/MEC - Divulgação dos Resultados do Ideb e Saeb por Escola (Paraná);Código INEP localizado com sucesso na base oficial de divulgação do SAEB/IDEB do INEP.
2019;41130618;LOUREIRO FERNANDES C E PROFEF M PROFIS;Curitiba;CONFIRMADO;INEP/MEC - Divulgação dos Resultados do Ideb e Saeb por Escola (Paraná);Código INEP localizado com sucesso na base oficial de divulgação do SAEB/IDEB do INEP.
2021;41130618;LOUREIRO FERNANDES C E PROFEF M PROFIS;Curitiba;CONFIRMADO;INEP/MEC - Divulgação dos Resultados do Ideb e Saeb por Escola (Paraná);Código INEP localizado com sucesso na base oficial de divulgação do SAEB/IDEB do INEP.
2023;41130618;LOUREIRO FERNANDES C E PROFEF M PROFIS;Curitiba;CONFIRMADO;INEP/MEC - Divulgação dos Resultados do Ideb e Saeb por Escola (Paraná);Código INEP localizado com sucesso na base oficial de divulgação do SAEB/IDEB do INEP.
2025;41130618;LOUREIRO FERNANDES C E PROFEF M PROFIS;Curitiba;CONFIRMADO;INEP/MEC - Divulgação dos Resultados do Ideb e Saeb por Escola (Paraná);Código INEP localizado com sucesso na base oficial de divulgação do SAEB/IDEB do INEP.
2005;41130685;LUIZA ROSS C E CM PROFAEF M P;Curitiba;CONFIRMADO;INEP/MEC - Divulgação dos Resultados do Ideb e Saeb por Escola (Paraná);Código INEP localizado com sucesso na base oficial de divulgação do SAEB/IDEB do INEP.
2007;41130685;LUIZA ROSS C E CM PROFAEF M P;Curitiba;CONFIRMADO;INEP/MEC - Divulgação dos Resultados do Ideb e Saeb por Escola (Paraná);Código INEP localizado com sucesso na base oficial de divulgação do SAEB/IDEB do INEP.
2009;41130685;LUIZA ROSS C E CM PROFAEF M P;Curitiba;CONFIRMADO;INEP/MEC - Divulgação dos Resultados do Ideb e Saeb por Escola (Paraná);Código INEP localizado com sucesso na base oficial de divulgação do SAEB/IDEB do INEP.
2011;41130685;LUIZA ROSS C E CM PROFAEF M P;Curitiba;CONFIRMADO;INEP/MEC - Divulgação dos Resultados do Ideb e Saeb por Escola (Paraná);Código INEP localizado com sucesso na base oficial de divulgação do SAEB/IDEB do INEP.
2013;41130685;LUIZA ROSS C E CM PROFAEF M P;Curitiba;CONFIRMADO;INEP/MEC - Divulgação dos Resultados do Ideb e Saeb por Escola (Paraná);Código INEP localizado com sucesso na base oficial de divulgação do SAEB/IDEB do INEP.
2015;41130685;LUIZA ROSS C E CM PROFAEF M P;Curitiba;CONFIRMADO;INEP/MEC - Divulgação dos Resultados do Ideb e Saeb por Escola (Paraná);Código INEP localizado com sucesso na base oficial de divulgação do SAEB/IDEB do INEP.
2017;41130685;LUIZA ROSS C E CM PROFAEF M P;Curitiba;CONFIRMADO;INEP/MEC - Divulgação dos Resultados do Ideb e Saeb por Escola (Paraná);Código INEP localizado com sucesso na base oficial de divulgação do SAEB/IDEB do INEP.
2019;41130685;LUIZA ROSS C E CM PROFAEF M P;Curitiba;CONFIRMADO;INEP/MEC - Divulgação dos Resultados do Ideb e Saeb por Escola (Paraná);Código INEP localizado com sucesso na base oficial de divulgação do SAEB/IDEB do INEP.
2021;41130685;LUIZA ROSS C E CM PROFAEF M P;Curitiba;CONFIRMADO;INEP/MEC - Divulgação dos Resultados do Ideb e Saeb por Escola (Paraná);Código INEP localizado com sucesso na base oficial de divulgação do SAEB/IDEB do INEP.
2023;41130685;LUIZA ROSS C E CM PROFAEF M P;Curitiba;CONFIRMADO;INEP/MEC - Divulgação dos Resultados do Ideb e Saeb por Escola (Paraná);Código INEP localizado com sucesso na base oficial de divulgação do SAEB/IDEB do INEP.
2025;41130685;LUIZA ROSS C E CM PROFAEF M P;Curitiba;CONFIRMADO;INEP/MEC - Divulgação dos Resultados do Ideb e Saeb por Escola (Paraná);Código INEP localizado com sucesso na base oficial de divulgação do SAEB/IDEB do INEP.
2005;41130723;LYSIMACO F COSTA C E PROFEF M P;Curitiba;CONFIRMADO;INEP/MEC - Divulgação dos Resultados do Ideb e Saeb por Escola (Paraná);Código INEP localizado com sucesso na base oficial de divulgação do SAEB/IDEB do INEP.
2007;41130723;LYSIMACO F COSTA C E PROFEF M P;Curitiba;CONFIRMADO;INEP/MEC - Divulgação dos Resultados do Ideb e Saeb por Escola (Paraná);Código INEP localizado com sucesso na base oficial de divulgação do SAEB/IDEB do INEP.
2009;41130723;LYSIMACO F COSTA C E PROFEF M P;Curitiba;CONFIRMADO;INEP/MEC - Divulgação dos Resultados do Ideb e Saeb por Escola (Paraná);Código INEP localizado com sucesso na base oficial de divulgação do SAEB/IDEB do INEP.
2011;41130723;LYSIMACO F COSTA C E PROFEF M P;Curitiba;CONFIRMADO;INEP/MEC - Divulgação dos Resultados do Ideb e Saeb por Escola (Paraná);Código INEP localizado com sucesso na base oficial de divulgação do SAEB/IDEB do INEP.
2013;41130723;LYSIMACO F COSTA C E PROFEF M P;Curitiba;CONFIRMADO;INEP/MEC - Divulgação dos Resultados do Ideb e Saeb por Escola (Paraná);Código INEP localizado com sucesso na base oficial de divulgação do SAEB/IDEB do INEP.
2015;41130723;LYSIMACO F COSTA C E PROFEF M P;Curitiba;CONFIRMADO;INEP/MEC - Divulgação dos Resultados do Ideb e Saeb por Escola (Paraná);Código INEP localizado com sucesso na base oficial de divulgação do SAEB/IDEB do INEP.
2017;41130723;LYSIMACO F COSTA C E PROFEF M P;Curitiba;CONFIRMADO;INEP/MEC - Divulgação dos Resultados do Ideb e Saeb por Escola (Paraná);Código INEP localizado com sucesso na base oficial de divulgação do SAEB/IDEB do INEP.
2019;41130723;LYSIMACO F COSTA C E PROFEF M P;Curitiba;CONFIRMADO;INEP/MEC - Divulgação dos Resultados do Ideb e Saeb por Escola (Paraná);Código INEP localizado com sucesso na base oficial de divulgação do SAEB/IDEB do INEP.
2021;41130723;LYSIMACO F COSTA C E PROFEF M P;Curitiba;CONFIRMADO;INEP/MEC - Divulgação dos Resultados do Ideb e Saeb por Escola (Paraná);Código INEP localizado com sucesso na base oficial de divulgação do SAEB/IDEB do INEP.
2023;41130723;LYSIMACO F COSTA C E PROFEF M P;Curitiba;CONFIRMADO;INEP/MEC - Divulgação dos Resultados do Ideb e Saeb por Escola (Paraná);Código INEP localizado com sucesso na base oficial de divulgação do SAEB/IDEB do INEP.
2025;41130723;LYSIMACO F COSTA C E PROFEF M P;Curitiba;CONFIRMADO;INEP/MEC - Divulgação dos Resultados do Ideb e Saeb por Escola (Paraná);Código INEP localizado com sucesso na base oficial de divulgação do SAEB/IDEB do INEP.
2005;41130936;MARIA MONTESSORI C EEF M;Curitiba;CONFIRMADO;INEP/MEC - Divulgação dos Resultados do Ideb e Saeb por Escola (Paraná);Código INEP localizado com sucesso na base oficial de divulgação do SAEB/IDEB do INEP.
2007;41130936;MARIA MONTESSORI C EEF M;Curitiba;CONFIRMADO;INEP/MEC - Divulgação dos Resultados do Ideb e Saeb por Escola (Paraná);Código INEP localizado com sucesso na base oficial de divulgação do SAEB/IDEB do INEP.
2009;41130936;MARIA MONTESSORI C EEF M;Curitiba;CONFIRMADO;INEP/MEC - Divulgação dos Resultados do Ideb e Saeb por Escola (Paraná);Código INEP localizado com sucesso na base oficial de divulgação do SAEB/IDEB do INEP.
2011;41130936;MARIA MONTESSORI C EEF M;Curitiba;CONFIRMADO;INEP/MEC - Divulgação dos Resultados do Ideb e Saeb por Escola (Paraná);Código INEP localizado com sucesso na base oficial de divulgação do SAEB/IDEB do INEP.
2013;41130936;MARIA MONTESSORI C EEF M;Curitiba;CONFIRMADO;INEP/MEC - Divulgação dos Resultados do Ideb e Saeb por Escola (Paraná);Código INEP localizado com sucesso na base oficial de divulgação do SAEB/IDEB do INEP.
2015;41130936;MARIA MONTESSORI C EEF M;Curitiba;CONFIRMADO;INEP/MEC - Divulgação dos Resultados do Ideb e Saeb por Escola (Paraná);Código INEP localizado com sucesso na base oficial de divulgação do SAEB/IDEB do INEP.
2017;41130936;MARIA MONTESSORI C EEF M;Curitiba;CONFIRMADO;INEP/MEC - Divulgação dos Resultados do Ideb e Saeb por Escola (Paraná);Código INEP localizado com sucesso na base oficial de divulgação do SAEB/IDEB do INEP.
2019;41130936;MARIA MONTESSORI C EEF M;Curitiba;CONFIRMADO;INEP/MEC - Divulgação dos Resultados do Ideb e Saeb por Escola (Paraná);Código INEP localizado com sucesso na base oficial de divulgação do SAEB/IDEB do INEP.
2021;41130936;MARIA MONTESSORI C EEF M;Curitiba;CONFIRMADO;INEP/MEC - Divulgação dos Resultados do Ideb e Saeb por Escola (Paraná);Código INEP localizado com sucesso na base oficial de divulgação do SAEB/IDEB do INEP.
2023;41130936;MARIA MONTESSORI C EEF M;Curitiba;CONFIRMADO;INEP/MEC - Divulgação dos Resultados do Ideb e Saeb por Escola (Paraná);Código INEP localizado com sucesso na base oficial de divulgação do SAEB/IDEB do INEP.
2025;41130936;MARIA MONTESSORI C EEF M;Curitiba;CONFIRMADO;INEP/MEC - Divulgação dos Resultados do Ideb e Saeb por Escola (Paraná);Código INEP localizado com sucesso na base oficial de divulgação do SAEB/IDEB do INEP.
2005;41130952;MARIA P MARTINS E EEF;Curitiba;CONFIRMADO;INEP/MEC - Divulgação dos Resultados do Ideb e Saeb por Escola (Paraná);Código INEP localizado com sucesso na base oficial de divulgação do SAEB/IDEB do INEP.
2007;41130952;MARIA P MARTINS E EEF;Curitiba;CONFIRMADO;INEP/MEC - Divulgação dos Resultados do Ideb e Saeb por Escola (Paraná);Código INEP localizado com sucesso na base oficial de divulgação do SAEB/IDEB do INEP.
2009;41130952;MARIA P MARTINS E EEF;Curitiba;CONFIRMADO;INEP/MEC - Divulgação dos Resultados do Ideb e Saeb por Escola (Paraná);Código INEP localizado com sucesso na base oficial de divulgação do SAEB/IDEB do INEP.
2011;41130952;MARIA P MARTINS E EEF;Curitiba;CONFIRMADO;INEP/MEC - Divulgação dos Resultados do Ideb e Saeb por Escola (Paraná);Código INEP localizado com sucesso na base oficial de divulgação do SAEB/IDEB do INEP.
2013;41130952;MARIA P MARTINS E EEF;Curitiba;CONFIRMADO;INEP/MEC - Divulgação dos Resultados do Ideb e Saeb por Escola (Paraná);Código INEP localizado com sucesso na base oficial de divulgação do SAEB/IDEB do INEP.
2015;41130952;MARIA P MARTINS E EEF;Curitiba;CONFIRMADO;INEP/MEC - Divulgação dos Resultados do Ideb e Saeb por Escola (Paraná);Código INEP localizado com sucesso na base oficial de divulgação do SAEB/IDEB do INEP.
2017;41130952;MARIA P MARTINS E EEF;Curitiba;CONFIRMADO;INEP/MEC - Divulgação dos Resultados do Ideb e Saeb por Escola (Paraná);Código INEP localizado com sucesso na base oficial de divulgação do SAEB/IDEB do INEP.
2019;41130952;MARIA P MARTINS E EEF;Curitiba;CONFIRMADO;INEP/MEC - Divulgação dos Resultados do Ideb e Saeb por Escola (Paraná);Código INEP localizado com sucesso na base oficial de divulgação do SAEB/IDEB do INEP.
2021;41130952;MARIA P MARTINS E EEF;Curitiba;CONFIRMADO;INEP/MEC - Divulgação dos Resultados do Ideb e Saeb por Escola (Paraná);Código INEP localizado com sucesso na base oficial de divulgação do SAEB/IDEB do INEP.
2023;41130952;MARIA P MARTINS E EEF;Curitiba;CONFIRMADO;INEP/MEC - Divulgação dos Resultados do Ideb e Saeb por Escola (Paraná);Código INEP localizado com sucesso na base oficial de divulgação do SAEB/IDEB do INEP.
2025;41130952;MARIA P MARTINS E EEF;Curitiba;CONFIRMADO;INEP/MEC - Divulgação dos Resultados do Ideb e Saeb por Escola (Paraná);Código INEP localizado com sucesso na base oficial de divulgação do SAEB/IDEB do INEP.
2005;41131223;MILTON CARNEIRO C E CMEF M P;Curitiba;CONFIRMADO;INEP/MEC - Divulgação dos Resultados do Ideb e Saeb por Escola (Paraná);Código INEP localizado com sucesso na base oficial de divulgação do SAEB/IDEB do INEP.
2007;41131223;MILTON CARNEIRO C E CMEF M P;Curitiba;CONFIRMADO;INEP/MEC - Divulgação dos Resultados do Ideb e Saeb por Escola (Paraná);Código INEP localizado com sucesso na base oficial de divulgação do SAEB/IDEB do INEP.
2009;41131223;MILTON CARNEIRO C E CMEF M P;Curitiba;CONFIRMADO;INEP/MEC - Divulgação dos Resultados do Ideb e Saeb por Escola (Paraná);Código INEP localizado com sucesso na base oficial de divulgação do SAEB/IDEB do INEP.
2011;41131223;MILTON CARNEIRO C E CMEF M P;Curitiba;CONFIRMADO;INEP/MEC - Divulgação dos Resultados do Ideb e Saeb por Escola (Paraná);Código INEP localizado com sucesso na base oficial de divulgação do SAEB/IDEB do INEP.
2013;41131223;MILTON CARNEIRO C E CMEF M P;Curitiba;CONFIRMADO;INEP/MEC - Divulgação dos Resultados do Ideb e Saeb por Escola (Paraná);Código INEP localizado com sucesso na base oficial de divulgação do SAEB/IDEB do INEP.
2015;41131223;MILTON CARNEIRO C E CMEF M P;Curitiba;CONFIRMADO;INEP/MEC - Divulgação dos Resultados do Ideb e Saeb por Escola (Paraná);Código INEP localizado com sucesso na base oficial de divulgação do SAEB/IDEB do INEP.
2017;41131223;MILTON CARNEIRO C E CMEF M P;Curitiba;CONFIRMADO;INEP/MEC - Divulgação dos Resultados do Ideb e Saeb por Escola (Paraná);Código INEP localizado com sucesso na base oficial de divulgação do SAEB/IDEB do INEP.
2019;41131223;MILTON CARNEIRO C E CMEF M P;Curitiba;CONFIRMADO;INEP/MEC - Divulgação dos Resultados do Ideb e Saeb por Escola (Paraná);Código INEP localizado com sucesso na base oficial de divulgação do SAEB/IDEB do INEP.
2021;41131223;MILTON CARNEIRO C E CMEF M P;Curitiba;CONFIRMADO;INEP/MEC - Divulgação dos Resultados do Ideb e Saeb por Escola (Paraná);Código INEP localizado com sucesso na base oficial de divulgação do SAEB/IDEB do INEP.
2023;41131223;MILTON CARNEIRO C E CMEF M P;Curitiba;CONFIRMADO;INEP/MEC - Divulgação dos Resultados do Ideb e Saeb por Escola (Paraná);Código INEP localizado com sucesso na base oficial de divulgação do SAEB/IDEB do INEP.
2025;41131223;MILTON CARNEIRO C E CMEF M P;Curitiba;CONFIRMADO;INEP/MEC - Divulgação dos Resultados do Ideb e Saeb por Escola (Paraná);Código INEP localizado com sucesso na base oficial de divulgação do SAEB/IDEB do INEP.
2005;41131479;NATALIA REGINATO C EEF M PROFIS;Curitiba;CONFIRMADO;INEP/MEC - Divulgação dos Resultados do Ideb e Saeb por Escola (Paraná);Código INEP localizado com sucesso na base oficial de divulgação do SAEB/IDEB do INEP.
2007;41131479;NATALIA REGINATO C EEF M PROFIS;Curitiba;CONFIRMADO;INEP/MEC - Divulgação dos Resultados do Ideb e Saeb por Escola (Paraná);Código INEP localizado com sucesso na base oficial de divulgação do SAEB/IDEB do INEP.
2009;41131479;NATALIA REGINATO C EEF M PROFIS;Curitiba;CONFIRMADO;INEP/MEC - Divulgação dos Resultados do Ideb e Saeb por Escola (Paraná);Código INEP localizado com sucesso na base oficial de divulgação do SAEB/IDEB do INEP.
2011;41131479;NATALIA REGINATO C EEF M PROFIS;Curitiba;CONFIRMADO;INEP/MEC - Divulgação dos Resultados do Ideb e Saeb por Escola (Paraná);Código INEP localizado com sucesso na base oficial de divulgação do SAEB/IDEB do INEP.
2013;41131479;NATALIA REGINATO C EEF M PROFIS;Curitiba;CONFIRMADO;INEP/MEC - Divulgação dos Resultados do Ideb e Saeb por Escola (Paraná);Código INEP localizado com sucesso na base oficial de divulgação do SAEB/IDEB do INEP.
2015;41131479;NATALIA REGINATO C EEF M PROFIS;Curitiba;CONFIRMADO;INEP/MEC - Divulgação dos Resultados do Ideb e Saeb por Escola (Paraná);Código INEP localizado com sucesso na base oficial de divulgação do SAEB/IDEB do INEP.
2017;41131479;NATALIA REGINATO C EEF M PROFIS;Curitiba;CONFIRMADO;INEP/MEC - Divulgação dos Resultados do Ideb e Saeb por Escola (Paraná);Código INEP localizado com sucesso na base oficial de divulgação do SAEB/IDEB do INEP.
2019;41131479;NATALIA REGINATO C EEF M PROFIS;Curitiba;CONFIRMADO;INEP/MEC - Divulgação dos Resultados do Ideb e Saeb por Escola (Paraná);Código INEP localizado com sucesso na base oficial de divulgação do SAEB/IDEB do INEP.
2021;41131479;NATALIA REGINATO C EEF M PROFIS;Curitiba;CONFIRMADO;INEP/MEC - Divulgação dos Resultados do Ideb e Saeb por Escola (Paraná);Código INEP localizado com sucesso na base oficial de divulgação do SAEB/IDEB do INEP.
2023;41131479;NATALIA REGINATO C EEF M PROFIS;Curitiba;CONFIRMADO;INEP/MEC - Divulgação dos Resultados do Ideb e Saeb por Escola (Paraná);Código INEP localizado com sucesso na base oficial de divulgação do SAEB/IDEB do INEP.
2025;41131479;NATALIA REGINATO C EEF M PROFIS;Curitiba;CONFIRMADO;INEP/MEC - Divulgação dos Resultados do Ideb e Saeb por Escola (Paraná);Código INEP localizado com sucesso na base oficial de divulgação do SAEB/IDEB do INEP.
2005;41132475;PINHEIRO DO PARANA C E CMEF M P;Curitiba;CONFIRMADO;INEP/MEC - Divulgação dos Resultados do Ideb e Saeb por Escola (Paraná);Código INEP localizado com sucesso na base oficial de divulgação do SAEB/IDEB do INEP.
2007;41132475;PINHEIRO DO PARANA C E CMEF M P;Curitiba;CONFIRMADO;INEP/MEC - Divulgação dos Resultados do Ideb e Saeb por Escola (Paraná);Código INEP localizado com sucesso na base oficial de divulgação do SAEB/IDEB do INEP.
2009;41132475;PINHEIRO DO PARANA C E CMEF M P;Curitiba;CONFIRMADO;INEP/MEC - Divulgação dos Resultados do Ideb e Saeb por Escola (Paraná);Código INEP localizado com sucesso na base oficial de divulgação do SAEB/IDEB do INEP.
2011;41132475;PINHEIRO DO PARANA C E CMEF M P;Curitiba;CONFIRMADO;INEP/MEC - Divulgação dos Resultados do Ideb e Saeb por Escola (Paraná);Código INEP localizado com sucesso na base oficial de divulgação do SAEB/IDEB do INEP.
2013;41132475;PINHEIRO DO PARANA C E CMEF M P;Curitiba;CONFIRMADO;INEP/MEC - Divulgação dos Resultados do Ideb e Saeb por Escola (Paraná);Código INEP localizado com sucesso na base oficial de divulgação do SAEB/IDEB do INEP.
2015;41132475;PINHEIRO DO PARANA C E CMEF M P;Curitiba;CONFIRMADO;INEP/MEC - Divulgação dos Resultados do Ideb e Saeb por Escola (Paraná);Código INEP localizado com sucesso na base oficial de divulgação do SAEB/IDEB do INEP.
2017;41132475;PINHEIRO DO PARANA C E CMEF M P;Curitiba;CONFIRMADO;INEP/MEC - Divulgação dos Resultados do Ideb e Saeb por Escola (Paraná);Código INEP localizado com sucesso na base oficial de divulgação do SAEB/IDEB do INEP.
2019;41132475;PINHEIRO DO PARANA C E CMEF M P;Curitiba;CONFIRMADO;INEP/MEC - Divulgação dos Resultados do Ideb e Saeb por Escola (Paraná);Código INEP localizado com sucesso na base oficial de divulgação do SAEB/IDEB do INEP.
2021;41132475;PINHEIRO DO PARANA C E CMEF M P;Curitiba;CONFIRMADO;INEP/MEC - Divulgação dos Resultados do Ideb e Saeb por Escola (Paraná);Código INEP localizado com sucesso na base oficial de divulgação do SAEB/IDEB do INEP.
2023;41132475;PINHEIRO DO PARANA C E CMEF M P;Curitiba;CONFIRMADO;INEP/MEC - Divulgação dos Resultados do Ideb e Saeb por Escola (Paraná);Código INEP localizado com sucesso na base oficial de divulgação do SAEB/IDEB do INEP.
2025;41132475;PINHEIRO DO PARANA C E CMEF M P;Curitiba;CONFIRMADO;INEP/MEC - Divulgação dos Resultados do Ideb e Saeb por Escola (Paraná);Código INEP localizado com sucesso na base oficial de divulgação do SAEB/IDEB do INEP.
2005;41132718;PROTASIO DE CARVALHO C EEF M PROFIS;Curitiba;CONFIRMADO;INEP/MEC - Divulgação dos Resultados do Ideb e Saeb por Escola (Paraná);Código INEP localizado com sucesso na base oficial de divulgação do SAEB/IDEB do INEP.
2007;41132718;PROTASIO DE CARVALHO C EEF M PROFIS;Curitiba;CONFIRMADO;INEP/MEC - Divulgação dos Resultados do Ideb e Saeb por Escola (Paraná);Código INEP localizado com sucesso na base oficial de divulgação do SAEB/IDEB do INEP.
2009;41132718;PROTASIO DE CARVALHO C EEF M PROFIS;Curitiba;CONFIRMADO;INEP/MEC - Divulgação dos Resultados do Ideb e Saeb por Escola (Paraná);Código INEP localizado com sucesso na base oficial de divulgação do SAEB/IDEB do INEP.
2011;41132718;PROTASIO DE CARVALHO C EEF M PROFIS;Curitiba;CONFIRMADO;INEP/MEC - Divulgação dos Resultados do Ideb e Saeb por Escola (Paraná);Código INEP localizado com sucesso na base oficial de divulgação do SAEB/IDEB do INEP.
2013;41132718;PROTASIO DE CARVALHO C EEF M PROFIS;Curitiba;CONFIRMADO;INEP/MEC - Divulgação dos Resultados do Ideb e Saeb por Escola (Paraná);Código INEP localizado com sucesso na base oficial de divulgação do SAEB/IDEB do INEP.
2015;41132718;PROTASIO DE CARVALHO C EEF M PROFIS;Curitiba;CONFIRMADO;INEP/MEC - Divulgação dos Resultados do Ideb e Saeb por Escola (Paraná);Código INEP localizado com sucesso na base oficial de divulgação do SAEB/IDEB do INEP.
2017;41132718;PROTASIO DE CARVALHO C EEF M PROFIS;Curitiba;CONFIRMADO;INEP/MEC - Divulgação dos Resultados do Ideb e Saeb por Escola (Paraná);Código INEP localizado com sucesso na base oficial de divulgação do SAEB/IDEB do INEP.
2019;41132718;PROTASIO DE CARVALHO C EEF M PROFIS;Curitiba;CONFIRMADO;INEP/MEC - Divulgação dos Resultados do Ideb e Saeb por Escola (Paraná);Código INEP localizado com sucesso na base oficial de divulgação do SAEB/IDEB do INEP.
2021;41132718;PROTASIO DE CARVALHO C EEF M PROFIS;Curitiba;CONFIRMADO;INEP/MEC - Divulgação dos Resultados do Ideb e Saeb por Escola (Paraná);Código INEP localizado com sucesso na base oficial de divulgação do SAEB/IDEB do INEP.
2023;41132718;PROTASIO DE CARVALHO C EEF M PROFIS;Curitiba;CONFIRMADO;INEP/MEC - Divulgação dos Resultados do Ideb e Saeb por Escola (Paraná);Código INEP localizado com sucesso na base oficial de divulgação do SAEB/IDEB do INEP.
2025;41132718;PROTASIO DE CARVALHO C EEF M PROFIS;Curitiba;CONFIRMADO;INEP/MEC - Divulgação dos Resultados do Ideb e Saeb por Escola (Paraná);Código INEP localizado com sucesso na base oficial de divulgação do SAEB/IDEB do INEP.
2005;41132955;ROBERTO LANGER JUNIOR C EEF M PROFIS;Curitiba;CONFIRMADO;INEP/MEC - Divulgação dos Resultados do Ideb e Saeb por Escola (Paraná);Código INEP localizado com sucesso na base oficial de divulgação do SAEB/IDEB do INEP.
2007;41132955;ROBERTO LANGER JUNIOR C EEF M PROFIS;Curitiba;CONFIRMADO;INEP/MEC - Divulgação dos Resultados do Ideb e Saeb por Escola (Paraná);Código INEP localizado com sucesso na base oficial de divulgação do SAEB/IDEB do INEP.
2009;41132955;ROBERTO LANGER JUNIOR C EEF M PROFIS;Curitiba;CONFIRMADO;INEP/MEC - Divulgação dos Resultados do Ideb e Saeb por Escola (Paraná);Código INEP localizado com sucesso na base oficial de divulgação do SAEB/IDEB do INEP.
2011;41132955;ROBERTO LANGER JUNIOR C EEF M PROFIS;Curitiba;CONFIRMADO;INEP/MEC - Divulgação dos Resultados do Ideb e Saeb por Escola (Paraná);Código INEP localizado com sucesso na base oficial de divulgação do SAEB/IDEB do INEP.
2013;41132955;ROBERTO LANGER JUNIOR C EEF M PROFIS;Curitiba;CONFIRMADO;INEP/MEC - Divulgação dos Resultados do Ideb e Saeb por Escola (Paraná);Código INEP localizado com sucesso na base oficial de divulgação do SAEB/IDEB do INEP.
2015;41132955;ROBERTO LANGER JUNIOR C EEF M PROFIS;Curitiba;CONFIRMADO;INEP/MEC - Divulgação dos Resultados do Ideb e Saeb por Escola (Paraná);Código INEP localizado com sucesso na base oficial de divulgação do SAEB/IDEB do INEP.
2017;41132955;ROBERTO LANGER JUNIOR C EEF M PROFIS;Curitiba;CONFIRMADO;INEP/MEC - Divulgação dos Resultados do Ideb e Saeb por Escola (Paraná);Código INEP localizado com sucesso na base oficial de divulgação do SAEB/IDEB do INEP.
2019;41132955;ROBERTO LANGER JUNIOR C EEF M PROFIS;Curitiba;CONFIRMADO;INEP/MEC - Divulgação dos Resultados do Ideb e Saeb por Escola (Paraná);Código INEP localizado com sucesso na base oficial de divulgação do SAEB/IDEB do INEP.
2021;41132955;ROBERTO LANGER JUNIOR C EEF M PROFIS;Curitiba;CONFIRMADO;INEP/MEC - Divulgação dos Resultados do Ideb e Saeb por Escola (Paraná);Código INEP localizado com sucesso na base oficial de divulgação do SAEB/IDEB do INEP.
2023;41132955;ROBERTO LANGER JUNIOR C EEF M PROFIS;Curitiba;CONFIRMADO;INEP/MEC - Divulgação dos Resultados do Ideb e Saeb por Escola (Paraná);Código INEP localizado com sucesso na base oficial de divulgação do SAEB/IDEB do INEP.
2025;41132955;ROBERTO LANGER JUNIOR C EEF M PROFIS;Curitiba;CONFIRMADO;INEP/MEC - Divulgação dos Resultados do Ideb e Saeb por Escola (Paraná);Código INEP localizado com sucesso na base oficial de divulgação do SAEB/IDEB do INEP.
2005;41133137;SANTA FELICIDADE C E CMEF M P;Curitiba;CONFIRMADO;INEP/MEC - Divulgação dos Resultados do Ideb e Saeb por Escola (Paraná);Código INEP localizado com sucesso na base oficial de divulgação do SAEB/IDEB do INEP.
2007;41133137;SANTA FELICIDADE C E CMEF M P;Curitiba;CONFIRMADO;INEP/MEC - Divulgação dos Resultados do Ideb e Saeb por Escola (Paraná);Código INEP localizado com sucesso na base oficial de divulgação do SAEB/IDEB do INEP.
2009;41133137;SANTA FELICIDADE C E CMEF M P;Curitiba;CONFIRMADO;INEP/MEC - Divulgação dos Resultados do Ideb e Saeb por Escola (Paraná);Código INEP localizado com sucesso na base oficial de divulgação do SAEB/IDEB do INEP.
2011;41133137;SANTA FELICIDADE C E CMEF M P;Curitiba;CONFIRMADO;INEP/MEC - Divulgação dos Resultados do Ideb e Saeb por Escola (Paraná);Código INEP localizado com sucesso na base oficial de divulgação do SAEB/IDEB do INEP.
2013;41133137;SANTA FELICIDADE C E CMEF M P;Curitiba;CONFIRMADO;INEP/MEC - Divulgação dos Resultados do Ideb e Saeb por Escola (Paraná);Código INEP localizado com sucesso na base oficial de divulgação do SAEB/IDEB do INEP.
2015;41133137;SANTA FELICIDADE C E CMEF M P;Curitiba;CONFIRMADO;INEP/MEC - Divulgação dos Resultados do Ideb e Saeb por Escola (Paraná);Código INEP localizado com sucesso na base oficial de divulgação do SAEB/IDEB do INEP.
2017;41133137;SANTA FELICIDADE C E CMEF M P;Curitiba;CONFIRMADO;INEP/MEC - Divulgação dos Resultados do Ideb e Saeb por Escola (Paraná);Código INEP localizado com sucesso na base oficial de divulgação do SAEB/IDEB do INEP.
2019;41133137;SANTA FELICIDADE C E CMEF M P;Curitiba;CONFIRMADO;INEP/MEC - Divulgação dos Resultados do Ideb e Saeb por Escola (Paraná);Código INEP localizado com sucesso na base oficial de divulgação do SAEB/IDEB do INEP.
2021;41133137;SANTA FELICIDADE C E CMEF M P;Curitiba;CONFIRMADO;INEP/MEC - Divulgação dos Resultados do Ideb e Saeb por Escola (Paraná);Código INEP localizado com sucesso na base oficial de divulgação do SAEB/IDEB do INEP.
2023;41133137;SANTA FELICIDADE C E CMEF M P;Curitiba;CONFIRMADO;INEP/MEC - Divulgação dos Resultados do Ideb e Saeb por Escola (Paraná);Código INEP localizado com sucesso na base oficial de divulgação do SAEB/IDEB do INEP.
2025;41133137;SANTA FELICIDADE C E CMEF M P;Curitiba;CONFIRMADO;INEP/MEC - Divulgação dos Resultados do Ideb e Saeb por Escola (Paraná);Código INEP localizado com sucesso na base oficial de divulgação do SAEB/IDEB do INEP.
2005;41133200;SANTO ANTONIO C E CMEF M;Curitiba;CONFIRMADO;INEP/MEC - Divulgação dos Resultados do Ideb e Saeb por Escola (Paraná);Código INEP localizado com sucesso na base oficial de divulgação do SAEB/IDEB do INEP.
2007;41133200;SANTO ANTONIO C E CMEF M;Curitiba;CONFIRMADO;INEP/MEC - Divulgação dos Resultados do Ideb e Saeb por Escola (Paraná);Código INEP localizado com sucesso na base oficial de divulgação do SAEB/IDEB do INEP.
2009;41133200;SANTO ANTONIO C E CMEF M;Curitiba;CONFIRMADO;INEP/MEC - Divulgação dos Resultados do Ideb e Saeb por Escola (Paraná);Código INEP localizado com sucesso na base oficial de divulgação do SAEB/IDEB do INEP.
2011;41133200;SANTO ANTONIO C E CMEF M;Curitiba;CONFIRMADO;INEP/MEC - Divulgação dos Resultados do Ideb e Saeb por Escola (Paraná);Código INEP localizado com sucesso na base oficial de divulgação do SAEB/IDEB do INEP.
2013;41133200;SANTO ANTONIO C E CMEF M;Curitiba;CONFIRMADO;INEP/MEC - Divulgação dos Resultados do Ideb e Saeb por Escola (Paraná);Código INEP localizado com sucesso na base oficial de divulgação do SAEB/IDEB do INEP.
2015;41133200;SANTO ANTONIO C E CMEF M;Curitiba;CONFIRMADO;INEP/MEC - Divulgação dos Resultados do Ideb e Saeb por Escola (Paraná);Código INEP localizado com sucesso na base oficial de divulgação do SAEB/IDEB do INEP.
2017;41133200;SANTO ANTONIO C E CMEF M;Curitiba;CONFIRMADO;INEP/MEC - Divulgação dos Resultados do Ideb e Saeb por Escola (Paraná);Código INEP localizado com sucesso na base oficial de divulgação do SAEB/IDEB do INEP.
2019;41133200;SANTO ANTONIO C E CMEF M;Curitiba;CONFIRMADO;INEP/MEC - Divulgação dos Resultados do Ideb e Saeb por Escola (Paraná);Código INEP localizado com sucesso na base oficial de divulgação do SAEB/IDEB do INEP.
2021;41133200;SANTO ANTONIO C E CMEF M;Curitiba;CONFIRMADO;INEP/MEC - Divulgação dos Resultados do Ideb e Saeb por Escola (Paraná);Código INEP localizado com sucesso na base oficial de divulgação do SAEB/IDEB do INEP.
2023;41133200;SANTO ANTONIO C E CMEF M;Curitiba;CONFIRMADO;INEP/MEC - Divulgação dos Resultados do Ideb e Saeb por Escola (Paraná);Código INEP localizado com sucesso na base oficial de divulgação do SAEB/IDEB do INEP.
2025;41133200;SANTO ANTONIO C E CMEF M;Curitiba;CONFIRMADO;INEP/MEC - Divulgação dos Resultados do Ideb e Saeb por Escola (Paraná);Código INEP localizado com sucesso na base oficial de divulgação do SAEB/IDEB do INEP.
2005;41133226;SANTOS DUMONT C EEF M;Curitiba;CONFIRMADO;INEP/MEC - Divulgação dos Resultados do Ideb e Saeb por Escola (Paraná);Código INEP localizado com sucesso na base oficial de divulgação do SAEB/IDEB do INEP.
2007;41133226;SANTOS DUMONT C EEF M;Curitiba;CONFIRMADO;INEP/MEC - Divulgação dos Resultados do Ideb e Saeb por Escola (Paraná);Código INEP localizado com sucesso na base oficial de divulgação do SAEB/IDEB do INEP.
2009;41133226;SANTOS DUMONT C EEF M;Curitiba;CONFIRMADO;INEP/MEC - Divulgação dos Resultados do Ideb e Saeb por Escola (Paraná);Código INEP localizado com sucesso na base oficial de divulgação do SAEB/IDEB do INEP.
2011;41133226;SANTOS DUMONT C EEF M;Curitiba;CONFIRMADO;INEP/MEC - Divulgação dos Resultados do Ideb e Saeb por Escola (Paraná);Código INEP localizado com sucesso na base oficial de divulgação do SAEB/IDEB do INEP.
2013;41133226;SANTOS DUMONT C EEF M;Curitiba;CONFIRMADO;INEP/MEC - Divulgação dos Resultados do Ideb e Saeb por Escola (Paraná);Código INEP localizado com sucesso na base oficial de divulgação do SAEB/IDEB do INEP.
2015;41133226;SANTOS DUMONT C EEF M;Curitiba;CONFIRMADO;INEP/MEC - Divulgação dos Resultados do Ideb e Saeb por Escola (Paraná);Código INEP localizado com sucesso na base oficial de divulgação do SAEB/IDEB do INEP.
2017;41133226;SANTOS DUMONT C EEF M;Curitiba;CONFIRMADO;INEP/MEC - Divulgação dos Resultados do Ideb e Saeb por Escola (Paraná);Código INEP localizado com sucesso na base oficial de divulgação do SAEB/IDEB do INEP.
2019;41133226;SANTOS DUMONT C EEF M;Curitiba;CONFIRMADO;INEP/MEC - Divulgação dos Resultados do Ideb e Saeb por Escola (Paraná);Código INEP localizado com sucesso na base oficial de divulgação do SAEB/IDEB do INEP.
2021;41133226;SANTOS DUMONT C EEF M;Curitiba;CONFIRMADO;INEP/MEC - Divulgação dos Resultados do Ideb e Saeb por Escola (Paraná);Código INEP localizado com sucesso na base oficial de divulgação do SAEB/IDEB do INEP.
2023;41133226;SANTOS DUMONT C EEF M;Curitiba;CONFIRMADO;INEP/MEC - Divulgação dos Resultados do Ideb e Saeb por Escola (Paraná);Código INEP localizado com sucesso na base oficial de divulgação do SAEB/IDEB do INEP.
2025;41133226;SANTOS DUMONT C EEF M;Curitiba;CONFIRMADO;INEP/MEC - Divulgação dos Resultados do Ideb e Saeb por Escola (Paraná);Código INEP localizado com sucesso na base oficial de divulgação do SAEB/IDEB do INEP.
2005;41133358;SAO PAULO APOSTOLO C EEF M PROFIS;Curitiba;CONFIRMADO;INEP/MEC - Divulgação dos Resultados do Ideb e Saeb por Escola (Paraná);Código INEP localizado com sucesso na base oficial de divulgação do SAEB/IDEB do INEP.
2007;41133358;SAO PAULO APOSTOLO C EEF M PROFIS;Curitiba;CONFIRMADO;INEP/MEC - Divulgação dos Resultados do Ideb e Saeb por Escola (Paraná);Código INEP localizado com sucesso na base oficial de divulgação do SAEB/IDEB do INEP.
2009;41133358;SAO PAULO APOSTOLO C EEF M PROFIS;Curitiba;CONFIRMADO;INEP/MEC - Divulgação dos Resultados do Ideb e Saeb por Escola (Paraná);Código INEP localizado com sucesso na base oficial de divulgação do SAEB/IDEB do INEP.
2011;41133358;SAO PAULO APOSTOLO C EEF M PROFIS;Curitiba;CONFIRMADO;INEP/MEC - Divulgação dos Resultados do Ideb e Saeb por Escola (Paraná);Código INEP localizado com sucesso na base oficial de divulgação do SAEB/IDEB do INEP.
2013;41133358;SAO PAULO APOSTOLO C EEF M PROFIS;Curitiba;CONFIRMADO;INEP/MEC - Divulgação dos Resultados do Ideb e Saeb por Escola (Paraná);Código INEP localizado com sucesso na base oficial de divulgação do SAEB/IDEB do INEP.
2015;41133358;SAO PAULO APOSTOLO C EEF M PROFIS;Curitiba;CONFIRMADO;INEP/MEC - Divulgação dos Resultados do Ideb e Saeb por Escola (Paraná);Código INEP localizado com sucesso na base oficial de divulgação do SAEB/IDEB do INEP.
2017;41133358;SAO PAULO APOSTOLO C EEF M PROFIS;Curitiba;CONFIRMADO;INEP/MEC - Divulgação dos Resultados do Ideb e Saeb por Escola (Paraná);Código INEP localizado com sucesso na base oficial de divulgação do SAEB/IDEB do INEP.
2019;41133358;SAO PAULO APOSTOLO C EEF M PROFIS;Curitiba;CONFIRMADO;INEP/MEC - Divulgação dos Resultados do Ideb e Saeb por Escola (Paraná);Código INEP localizado com sucesso na base oficial de divulgação do SAEB/IDEB do INEP.
2021;41133358;SAO PAULO APOSTOLO C EEF M PROFIS;Curitiba;CONFIRMADO;INEP/MEC - Divulgação dos Resultados do Ideb e Saeb por Escola (Paraná);Código INEP localizado com sucesso na base oficial de divulgação do SAEB/IDEB do INEP.
2023;41133358;SAO PAULO APOSTOLO C EEF M PROFIS;Curitiba;CONFIRMADO;INEP/MEC - Divulgação dos Resultados do Ideb e Saeb por Escola (Paraná);Código INEP localizado com sucesso na base oficial de divulgação do SAEB/IDEB do INEP.
2025;41133358;SAO PAULO APOSTOLO C EEF M PROFIS;Curitiba;CONFIRMADO;INEP/MEC - Divulgação dos Resultados do Ideb e Saeb por Escola (Paraná);Código INEP localizado com sucesso na base oficial de divulgação do SAEB/IDEB do INEP.
2005;41134419;XAVIER DA SILVA C E DREF M PROFIS;Curitiba;CONFIRMADO;INEP/MEC - Divulgação dos Resultados do Ideb e Saeb por Escola (Paraná);Código INEP localizado com sucesso na base oficial de divulgação do SAEB/IDEB do INEP.
2007;41134419;XAVIER DA SILVA C E DREF M PROFIS;Curitiba;CONFIRMADO;INEP/MEC - Divulgação dos Resultados do Ideb e Saeb por Escola (Paraná);Código INEP localizado com sucesso na base oficial de divulgação do SAEB/IDEB do INEP.
2009;41134419;XAVIER DA SILVA C E DREF M PROFIS;Curitiba;CONFIRMADO;INEP/MEC - Divulgação dos Resultados do Ideb e Saeb por Escola (Paraná);Código INEP localizado com sucesso na base oficial de divulgação do SAEB/IDEB do INEP.
2011;41134419;XAVIER DA SILVA C E DREF M PROFIS;Curitiba;CONFIRMADO;INEP/MEC - Divulgação dos Resultados do Ideb e Saeb por Escola (Paraná);Código INEP localizado com sucesso na base oficial de divulgação do SAEB/IDEB do INEP.
2013;41134419;XAVIER DA SILVA C E DREF M PROFIS;Curitiba;CONFIRMADO;INEP/MEC - Divulgação dos Resultados do Ideb e Saeb por Escola (Paraná);Código INEP localizado com sucesso na base oficial de divulgação do SAEB/IDEB do INEP.
2015;41134419;XAVIER DA SILVA C E DREF M PROFIS;Curitiba;CONFIRMADO;INEP/MEC - Divulgação dos Resultados do Ideb e Saeb por Escola (Paraná);Código INEP localizado com sucesso na base oficial de divulgação do SAEB/IDEB do INEP.
2017;41134419;XAVIER DA SILVA C E DREF M PROFIS;Curitiba;CONFIRMADO;INEP/MEC - Divulgação dos Resultados do Ideb e Saeb por Escola (Paraná);Código INEP localizado com sucesso na base oficial de divulgação do SAEB/IDEB do INEP.
2019;41134419;XAVIER DA SILVA C E DREF M PROFIS;Curitiba;CONFIRMADO;INEP/MEC - Divulgação dos Resultados do Ideb e Saeb por Escola (Paraná);Código INEP localizado com sucesso na base oficial de divulgação do SAEB/IDEB do INEP.
2021;41134419;XAVIER DA SILVA C E DREF M PROFIS;Curitiba;CONFIRMADO;INEP/MEC - Divulgação dos Resultados do Ideb e Saeb por Escola (Paraná);Código INEP localizado com sucesso na base oficial de divulgação do SAEB/IDEB do INEP.
2023;41134419;XAVIER DA SILVA C E DREF M PROFIS;Curitiba;CONFIRMADO;INEP/MEC - Divulgação dos Resultados do Ideb e Saeb por Escola (Paraná);Código INEP localizado com sucesso na base oficial de divulgação do SAEB/IDEB do INEP.
2025;41134419;XAVIER DA SILVA C E DREF M PROFIS;Curitiba;CONFIRMADO;INEP/MEC - Divulgação dos Resultados do Ideb e Saeb por Escola (Paraná);Código INEP localizado com sucesso na base oficial de divulgação do SAEB/IDEB do INEP.
2005;41134516;DECIO DOSSI C E DREF M PROFIS;Fazenda Rio Grande;CONFIRMADO;INEP/MEC - Divulgação dos Resultados do Ideb e Saeb por Escola (Paraná);Código INEP localizado com sucesso na base oficial de divulgação do SAEB/IDEB do INEP.
2007;41134516;DECIO DOSSI C E DREF M PROFIS;Fazenda Rio Grande;CONFIRMADO;INEP/MEC - Divulgação dos Resultados do Ideb e Saeb por Escola (Paraná);Código INEP localizado com sucesso na base oficial de divulgação do SAEB/IDEB do INEP.
2009;41134516;DECIO DOSSI C E DREF M PROFIS;Fazenda Rio Grande;CONFIRMADO;INEP/MEC - Divulgação dos Resultados do Ideb e Saeb por Escola (Paraná);Código INEP localizado com sucesso na base oficial de divulgação do SAEB/IDEB do INEP.
2011;41134516;DECIO DOSSI C E DREF M PROFIS;Fazenda Rio Grande;CONFIRMADO;INEP/MEC - Divulgação dos Resultados do Ideb e Saeb por Escola (Paraná);Código INEP localizado com sucesso na base oficial de divulgação do SAEB/IDEB do INEP.
2013;41134516;DECIO DOSSI C E DREF M PROFIS;Fazenda Rio Grande;CONFIRMADO;INEP/MEC - Divulgação dos Resultados do Ideb e Saeb por Escola (Paraná);Código INEP localizado com sucesso na base oficial de divulgação do SAEB/IDEB do INEP.
2015;41134516;DECIO DOSSI C E DREF M PROFIS;Fazenda Rio Grande;CONFIRMADO;INEP/MEC - Divulgação dos Resultados do Ideb e Saeb por Escola (Paraná);Código INEP localizado com sucesso na base oficial de divulgação do SAEB/IDEB do INEP.
2017;41134516;DECIO DOSSI C E DREF M PROFIS;Fazenda Rio Grande;CONFIRMADO;INEP/MEC - Divulgação dos Resultados do Ideb e Saeb por Escola (Paraná);Código INEP localizado com sucesso na base oficial de divulgação do SAEB/IDEB do INEP.
2019;41134516;DECIO DOSSI C E DREF M PROFIS;Fazenda Rio Grande;CONFIRMADO;INEP/MEC - Divulgação dos Resultados do Ideb e Saeb por Escola (Paraná);Código INEP localizado com sucesso na base oficial de divulgação do SAEB/IDEB do INEP.
2021;41134516;DECIO DOSSI C E DREF M PROFIS;Fazenda Rio Grande;CONFIRMADO;INEP/MEC - Divulgação dos Resultados do Ideb e Saeb por Escola (Paraná);Código INEP localizado com sucesso na base oficial de divulgação do SAEB/IDEB do INEP.
2023;41134516;DECIO DOSSI C E DREF M PROFIS;Fazenda Rio Grande;CONFIRMADO;INEP/MEC - Divulgação dos Resultados do Ideb e Saeb por Escola (Paraná);Código INEP localizado com sucesso na base oficial de divulgação do SAEB/IDEB do INEP.
2025;41134516;DECIO DOSSI C E DREF M PROFIS;Fazenda Rio Grande;CONFIRMADO;INEP/MEC - Divulgação dos Resultados do Ideb e Saeb por Escola (Paraná);Código INEP localizado com sucesso na base oficial de divulgação do SAEB/IDEB do INEP.
2005;41135784;LEOCADIA B RAMOS C EEF M PROFIS;Pinhais;CONFIRMADO;INEP/MEC - Divulgação dos Resultados do Ideb e Saeb por Escola (Paraná);Código INEP localizado com sucesso na base oficial de divulgação do SAEB/IDEB do INEP.
2007;41135784;LEOCADIA B RAMOS C EEF M PROFIS;Pinhais;CONFIRMADO;INEP/MEC - Divulgação dos Resultados do Ideb e Saeb por Escola (Paraná);Código INEP localizado com sucesso na base oficial de divulgação do SAEB/IDEB do INEP.
2009;41135784;LEOCADIA B RAMOS C EEF M PROFIS;Pinhais;CONFIRMADO;INEP/MEC - Divulgação dos Resultados do Ideb e Saeb por Escola (Paraná);Código INEP localizado com sucesso na base oficial de divulgação do SAEB/IDEB do INEP.
2011;41135784;LEOCADIA B RAMOS C EEF M PROFIS;Pinhais;CONFIRMADO;INEP/MEC - Divulgação dos Resultados do Ideb e Saeb por Escola (Paraná);Código INEP localizado com sucesso na base oficial de divulgação do SAEB/IDEB do INEP.
2013;41135784;LEOCADIA B RAMOS C EEF M PROFIS;Pinhais;CONFIRMADO;INEP/MEC - Divulgação dos Resultados do Ideb e Saeb por Escola (Paraná);Código INEP localizado com sucesso na base oficial de divulgação do SAEB/IDEB do INEP.
2015;41135784;LEOCADIA B RAMOS C EEF M PROFIS;Pinhais;CONFIRMADO;INEP/MEC - Divulgação dos Resultados do Ideb e Saeb por Escola (Paraná);Código INEP localizado com sucesso na base oficial de divulgação do SAEB/IDEB do INEP.
2017;41135784;LEOCADIA B RAMOS C EEF M PROFIS;Pinhais;CONFIRMADO;INEP/MEC - Divulgação dos Resultados do Ideb e Saeb por Escola (Paraná);Código INEP localizado com sucesso na base oficial de divulgação do SAEB/IDEB do INEP.
2019;41135784;LEOCADIA B RAMOS C EEF M PROFIS;Pinhais;CONFIRMADO;INEP/MEC - Divulgação dos Resultados do Ideb e Saeb por Escola (Paraná);Código INEP localizado com sucesso na base oficial de divulgação do SAEB/IDEB do INEP.
2021;41135784;LEOCADIA B RAMOS C EEF M PROFIS;Pinhais;CONFIRMADO;INEP/MEC - Divulgação dos Resultados do Ideb e Saeb por Escola (Paraná);Código INEP localizado com sucesso na base oficial de divulgação do SAEB/IDEB do INEP.
2023;41135784;LEOCADIA B RAMOS C EEF M PROFIS;Pinhais;CONFIRMADO;INEP/MEC - Divulgação dos Resultados do Ideb e Saeb por Escola (Paraná);Código INEP localizado com sucesso na base oficial de divulgação do SAEB/IDEB do INEP.
2025;41135784;LEOCADIA B RAMOS C EEF M PROFIS;Pinhais;CONFIRMADO;INEP/MEC - Divulgação dos Resultados do Ideb e Saeb por Escola (Paraná);Código INEP localizado com sucesso na base oficial de divulgação do SAEB/IDEB do INEP.
2005;41136276;VILA MACEDO C E CMEF M;Piraquara;CONFIRMADO;INEP/MEC - Divulgação dos Resultados do Ideb e Saeb por Escola (Paraná);Código INEP localizado com sucesso na base oficial de divulgação do SAEB/IDEB do INEP.
2007;41136276;VILA MACEDO C E CMEF M;Piraquara;CONFIRMADO;INEP/MEC - Divulgação dos Resultados do Ideb e Saeb por Escola (Paraná);Código INEP localizado com sucesso na base oficial de divulgação do SAEB/IDEB do INEP.
2009;41136276;VILA MACEDO C E CMEF M;Piraquara;CONFIRMADO;INEP/MEC - Divulgação dos Resultados do Ideb e Saeb por Escola (Paraná);Código INEP localizado com sucesso na base oficial de divulgação do SAEB/IDEB do INEP.
2011;41136276;VILA MACEDO C E CMEF M;Piraquara;CONFIRMADO;INEP/MEC - Divulgação dos Resultados do Ideb e Saeb por Escola (Paraná);Código INEP localizado com sucesso na base oficial de divulgação do SAEB/IDEB do INEP.
2013;41136276;VILA MACEDO C E CMEF M;Piraquara;CONFIRMADO;INEP/MEC - Divulgação dos Resultados do Ideb e Saeb por Escola (Paraná);Código INEP localizado com sucesso na base oficial de divulgação do SAEB/IDEB do INEP.
2015;41136276;VILA MACEDO C E CMEF M;Piraquara;CONFIRMADO;INEP/MEC - Divulgação dos Resultados do Ideb e Saeb por Escola (Paraná);Código INEP localizado com sucesso na base oficial de divulgação do SAEB/IDEB do INEP.
2017;41136276;VILA MACEDO C E CMEF M;Piraquara;CONFIRMADO;INEP/MEC - Divulgação dos Resultados do Ideb e Saeb por Escola (Paraná);Código INEP localizado com sucesso na base oficial de divulgação do SAEB/IDEB do INEP.
2019;41136276;VILA MACEDO C E CMEF M;Piraquara;CONFIRMADO;INEP/MEC - Divulgação dos Resultados do Ideb e Saeb por Escola (Paraná);Código INEP localizado com sucesso na base oficial de divulgação do SAEB/IDEB do INEP.
2021;41136276;VILA MACEDO C E CMEF M;Piraquara;CONFIRMADO;INEP/MEC - Divulgação dos Resultados do Ideb e Saeb por Escola (Paraná);Código INEP localizado com sucesso na base oficial de divulgação do SAEB/IDEB do INEP.
2023;41136276;VILA MACEDO C E CMEF M;Piraquara;CONFIRMADO;INEP/MEC - Divulgação dos Resultados do Ideb e Saeb por Escola (Paraná);Código INEP localizado com sucesso na base oficial de divulgação do SAEB/IDEB do INEP.
2025;41136276;VILA MACEDO C E CMEF M;Piraquara;CONFIRMADO;INEP/MEC - Divulgação dos Resultados do Ideb e Saeb por Escola (Paraná);Código INEP localizado com sucesso na base oficial de divulgação do SAEB/IDEB do INEP.
2005;41137361;ARNALDO JANSEN C E CM PEEF M PROFIS;São José dos Pinhais;CONFIRMADO;INEP/MEC - Divulgação dos Resultados do Ideb e Saeb por Escola (Paraná);Código INEP localizado com sucesso na base oficial de divulgação do SAEB/IDEB do INEP.
2007;41137361;ARNALDO JANSEN C E CM PEEF M PROFIS;São José dos Pinhais;CONFIRMADO;INEP/MEC - Divulgação dos Resultados do Ideb e Saeb por Escola (Paraná);Código INEP localizado com sucesso na base oficial de divulgação do SAEB/IDEB do INEP.
2009;41137361;ARNALDO JANSEN C E CM PEEF M PROFIS;São José dos Pinhais;CONFIRMADO;INEP/MEC - Divulgação dos Resultados do Ideb e Saeb por Escola (Paraná);Código INEP localizado com sucesso na base oficial de divulgação do SAEB/IDEB do INEP.
2011;41137361;ARNALDO JANSEN C E CM PEEF M PROFIS;São José dos Pinhais;CONFIRMADO;INEP/MEC - Divulgação dos Resultados do Ideb e Saeb por Escola (Paraná);Código INEP localizado com sucesso na base oficial de divulgação do SAEB/IDEB do INEP.
2013;41137361;ARNALDO JANSEN C E CM PEEF M PROFIS;São José dos Pinhais;CONFIRMADO;INEP/MEC - Divulgação dos Resultados do Ideb e Saeb por Escola (Paraná);Código INEP localizado com sucesso na base oficial de divulgação do SAEB/IDEB do INEP.
2015;41137361;ARNALDO JANSEN C E CM PEEF M PROFIS;São José dos Pinhais;CONFIRMADO;INEP/MEC - Divulgação dos Resultados do Ideb e Saeb por Escola (Paraná);Código INEP localizado com sucesso na base oficial de divulgação do SAEB/IDEB do INEP.
2017;41137361;ARNALDO JANSEN C E CM PEEF M PROFIS;São José dos Pinhais;CONFIRMADO;INEP/MEC - Divulgação dos Resultados do Ideb e Saeb por Escola (Paraná);Código INEP localizado com sucesso na base oficial de divulgação do SAEB/IDEB do INEP.
2019;41137361;ARNALDO JANSEN C E CM PEEF M PROFIS;São José dos Pinhais;CONFIRMADO;INEP/MEC - Divulgação dos Resultados do Ideb e Saeb por Escola (Paraná);Código INEP localizado com sucesso na base oficial de divulgação do SAEB/IDEB do INEP.
2021;41137361;ARNALDO JANSEN C E CM PEEF M PROFIS;São José dos Pinhais;CONFIRMADO;INEP/MEC - Divulgação dos Resultados do Ideb e Saeb por Escola (Paraná);Código INEP localizado com sucesso na base oficial de divulgação do SAEB/IDEB do INEP.
2023;41137361;ARNALDO JANSEN C E CM PEEF M PROFIS;São José dos Pinhais;CONFIRMADO;INEP/MEC - Divulgação dos Resultados do Ideb e Saeb por Escola (Paraná);Código INEP localizado com sucesso na base oficial de divulgação do SAEB/IDEB do INEP.
2025;41137361;ARNALDO JANSEN C E CM PEEF M PROFIS;São José dos Pinhais;CONFIRMADO;INEP/MEC - Divulgação dos Resultados do Ideb e Saeb por Escola (Paraná);Código INEP localizado com sucesso na base oficial de divulgação do SAEB/IDEB do INEP.
2005;41137698;MARIA VIDAL NOVAES E EEF;São José dos Pinhais;CONFIRMADO;INEP/MEC - Divulgação dos Resultados do Ideb e Saeb por Escola (Paraná);Código INEP localizado com sucesso na base oficial de divulgação do SAEB/IDEB do INEP.
2007;41137698;MARIA VIDAL NOVAES E EEF;São José dos Pinhais;CONFIRMADO;INEP/MEC - Divulgação dos Resultados do Ideb e Saeb por Escola (Paraná);Código INEP localizado com sucesso na base oficial de divulgação do SAEB/IDEB do INEP.
2009;41137698;MARIA VIDAL NOVAES E EEF;São José dos Pinhais;CONFIRMADO;INEP/MEC - Divulgação dos Resultados do Ideb e Saeb por Escola (Paraná);Código INEP localizado com sucesso na base oficial de divulgação do SAEB/IDEB do INEP.
2011;41137698;MARIA VIDAL NOVAES E EEF;São José dos Pinhais;CONFIRMADO;INEP/MEC - Divulgação dos Resultados do Ideb e Saeb por Escola (Paraná);Código INEP localizado com sucesso na base oficial de divulgação do SAEB/IDEB do INEP.
2013;41137698;MARIA VIDAL NOVAES E EEF;São José dos Pinhais;CONFIRMADO;INEP/MEC - Divulgação dos Resultados do Ideb e Saeb por Escola (Paraná);Código INEP localizado com sucesso na base oficial de divulgação do SAEB/IDEB do INEP.
2015;41137698;MARIA VIDAL NOVAES E EEF;São José dos Pinhais;CONFIRMADO;INEP/MEC - Divulgação dos Resultados do Ideb e Saeb por Escola (Paraná);Código INEP localizado com sucesso na base oficial de divulgação do SAEB/IDEB do INEP.
2017;41137698;MARIA VIDAL NOVAES E EEF;São José dos Pinhais;CONFIRMADO;INEP/MEC - Divulgação dos Resultados do Ideb e Saeb por Escola (Paraná);Código INEP localizado com sucesso na base oficial de divulgação do SAEB/IDEB do INEP.
2019;41137698;MARIA VIDAL NOVAES E EEF;São José dos Pinhais;CONFIRMADO;INEP/MEC - Divulgação dos Resultados do Ideb e Saeb por Escola (Paraná);Código INEP localizado com sucesso na base oficial de divulgação do SAEB/IDEB do INEP.
2021;41137698;MARIA VIDAL NOVAES E EEF;São José dos Pinhais;CONFIRMADO;INEP/MEC - Divulgação dos Resultados do Ideb e Saeb por Escola (Paraná);Código INEP localizado com sucesso na base oficial de divulgação do SAEB/IDEB do INEP.
2023;41137698;MARIA VIDAL NOVAES E EEF;São José dos Pinhais;CONFIRMADO;INEP/MEC - Divulgação dos Resultados do Ideb e Saeb por Escola (Paraná);Código INEP localizado com sucesso na base oficial de divulgação do SAEB/IDEB do INEP.
2025;41137698;MARIA VIDAL NOVAES E EEF;São José dos Pinhais;CONFIRMADO;INEP/MEC - Divulgação dos Resultados do Ideb e Saeb por Escola (Paraná);Código INEP localizado com sucesso na base oficial de divulgação do SAEB/IDEB do INEP.
2005;41137809;GODOFREDO MACHADO E EEF;São José dos Pinhais;CONFIRMADO;INEP/MEC - Divulgação dos Resultados do Ideb e Saeb por Escola (Paraná);Código INEP localizado com sucesso na base oficial de divulgação do SAEB/IDEB do INEP.
2007;41137809;GODOFREDO MACHADO E EEF;São José dos Pinhais;CONFIRMADO;INEP/MEC - Divulgação dos Resultados do Ideb e Saeb por Escola (Paraná);Código INEP localizado com sucesso na base oficial de divulgação do SAEB/IDEB do INEP.
2009;41137809;GODOFREDO MACHADO E EEF;São José dos Pinhais;CONFIRMADO;INEP/MEC - Divulgação dos Resultados do Ideb e Saeb por Escola (Paraná);Código INEP localizado com sucesso na base oficial de divulgação do SAEB/IDEB do INEP.
2011;41137809;GODOFREDO MACHADO E EEF;São José dos Pinhais;CONFIRMADO;INEP/MEC - Divulgação dos Resultados do Ideb e Saeb por Escola (Paraná);Código INEP localizado com sucesso na base oficial de divulgação do SAEB/IDEB do INEP.
2013;41137809;GODOFREDO MACHADO E EEF;São José dos Pinhais;CONFIRMADO;INEP/MEC - Divulgação dos Resultados do Ideb e Saeb por Escola (Paraná);Código INEP localizado com sucesso na base oficial de divulgação do SAEB/IDEB do INEP.
2015;41137809;GODOFREDO MACHADO E EEF;São José dos Pinhais;CONFIRMADO;INEP/MEC - Divulgação dos Resultados do Ideb e Saeb por Escola (Paraná);Código INEP localizado com sucesso na base oficial de divulgação do SAEB/IDEB do INEP.
2017;41137809;GODOFREDO MACHADO E EEF;São José dos Pinhais;CONFIRMADO;INEP/MEC - Divulgação dos Resultados do Ideb e Saeb por Escola (Paraná);Código INEP localizado com sucesso na base oficial de divulgação do SAEB/IDEB do INEP.
2019;41137809;GODOFREDO MACHADO E EEF;São José dos Pinhais;CONFIRMADO;INEP/MEC - Divulgação dos Resultados do Ideb e Saeb por Escola (Paraná);Código INEP localizado com sucesso na base oficial de divulgação do SAEB/IDEB do INEP.
2021;41137809;GODOFREDO MACHADO E EEF;São José dos Pinhais;CONFIRMADO;INEP/MEC - Divulgação dos Resultados do Ideb e Saeb por Escola (Paraná);Código INEP localizado com sucesso na base oficial de divulgação do SAEB/IDEB do INEP.
2023;41137809;GODOFREDO MACHADO E EEF;São José dos Pinhais;CONFIRMADO;INEP/MEC - Divulgação dos Resultados do Ideb e Saeb por Escola (Paraná);Código INEP localizado com sucesso na base oficial de divulgação do SAEB/IDEB do INEP.
2025;41137809;GODOFREDO MACHADO E EEF;São José dos Pinhais;CONFIRMADO;INEP/MEC - Divulgação dos Resultados do Ideb e Saeb por Escola (Paraná);Código INEP localizado com sucesso na base oficial de divulgação do SAEB/IDEB do INEP.
2005;41138422;SILVEIRA DA MOTTA C EEF M PROFIS;São José dos Pinhais;CONFIRMADO;INEP/MEC - Divulgação dos Resultados do Ideb e Saeb por Escola (Paraná);Código INEP localizado com sucesso na base oficial de divulgação do SAEB/IDEB do INEP.
2007;41138422;SILVEIRA DA MOTTA C EEF M PROFIS;São José dos Pinhais;CONFIRMADO;INEP/MEC - Divulgação dos Resultados do Ideb e Saeb por Escola (Paraná);Código INEP localizado com sucesso na base oficial de divulgação do SAEB/IDEB do INEP.
2009;41138422;SILVEIRA DA MOTTA C EEF M PROFIS;São José dos Pinhais;CONFIRMADO;INEP/MEC - Divulgação dos Resultados do Ideb e Saeb por Escola (Paraná);Código INEP localizado com sucesso na base oficial de divulgação do SAEB/IDEB do INEP.
2011;41138422;SILVEIRA DA MOTTA C EEF M PROFIS;São José dos Pinhais;CONFIRMADO;INEP/MEC - Divulgação dos Resultados do Ideb e Saeb por Escola (Paraná);Código INEP localizado com sucesso na base oficial de divulgação do SAEB/IDEB do INEP.
2013;41138422;SILVEIRA DA MOTTA C EEF M PROFIS;São José dos Pinhais;CONFIRMADO;INEP/MEC - Divulgação dos Resultados do Ideb e Saeb por Escola (Paraná);Código INEP localizado com sucesso na base oficial de divulgação do SAEB/IDEB do INEP.
2015;41138422;SILVEIRA DA MOTTA C EEF M PROFIS;São José dos Pinhais;CONFIRMADO;INEP/MEC - Divulgação dos Resultados do Ideb e Saeb por Escola (Paraná);Código INEP localizado com sucesso na base oficial de divulgação do SAEB/IDEB do INEP.
2017;41138422;SILVEIRA DA MOTTA C EEF M PROFIS;São José dos Pinhais;CONFIRMADO;INEP/MEC - Divulgação dos Resultados do Ideb e Saeb por Escola (Paraná);Código INEP localizado com sucesso na base oficial de divulgação do SAEB/IDEB do INEP.
2019;41138422;SILVEIRA DA MOTTA C EEF M PROFIS;São José dos Pinhais;CONFIRMADO;INEP/MEC - Divulgação dos Resultados do Ideb e Saeb por Escola (Paraná);Código INEP localizado com sucesso na base oficial de divulgação do SAEB/IDEB do INEP.
2021;41138422;SILVEIRA DA MOTTA C EEF M PROFIS;São José dos Pinhais;CONFIRMADO;INEP/MEC - Divulgação dos Resultados do Ideb e Saeb por Escola (Paraná);Código INEP localizado com sucesso na base oficial de divulgação do SAEB/IDEB do INEP.
2023;41138422;SILVEIRA DA MOTTA C EEF M PROFIS;São José dos Pinhais;CONFIRMADO;INEP/MEC - Divulgação dos Resultados do Ideb e Saeb por Escola (Paraná);Código INEP localizado com sucesso na base oficial de divulgação do SAEB/IDEB do INEP.
2025;41138422;SILVEIRA DA MOTTA C EEF M PROFIS;São José dos Pinhais;CONFIRMADO;INEP/MEC - Divulgação dos Resultados do Ideb e Saeb por Escola (Paraná);Código INEP localizado com sucesso na base oficial de divulgação do SAEB/IDEB do INEP.
2005;41138937;ROCHA POMBO C EEF M P;Antonina;CONFIRMADO;INEP/MEC - Divulgação dos Resultados do Ideb e Saeb por Escola (Paraná);Código INEP localizado com sucesso na base oficial de divulgação do SAEB/IDEB do INEP.
2007;41138937;ROCHA POMBO C EEF M P;Antonina;CONFIRMADO;INEP/MEC - Divulgação dos Resultados do Ideb e Saeb por Escola (Paraná);Código INEP localizado com sucesso na base oficial de divulgação do SAEB/IDEB do INEP.
2009;41138937;ROCHA POMBO C EEF M P;Antonina;CONFIRMADO;INEP/MEC - Divulgação dos Resultados do Ideb e Saeb por Escola (Paraná);Código INEP localizado com sucesso na base oficial de divulgação do SAEB/IDEB do INEP.
2011;41138937;ROCHA POMBO C EEF M P;Antonina;CONFIRMADO;INEP/MEC - Divulgação dos Resultados do Ideb e Saeb por Escola (Paraná);Código INEP localizado com sucesso na base oficial de divulgação do SAEB/IDEB do INEP.
2013;41138937;ROCHA POMBO C EEF M P;Antonina;CONFIRMADO;INEP/MEC - Divulgação dos Resultados do Ideb e Saeb por Escola (Paraná);Código INEP localizado com sucesso na base oficial de divulgação do SAEB/IDEB do INEP.
2015;41138937;ROCHA POMBO C EEF M P;Antonina;CONFIRMADO;INEP/MEC - Divulgação dos Resultados do Ideb e Saeb por Escola (Paraná);Código INEP localizado com sucesso na base oficial de divulgação do SAEB/IDEB do INEP.
2017;41138937;ROCHA POMBO C EEF M P;Antonina;CONFIRMADO;INEP/MEC - Divulgação dos Resultados do Ideb e Saeb por Escola (Paraná);Código INEP localizado com sucesso na base oficial de divulgação do SAEB/IDEB do INEP.
2019;41138937;ROCHA POMBO C EEF M P;Antonina;CONFIRMADO;INEP/MEC - Divulgação dos Resultados do Ideb e Saeb por Escola (Paraná);Código INEP localizado com sucesso na base oficial de divulgação do SAEB/IDEB do INEP.
2021;41138937;ROCHA POMBO C EEF M P;Antonina;CONFIRMADO;INEP/MEC - Divulgação dos Resultados do Ideb e Saeb por Escola (Paraná);Código INEP localizado com sucesso na base oficial de divulgação do SAEB/IDEB do INEP.
2023;41138937;ROCHA POMBO C EEF M P;Antonina;CONFIRMADO;INEP/MEC - Divulgação dos Resultados do Ideb e Saeb por Escola (Paraná);Código INEP localizado com sucesso na base oficial de divulgação do SAEB/IDEB do INEP.
2025;41138937;ROCHA POMBO C EEF M P;Antonina;CONFIRMADO;INEP/MEC - Divulgação dos Resultados do Ideb e Saeb por Escola (Paraná);Código INEP localizado com sucesso na base oficial de divulgação do SAEB/IDEB do INEP.
2005;41140052;SERTAOZINHO C E CMEF M N PROFIS;Matinhos;CONFIRMADO;INEP/MEC - Divulgação dos Resultados do Ideb e Saeb por Escola (Paraná);Código INEP localizado com sucesso na base oficial de divulgação do SAEB/IDEB do INEP.
2007;41140052;SERTAOZINHO C E CMEF M N PROFIS;Matinhos;CONFIRMADO;INEP/MEC - Divulgação dos Resultados do Ideb e Saeb por Escola (Paraná);Código INEP localizado com sucesso na base oficial de divulgação do SAEB/IDEB do INEP.
2009;41140052;SERTAOZINHO C E CMEF M N PROFIS;Matinhos;CONFIRMADO;INEP/MEC - Divulgação dos Resultados do Ideb e Saeb por Escola (Paraná);Código INEP localizado com sucesso na base oficial de divulgação do SAEB/IDEB do INEP.
2011;41140052;SERTAOZINHO C E CMEF M N PROFIS;Matinhos;CONFIRMADO;INEP/MEC - Divulgação dos Resultados do Ideb e Saeb por Escola (Paraná);Código INEP localizado com sucesso na base oficial de divulgação do SAEB/IDEB do INEP.
2013;41140052;SERTAOZINHO C E CMEF M N PROFIS;Matinhos;CONFIRMADO;INEP/MEC - Divulgação dos Resultados do Ideb e Saeb por Escola (Paraná);Código INEP localizado com sucesso na base oficial de divulgação do SAEB/IDEB do INEP.
2015;41140052;SERTAOZINHO C E CMEF M N PROFIS;Matinhos;CONFIRMADO;INEP/MEC - Divulgação dos Resultados do Ideb e Saeb por Escola (Paraná);Código INEP localizado com sucesso na base oficial de divulgação do SAEB/IDEB do INEP.
2017;41140052;SERTAOZINHO C E CMEF M N PROFIS;Matinhos;CONFIRMADO;INEP/MEC - Divulgação dos Resultados do Ideb e Saeb por Escola (Paraná);Código INEP localizado com sucesso na base oficial de divulgação do SAEB/IDEB do INEP.
2019;41140052;SERTAOZINHO C E CMEF M N PROFIS;Matinhos;CONFIRMADO;INEP/MEC - Divulgação dos Resultados do Ideb e Saeb por Escola (Paraná);Código INEP localizado com sucesso na base oficial de divulgação do SAEB/IDEB do INEP.
2021;41140052;SERTAOZINHO C E CMEF M N PROFIS;Matinhos;CONFIRMADO;INEP/MEC - Divulgação dos Resultados do Ideb e Saeb por Escola (Paraná);Código INEP localizado com sucesso na base oficial de divulgação do SAEB/IDEB do INEP.
2023;41140052;SERTAOZINHO C E CMEF M N PROFIS;Matinhos;CONFIRMADO;INEP/MEC - Divulgação dos Resultados do Ideb e Saeb por Escola (Paraná);Código INEP localizado com sucesso na base oficial de divulgação do SAEB/IDEB do INEP.
2025;41140052;SERTAOZINHO C E CMEF M N PROFIS;Matinhos;CONFIRMADO;INEP/MEC - Divulgação dos Resultados do Ideb e Saeb por Escola (Paraná);Código INEP localizado com sucesso na base oficial de divulgação do SAEB/IDEB do INEP.
2005;41140788;JOSE BONIFACIO C EEF M PROFIS;Paranaguá;CONFIRMADO;INEP/MEC - Divulgação dos Resultados do Ideb e Saeb por Escola (Paraná);Código INEP localizado com sucesso na base oficial de divulgação do SAEB/IDEB do INEP.
2007;41140788;JOSE BONIFACIO C EEF M PROFIS;Paranaguá;CONFIRMADO;INEP/MEC - Divulgação dos Resultados do Ideb e Saeb por Escola (Paraná);Código INEP localizado com sucesso na base oficial de divulgação do SAEB/IDEB do INEP.
2009;41140788;JOSE BONIFACIO C EEF M PROFIS;Paranaguá;CONFIRMADO;INEP/MEC - Divulgação dos Resultados do Ideb e Saeb por Escola (Paraná);Código INEP localizado com sucesso na base oficial de divulgação do SAEB/IDEB do INEP.
2011;41140788;JOSE BONIFACIO C EEF M PROFIS;Paranaguá;CONFIRMADO;INEP/MEC - Divulgação dos Resultados do Ideb e Saeb por Escola (Paraná);Código INEP localizado com sucesso na base oficial de divulgação do SAEB/IDEB do INEP.
2013;41140788;JOSE BONIFACIO C EEF M PROFIS;Paranaguá;CONFIRMADO;INEP/MEC - Divulgação dos Resultados do Ideb e Saeb por Escola (Paraná);Código INEP localizado com sucesso na base oficial de divulgação do SAEB/IDEB do INEP.
2015;41140788;JOSE BONIFACIO C EEF M PROFIS;Paranaguá;CONFIRMADO;INEP/MEC - Divulgação dos Resultados do Ideb e Saeb por Escola (Paraná);Código INEP localizado com sucesso na base oficial de divulgação do SAEB/IDEB do INEP.
2017;41140788;JOSE BONIFACIO C EEF M PROFIS;Paranaguá;CONFIRMADO;INEP/MEC - Divulgação dos Resultados do Ideb e Saeb por Escola (Paraná);Código INEP localizado com sucesso na base oficial de divulgação do SAEB/IDEB do INEP.
2019;41140788;JOSE BONIFACIO C EEF M PROFIS;Paranaguá;CONFIRMADO;INEP/MEC - Divulgação dos Resultados do Ideb e Saeb por Escola (Paraná);Código INEP localizado com sucesso na base oficial de divulgação do SAEB/IDEB do INEP.
2021;41140788;JOSE BONIFACIO C EEF M PROFIS;Paranaguá;CONFIRMADO;INEP/MEC - Divulgação dos Resultados do Ideb e Saeb por Escola (Paraná);Código INEP localizado com sucesso na base oficial de divulgação do SAEB/IDEB do INEP.
2023;41140788;JOSE BONIFACIO C EEF M PROFIS;Paranaguá;CONFIRMADO;INEP/MEC - Divulgação dos Resultados do Ideb e Saeb por Escola (Paraná);Código INEP localizado com sucesso na base oficial de divulgação do SAEB/IDEB do INEP.
2025;41140788;JOSE BONIFACIO C EEF M PROFIS;Paranaguá;CONFIRMADO;INEP/MEC - Divulgação dos Resultados do Ideb e Saeb por Escola (Paraná);Código INEP localizado com sucesso na base oficial de divulgação do SAEB/IDEB do INEP.
2005;41141121;REGINA M B DE MELLO C E PROFAEF M;Paranaguá;CONFIRMADO;INEP/MEC - Divulgação dos Resultados do Ideb e Saeb por Escola (Paraná);Código INEP localizado com sucesso na base oficial de divulgação do SAEB/IDEB do INEP.
2007;41141121;REGINA M B DE MELLO C E PROFAEF M;Paranaguá;CONFIRMADO;INEP/MEC - Divulgação dos Resultados do Ideb e Saeb por Escola (Paraná);Código INEP localizado com sucesso na base oficial de divulgação do SAEB/IDEB do INEP.
2009;41141121;REGINA M B DE MELLO C E PROFAEF M;Paranaguá;CONFIRMADO;INEP/MEC - Divulgação dos Resultados do Ideb e Saeb por Escola (Paraná);Código INEP localizado com sucesso na base oficial de divulgação do SAEB/IDEB do INEP.
2011;41141121;REGINA M B DE MELLO C E PROFAEF M;Paranaguá;CONFIRMADO;INEP/MEC - Divulgação dos Resultados do Ideb e Saeb por Escola (Paraná);Código INEP localizado com sucesso na base oficial de divulgação do SAEB/IDEB do INEP.
2013;41141121;REGINA M B DE MELLO C E PROFAEF M;Paranaguá;CONFIRMADO;INEP/MEC - Divulgação dos Resultados do Ideb e Saeb por Escola (Paraná);Código INEP localizado com sucesso na base oficial de divulgação do SAEB/IDEB do INEP.
2015;41141121;REGINA M B DE MELLO C E PROFAEF M;Paranaguá;CONFIRMADO;INEP/MEC - Divulgação dos Resultados do Ideb e Saeb por Escola (Paraná);Código INEP localizado com sucesso na base oficial de divulgação do SAEB/IDEB do INEP.
2017;41141121;REGINA M B DE MELLO C E PROFAEF M;Paranaguá;CONFIRMADO;INEP/MEC - Divulgação dos Resultados do Ideb e Saeb por Escola (Paraná);Código INEP localizado com sucesso na base oficial de divulgação do SAEB/IDEB do INEP.
2019;41141121;REGINA M B DE MELLO C E PROFAEF M;Paranaguá;CONFIRMADO;INEP/MEC - Divulgação dos Resultados do Ideb e Saeb por Escola (Paraná);Código INEP localizado com sucesso na base oficial de divulgação do SAEB/IDEB do INEP.
2021;41141121;REGINA M B DE MELLO C E PROFAEF M;Paranaguá;CONFIRMADO;INEP/MEC - Divulgação dos Resultados do Ideb e Saeb por Escola (Paraná);Código INEP localizado com sucesso na base oficial de divulgação do SAEB/IDEB do INEP.
2023;41141121;REGINA M B DE MELLO C E PROFAEF M;Paranaguá;CONFIRMADO;INEP/MEC - Divulgação dos Resultados do Ideb e Saeb por Escola (Paraná);Código INEP localizado com sucesso na base oficial de divulgação do SAEB/IDEB do INEP.
2025;41141121;REGINA M B DE MELLO C E PROFAEF M;Paranaguá;CONFIRMADO;INEP/MEC - Divulgação dos Resultados do Ideb e Saeb por Escola (Paraná);Código INEP localizado com sucesso na base oficial de divulgação do SAEB/IDEB do INEP.
2005;41141156;ROQUE VERNALHA E E DREF;Paranaguá;CONFIRMADO;INEP/MEC - Divulgação dos Resultados do Ideb e Saeb por Escola (Paraná);Código INEP localizado com sucesso na base oficial de divulgação do SAEB/IDEB do INEP.
2007;41141156;ROQUE VERNALHA E E DREF;Paranaguá;CONFIRMADO;INEP/MEC - Divulgação dos Resultados do Ideb e Saeb por Escola (Paraná);Código INEP localizado com sucesso na base oficial de divulgação do SAEB/IDEB do INEP.
2009;41141156;ROQUE VERNALHA E E DREF;Paranaguá;CONFIRMADO;INEP/MEC - Divulgação dos Resultados do Ideb e Saeb por Escola (Paraná);Código INEP localizado com sucesso na base oficial de divulgação do SAEB/IDEB do INEP.
2011;41141156;ROQUE VERNALHA E E DREF;Paranaguá;CONFIRMADO;INEP/MEC - Divulgação dos Resultados do Ideb e Saeb por Escola (Paraná);Código INEP localizado com sucesso na base oficial de divulgação do SAEB/IDEB do INEP.
2013;41141156;ROQUE VERNALHA E E DREF;Paranaguá;CONFIRMADO;INEP/MEC - Divulgação dos Resultados do Ideb e Saeb por Escola (Paraná);Código INEP localizado com sucesso na base oficial de divulgação do SAEB/IDEB do INEP.
2015;41141156;ROQUE VERNALHA E E DREF;Paranaguá;CONFIRMADO;INEP/MEC - Divulgação dos Resultados do Ideb e Saeb por Escola (Paraná);Código INEP localizado com sucesso na base oficial de divulgação do SAEB/IDEB do INEP.
2017;41141156;ROQUE VERNALHA E E DREF;Paranaguá;CONFIRMADO;INEP/MEC - Divulgação dos Resultados do Ideb e Saeb por Escola (Paraná);Código INEP localizado com sucesso na base oficial de divulgação do SAEB/IDEB do INEP.
2019;41141156;ROQUE VERNALHA E E DREF;Paranaguá;CONFIRMADO;INEP/MEC - Divulgação dos Resultados do Ideb e Saeb por Escola (Paraná);Código INEP localizado com sucesso na base oficial de divulgação do SAEB/IDEB do INEP.
2021;41141156;ROQUE VERNALHA E E DREF;Paranaguá;CONFIRMADO;INEP/MEC - Divulgação dos Resultados do Ideb e Saeb por Escola (Paraná);Código INEP localizado com sucesso na base oficial de divulgação do SAEB/IDEB do INEP.
2023;41141156;ROQUE VERNALHA E E DREF;Paranaguá;CONFIRMADO;INEP/MEC - Divulgação dos Resultados do Ideb e Saeb por Escola (Paraná);Código INEP localizado com sucesso na base oficial de divulgação do SAEB/IDEB do INEP.
2025;41141156;ROQUE VERNALHA E E DREF;Paranaguá;CONFIRMADO;INEP/MEC - Divulgação dos Resultados do Ideb e Saeb por Escola (Paraná);Código INEP localizado com sucesso na base oficial de divulgação do SAEB/IDEB do INEP.
2005;41141288;ZILAH DOS S BATISTA C E PROFAEF M P;Paranaguá;CONFIRMADO;INEP/MEC - Divulgação dos Resultados do Ideb e Saeb por Escola (Paraná);Código INEP localizado com sucesso na base oficial de divulgação do SAEB/IDEB do INEP.
2007;41141288;ZILAH DOS S BATISTA C E PROFAEF M P;Paranaguá;CONFIRMADO;INEP/MEC - Divulgação dos Resultados do Ideb e Saeb por Escola (Paraná);Código INEP localizado com sucesso na base oficial de divulgação do SAEB/IDEB do INEP.
2009;41141288;ZILAH DOS S BATISTA C E PROFAEF M P;Paranaguá;CONFIRMADO;INEP/MEC - Divulgação dos Resultados do Ideb e Saeb por Escola (Paraná);Código INEP localizado com sucesso na base oficial de divulgação do SAEB/IDEB do INEP.
2011;41141288;ZILAH DOS S BATISTA C E PROFAEF M P;Paranaguá;CONFIRMADO;INEP/MEC - Divulgação dos Resultados do Ideb e Saeb por Escola (Paraná);Código INEP localizado com sucesso na base oficial de divulgação do SAEB/IDEB do INEP.
2013;41141288;ZILAH DOS S BATISTA C E PROFAEF M P;Paranaguá;CONFIRMADO;INEP/MEC - Divulgação dos Resultados do Ideb e Saeb por Escola (Paraná);Código INEP localizado com sucesso na base oficial de divulgação do SAEB/IDEB do INEP.
2015;41141288;ZILAH DOS S BATISTA C E PROFAEF M P;Paranaguá;CONFIRMADO;INEP/MEC - Divulgação dos Resultados do Ideb e Saeb por Escola (Paraná);Código INEP localizado com sucesso na base oficial de divulgação do SAEB/IDEB do INEP.
2017;41141288;ZILAH DOS S BATISTA C E PROFAEF M P;Paranaguá;CONFIRMADO;INEP/MEC - Divulgação dos Resultados do Ideb e Saeb por Escola (Paraná);Código INEP localizado com sucesso na base oficial de divulgação do SAEB/IDEB do INEP.
2019;41141288;ZILAH DOS S BATISTA C E PROFAEF M P;Paranaguá;CONFIRMADO;INEP/MEC - Divulgação dos Resultados do Ideb e Saeb por Escola (Paraná);Código INEP localizado com sucesso na base oficial de divulgação do SAEB/IDEB do INEP.
2021;41141288;ZILAH DOS S BATISTA C E PROFAEF M P;Paranaguá;CONFIRMADO;INEP/MEC - Divulgação dos Resultados do Ideb e Saeb por Escola (Paraná);Código INEP localizado com sucesso na base oficial de divulgação do SAEB/IDEB do INEP.
2023;41141288;ZILAH DOS S BATISTA C E PROFAEF M P;Paranaguá;CONFIRMADO;INEP/MEC - Divulgação dos Resultados do Ideb e Saeb por Escola (Paraná);Código INEP localizado com sucesso na base oficial de divulgação do SAEB/IDEB do INEP.
2025;41141288;ZILAH DOS S BATISTA C E PROFAEF M P;Paranaguá;CONFIRMADO;INEP/MEC - Divulgação dos Resultados do Ideb e Saeb por Escola (Paraná);Código INEP localizado com sucesso na base oficial de divulgação do SAEB/IDEB do INEP.
2005;41144201;MARIA DE J P GUIMARAES C E C PROFAEF M;Guarapuava;CONFIRMADO;INEP/MEC - Divulgação dos Resultados do Ideb e Saeb por Escola (Paraná);Código INEP localizado com sucesso na base oficial de divulgação do SAEB/IDEB do INEP.
2007;41144201;MARIA DE J P GUIMARAES C E C PROFAEF M;Guarapuava;CONFIRMADO;INEP/MEC - Divulgação dos Resultados do Ideb e Saeb por Escola (Paraná);Código INEP localizado com sucesso na base oficial de divulgação do SAEB/IDEB do INEP.
2009;41144201;MARIA DE J P GUIMARAES C E C PROFAEF M;Guarapuava;CONFIRMADO;INEP/MEC - Divulgação dos Resultados do Ideb e Saeb por Escola (Paraná);Código INEP localizado com sucesso na base oficial de divulgação do SAEB/IDEB do INEP.
2011;41144201;MARIA DE J P GUIMARAES C E C PROFAEF M;Guarapuava;CONFIRMADO;INEP/MEC - Divulgação dos Resultados do Ideb e Saeb por Escola (Paraná);Código INEP localizado com sucesso na base oficial de divulgação do SAEB/IDEB do INEP.
2013;41144201;MARIA DE J P GUIMARAES C E C PROFAEF M;Guarapuava;CONFIRMADO;INEP/MEC - Divulgação dos Resultados do Ideb e Saeb por Escola (Paraná);Código INEP localizado com sucesso na base oficial de divulgação do SAEB/IDEB do INEP.
2015;41144201;MARIA DE J P GUIMARAES C E C PROFAEF M;Guarapuava;CONFIRMADO;INEP/MEC - Divulgação dos Resultados do Ideb e Saeb por Escola (Paraná);Código INEP localizado com sucesso na base oficial de divulgação do SAEB/IDEB do INEP.
2017;41144201;MARIA DE J P GUIMARAES C E C PROFAEF M;Guarapuava;CONFIRMADO;INEP/MEC - Divulgação dos Resultados do Ideb e Saeb por Escola (Paraná);Código INEP localizado com sucesso na base oficial de divulgação do SAEB/IDEB do INEP.
2019;41144201;MARIA DE J P GUIMARAES C E C PROFAEF M;Guarapuava;CONFIRMADO;INEP/MEC - Divulgação dos Resultados do Ideb e Saeb por Escola (Paraná);Código INEP localizado com sucesso na base oficial de divulgação do SAEB/IDEB do INEP.
2021;41144201;MARIA DE J P GUIMARAES C E C PROFAEF M;Guarapuava;CONFIRMADO;INEP/MEC - Divulgação dos Resultados do Ideb e Saeb por Escola (Paraná);Código INEP localizado com sucesso na base oficial de divulgação do SAEB/IDEB do INEP.
2023;41144201;MARIA DE J P GUIMARAES C E C PROFAEF M;Guarapuava;CONFIRMADO;INEP/MEC - Divulgação dos Resultados do Ideb e Saeb por Escola (Paraná);Código INEP localizado com sucesso na base oficial de divulgação do SAEB/IDEB do INEP.
2025;41144201;MARIA DE J P GUIMARAES C E C PROFAEF M;Guarapuava;CONFIRMADO;INEP/MEC - Divulgação dos Resultados do Ideb e Saeb por Escola (Paraná);Código INEP localizado com sucesso na base oficial de divulgação do SAEB/IDEB do INEP.
2005;41144929;JOSE MARCONDES SOBRINHO C EEF M;Laranjeiras do Sul;CONFIRMADO;INEP/MEC - Divulgação dos Resultados do Ideb e Saeb por Escola (Paraná);Código INEP localizado com sucesso na base oficial de divulgação do SAEB/IDEB do INEP.
2007;41144929;JOSE MARCONDES SOBRINHO C EEF M;Laranjeiras do Sul;CONFIRMADO;INEP/MEC - Divulgação dos Resultados do Ideb e Saeb por Escola (Paraná);Código INEP localizado com sucesso na base oficial de divulgação do SAEB/IDEB do INEP.
2009;41144929;JOSE MARCONDES SOBRINHO C EEF M;Laranjeiras do Sul;CONFIRMADO;INEP/MEC - Divulgação dos Resultados do Ideb e Saeb por Escola (Paraná);Código INEP localizado com sucesso na base oficial de divulgação do SAEB/IDEB do INEP.
2011;41144929;JOSE MARCONDES SOBRINHO C EEF M;Laranjeiras do Sul;CONFIRMADO;INEP/MEC - Divulgação dos Resultados do Ideb e Saeb por Escola (Paraná);Código INEP localizado com sucesso na base oficial de divulgação do SAEB/IDEB do INEP.
2013;41144929;JOSE MARCONDES SOBRINHO C EEF M;Laranjeiras do Sul;CONFIRMADO;INEP/MEC - Divulgação dos Resultados do Ideb e Saeb por Escola (Paraná);Código INEP localizado com sucesso na base oficial de divulgação do SAEB/IDEB do INEP.
2015;41144929;JOSE MARCONDES SOBRINHO C EEF M;Laranjeiras do Sul;CONFIRMADO;INEP/MEC - Divulgação dos Resultados do Ideb e Saeb por Escola (Paraná);Código INEP localizado com sucesso na base oficial de divulgação do SAEB/IDEB do INEP.
2017;41144929;JOSE MARCONDES SOBRINHO C EEF M;Laranjeiras do Sul;CONFIRMADO;INEP/MEC - Divulgação dos Resultados do Ideb e Saeb por Escola (Paraná);Código INEP localizado com sucesso na base oficial de divulgação do SAEB/IDEB do INEP.
2019;41144929;JOSE MARCONDES SOBRINHO C EEF M;Laranjeiras do Sul;CONFIRMADO;INEP/MEC - Divulgação dos Resultados do Ideb e Saeb por Escola (Paraná);Código INEP localizado com sucesso na base oficial de divulgação do SAEB/IDEB do INEP.
2021;41144929;JOSE MARCONDES SOBRINHO C EEF M;Laranjeiras do Sul;CONFIRMADO;INEP/MEC - Divulgação dos Resultados do Ideb e Saeb por Escola (Paraná);Código INEP localizado com sucesso na base oficial de divulgação do SAEB/IDEB do INEP.
2023;41144929;JOSE MARCONDES SOBRINHO C EEF M;Laranjeiras do Sul;CONFIRMADO;INEP/MEC - Divulgação dos Resultados do Ideb e Saeb por Escola (Paraná);Código INEP localizado com sucesso na base oficial de divulgação do SAEB/IDEB do INEP.
2025;41144929;JOSE MARCONDES SOBRINHO C EEF M;Laranjeiras do Sul;CONFIRMADO;INEP/MEC - Divulgação dos Resultados do Ideb e Saeb por Escola (Paraná);Código INEP localizado com sucesso na base oficial de divulgação do SAEB/IDEB do INEP.
2005;41146093;ANTONIO VIEIRA C E CM PEEF M;São José dos Pinhais;AMBIGUO;INEP/MEC - Divulgação dos Resultados do Ideb e Saeb por Escola (Paraná);"Erro material do Edital 125/2025 isolado; no SAEB corresponde à escola homônima de São José dos Pinhais."
2007;41146093;ANTONIO VIEIRA C E CM PEEF M;São José dos Pinhais;AMBIGUO;INEP/MEC - Divulgação dos Resultados do Ideb e Saeb por Escola (Paraná);"Erro material do Edital 125/2025 isolado; no SAEB corresponde à escola homônima de São José dos Pinhais."
2009;41146093;ANTONIO VIEIRA C E CM PEEF M;São José dos Pinhais;AMBIGUO;INEP/MEC - Divulgação dos Resultados do Ideb e Saeb por Escola (Paraná);"Erro material do Edital 125/2025 isolado; no SAEB corresponde à escola homônima de São José dos Pinhais."
2011;41146093;ANTONIO VIEIRA C E CM PEEF M;São José dos Pinhais;AMBIGUO;INEP/MEC - Divulgação dos Resultados do Ideb e Saeb por Escola (Paraná);"Erro material do Edital 125/2025 isolado; no SAEB corresponde à escola homônima de São José dos Pinhais."
2013;41146093;ANTONIO VIEIRA C E CM PEEF M;São José dos Pinhais;AMBIGUO;INEP/MEC - Divulgação dos Resultados do Ideb e Saeb por Escola (Paraná);"Erro material do Edital 125/2025 isolado; no SAEB corresponde à escola homônima de São José dos Pinhais."
2015;41146093;ANTONIO VIEIRA C E CM PEEF M;São José dos Pinhais;AMBIGUO;INEP/MEC - Divulgação dos Resultados do Ideb e Saeb por Escola (Paraná);"Erro material do Edital 125/2025 isolado; no SAEB corresponde à escola homônima de São José dos Pinhais."
2017;41146093;ANTONIO VIEIRA C E CM PEEF M;São José dos Pinhais;AMBIGUO;INEP/MEC - Divulgação dos Resultados do Ideb e Saeb por Escola (Paraná);"Erro material do Edital 125/2025 isolado; no SAEB corresponde à escola homônima de São José dos Pinhais."
2019;41146093;ANTONIO VIEIRA C E CM PEEF M;São José dos Pinhais;AMBIGUO;INEP/MEC - Divulgação dos Resultados do Ideb e Saeb por Escola (Paraná);"Erro material do Edital 125/2025 isolado; no SAEB corresponde à escola homônima de São José dos Pinhais."
2021;41146093;ANTONIO VIEIRA C E CM PEEF M;São José dos Pinhais;AMBIGUO;INEP/MEC - Divulgação dos Resultados do Ideb e Saeb por Escola (Paraná);"Erro material do Edital 125/2025 isolado; no SAEB corresponde à escola homônima de São José dos Pinhais."
2023;41146093;ANTONIO VIEIRA C E CM PEEF M;São José dos Pinhais;AMBIGUO;INEP/MEC - Divulgação dos Resultados do Ideb e Saeb por Escola (Paraná);"Erro material do Edital 125/2025 isolado; no SAEB corresponde à escola homônima de São José dos Pinhais."
2025;41146093;ANTONIO VIEIRA C E CM PEEF M;São José dos Pinhais;AMBIGUO;INEP/MEC - Divulgação dos Resultados do Ideb e Saeb por Escola (Paraná);"Erro material do Edital 125/2025 isolado; no SAEB corresponde à escola homônima de São José dos Pinhais."
2005;41148550;SANTA RITA E E CMEF;Foz do Iguaçu;CONFIRMADO;INEP/MEC - Divulgação dos Resultados do Ideb e Saeb por Escola (Paraná);Código INEP localizado com sucesso na base oficial de divulgação do SAEB/IDEB do INEP.
2007;41148550;SANTA RITA E E CMEF;Foz do Iguaçu;CONFIRMADO;INEP/MEC - Divulgação dos Resultados do Ideb e Saeb por Escola (Paraná);Código INEP localizado com sucesso na base oficial de divulgação do SAEB/IDEB do INEP.
2009;41148550;SANTA RITA E E CMEF;Foz do Iguaçu;CONFIRMADO;INEP/MEC - Divulgação dos Resultados do Ideb e Saeb por Escola (Paraná);Código INEP localizado com sucesso na base oficial de divulgação do SAEB/IDEB do INEP.
2011;41148550;SANTA RITA E E CMEF;Foz do Iguaçu;CONFIRMADO;INEP/MEC - Divulgação dos Resultados do Ideb e Saeb por Escola (Paraná);Código INEP localizado com sucesso na base oficial de divulgação do SAEB/IDEB do INEP.
2013;41148550;SANTA RITA E E CMEF;Foz do Iguaçu;CONFIRMADO;INEP/MEC - Divulgação dos Resultados do Ideb e Saeb por Escola (Paraná);Código INEP localizado com sucesso na base oficial de divulgação do SAEB/IDEB do INEP.
2015;41148550;SANTA RITA E E CMEF;Foz do Iguaçu;CONFIRMADO;INEP/MEC - Divulgação dos Resultados do Ideb e Saeb por Escola (Paraná);Código INEP localizado com sucesso na base oficial de divulgação do SAEB/IDEB do INEP.
2017;41148550;SANTA RITA E E CMEF;Foz do Iguaçu;CONFIRMADO;INEP/MEC - Divulgação dos Resultados do Ideb e Saeb por Escola (Paraná);Código INEP localizado com sucesso na base oficial de divulgação do SAEB/IDEB do INEP.
2019;41148550;SANTA RITA E E CMEF;Foz do Iguaçu;CONFIRMADO;INEP/MEC - Divulgação dos Resultados do Ideb e Saeb por Escola (Paraná);Código INEP localizado com sucesso na base oficial de divulgação do SAEB/IDEB do INEP.
2021;41148550;SANTA RITA E E CMEF;Foz do Iguaçu;CONFIRMADO;INEP/MEC - Divulgação dos Resultados do Ideb e Saeb por Escola (Paraná);Código INEP localizado com sucesso na base oficial de divulgação do SAEB/IDEB do INEP.
2023;41148550;SANTA RITA E E CMEF;Foz do Iguaçu;CONFIRMADO;INEP/MEC - Divulgação dos Resultados do Ideb e Saeb por Escola (Paraná);Código INEP localizado com sucesso na base oficial de divulgação do SAEB/IDEB do INEP.
2025;41148550;SANTA RITA E E CMEF;Foz do Iguaçu;CONFIRMADO;INEP/MEC - Divulgação dos Resultados do Ideb e Saeb por Escola (Paraná);Código INEP localizado com sucesso na base oficial de divulgação do SAEB/IDEB do INEP.
2005;41150902;PLANTA DEODORO C E CM EF M;Piraquara;CONFIRMADO;INEP/MEC - Divulgação dos Resultados do Ideb e Saeb por Escola (Paraná);Código INEP localizado com sucesso na base oficial de divulgação do SAEB/IDEB do INEP.
2007;41150902;PLANTA DEODORO C E CM EF M;Piraquara;CONFIRMADO;INEP/MEC - Divulgação dos Resultados do Ideb e Saeb por Escola (Paraná);Código INEP localizado com sucesso na base oficial de divulgação do SAEB/IDEB do INEP.
2009;41150902;PLANTA DEODORO C E CM EF M;Piraquara;CONFIRMADO;INEP/MEC - Divulgação dos Resultados do Ideb e Saeb por Escola (Paraná);Código INEP localizado com sucesso na base oficial de divulgação do SAEB/IDEB do INEP.
2011;41150902;PLANTA DEODORO C E CM EF M;Piraquara;CONFIRMADO;INEP/MEC - Divulgação dos Resultados do Ideb e Saeb por Escola (Paraná);Código INEP localizado com sucesso na base oficial de divulgação do SAEB/IDEB do INEP.
2013;41150902;PLANTA DEODORO C E CM EF M;Piraquara;CONFIRMADO;INEP/MEC - Divulgação dos Resultados do Ideb e Saeb por Escola (Paraná);Código INEP localizado com sucesso na base oficial de divulgação do SAEB/IDEB do INEP.
2015;41150902;PLANTA DEODORO C E CM EF M;Piraquara;CONFIRMADO;INEP/MEC - Divulgação dos Resultados do Ideb e Saeb por Escola (Paraná);Código INEP localizado com sucesso na base oficial de divulgação do SAEB/IDEB do INEP.
2017;41150902;PLANTA DEODORO C E CM EF M;Piraquara;CONFIRMADO;INEP/MEC - Divulgação dos Resultados do Ideb e Saeb por Escola (Paraná);Código INEP localizado com sucesso na base oficial de divulgação do SAEB/IDEB do INEP.
2019;41150902;PLANTA DEODORO C E CM EF M;Piraquara;CONFIRMADO;INEP/MEC - Divulgação dos Resultados do Ideb e Saeb por Escola (Paraná);Código INEP localizado com sucesso na base oficial de divulgação do SAEB/IDEB do INEP.
2021;41150902;PLANTA DEODORO C E CM EF M;Piraquara;CONFIRMADO;INEP/MEC - Divulgação dos Resultados do Ideb e Saeb por Escola (Paraná);Código INEP localizado com sucesso na base oficial de divulgação do SAEB/IDEB do INEP.
2023;41150902;PLANTA DEODORO C E CM EF M;Piraquara;CONFIRMADO;INEP/MEC - Divulgação dos Resultados do Ideb e Saeb por Escola (Paraná);Código INEP localizado com sucesso na base oficial de divulgação do SAEB/IDEB do INEP.
2025;41150902;PLANTA DEODORO C E CM EF M;Piraquara;CONFIRMADO;INEP/MEC - Divulgação dos Resultados do Ideb e Saeb por Escola (Paraná);Código INEP localizado com sucesso na base oficial de divulgação do SAEB/IDEB do INEP.
2005;41158806;ROCHA POMBO C E CMEF M;Araucária;CONFIRMADO;INEP/MEC - Divulgação dos Resultados do Ideb e Saeb por Escola (Paraná);Código INEP localizado com sucesso na base oficial de divulgação do SAEB/IDEB do INEP.
2007;41158806;ROCHA POMBO C E CMEF M;Araucária;CONFIRMADO;INEP/MEC - Divulgação dos Resultados do Ideb e Saeb por Escola (Paraná);Código INEP localizado com sucesso na base oficial de divulgação do SAEB/IDEB do INEP.
2009;41158806;ROCHA POMBO C E CMEF M;Araucária;CONFIRMADO;INEP/MEC - Divulgação dos Resultados do Ideb e Saeb por Escola (Paraná);Código INEP localizado com sucesso na base oficial de divulgação do SAEB/IDEB do INEP.
2011;41158806;ROCHA POMBO C E CMEF M;Araucária;CONFIRMADO;INEP/MEC - Divulgação dos Resultados do Ideb e Saeb por Escola (Paraná);Código INEP localizado com sucesso na base oficial de divulgação do SAEB/IDEB do INEP.
2013;41158806;ROCHA POMBO C E CMEF M;Araucária;CONFIRMADO;INEP/MEC - Divulgação dos Resultados do Ideb e Saeb por Escola (Paraná);Código INEP localizado com sucesso na base oficial de divulgação do SAEB/IDEB do INEP.
2015;41158806;ROCHA POMBO C E CMEF M;Araucária;CONFIRMADO;INEP/MEC - Divulgação dos Resultados do Ideb e Saeb por Escola (Paraná);Código INEP localizado com sucesso na base oficial de divulgação do SAEB/IDEB do INEP.
2017;41158806;ROCHA POMBO C E CMEF M;Araucária;CONFIRMADO;INEP/MEC - Divulgação dos Resultados do Ideb e Saeb por Escola (Paraná);Código INEP localizado com sucesso na base oficial de divulgação do SAEB/IDEB do INEP.
2019;41158806;ROCHA POMBO C E CMEF M;Araucária;CONFIRMADO;INEP/MEC - Divulgação dos Resultados do Ideb e Saeb por Escola (Paraná);Código INEP localizado com sucesso na base oficial de divulgação do SAEB/IDEB do INEP.
2021;41158806;ROCHA POMBO C E CMEF M;Araucária;CONFIRMADO;INEP/MEC - Divulgação dos Resultados do Ideb e Saeb por Escola (Paraná);Código INEP localizado com sucesso na base oficial de divulgação do SAEB/IDEB do INEP.
2023;41158806;ROCHA POMBO C E CMEF M;Araucária;CONFIRMADO;INEP/MEC - Divulgação dos Resultados do Ideb e Saeb por Escola (Paraná);Código INEP localizado com sucesso na base oficial de divulgação do SAEB/IDEB do INEP.
2025;41158806;ROCHA POMBO C E CMEF M;Araucária;CONFIRMADO;INEP/MEC - Divulgação dos Resultados do Ideb e Saeb por Escola (Paraná);Código INEP localizado com sucesso na base oficial de divulgação do SAEB/IDEB do INEP.
2005;41164920;IRONDI MANTOVANI PUGLIESI C E CMEF M;Arapongas;CONFIRMADO;INEP/MEC - Divulgação dos Resultados do Ideb e Saeb por Escola (Paraná);Código INEP localizado com sucesso na base oficial de divulgação do SAEB/IDEB do INEP.
2007;41164920;IRONDI MANTOVANI PUGLIESI C E CMEF M;Arapongas;CONFIRMADO;INEP/MEC - Divulgação dos Resultados do Ideb e Saeb por Escola (Paraná);Código INEP localizado com sucesso na base oficial de divulgação do SAEB/IDEB do INEP.
2009;41164920;IRONDI MANTOVANI PUGLIESI C E CMEF M;Arapongas;CONFIRMADO;INEP/MEC - Divulgação dos Resultados do Ideb e Saeb por Escola (Paraná);Código INEP localizado com sucesso na base oficial de divulgação do SAEB/IDEB do INEP.
2011;41164920;IRONDI MANTOVANI PUGLIESI C E CMEF M;Arapongas;CONFIRMADO;INEP/MEC - Divulgação dos Resultados do Ideb e Saeb por Escola (Paraná);Código INEP localizado com sucesso na base oficial de divulgação do SAEB/IDEB do INEP.
2013;41164920;IRONDI MANTOVANI PUGLIESI C E CMEF M;Arapongas;CONFIRMADO;INEP/MEC - Divulgação dos Resultados do Ideb e Saeb por Escola (Paraná);Código INEP localizado com sucesso na base oficial de divulgação do SAEB/IDEB do INEP.
2015;41164920;IRONDI MANTOVANI PUGLIESI C E CMEF M;Arapongas;CONFIRMADO;INEP/MEC - Divulgação dos Resultados do Ideb e Saeb por Escola (Paraná);Código INEP localizado com sucesso na base oficial de divulgação do SAEB/IDEB do INEP.
2017;41164920;IRONDI MANTOVANI PUGLIESI C E CMEF M;Arapongas;CONFIRMADO;INEP/MEC - Divulgação dos Resultados do Ideb e Saeb por Escola (Paraná);Código INEP localizado com sucesso na base oficial de divulgação do SAEB/IDEB do INEP.
2019;41164920;IRONDI MANTOVANI PUGLIESI C E CMEF M;Arapongas;CONFIRMADO;INEP/MEC - Divulgação dos Resultados do Ideb e Saeb por Escola (Paraná);Código INEP localizado com sucesso na base oficial de divulgação do SAEB/IDEB do INEP.
2021;41164920;IRONDI MANTOVANI PUGLIESI C E CMEF M;Arapongas;CONFIRMADO;INEP/MEC - Divulgação dos Resultados do Ideb e Saeb por Escola (Paraná);Código INEP localizado com sucesso na base oficial de divulgação do SAEB/IDEB do INEP.
2023;41164920;IRONDI MANTOVANI PUGLIESI C E CMEF M;Arapongas;CONFIRMADO;INEP/MEC - Divulgação dos Resultados do Ideb e Saeb por Escola (Paraná);Código INEP localizado com sucesso na base oficial de divulgação do SAEB/IDEB do INEP.
2025;41164920;IRONDI MANTOVANI PUGLIESI C E CMEF M;Arapongas;CONFIRMADO;INEP/MEC - Divulgação dos Resultados do Ideb e Saeb por Escola (Paraná);Código INEP localizado com sucesso na base oficial de divulgação do SAEB/IDEB do INEP.
2005;41167090;ANDREIA NERES DOS SANTOS C E PROFAEFM;Cascavel;CONFIRMADO;INEP/MEC - Divulgação dos Resultados do Ideb e Saeb por Escola (Paraná);Código INEP localizado com sucesso na base oficial de divulgação do SAEB/IDEB do INEP.
2007;41167090;ANDREIA NERES DOS SANTOS C E PROFAEFM;Cascavel;CONFIRMADO;INEP/MEC - Divulgação dos Resultados do Ideb e Saeb por Escola (Paraná);Código INEP localizado com sucesso na base oficial de divulgação do SAEB/IDEB do INEP.
2009;41167090;ANDREIA NERES DOS SANTOS C E PROFAEFM;Cascavel;CONFIRMADO;INEP/MEC - Divulgação dos Resultados do Ideb e Saeb por Escola (Paraná);Código INEP localizado com sucesso na base oficial de divulgação do SAEB/IDEB do INEP.
2011;41167090;ANDREIA NERES DOS SANTOS C E PROFAEFM;Cascavel;CONFIRMADO;INEP/MEC - Divulgação dos Resultados do Ideb e Saeb por Escola (Paraná);Código INEP localizado com sucesso na base oficial de divulgação do SAEB/IDEB do INEP.
2013;41167090;ANDREIA NERES DOS SANTOS C E PROFAEFM;Cascavel;CONFIRMADO;INEP/MEC - Divulgação dos Resultados do Ideb e Saeb por Escola (Paraná);Código INEP localizado com sucesso na base oficial de divulgação do SAEB/IDEB do INEP.
2015;41167090;ANDREIA NERES DOS SANTOS C E PROFAEFM;Cascavel;CONFIRMADO;INEP/MEC - Divulgação dos Resultados do Ideb e Saeb por Escola (Paraná);Código INEP localizado com sucesso na base oficial de divulgação do SAEB/IDEB do INEP.
2017;41167090;ANDREIA NERES DOS SANTOS C E PROFAEFM;Cascavel;CONFIRMADO;INEP/MEC - Divulgação dos Resultados do Ideb e Saeb por Escola (Paraná);Código INEP localizado com sucesso na base oficial de divulgação do SAEB/IDEB do INEP.
2019;41167090;ANDREIA NERES DOS SANTOS C E PROFAEFM;Cascavel;CONFIRMADO;INEP/MEC - Divulgação dos Resultados do Ideb e Saeb por Escola (Paraná);Código INEP localizado com sucesso na base oficial de divulgação do SAEB/IDEB do INEP.
2021;41167090;ANDREIA NERES DOS SANTOS C E PROFAEFM;Cascavel;CONFIRMADO;INEP/MEC - Divulgação dos Resultados do Ideb e Saeb por Escola (Paraná);Código INEP localizado com sucesso na base oficial de divulgação do SAEB/IDEB do INEP.
2023;41167090;ANDREIA NERES DOS SANTOS C E PROFAEFM;Cascavel;CONFIRMADO;INEP/MEC - Divulgação dos Resultados do Ideb e Saeb por Escola (Paraná);Código INEP localizado com sucesso na base oficial de divulgação do SAEB/IDEB do INEP.
2025;41167090;ANDREIA NERES DOS SANTOS C E PROFAEFM;Cascavel;CONFIRMADO;INEP/MEC - Divulgação dos Resultados do Ideb e Saeb por Escola (Paraná);Código INEP localizado com sucesso na base oficial de divulgação do SAEB/IDEB do INEP.
2005;41354273;EDISON PIETROBELLI E E CM PROFEF;Ponta Grossa;CONFIRMADO;INEP/MEC - Divulgação dos Resultados do Ideb e Saeb por Escola (Paraná);Código INEP localizado com sucesso na base oficial de divulgação do SAEB/IDEB do INEP.
2007;41354273;EDISON PIETROBELLI E E CM PROFEF;Ponta Grossa;CONFIRMADO;INEP/MEC - Divulgação dos Resultados do Ideb e Saeb por Escola (Paraná);Código INEP localizado com sucesso na base oficial de divulgação do SAEB/IDEB do INEP.
2009;41354273;EDISON PIETROBELLI E E CM PROFEF;Ponta Grossa;CONFIRMADO;INEP/MEC - Divulgação dos Resultados do Ideb e Saeb por Escola (Paraná);Código INEP localizado com sucesso na base oficial de divulgação do SAEB/IDEB do INEP.
2011;41354273;EDISON PIETROBELLI E E CM PROFEF;Ponta Grossa;CONFIRMADO;INEP/MEC - Divulgação dos Resultados do Ideb e Saeb por Escola (Paraná);Código INEP localizado com sucesso na base oficial de divulgação do SAEB/IDEB do INEP.
2013;41354273;EDISON PIETROBELLI E E CM PROFEF;Ponta Grossa;CONFIRMADO;INEP/MEC - Divulgação dos Resultados do Ideb e Saeb por Escola (Paraná);Código INEP localizado com sucesso na base oficial de divulgação do SAEB/IDEB do INEP.
2015;41354273;EDISON PIETROBELLI E E CM PROFEF;Ponta Grossa;CONFIRMADO;INEP/MEC - Divulgação dos Resultados do Ideb e Saeb por Escola (Paraná);Código INEP localizado com sucesso na base oficial de divulgação do SAEB/IDEB do INEP.
2017;41354273;EDISON PIETROBELLI E E CM PROFEF;Ponta Grossa;CONFIRMADO;INEP/MEC - Divulgação dos Resultados do Ideb e Saeb por Escola (Paraná);Código INEP localizado com sucesso na base oficial de divulgação do SAEB/IDEB do INEP.
2019;41354273;EDISON PIETROBELLI E E CM PROFEF;Ponta Grossa;CONFIRMADO;INEP/MEC - Divulgação dos Resultados do Ideb e Saeb por Escola (Paraná);Código INEP localizado com sucesso na base oficial de divulgação do SAEB/IDEB do INEP.
2021;41354273;EDISON PIETROBELLI E E CM PROFEF;Ponta Grossa;CONFIRMADO;INEP/MEC - Divulgação dos Resultados do Ideb e Saeb por Escola (Paraná);Código INEP localizado com sucesso na base oficial de divulgação do SAEB/IDEB do INEP.
2023;41354273;EDISON PIETROBELLI E E CM PROFEF;Ponta Grossa;CONFIRMADO;INEP/MEC - Divulgação dos Resultados do Ideb e Saeb por Escola (Paraná);Código INEP localizado com sucesso na base oficial de divulgação do SAEB/IDEB do INEP.
2025;41354273;EDISON PIETROBELLI E E CM PROFEF;Ponta Grossa;CONFIRMADO;INEP/MEC - Divulgação dos Resultados do Ideb e Saeb por Escola (Paraná);Código INEP localizado com sucesso na base oficial de divulgação do SAEB/IDEB do INEP.
2005;41355156;THIAGO TERRA C E CMEF M PROF;Londrina;CONFIRMADO;INEP/MEC - Divulgação dos Resultados do Ideb e Saeb por Escola (Paraná);Código INEP localizado com sucesso na base oficial de divulgação do SAEB/IDEB do INEP.
2007;41355156;THIAGO TERRA C E CMEF M PROF;Londrina;CONFIRMADO;INEP/MEC - Divulgação dos Resultados do Ideb e Saeb por Escola (Paraná);Código INEP localizado com sucesso na base oficial de divulgação do SAEB/IDEB do INEP.
2009;41355156;THIAGO TERRA C E CMEF M PROF;Londrina;CONFIRMADO;INEP/MEC - Divulgação dos Resultados do Ideb e Saeb por Escola (Paraná);Código INEP localizado com sucesso na base oficial de divulgação do SAEB/IDEB do INEP.
2011;41355156;THIAGO TERRA C E CMEF M PROF;Londrina;CONFIRMADO;INEP/MEC - Divulgação dos Resultados do Ideb e Saeb por Escola (Paraná);Código INEP localizado com sucesso na base oficial de divulgação do SAEB/IDEB do INEP.
2013;41355156;THIAGO TERRA C E CMEF M PROF;Londrina;CONFIRMADO;INEP/MEC - Divulgação dos Resultados do Ideb e Saeb por Escola (Paraná);Código INEP localizado com sucesso na base oficial de divulgação do SAEB/IDEB do INEP.
2015;41355156;THIAGO TERRA C E CMEF M PROF;Londrina;CONFIRMADO;INEP/MEC - Divulgação dos Resultados do Ideb e Saeb por Escola (Paraná);Código INEP localizado com sucesso na base oficial de divulgação do SAEB/IDEB do INEP.
2017;41355156;THIAGO TERRA C E CMEF M PROF;Londrina;CONFIRMADO;INEP/MEC - Divulgação dos Resultados do Ideb e Saeb por Escola (Paraná);Código INEP localizado com sucesso na base oficial de divulgação do SAEB/IDEB do INEP.
2019;41355156;THIAGO TERRA C E CMEF M PROF;Londrina;CONFIRMADO;INEP/MEC - Divulgação dos Resultados do Ideb e Saeb por Escola (Paraná);Código INEP localizado com sucesso na base oficial de divulgação do SAEB/IDEB do INEP.
2021;41355156;THIAGO TERRA C E CMEF M PROF;Londrina;CONFIRMADO;INEP/MEC - Divulgação dos Resultados do Ideb e Saeb por Escola (Paraná);Código INEP localizado com sucesso na base oficial de divulgação do SAEB/IDEB do INEP.
2023;41355156;THIAGO TERRA C E CMEF M PROF;Londrina;CONFIRMADO;INEP/MEC - Divulgação dos Resultados do Ideb e Saeb por Escola (Paraná);Código INEP localizado com sucesso na base oficial de divulgação do SAEB/IDEB do INEP.
2025;41355156;THIAGO TERRA C E CMEF M PROF;Londrina;CONFIRMADO;INEP/MEC - Divulgação dos Resultados do Ideb e Saeb por Escola (Paraná);Código INEP localizado com sucesso na base oficial de divulgação do SAEB/IDEB do INEP.
2005;41356136;RINA M DE J FRANCOVIG C E PROFAEF M;Londrina;CONFIRMADO;INEP/MEC - Divulgação dos Resultados do Ideb e Saeb por Escola (Paraná);Código INEP localizado com sucesso na base oficial de divulgação do SAEB/IDEB do INEP.
2007;41356136;RINA M DE J FRANCOVIG C E PROFAEF M;Londrina;CONFIRMADO;INEP/MEC - Divulgação dos Resultados do Ideb e Saeb por Escola (Paraná);Código INEP localizado com sucesso na base oficial de divulgação do SAEB/IDEB do INEP.
2009;41356136;RINA M DE J FRANCOVIG C E PROFAEF M;Londrina;CONFIRMADO;INEP/MEC - Divulgação dos Resultados do Ideb e Saeb por Escola (Paraná);Código INEP localizado com sucesso na base oficial de divulgação do SAEB/IDEB do INEP.
2011;41356136;RINA M DE J FRANCOVIG C E PROFAEF M;Londrina;CONFIRMADO;INEP/MEC - Divulgação dos Resultados do Ideb e Saeb por Escola (Paraná);Código INEP localizado com sucesso na base oficial de divulgação do SAEB/IDEB do INEP.
2013;41356136;RINA M DE J FRANCOVIG C E PROFAEF M;Londrina;CONFIRMADO;INEP/MEC - Divulgação dos Resultados do Ideb e Saeb por Escola (Paraná);Código INEP localizado com sucesso na base oficial de divulgação do SAEB/IDEB do INEP.
2015;41356136;RINA M DE J FRANCOVIG C E PROFAEF M;Londrina;CONFIRMADO;INEP/MEC - Divulgação dos Resultados do Ideb e Saeb por Escola (Paraná);Código INEP localizado com sucesso na base oficial de divulgação do SAEB/IDEB do INEP.
2017;41356136;RINA M DE J FRANCOVIG C E PROFAEF M;Londrina;CONFIRMADO;INEP/MEC - Divulgação dos Resultados do Ideb e Saeb por Escola (Paraná);Código INEP localizado com sucesso na base oficial de divulgação do SAEB/IDEB do INEP.
2019;41356136;RINA M DE J FRANCOVIG C E PROFAEF M;Londrina;CONFIRMADO;INEP/MEC - Divulgação dos Resultados do Ideb e Saeb por Escola (Paraná);Código INEP localizado com sucesso na base oficial de divulgação do SAEB/IDEB do INEP.
2021;41356136;RINA M DE J FRANCOVIG C E PROFAEF M;Londrina;CONFIRMADO;INEP/MEC - Divulgação dos Resultados do Ideb e Saeb por Escola (Paraná);Código INEP localizado com sucesso na base oficial de divulgação do SAEB/IDEB do INEP.
2023;41356136;RINA M DE J FRANCOVIG C E PROFAEF M;Londrina;CONFIRMADO;INEP/MEC - Divulgação dos Resultados do Ideb e Saeb por Escola (Paraná);Código INEP localizado com sucesso na base oficial de divulgação do SAEB/IDEB do INEP.
2025;41356136;RINA M DE J FRANCOVIG C E PROFAEF M;Londrina;CONFIRMADO;INEP/MEC - Divulgação dos Resultados do Ideb e Saeb por Escola (Paraná);Código INEP localizado com sucesso na base oficial de divulgação do SAEB/IDEB do INEP.
2005;41357027;TEOBALDO L KLETEMBERG C E PREF M P;Curitiba;CONFIRMADO;INEP/MEC - Divulgação dos Resultados do Ideb e Saeb por Escola (Paraná);Código INEP localizado com sucesso na base oficial de divulgação do SAEB/IDEB do INEP.
2007;41357027;TEOBALDO L KLETEMBERG C E PREF M P;Curitiba;CONFIRMADO;INEP/MEC - Divulgação dos Resultados do Ideb e Saeb por Escola (Paraná);Código INEP localizado com sucesso na base oficial de divulgação do SAEB/IDEB do INEP.
2009;41357027;TEOBALDO L KLETEMBERG C E PREF M P;Curitiba;CONFIRMADO;INEP/MEC - Divulgação dos Resultados do Ideb e Saeb por Escola (Paraná);Código INEP localizado com sucesso na base oficial de divulgação do SAEB/IDEB do INEP.
2011;41357027;TEOBALDO L KLETEMBERG C E PREF M P;Curitiba;CONFIRMADO;INEP/MEC - Divulgação dos Resultados do Ideb e Saeb por Escola (Paraná);Código INEP localizado com sucesso na base oficial de divulgação do SAEB/IDEB do INEP.
2013;41357027;TEOBALDO L KLETEMBERG C E PREF M P;Curitiba;CONFIRMADO;INEP/MEC - Divulgação dos Resultados do Ideb e Saeb por Escola (Paraná);Código INEP localizado com sucesso na base oficial de divulgação do SAEB/IDEB do INEP.
2015;41357027;TEOBALDO L KLETEMBERG C E PREF M P;Curitiba;CONFIRMADO;INEP/MEC - Divulgação dos Resultados do Ideb e Saeb por Escola (Paraná);Código INEP localizado com sucesso na base oficial de divulgação do SAEB/IDEB do INEP.
2017;41357027;TEOBALDO L KLETEMBERG C E PREF M P;Curitiba;CONFIRMADO;INEP/MEC - Divulgação dos Resultados do Ideb e Saeb por Escola (Paraná);Código INEP localizado com sucesso na base oficial de divulgação do SAEB/IDEB do INEP.
2019;41357027;TEOBALDO L KLETEMBERG C E PREF M P;Curitiba;CONFIRMADO;INEP/MEC - Divulgação dos Resultados do Ideb e Saeb por Escola (Paraná);Código INEP localizado com sucesso na base oficial de divulgação do SAEB/IDEB do INEP.
2021;41357027;TEOBALDO L KLETEMBERG C E PREF M P;Curitiba;CONFIRMADO;INEP/MEC - Divulgação dos Resultados do Ideb e Saeb por Escola (Paraná);Código INEP localizado com sucesso na base oficial de divulgação do SAEB/IDEB do INEP.
2023;41357027;TEOBALDO L KLETEMBERG C E PREF M P;Curitiba;CONFIRMADO;INEP/MEC - Divulgação dos Resultados do Ideb e Saeb por Escola (Paraná);Código INEP localizado com sucesso na base oficial de divulgação do SAEB/IDEB do INEP.
2025;41357027;TEOBALDO L KLETEMBERG C E PREF M P;Curitiba;CONFIRMADO;INEP/MEC - Divulgação dos Resultados do Ideb e Saeb por Escola (Paraná);Código INEP localizado com sucesso na base oficial de divulgação do SAEB/IDEB do INEP.
2005;41358872;JOAO R DA SILVA E E CM PROFEF;Londrina;CONFIRMADO;INEP/MEC - Divulgação dos Resultados do Ideb e Saeb por Escola (Paraná);Código INEP localizado com sucesso na base oficial de divulgação do SAEB/IDEB do INEP.
2007;41358872;JOAO R DA SILVA E E CM PROFEF;Londrina;CONFIRMADO;INEP/MEC - Divulgação dos Resultados do Ideb e Saeb por Escola (Paraná);Código INEP localizado com sucesso na base oficial de divulgação do SAEB/IDEB do INEP.
2009;41358872;JOAO R DA SILVA E E CM PROFEF;Londrina;CONFIRMADO;INEP/MEC - Divulgação dos Resultados do Ideb e Saeb por Escola (Paraná);Código INEP localizado com sucesso na base oficial de divulgação do SAEB/IDEB do INEP.
2011;41358872;JOAO R DA SILVA E E CM PROFEF;Londrina;CONFIRMADO;INEP/MEC - Divulgação dos Resultados do Ideb e Saeb por Escola (Paraná);Código INEP localizado com sucesso na base oficial de divulgação do SAEB/IDEB do INEP.
2013;41358872;JOAO R DA SILVA E E CM PROFEF;Londrina;CONFIRMADO;INEP/MEC - Divulgação dos Resultados do Ideb e Saeb por Escola (Paraná);Código INEP localizado com sucesso na base oficial de divulgação do SAEB/IDEB do INEP.
2015;41358872;JOAO R DA SILVA E E CM PROFEF;Londrina;CONFIRMADO;INEP/MEC - Divulgação dos Resultados do Ideb e Saeb por Escola (Paraná);Código INEP localizado com sucesso na base oficial de divulgação do SAEB/IDEB do INEP.
2017;41358872;JOAO R DA SILVA E E CM PROFEF;Londrina;CONFIRMADO;INEP/MEC - Divulgação dos Resultados do Ideb e Saeb por Escola (Paraná);Código INEP localizado com sucesso na base oficial de divulgação do SAEB/IDEB do INEP.
2019;41358872;JOAO R DA SILVA E E CM PROFEF;Londrina;CONFIRMADO;INEP/MEC - Divulgação dos Resultados do Ideb e Saeb por Escola (Paraná);Código INEP localizado com sucesso na base oficial de divulgação do SAEB/IDEB do INEP.
2021;41358872;JOAO R DA SILVA E E CM PROFEF;Londrina;CONFIRMADO;INEP/MEC - Divulgação dos Resultados do Ideb e Saeb por Escola (Paraná);Código INEP localizado com sucesso na base oficial de divulgação do SAEB/IDEB do INEP.
2023;41358872;JOAO R DA SILVA E E CM PROFEF;Londrina;CONFIRMADO;INEP/MEC - Divulgação dos Resultados do Ideb e Saeb por Escola (Paraná);Código INEP localizado com sucesso na base oficial de divulgação do SAEB/IDEB do INEP.
2025;41358872;JOAO R DA SILVA E E CM PROFEF;Londrina;CONFIRMADO;INEP/MEC - Divulgação dos Resultados do Ideb e Saeb por Escola (Paraná);Código INEP localizado com sucesso na base oficial de divulgação do SAEB/IDEB do INEP.
2005;41360567;WALDE ROSI GALVAO C EEF M;Pinhais;CONFIRMADO;INEP/MEC - Divulgação dos Resultados do Ideb e Saeb por Escola (Paraná);Código INEP localizado com sucesso na base oficial de divulgação do SAEB/IDEB do INEP.
2007;41360567;WALDE ROSI GALVAO C EEF M;Pinhais;CONFIRMADO;INEP/MEC - Divulgação dos Resultados do Ideb e Saeb por Escola (Paraná);Código INEP localizado com sucesso na base oficial de divulgação do SAEB/IDEB do INEP.
2009;41360567;WALDE ROSI GALVAO C EEF M;Pinhais;CONFIRMADO;INEP/MEC - Divulgação dos Resultados do Ideb e Saeb por Escola (Paraná);Código INEP localizado com sucesso na base oficial de divulgação do SAEB/IDEB do INEP.
2011;41360567;WALDE ROSI GALVAO C EEF M;Pinhais;CONFIRMADO;INEP/MEC - Divulgação dos Resultados do Ideb e Saeb por Escola (Paraná);Código INEP localizado com sucesso na base oficial de divulgação do SAEB/IDEB do INEP.
2013;41360567;WALDE ROSI GALVAO C EEF M;Pinhais;CONFIRMADO;INEP/MEC - Divulgação dos Resultados do Ideb e Saeb por Escola (Paraná);Código INEP localizado com sucesso na base oficial de divulgação do SAEB/IDEB do INEP.
2015;41360567;WALDE ROSI GALVAO C EEF M;Pinhais;CONFIRMADO;INEP/MEC - Divulgação dos Resultados do Ideb e Saeb por Escola (Paraná);Código INEP localizado com sucesso na base oficial de divulgação do SAEB/IDEB do INEP.
2017;41360567;WALDE ROSI GALVAO C EEF M;Pinhais;CONFIRMADO;INEP/MEC - Divulgação dos Resultados do Ideb e Saeb por Escola (Paraná);Código INEP localizado com sucesso na base oficial de divulgação do SAEB/IDEB do INEP.
2019;41360567;WALDE ROSI GALVAO C EEF M;Pinhais;CONFIRMADO;INEP/MEC - Divulgação dos Resultados do Ideb e Saeb por Escola (Paraná);Código INEP localizado com sucesso na base oficial de divulgação do SAEB/IDEB do INEP.
2021;41360567;WALDE ROSI GALVAO C EEF M;Pinhais;CONFIRMADO;INEP/MEC - Divulgação dos Resultados do Ideb e Saeb por Escola (Paraná);Código INEP localizado com sucesso na base oficial de divulgação do SAEB/IDEB do INEP.
2023;41360567;WALDE ROSI GALVAO C EEF M;Pinhais;CONFIRMADO;INEP/MEC - Divulgação dos Resultados do Ideb e Saeb por Escola (Paraná);Código INEP localizado com sucesso na base oficial de divulgação do SAEB/IDEB do INEP.
2025;41360567;WALDE ROSI GALVAO C EEF M;Pinhais;CONFIRMADO;INEP/MEC - Divulgação dos Resultados do Ideb e Saeb por Escola (Paraná);Código INEP localizado com sucesso na base oficial de divulgação do SAEB/IDEB do INEP.
2005;41366620;VIDAL VANHONI C E PROFEF M;Paranaguá;CONFIRMADO;INEP/MEC - Divulgação dos Resultados do Ideb e Saeb por Escola (Paraná);Código INEP localizado com sucesso na base oficial de divulgação do SAEB/IDEB do INEP.
2007;41366620;VIDAL VANHONI C E PROFEF M;Paranaguá;CONFIRMADO;INEP/MEC - Divulgação dos Resultados do Ideb e Saeb por Escola (Paraná);Código INEP localizado com sucesso na base oficial de divulgação do SAEB/IDEB do INEP.
2009;41366620;VIDAL VANHONI C E PROFEF M;Paranaguá;CONFIRMADO;INEP/MEC - Divulgação dos Resultados do Ideb e Saeb por Escola (Paraná);Código INEP localizado com sucesso na base oficial de divulgação do SAEB/IDEB do INEP.
2011;41366620;VIDAL VANHONI C E PROFEF M;Paranaguá;CONFIRMADO;INEP/MEC - Divulgação dos Resultados do Ideb e Saeb por Escola (Paraná);Código INEP localizado com sucesso na base oficial de divulgação do SAEB/IDEB do INEP.
2013;41366620;VIDAL VANHONI C E PROFEF M;Paranaguá;CONFIRMADO;INEP/MEC - Divulgação dos Resultados do Ideb e Saeb por Escola (Paraná);Código INEP localizado com sucesso na base oficial de divulgação do SAEB/IDEB do INEP.
2015;41366620;VIDAL VANHONI C E PROFEF M;Paranaguá;CONFIRMADO;INEP/MEC - Divulgação dos Resultados do Ideb e Saeb por Escola (Paraná);Código INEP localizado com sucesso na base oficial de divulgação do SAEB/IDEB do INEP.
2017;41366620;VIDAL VANHONI C E PROFEF M;Paranaguá;CONFIRMADO;INEP/MEC - Divulgação dos Resultados do Ideb e Saeb por Escola (Paraná);Código INEP localizado com sucesso na base oficial de divulgação do SAEB/IDEB do INEP.
2019;41366620;VIDAL VANHONI C E PROFEF M;Paranaguá;CONFIRMADO;INEP/MEC - Divulgação dos Resultados do Ideb e Saeb por Escola (Paraná);Código INEP localizado com sucesso na base oficial de divulgação do SAEB/IDEB do INEP.
2021;41366620;VIDAL VANHONI C E PROFEF M;Paranaguá;CONFIRMADO;INEP/MEC - Divulgação dos Resultados do Ideb e Saeb por Escola (Paraná);Código INEP localizado com sucesso na base oficial de divulgação do SAEB/IDEB do INEP.
2023;41366620;VIDAL VANHONI C E PROFEF M;Paranaguá;CONFIRMADO;INEP/MEC - Divulgação dos Resultados do Ideb e Saeb por Escola (Paraná);Código INEP localizado com sucesso na base oficial de divulgação do SAEB/IDEB do INEP.
2025;41366620;VIDAL VANHONI C E PROFEF M;Paranaguá;CONFIRMADO;INEP/MEC - Divulgação dos Resultados do Ideb e Saeb por Escola (Paraná);Código INEP localizado com sucesso na base oficial de divulgação do SAEB/IDEB do INEP.
2005;41370597;PILAR MATURANA C EEF M P;Curitiba;CONFIRMADO;INEP/MEC - Divulgação dos Resultados do Ideb e Saeb por Escola (Paraná);Código INEP localizado com sucesso na base oficial de divulgação do SAEB/IDEB do INEP.
2007;41370597;PILAR MATURANA C EEF M P;Curitiba;CONFIRMADO;INEP/MEC - Divulgação dos Resultados do Ideb e Saeb por Escola (Paraná);Código INEP localizado com sucesso na base oficial de divulgação do SAEB/IDEB do INEP.
2009;41370597;PILAR MATURANA C EEF M P;Curitiba;CONFIRMADO;INEP/MEC - Divulgação dos Resultados do Ideb e Saeb por Escola (Paraná);Código INEP localizado com sucesso na base oficial de divulgação do SAEB/IDEB do INEP.
2011;41370597;PILAR MATURANA C EEF M P;Curitiba;CONFIRMADO;INEP/MEC - Divulgação dos Resultados do Ideb e Saeb por Escola (Paraná);Código INEP localizado com sucesso na base oficial de divulgação do SAEB/IDEB do INEP.
2013;41370597;PILAR MATURANA C EEF M P;Curitiba;CONFIRMADO;INEP/MEC - Divulgação dos Resultados do Ideb e Saeb por Escola (Paraná);Código INEP localizado com sucesso na base oficial de divulgação do SAEB/IDEB do INEP.
2015;41370597;PILAR MATURANA C EEF M P;Curitiba;CONFIRMADO;INEP/MEC - Divulgação dos Resultados do Ideb e Saeb por Escola (Paraná);Código INEP localizado com sucesso na base oficial de divulgação do SAEB/IDEB do INEP.
2017;41370597;PILAR MATURANA C EEF M P;Curitiba;CONFIRMADO;INEP/MEC - Divulgação dos Resultados do Ideb e Saeb por Escola (Paraná);Código INEP localizado com sucesso na base oficial de divulgação do SAEB/IDEB do INEP.
2019;41370597;PILAR MATURANA C EEF M P;Curitiba;CONFIRMADO;INEP/MEC - Divulgação dos Resultados do Ideb e Saeb por Escola (Paraná);Código INEP localizado com sucesso na base oficial de divulgação do SAEB/IDEB do INEP.
2021;41370597;PILAR MATURANA C EEF M P;Curitiba;CONFIRMADO;INEP/MEC - Divulgação dos Resultados do Ideb e Saeb por Escola (Paraná);Código INEP localizado com sucesso na base oficial de divulgação do SAEB/IDEB do INEP.
2023;41370597;PILAR MATURANA C EEF M P;Curitiba;CONFIRMADO;INEP/MEC - Divulgação dos Resultados do Ideb e Saeb por Escola (Paraná);Código INEP localizado com sucesso na base oficial de divulgação do SAEB/IDEB do INEP.
2025;41370597;PILAR MATURANA C EEF M P;Curitiba;CONFIRMADO;INEP/MEC - Divulgação dos Resultados do Ideb e Saeb por Escola (Paraná);Código INEP localizado com sucesso na base oficial de divulgação do SAEB/IDEB do INEP.
2005;41373375;MARIA HELENA T LUCIANO C E PROFEF MNP;Pontal do Paraná;CONFIRMADO;INEP/MEC - Divulgação dos Resultados do Ideb e Saeb por Escola (Paraná);Código INEP localizado com sucesso na base oficial de divulgação do SAEB/IDEB do INEP.
2007;41373375;MARIA HELENA T LUCIANO C E PROFEF MNP;Pontal do Paraná;CONFIRMADO;INEP/MEC - Divulgação dos Resultados do Ideb e Saeb por Escola (Paraná);Código INEP localizado com sucesso na base oficial de divulgação do SAEB/IDEB do INEP.
2009;41373375;MARIA HELENA T LUCIANO C E PROFEF MNP;Pontal do Paraná;CONFIRMADO;INEP/MEC - Divulgação dos Resultados do Ideb e Saeb por Escola (Paraná);Código INEP localizado com sucesso na base oficial de divulgação do SAEB/IDEB do INEP.
2011;41373375;MARIA HELENA T LUCIANO C E PROFEF MNP;Pontal do Paraná;CONFIRMADO;INEP/MEC - Divulgação dos Resultados do Ideb e Saeb por Escola (Paraná);Código INEP localizado com sucesso na base oficial de divulgação do SAEB/IDEB do INEP.
2013;41373375;MARIA HELENA T LUCIANO C E PROFEF MNP;Pontal do Paraná;CONFIRMADO;INEP/MEC - Divulgação dos Resultados do Ideb e Saeb por Escola (Paraná);Código INEP localizado com sucesso na base oficial de divulgação do SAEB/IDEB do INEP.
2015;41373375;MARIA HELENA T LUCIANO C E PROFEF MNP;Pontal do Paraná;CONFIRMADO;INEP/MEC - Divulgação dos Resultados do Ideb e Saeb por Escola (Paraná);Código INEP localizado com sucesso na base oficial de divulgação do SAEB/IDEB do INEP.
2017;41373375;MARIA HELENA T LUCIANO C E PROFEF MNP;Pontal do Paraná;CONFIRMADO;INEP/MEC - Divulgação dos Resultados do Ideb e Saeb por Escola (Paraná);Código INEP localizado com sucesso na base oficial de divulgação do SAEB/IDEB do INEP.
2019;41373375;MARIA HELENA T LUCIANO C E PROFEF MNP;Pontal do Paraná;CONFIRMADO;INEP/MEC - Divulgação dos Resultados do Ideb e Saeb por Escola (Paraná);Código INEP localizado com sucesso na base oficial de divulgação do SAEB/IDEB do INEP.
2021;41373375;MARIA HELENA T LUCIANO C E PROFEF MNP;Pontal do Paraná;CONFIRMADO;INEP/MEC - Divulgação dos Resultados do Ideb e Saeb por Escola (Paraná);Código INEP localizado com sucesso na base oficial de divulgação do SAEB/IDEB do INEP.
2023;41373375;MARIA HELENA T LUCIANO C E PROFEF MNP;Pontal do Paraná;CONFIRMADO;INEP/MEC - Divulgação dos Resultados do Ideb e Saeb por Escola (Paraná);Código INEP localizado com sucesso na base oficial de divulgação do SAEB/IDEB do INEP.
2025;41373375;MARIA HELENA T LUCIANO C E PROFEF MNP;Pontal do Paraná;CONFIRMADO;INEP/MEC - Divulgação dos Resultados do Ideb e Saeb por Escola (Paraná);Código INEP localizado com sucesso na base oficial de divulgação do SAEB/IDEB do INEP.
2005;41373456;OSCAR J D P E SILVA C E CM EF M;Pinhais;CONFIRMADO;INEP/MEC - Divulgação dos Resultados do Ideb e Saeb por Escola (Paraná);Código INEP localizado com sucesso na base oficial de divulgação do SAEB/IDEB do INEP.
2007;41373456;OSCAR J D P E SILVA C E CM EF M;Pinhais;CONFIRMADO;INEP/MEC - Divulgação dos Resultados do Ideb e Saeb por Escola (Paraná);Código INEP localizado com sucesso na base oficial de divulgação do SAEB/IDEB do INEP.
2009;41373456;OSCAR J D P E SILVA C E CM EF M;Pinhais;CONFIRMADO;INEP/MEC - Divulgação dos Resultados do Ideb e Saeb por Escola (Paraná);Código INEP localizado com sucesso na base oficial de divulgação do SAEB/IDEB do INEP.
2011;41373456;OSCAR J D P E SILVA C E CM EF M;Pinhais;CONFIRMADO;INEP/MEC - Divulgação dos Resultados do Ideb e Saeb por Escola (Paraná);Código INEP localizado com sucesso na base oficial de divulgação do SAEB/IDEB do INEP.
2013;41373456;OSCAR J D P E SILVA C E CM EF M;Pinhais;CONFIRMADO;INEP/MEC - Divulgação dos Resultados do Ideb e Saeb por Escola (Paraná);Código INEP localizado com sucesso na base oficial de divulgação do SAEB/IDEB do INEP.
2015;41373456;OSCAR J D P E SILVA C E CM EF M;Pinhais;CONFIRMADO;INEP/MEC - Divulgação dos Resultados do Ideb e Saeb por Escola (Paraná);Código INEP localizado com sucesso na base oficial de divulgação do SAEB/IDEB do INEP.
2017;41373456;OSCAR J D P E SILVA C E CM EF M;Pinhais;CONFIRMADO;INEP/MEC - Divulgação dos Resultados do Ideb e Saeb por Escola (Paraná);Código INEP localizado com sucesso na base oficial de divulgação do SAEB/IDEB do INEP.
2019;41373456;OSCAR J D P E SILVA C E CM EF M;Pinhais;CONFIRMADO;INEP/MEC - Divulgação dos Resultados do Ideb e Saeb por Escola (Paraná);Código INEP localizado com sucesso na base oficial de divulgação do SAEB/IDEB do INEP.
2021;41373456;OSCAR J D P E SILVA C E CM EF M;Pinhais;CONFIRMADO;INEP/MEC - Divulgação dos Resultados do Ideb e Saeb por Escola (Paraná);Código INEP localizado com sucesso na base oficial de divulgação do SAEB/IDEB do INEP.
2023;41373456;OSCAR J D P E SILVA C E CM EF M;Pinhais;CONFIRMADO;INEP/MEC - Divulgação dos Resultados do Ideb e Saeb por Escola (Paraná);Código INEP localizado com sucesso na base oficial de divulgação do SAEB/IDEB do INEP.
2025;41373456;OSCAR J D P E SILVA C E CM EF M;Pinhais;CONFIRMADO;INEP/MEC - Divulgação dos Resultados do Ideb e Saeb por Escola (Paraná);Código INEP localizado com sucesso na base oficial de divulgação do SAEB/IDEB do INEP.
2005;41373936;ANIBAL KHURY C E DEPE F M P;Guaratuba;CONFIRMADO;INEP/MEC - Divulgação dos Resultados do Ideb e Saeb por Escola (Paraná);Código INEP localizado com sucesso na base oficial de divulgação do SAEB/IDEB do INEP.
2007;41373936;ANIBAL KHURY C E DEPE F M P;Guaratuba;CONFIRMADO;INEP/MEC - Divulgação dos Resultados do Ideb e Saeb por Escola (Paraná);Código INEP localizado com sucesso na base oficial de divulgação do SAEB/IDEB do INEP.
2009;41373936;ANIBAL KHURY C E DEPE F M P;Guaratuba;CONFIRMADO;INEP/MEC - Divulgação dos Resultados do Ideb e Saeb por Escola (Paraná);Código INEP localizado com sucesso na base oficial de divulgação do SAEB/IDEB do INEP.
2011;41373936;ANIBAL KHURY C E DEPE F M P;Guaratuba;CONFIRMADO;INEP/MEC - Divulgação dos Resultados do Ideb e Saeb por Escola (Paraná);Código INEP localizado com sucesso na base oficial de divulgação do SAEB/IDEB do INEP.
2013;41373936;ANIBAL KHURY C E DEPE F M P;Guaratuba;CONFIRMADO;INEP/MEC - Divulgação dos Resultados do Ideb e Saeb por Escola (Paraná);Código INEP localizado com sucesso na base oficial de divulgação do SAEB/IDEB do INEP.
2015;41373936;ANIBAL KHURY C E DEPE F M P;Guaratuba;CONFIRMADO;INEP/MEC - Divulgação dos Resultados do Ideb e Saeb por Escola (Paraná);Código INEP localizado com sucesso na base oficial de divulgação do SAEB/IDEB do INEP.
2017;41373936;ANIBAL KHURY C E DEPE F M P;Guaratuba;CONFIRMADO;INEP/MEC - Divulgação dos Resultados do Ideb e Saeb por Escola (Paraná);Código INEP localizado com sucesso na base oficial de divulgação do SAEB/IDEB do INEP.
2019;41373936;ANIBAL KHURY C E DEPE F M P;Guaratuba;CONFIRMADO;INEP/MEC - Divulgação dos Resultados do Ideb e Saeb por Escola (Paraná);Código INEP localizado com sucesso na base oficial de divulgação do SAEB/IDEB do INEP.
2021;41373936;ANIBAL KHURY C E DEPE F M P;Guaratuba;CONFIRMADO;INEP/MEC - Divulgação dos Resultados do Ideb e Saeb por Escola (Paraná);Código INEP localizado com sucesso na base oficial de divulgação do SAEB/IDEB do INEP.
2023;41373936;ANIBAL KHURY C E DEPE F M P;Guaratuba;CONFIRMADO;INEP/MEC - Divulgação dos Resultados do Ideb e Saeb por Escola (Paraná);Código INEP localizado com sucesso na base oficial de divulgação do SAEB/IDEB do INEP.
2025;41373936;ANIBAL KHURY C E DEPE F M P;Guaratuba;CONFIRMADO;INEP/MEC - Divulgação dos Resultados do Ideb e Saeb por Escola (Paraná);Código INEP localizado com sucesso na base oficial de divulgação do SAEB/IDEB do INEP.
2005;41378580;CATARATAS DO IGUACU C EEF M PROFIS;Foz do Iguaçu;CONFIRMADO;INEP/MEC - Divulgação dos Resultados do Ideb e Saeb por Escola (Paraná);Código INEP localizado com sucesso na base oficial de divulgação do SAEB/IDEB do INEP.
2007;41378580;CATARATAS DO IGUACU C EEF M PROFIS;Foz do Iguaçu;CONFIRMADO;INEP/MEC - Divulgação dos Resultados do Ideb e Saeb por Escola (Paraná);Código INEP localizado com sucesso na base oficial de divulgação do SAEB/IDEB do INEP.
2009;41378580;CATARATAS DO IGUACU C EEF M PROFIS;Foz do Iguaçu;CONFIRMADO;INEP/MEC - Divulgação dos Resultados do Ideb e Saeb por Escola (Paraná);Código INEP localizado com sucesso na base oficial de divulgação do SAEB/IDEB do INEP.
2011;41378580;CATARATAS DO IGUACU C EEF M PROFIS;Foz do Iguaçu;CONFIRMADO;INEP/MEC - Divulgação dos Resultados do Ideb e Saeb por Escola (Paraná);Código INEP localizado com sucesso na base oficial de divulgação do SAEB/IDEB do INEP.
2013;41378580;CATARATAS DO IGUACU C EEF M PROFIS;Foz do Iguaçu;CONFIRMADO;INEP/MEC - Divulgação dos Resultados do Ideb e Saeb por Escola (Paraná);Código INEP localizado com sucesso na base oficial de divulgação do SAEB/IDEB do INEP.
2015;41378580;CATARATAS DO IGUACU C EEF M PROFIS;Foz do Iguaçu;CONFIRMADO;INEP/MEC - Divulgação dos Resultados do Ideb e Saeb por Escola (Paraná);Código INEP localizado com sucesso na base oficial de divulgação do SAEB/IDEB do INEP.
2017;41378580;CATARATAS DO IGUACU C EEF M PROFIS;Foz do Iguaçu;CONFIRMADO;INEP/MEC - Divulgação dos Resultados do Ideb e Saeb por Escola (Paraná);Código INEP localizado com sucesso na base oficial de divulgação do SAEB/IDEB do INEP.
2019;41378580;CATARATAS DO IGUACU C EEF M PROFIS;Foz do Iguaçu;CONFIRMADO;INEP/MEC - Divulgação dos Resultados do Ideb e Saeb por Escola (Paraná);Código INEP localizado com sucesso na base oficial de divulgação do SAEB/IDEB do INEP.
2021;41378580;CATARATAS DO IGUACU C EEF M PROFIS;Foz do Iguaçu;CONFIRMADO;INEP/MEC - Divulgação dos Resultados do Ideb e Saeb por Escola (Paraná);Código INEP localizado com sucesso na base oficial de divulgação do SAEB/IDEB do INEP.
2023;41378580;CATARATAS DO IGUACU C EEF M PROFIS;Foz do Iguaçu;CONFIRMADO;INEP/MEC - Divulgação dos Resultados do Ideb e Saeb por Escola (Paraná);Código INEP localizado com sucesso na base oficial de divulgação do SAEB/IDEB do INEP.
2025;41378580;CATARATAS DO IGUACU C EEF M PROFIS;Foz do Iguaçu;CONFIRMADO;INEP/MEC - Divulgação dos Resultados do Ideb e Saeb por Escola (Paraná);Código INEP localizado com sucesso na base oficial de divulgação do SAEB/IDEB do INEP.
2005;41378962;ANA DIVANIR BORATTO C EEFM;Ponta Grossa;CONFIRMADO;INEP/MEC - Divulgação dos Resultados do Ideb e Saeb por Escola (Paraná);Código INEP localizado com sucesso na base oficial de divulgação do SAEB/IDEB do INEP.
2007;41378962;ANA DIVANIR BORATTO C EEFM;Ponta Grossa;CONFIRMADO;INEP/MEC - Divulgação dos Resultados do Ideb e Saeb por Escola (Paraná);Código INEP localizado com sucesso na base oficial de divulgação do SAEB/IDEB do INEP.
2009;41378962;ANA DIVANIR BORATTO C EEFM;Ponta Grossa;CONFIRMADO;INEP/MEC - Divulgação dos Resultados do Ideb e Saeb por Escola (Paraná);Código INEP localizado com sucesso na base oficial de divulgação do SAEB/IDEB do INEP.
2011;41378962;ANA DIVANIR BORATTO C EEFM;Ponta Grossa;CONFIRMADO;INEP/MEC - Divulgação dos Resultados do Ideb e Saeb por Escola (Paraná);Código INEP localizado com sucesso na base oficial de divulgação do SAEB/IDEB do INEP.
2013;41378962;ANA DIVANIR BORATTO C EEFM;Ponta Grossa;CONFIRMADO;INEP/MEC - Divulgação dos Resultados do Ideb e Saeb por Escola (Paraná);Código INEP localizado com sucesso na base oficial de divulgação do SAEB/IDEB do INEP.
2015;41378962;ANA DIVANIR BORATTO C EEFM;Ponta Grossa;CONFIRMADO;INEP/MEC - Divulgação dos Resultados do Ideb e Saeb por Escola (Paraná);Código INEP localizado com sucesso na base oficial de divulgação do SAEB/IDEB do INEP.
2017;41378962;ANA DIVANIR BORATTO C EEFM;Ponta Grossa;CONFIRMADO;INEP/MEC - Divulgação dos Resultados do Ideb e Saeb por Escola (Paraná);Código INEP localizado com sucesso na base oficial de divulgação do SAEB/IDEB do INEP.
2019;41378962;ANA DIVANIR BORATTO C EEFM;Ponta Grossa;CONFIRMADO;INEP/MEC - Divulgação dos Resultados do Ideb e Saeb por Escola (Paraná);Código INEP localizado com sucesso na base oficial de divulgação do SAEB/IDEB do INEP.
2021;41378962;ANA DIVANIR BORATTO C EEFM;Ponta Grossa;CONFIRMADO;INEP/MEC - Divulgação dos Resultados do Ideb e Saeb por Escola (Paraná);Código INEP localizado com sucesso na base oficial de divulgação do SAEB/IDEB do INEP.
2023;41378962;ANA DIVANIR BORATTO C EEFM;Ponta Grossa;CONFIRMADO;INEP/MEC - Divulgação dos Resultados do Ideb e Saeb por Escola (Paraná);Código INEP localizado com sucesso na base oficial de divulgação do SAEB/IDEB do INEP.
2025;41378962;ANA DIVANIR BORATTO C EEFM;Ponta Grossa;CONFIRMADO;INEP/MEC - Divulgação dos Resultados do Ideb e Saeb por Escola (Paraná);Código INEP localizado com sucesso na base oficial de divulgação do SAEB/IDEB do INEP.
2005;41387724;DANIEL ROCHA C E PROFEF M PROFIS;Pinhais;CONFIRMADO;INEP/MEC - Divulgação dos Resultados do Ideb e Saeb por Escola (Paraná);Código INEP localizado com sucesso na base oficial de divulgação do SAEB/IDEB do INEP.
2007;41387724;DANIEL ROCHA C E PROFEF M PROFIS;Pinhais;CONFIRMADO;INEP/MEC - Divulgação dos Resultados do Ideb e Saeb por Escola (Paraná);Código INEP localizado com sucesso na base oficial de divulgação do SAEB/IDEB do INEP.
2009;41387724;DANIEL ROCHA C E PROFEF M PROFIS;Pinhais;CONFIRMADO;INEP/MEC - Divulgação dos Resultados do Ideb e Saeb por Escola (Paraná);Código INEP localizado com sucesso na base oficial de divulgação do SAEB/IDEB do INEP.
2011;41387724;DANIEL ROCHA C E PROFEF M PROFIS;Pinhais;CONFIRMADO;INEP/MEC - Divulgação dos Resultados do Ideb e Saeb por Escola (Paraná);Código INEP localizado com sucesso na base oficial de divulgação do SAEB/IDEB do INEP.
2013;41387724;DANIEL ROCHA C E PROFEF M PROFIS;Pinhais;CONFIRMADO;INEP/MEC - Divulgação dos Resultados do Ideb e Saeb por Escola (Paraná);Código INEP localizado com sucesso na base oficial de divulgação do SAEB/IDEB do INEP.
2015;41387724;DANIEL ROCHA C E PROFEF M PROFIS;Pinhais;CONFIRMADO;INEP/MEC - Divulgação dos Resultados do Ideb e Saeb por Escola (Paraná);Código INEP localizado com sucesso na base oficial de divulgação do SAEB/IDEB do INEP.
2017;41387724;DANIEL ROCHA C E PROFEF M PROFIS;Pinhais;CONFIRMADO;INEP/MEC - Divulgação dos Resultados do Ideb e Saeb por Escola (Paraná);Código INEP localizado com sucesso na base oficial de divulgação do SAEB/IDEB do INEP.
2019;41387724;DANIEL ROCHA C E PROFEF M PROFIS;Pinhais;CONFIRMADO;INEP/MEC - Divulgação dos Resultados do Ideb e Saeb por Escola (Paraná);Código INEP localizado com sucesso na base oficial de divulgação do SAEB/IDEB do INEP.
2021;41387724;DANIEL ROCHA C E PROFEF M PROFIS;Pinhais;CONFIRMADO;INEP/MEC - Divulgação dos Resultados do Ideb e Saeb por Escola (Paraná);Código INEP localizado com sucesso na base oficial de divulgação do SAEB/IDEB do INEP.
2023;41387724;DANIEL ROCHA C E PROFEF M PROFIS;Pinhais;CONFIRMADO;INEP/MEC - Divulgação dos Resultados do Ideb e Saeb por Escola (Paraná);Código INEP localizado com sucesso na base oficial de divulgação do SAEB/IDEB do INEP.
2025;41387724;DANIEL ROCHA C E PROFEF M PROFIS;Pinhais;CONFIRMADO;INEP/MEC - Divulgação dos Resultados do Ideb e Saeb por Escola (Paraná);Código INEP localizado com sucesso na base oficial de divulgação do SAEB/IDEB do INEP.
2005;41531876;GUIDO ARZUA C E CMEF M P;Curitiba;CONFIRMADO;INEP/MEC - Divulgação dos Resultados do Ideb e Saeb por Escola (Paraná);Código INEP localizado com sucesso na base oficial de divulgação do SAEB/IDEB do INEP.
2007;41531876;GUIDO ARZUA C E CMEF M P;Curitiba;CONFIRMADO;INEP/MEC - Divulgação dos Resultados do Ideb e Saeb por Escola (Paraná);Código INEP localizado com sucesso na base oficial de divulgação do SAEB/IDEB do INEP.
2009;41531876;GUIDO ARZUA C E CMEF M P;Curitiba;CONFIRMADO;INEP/MEC - Divulgação dos Resultados do Ideb e Saeb por Escola (Paraná);Código INEP localizado com sucesso na base oficial de divulgação do SAEB/IDEB do INEP.
2011;41531876;GUIDO ARZUA C E CMEF M P;Curitiba;CONFIRMADO;INEP/MEC - Divulgação dos Resultados do Ideb e Saeb por Escola (Paraná);Código INEP localizado com sucesso na base oficial de divulgação do SAEB/IDEB do INEP.
2013;41531876;GUIDO ARZUA C E CMEF M P;Curitiba;CONFIRMADO;INEP/MEC - Divulgação dos Resultados do Ideb e Saeb por Escola (Paraná);Código INEP localizado com sucesso na base oficial de divulgação do SAEB/IDEB do INEP.
2015;41531876;GUIDO ARZUA C E CMEF M P;Curitiba;CONFIRMADO;INEP/MEC - Divulgação dos Resultados do Ideb e Saeb por Escola (Paraná);Código INEP localizado com sucesso na base oficial de divulgação do SAEB/IDEB do INEP.
2017;41531876;GUIDO ARZUA C E CMEF M P;Curitiba;CONFIRMADO;INEP/MEC - Divulgação dos Resultados do Ideb e Saeb por Escola (Paraná);Código INEP localizado com sucesso na base oficial de divulgação do SAEB/IDEB do INEP.
2019;41531876;GUIDO ARZUA C E CMEF M P;Curitiba;CONFIRMADO;INEP/MEC - Divulgação dos Resultados do Ideb e Saeb por Escola (Paraná);Código INEP localizado com sucesso na base oficial de divulgação do SAEB/IDEB do INEP.
2021;41531876;GUIDO ARZUA C E CMEF M P;Curitiba;CONFIRMADO;INEP/MEC - Divulgação dos Resultados do Ideb e Saeb por Escola (Paraná);Código INEP localizado com sucesso na base oficial de divulgação do SAEB/IDEB do INEP.
2023;41531876;GUIDO ARZUA C E CMEF M P;Curitiba;CONFIRMADO;INEP/MEC - Divulgação dos Resultados do Ideb e Saeb por Escola (Paraná);Código INEP localizado com sucesso na base oficial de divulgação do SAEB/IDEB do INEP.
2025;41531876;GUIDO ARZUA C E CMEF M P;Curitiba;CONFIRMADO;INEP/MEC - Divulgação dos Resultados do Ideb e Saeb por Escola (Paraná);Código INEP localizado com sucesso na base oficial de divulgação do SAEB/IDEB do INEP.
2005;41597915;PATRIMONIO REGINA C E CM DOEF M;Londrina;CONFIRMADO;INEP/MEC - Divulgação dos Resultados do Ideb e Saeb por Escola (Paraná);Código INEP localizado com sucesso na base oficial de divulgação do SAEB/IDEB do INEP.
2007;41597915;PATRIMONIO REGINA C E CM DOEF M;Londrina;CONFIRMADO;INEP/MEC - Divulgação dos Resultados do Ideb e Saeb por Escola (Paraná);Código INEP localizado com sucesso na base oficial de divulgação do SAEB/IDEB do INEP.
2009;41597915;PATRIMONIO REGINA C E CM DOEF M;Londrina;CONFIRMADO;INEP/MEC - Divulgação dos Resultados do Ideb e Saeb por Escola (Paraná);Código INEP localizado com sucesso na base oficial de divulgação do SAEB/IDEB do INEP.
2011;41597915;PATRIMONIO REGINA C E CM DOEF M;Londrina;CONFIRMADO;INEP/MEC - Divulgação dos Resultados do Ideb e Saeb por Escola (Paraná);Código INEP localizado com sucesso na base oficial de divulgação do SAEB/IDEB do INEP.
2013;41597915;PATRIMONIO REGINA C E CM DOEF M;Londrina;CONFIRMADO;INEP/MEC - Divulgação dos Resultados do Ideb e Saeb por Escola (Paraná);Código INEP localizado com sucesso na base oficial de divulgação do SAEB/IDEB do INEP.
2015;41597915;PATRIMONIO REGINA C E CM DOEF M;Londrina;CONFIRMADO;INEP/MEC - Divulgação dos Resultados do Ideb e Saeb por Escola (Paraná);Código INEP localizado com sucesso na base oficial de divulgação do SAEB/IDEB do INEP.
2017;41597915;PATRIMONIO REGINA C E CM DOEF M;Londrina;CONFIRMADO;INEP/MEC - Divulgação dos Resultados do Ideb e Saeb por Escola (Paraná);Código INEP localizado com sucesso na base oficial de divulgação do SAEB/IDEB do INEP.
2019;41597915;PATRIMONIO REGINA C E CM DOEF M;Londrina;CONFIRMADO;INEP/MEC - Divulgação dos Resultados do Ideb e Saeb por Escola (Paraná);Código INEP localizado com sucesso na base oficial de divulgação do SAEB/IDEB do INEP.
2021;41597915;PATRIMONIO REGINA C E CM DOEF M;Londrina;CONFIRMADO;INEP/MEC - Divulgação dos Resultados do Ideb e Saeb por Escola (Paraná);Código INEP localizado com sucesso na base oficial de divulgação do SAEB/IDEB do INEP.
2023;41597915;PATRIMONIO REGINA C E CM DOEF M;Londrina;CONFIRMADO;INEP/MEC - Divulgação dos Resultados do Ideb e Saeb por Escola (Paraná);Código INEP localizado com sucesso na base oficial de divulgação do SAEB/IDEB do INEP.
2025;41597915;PATRIMONIO REGINA C E CM DOEF M;Londrina;CONFIRMADO;INEP/MEC - Divulgação dos Resultados do Ideb e Saeb por Escola (Paraná);Código INEP localizado com sucesso na base oficial de divulgação do SAEB/IDEB do INEP.
